idx,label,action_name,n_frames,n_valid_frames,x_range,y_range,z_range,mean_variance,max_variance,min_variance,temporal_variance,warning
0,0,Svend Press,550,550,1.8374199867248535,0.9349600076675415,1.6808209419250488,0.11404060572385788,0.1895778775215149,0.0753941535949707,0.022888697683811188,
1,0,Svend Press,550,550,1.1535999774932861,1.0141339302062988,1.678890347480774,0.11580627411603928,0.1398097574710846,0.07251017540693283,0.015608063898980618,
2,0,Svend Press,550,550,1.14628005027771,1.0070929527282715,1.6741416454315186,0.11655808985233307,0.14002567529678345,0.06809309870004654,0.017558695748448372,
3,1,Kneeling Push-ups,550,550,1.195539951324463,1.632091999053955,1.7629733085632324,0.2570248246192932,0.33944201469421387,0.08035733550786972,0.04308263584971428,
4,1,Kneeling Push-ups,550,550,1.151050090789795,1.6086779832839966,1.7676955461502075,0.2749854028224945,0.3389493525028229,0.08900544792413712,0.045434702187776566,
5,1,Kneeling Push-ups,550,550,1.2532000541687012,1.5864839553833008,1.7771049737930298,0.2591891288757324,0.3241114914417267,0.0865500271320343,0.05249389261007309,
6,2,Standing Straight-arm Chest Press With Resistance Band,550,550,1.7934999465942383,1.0952329635620117,1.6307299137115479,0.15851415693759918,0.19220557808876038,0.11138194054365158,0.022360308095812798,
7,2,Standing Straight-arm Chest Press With Resistance Band,550,550,1.7874900102615356,0.9058690071105957,1.633497953414917,0.15847741067409515,0.18548694252967834,0.09714154899120331,0.02272469736635685,
8,2,Standing Straight-arm Chest Press With Resistance Band,550,550,1.787980079650879,0.8931729793548584,1.634799599647522,0.15799561142921448,0.18687227368354797,0.09830598533153534,0.023004168644547462,
9,3,Small Dumbbell Floor Flies,550,550,1.7661399841308594,1.6883130073547363,1.779860019683838,0.19668099284172058,0.3059685528278351,0.08907689899206161,0.07065474987030029,
10,3,Small Dumbbell Floor Flies,550,550,2.0333099365234375,1.8373219966888428,1.7918469905853271,0.19796797633171082,0.2718545198440552,0.08590563386678696,0.07224448025226593,
11,3,Small Dumbbell Floor Flies,550,550,1.7819899320602417,1.9033679962158203,1.792219877243042,0.22040404379367828,0.2892972528934479,0.0900287851691246,0.07023840397596359,
12,4,Chest Fly,550,550,1.2951899766921997,1.0523920059204102,2.171966552734375,0.16105280816555023,0.17925532162189484,0.09635160118341446,0.03824632987380028,
13,4,Chest Fly,550,550,1.331510066986084,1.0352799892425537,2.199551820755005,0.16501976549625397,0.18551139533519745,0.10240130126476288,0.03826868534088135,
14,4,Chest Fly,550,550,1.3043500185012817,0.9411180019378662,2.190385103225708,0.16533799469470978,0.1812208741903305,0.10519155859947205,0.03799113631248474,
15,5,Push-ups,550,550,1.1701799631118774,1.7892279624938965,1.749669075012207,0.20478098094463348,0.2437373399734497,0.08510196208953857,0.042325377464294434,
16,5,Push-ups,550,550,1.0270299911499023,1.8400449752807617,1.7379209995269775,0.19133272767066956,0.2239837944507599,0.08581376820802689,0.04322803020477295,
17,5,Push-ups,550,550,1.118269920349121,1.677880048751831,1.7375695705413818,0.192424476146698,0.2318008989095688,0.09179406613111496,0.05084381252527237,
18,6,Bent-over W-shape Stretch,550,550,1.5142600536346436,0.7336369752883911,1.6387672424316406,0.09725181013345718,0.13495637476444244,0.07161775976419449,0.01141832210123539,
19,6,Bent-over W-shape Stretch,550,550,1.5956299304962158,0.7229089736938477,1.646920084953308,0.10151908546686172,0.12942850589752197,0.0745127871632576,0.010997658595442772,
20,6,Bent-over W-shape Stretch,550,550,1.487089991569519,0.7526960372924805,1.6481242179870605,0.10704413801431656,0.14311182498931885,0.07700681686401367,0.01210732664912939,
21,7,Bent-over Y-shape Stretch,550,550,1.1031899452209473,1.0182980298995972,1.9253475666046143,0.12462718784809113,0.17401383817195892,0.07853487133979797,0.029642360284924507,
22,7,Bent-over Y-shape Stretch,550,550,1.192929983139038,1.0263710021972656,1.8778865337371826,0.12097475677728653,0.17539265751838684,0.07932403683662415,0.02894918993115425,
23,7,Bent-over Y-shape Stretch,550,550,1.2190899848937988,0.990494966506958,1.8110395669937134,0.1230287030339241,0.17137613892555237,0.08129508048295975,0.02708607353270054,
24,8,Bent-over A-shape Stretch,550,550,1.1177899837493896,1.1633399724960327,1.6363552808761597,0.1013934463262558,0.12723712623119354,0.08576115220785141,0.01606924459338188,
25,8,Bent-over A-shape Stretch,550,550,1.134350061416626,1.0704360008239746,1.6390442848205566,0.09421028941869736,0.10783551633358002,0.08122114092111588,0.014952284283936024,
26,8,Bent-over A-shape Stretch,550,550,1.1242499351501465,1.200415015220642,1.6394972801208496,0.09510069340467453,0.1161898821592331,0.08091265708208084,0.01710698753595352,
27,9,Squat With Arm Lift,550,550,1.6192600727081299,0.5728750228881836,1.727803349494934,0.15213318169116974,0.1730937957763672,0.0842791348695755,0.04358727112412453,
28,9,Squat With Arm Lift,550,550,1.6171200275421143,0.6016719937324524,1.7394626140594482,0.14112693071365356,0.1593416929244995,0.08231286704540253,0.04766044020652771,
29,9,Squat With Arm Lift,550,550,1.6442999839782715,0.5562610030174255,1.711529016494751,0.13460271060466766,0.15031862258911133,0.08303062617778778,0.042150940746068954,
30,10,Breaststroke Arm Pull,550,550,1.7676599025726318,2.3351988792419434,1.755761742591858,0.3221293091773987,0.4957212209701538,0.08605142682790756,0.08466936647891998,
31,10,Breaststroke Arm Pull,550,550,1.7468900680541992,2.314189910888672,1.7388746738433838,0.29757800698280334,0.4664748013019562,0.0798836350440979,0.083735391497612,
32,10,Breaststroke Arm Pull,550,550,1.750849962234497,2.3269410133361816,1.743959665298462,0.31187060475349426,0.4561435580253601,0.08708075433969498,0.06598266959190369,
33,11,Prone Y-shape Stretch,550,550,1.0315699577331543,2.286080837249756,1.7387148141860962,0.3626430928707123,0.4646243751049042,0.0831792950630188,0.05141235515475273,
34,11,Prone Y-shape Stretch,550,550,1.0490700006484985,2.291348934173584,1.7342321872711182,0.34969571232795715,0.4533170163631439,0.07978817820549011,0.06119151413440704,
35,11,Prone Y-shape Stretch,550,550,1.0672099590301514,2.275963068008423,1.7348555326461792,0.3995477259159088,0.4865626394748688,0.08443669974803925,0.04737900570034981,
36,12,Lateral Raise Forward Circles,550,550,1.8550699949264526,0.5854220390319824,1.6719207763671875,0.1705055832862854,0.20750631392002106,0.08491166681051254,0.009932009503245354,
37,12,Lateral Raise Forward Circles,550,550,1.8327900171279907,0.5315300226211548,1.6479219198226929,0.17055024206638336,0.204559326171875,0.09760652482509613,0.007509263232350349,
38,12,Lateral Raise Forward Circles,550,550,1.8611600399017334,0.6011599898338318,1.6581372022628784,0.17112600803375244,0.2076038271188736,0.1016136184334755,0.0083819180727005,
39,13,Lateral Raise Backward Circles,550,550,1.8200700283050537,0.5535249710083008,1.7414937019348145,0.1864999532699585,0.21712763607501984,0.10299772024154663,0.00504713598638773,
40,13,Lateral Raise Backward Circles,550,550,1.8115999698638916,0.5109840035438538,1.7226073741912842,0.16991017758846283,0.20904962718486786,0.09666722267866135,0.011707690544426441,
41,13,Lateral Raise Backward Circles,550,550,1.8205499649047852,0.5700060129165649,1.7472858428955078,0.17999334633350372,0.2135893553495407,0.09503129869699478,0.009216711856424809,
42,14,Lying Shoulder Joint Upward Round,550,550,1.76419997215271,2.295362949371338,1.8128583431243896,0.21628721058368683,0.31287410855293274,0.09044437855482101,0.0832134336233139,
43,14,Lying Shoulder Joint Upward Round,550,550,1.7627599239349365,2.3081789016723633,1.7913068532943726,0.20532481372356415,0.29732680320739746,0.09181321412324905,0.07192671298980713,
44,14,Lying Shoulder Joint Upward Round,550,550,1.762850046157837,2.227524995803833,1.761170506477356,0.20067068934440613,0.2829303741455078,0.08849691599607468,0.07515759021043777,
45,15,Lying Shoulder Joint Downward Round,550,550,1.747630000114441,2.3038148880004883,1.7739555835723877,0.2082265466451645,0.2993171513080597,0.0963459238409996,0.07779576629400253,
46,15,Lying Shoulder Joint Downward Round,550,550,1.7472800016403198,2.3659980297088623,1.7740508317947388,0.21289214491844177,0.30690670013427734,0.09525903314352036,0.07961886376142502,
47,15,Lying Shoulder Joint Downward Round,550,550,1.7395999431610107,2.3223729133605957,1.7917468547821045,0.2133365273475647,0.3004579544067383,0.09346123784780502,0.07636743038892746,
48,16,Bare-handed Full Lateral Raise,550,550,1.816580057144165,0.3572729825973511,2.2124900817871094,0.16664035618305206,0.24292467534542084,0.08667349815368652,0.04056497663259506,
49,16,Bare-handed Full Lateral Raise,550,550,1.8147900104522705,0.3650429844856262,2.214029312133789,0.16833165287971497,0.2421378344297409,0.08771443367004395,0.04009271040558815,
50,16,Bare-handed Full Lateral Raise,550,550,1.8219599723815918,0.34178799390792847,2.2042856216430664,0.16874709725379944,0.23998191952705383,0.08695344626903534,0.03887120261788368,
51,17,Bare-handed Cuban Press,550,550,1.1552799940109253,0.632856011390686,2.2379043102264404,0.1327911764383316,0.24078384041786194,0.0854053646326065,0.028684034943580627,
52,17,Bare-handed Cuban Press,550,550,1.1623499393463135,0.5901739597320557,2.1968226432800293,0.13907326757907867,0.22867900133132935,0.08134154975414276,0.02745419181883335,
53,17,Bare-handed Cuban Press,550,550,1.1631200313568115,0.5883380174636841,2.2119908332824707,0.15044009685516357,0.23613865673542023,0.08143474906682968,0.029491961002349854,
54,18,Fortune Cat,550,550,1.0622999668121338,0.6098319888114929,1.9263172149658203,0.14390796422958374,0.18220143020153046,0.1006527841091156,0.012306313961744308,
55,18,Fortune Cat,550,550,1.2818700075149536,0.6263620257377625,1.9111225605010986,0.1483834981918335,0.17697083950042725,0.11010415107011795,0.011259074322879314,
56,18,Fortune Cat,550,550,1.1871000528335571,0.5753939747810364,1.8975186347961426,0.1428242027759552,0.17948085069656372,0.10117994993925095,0.013031496666371822,
57,19,Dumbbell Curls,550,550,1.1367700099945068,0.7236149907112122,1.8383264541625977,0.12037531286478043,0.2270508110523224,0.09140945225954056,0.029081840068101883,
58,19,Dumbbell Curls,550,550,1.1061499118804932,0.8623820543289185,1.8215274810791016,0.10946822911500931,0.15461315214633942,0.07707555592060089,0.025216303765773773,
59,19,Dumbbell Curls,550,550,1.1429500579833984,0.8588860034942627,1.8358603715896606,0.11518936604261398,0.16584239900112152,0.08182423561811447,0.027359098196029663,
60,20,Alternate Dumbbell Curls,550,550,1.0747599601745605,0.8702709674835205,1.7307252883911133,0.10452817380428314,0.21657317876815796,0.08858626335859299,0.02108299545943737,
61,20,Alternate Dumbbell Curls,550,550,1.078909993171692,0.6557790040969849,1.7115916013717651,0.09888500720262527,0.16658014059066772,0.08388594537973404,0.01685389131307602,
62,20,Alternate Dumbbell Curls,550,550,1.131600022315979,0.6515129804611206,1.7205066680908203,0.10065149515867233,0.17333681881427765,0.08570026606321335,0.016897376626729965,
63,21,Right-side Kettlebell Bent-over Row,550,550,1.0860400199890137,1.1406359672546387,1.7186245918273926,0.09090328216552734,0.13402581214904785,0.07658275961875916,0.00981086865067482,
64,21,Right-side Kettlebell Bent-over Row,550,550,1.0439200401306152,1.2059760093688965,1.6889342069625854,0.08390529453754425,0.12604062259197235,0.07277235388755798,0.011170598678290844,
65,21,Right-side Kettlebell Bent-over Row,550,550,1.0425300598144531,1.2367870807647705,1.695568561553955,0.08248984813690186,0.12463594973087311,0.07153250277042389,0.010646233335137367,
66,22,Wrist Joint Warm-up,550,473,1.0378899574279785,0.5315389633178711,1.6408207416534424,0.10651501268148422,0.11262007057666779,0.09079398959875107,0.007812952622771263,
67,22,Wrist Joint Warm-up,550,525,1.028380036354065,0.5352929830551147,1.638190746307373,0.10529275238513947,0.11630205810070038,0.08940304070711136,0.006710074841976166,
68,22,Wrist Joint Warm-up,550,550,0.9660300016403198,0.5355520248413086,1.6344890594482422,0.10475325584411621,0.11152389645576477,0.09372808784246445,0.003479928243905306,
69,23,Right-side Bent-over Tricep Extension With Resistance Band,550,550,1.1476900577545166,0.9952269792556763,1.6480942964553833,0.08448659628629684,0.1092897281050682,0.0710608959197998,0.009049610234797001,
70,23,Right-side Bent-over Tricep Extension With Resistance Band,550,550,1.115689992904663,0.8811039924621582,1.6395562887191772,0.08491895347833633,0.10596766322851181,0.07420491427183151,0.006851705722510815,
71,23,Right-side Bent-over Tricep Extension With Resistance Band,550,550,1.149399995803833,0.9136329889297485,1.6448979377746582,0.08447863161563873,0.10953302681446075,0.07408180087804794,0.007159477099776268,
72,24,Bent-over Dumbbell Tricep Extension,550,550,0.9887199997901917,0.6345130205154419,2.574089288711548,0.3167264461517334,0.31711870431900024,0.1013803482055664,0.0005714508588425815,
73,24,Bent-over Dumbbell Tricep Extension,550,550,0.764009952545166,0.6345130205154419,1.491654396057129,0.09956730157136917,0.09956730902194977,0.09956730902194977,1.801416004212908e-12,
74,24,Bent-over Dumbbell Tricep Extension,550,550,0.764009952545166,0.6345130205154419,1.491654396057129,0.09956730157136917,0.09956730902194977,0.09956730902194977,1.801416004212908e-12,
75,25,Nod And Raise Head,550,550,1.1023399829864502,0.6345130205154419,2.6539595127105713,0.37260040640830994,0.3903195261955261,0.09956730902194977,0.0028931223787367344,
76,25,Nod And Raise Head,550,550,1.1626100540161133,0.5147750377655029,1.7003271579742432,0.10898660123348236,0.11274535953998566,0.10535373538732529,0.003524985397234559,
77,25,Nod And Raise Head,550,550,1.0905100107192993,0.504302978515625,1.7099571228027344,0.10859446227550507,0.11646105349063873,0.10358429700136185,0.0037813219241797924,
78,26,Two-way Head Turn,550,550,1.1327600479125977,0.2690249979496002,1.6321392059326172,0.08669638633728027,0.10870348662137985,0.08489357680082321,0.0005740565247833729,
79,26,Two-way Head Turn,550,550,1.250789999961853,0.21470999717712402,1.6364428997039795,0.08685091882944107,0.11511705815792084,0.08479316532611847,0.0007843637722544372,
80,26,Two-way Head Turn,550,550,1.258810043334961,0.22971200942993164,1.6329140663146973,0.08746439218521118,0.11607163399457932,0.08542253077030182,0.0007869303808547556,
81,27,Shrug And Sink The Shoulders,550,550,1.2141799926757812,0.21607699990272522,1.6378737688064575,0.08695293217897415,0.11390121281147003,0.08389028906822205,0.000495036831125617,
82,27,Shrug And Sink The Shoulders,550,550,1.2743399143218994,0.23003599047660828,1.6412899494171143,0.08796396106481552,0.11700884252786636,0.08446227014064789,0.0009177572792395949,
83,27,Shrug And Sink The Shoulders,550,550,1.2497799396514893,0.22597000002861023,1.6397192478179932,0.08883429318666458,0.11616192013025284,0.08568035066127777,0.0008700152975507081,
84,28,Four-way Nod Head,550,550,1.4710299968719482,0.5464930534362793,1.6313421726226807,0.09761322289705276,0.1382538229227066,0.08812956511974335,0.004855733830481768,
85,28,Four-way Nod Head,550,550,1.4637500047683716,0.5059770345687866,1.6280211210250854,0.09397846460342407,0.13399231433868408,0.08847150951623917,0.003073812695220113,
86,28,Four-way Nod Head,550,550,1.6206800937652588,0.4520599842071533,1.628887414932251,0.09556198120117188,0.15210598707199097,0.08789568394422531,0.003994498401880264,
87,29,Lying Alternate Upper-half Leg Raise,550,550,1.4456501007080078,1.7533049583435059,1.8260753154754639,0.1870088130235672,0.3351139724254608,0.09146931022405624,0.05838170275092125,
88,29,Lying Alternate Upper-half Leg Raise,550,550,0.9103699922561646,1.7651851177215576,1.7573449611663818,0.1800810694694519,0.2795228362083435,0.08791622519493103,0.052314020693302155,
89,29,Lying Alternate Upper-half Leg Raise,550,550,0.9359599947929382,1.6181080341339111,1.7602145671844482,0.16336822509765625,0.2248883843421936,0.0888206884264946,0.05892360582947731,
90,30,Half Roll Back,550,550,1.0625900030136108,1.3736640214920044,1.793845772743225,0.13143742084503174,0.19810576736927032,0.07865405827760696,0.03141651302576065,
91,30,Half Roll Back,550,550,1.229330062866211,1.2919100522994995,1.8138176202774048,0.12953516840934753,0.18760769069194794,0.08028826117515564,0.02184957265853882,
92,30,Half Roll Back,550,550,1.0772500038146973,1.348641037940979,1.817274570465088,0.12054374068975449,0.16045275330543518,0.08009818196296692,0.022255882620811462,
93,31,Kneeling Right-side Torso Twist,550,550,0.9722299575805664,1.6377969980239868,1.7396939992904663,0.19989435374736786,0.2541157603263855,0.08246558159589767,0.029423989355564117,
94,31,Kneeling Right-side Torso Twist,550,550,1.1262500286102295,1.5934629440307617,1.748284935951233,0.17782247066497803,0.2368982434272766,0.08844690024852753,0.041085775941610336,
95,31,Kneeling Right-side Torso Twist,550,550,1.1635700464248657,1.519461989402771,1.7484169006347656,0.19174480438232422,0.23835168778896332,0.0819789245724678,0.029327919706702232,
96,32,Left-side Knee Raise And Abdominal Muscles Contract,550,550,1.2555899620056152,0.5591130256652832,2.161759376525879,0.13085032999515533,0.1632983535528183,0.07989552617073059,0.015635516494512558,
97,32,Left-side Knee Raise And Abdominal Muscles Contract,550,550,1.3799700736999512,0.5517150163650513,2.202042818069458,0.12727490067481995,0.15959475934505463,0.0797572061419487,0.015335195697844028,
98,32,Left-side Knee Raise And Abdominal Muscles Contract,550,550,1.3803000450134277,0.43680599331855774,2.205415725708008,0.12606261670589447,0.16735665500164032,0.0804981142282486,0.01871180534362793,
99,33,Kneeling Right Leg Backward Stretch,550,550,1.1578800678253174,1.6725620031356812,1.7432777881622314,0.267255038022995,0.29750508069992065,0.08930054306983948,0.03065945953130722,
100,33,Kneeling Right Leg Backward Stretch,550,550,1.0288200378417969,1.6328279972076416,1.745519995689392,0.24296939373016357,0.2690030634403229,0.08738389611244202,0.022778306156396866,
101,33,Kneeling Right Leg Backward Stretch,550,550,1.0850099325180054,1.7162840366363525,1.7442915439605713,0.22802422940731049,0.26425307989120483,0.0901661291718483,0.04218391329050064,
102,34,Kneeling Right Arm Raise,550,550,0.9404200315475464,0.6345130205154419,2.5715203285217285,0.31087374687194824,0.3112604320049286,0.0985860750079155,0.0005681428592652082,
103,34,Kneeling Right Arm Raise,550,550,0.764009952545166,0.6345130205154419,1.491654396057129,0.09956730157136917,0.09956730902194977,0.09956730902194977,1.801416004212908e-12,
104,34,Kneeling Right Arm Raise,550,550,0.764009952545166,0.6345130205154419,1.491654396057129,0.09956730157136917,0.09956730902194977,0.09956730902194977,1.801416004212908e-12,
105,35,Shoulder Bridge,550,550,0.900130033493042,1.622549057006836,2.572521448135376,0.08893148601055145,0.31337103247642517,0.06328360736370087,0.032175298780202866,
106,35,Shoulder Bridge,550,550,0.9745500087738037,1.6525629758834839,1.8076229095458984,0.18652990460395813,0.23311345279216766,0.0930720791220665,0.03762182965874672,
107,35,Shoulder Bridge,550,550,1.0325599908828735,1.5961079597473145,1.7851629257202148,0.1814141571521759,0.2014753669500351,0.09375021606683731,0.04009450972080231,
108,36,Prone Press-ups,550,550,1.1813499927520752,1.805609941482544,1.743593692779541,0.26087862253189087,0.3079683184623718,0.08391551673412323,0.038579005748033524,
109,36,Prone Press-ups,550,550,1.0979900360107422,1.8012710809707642,1.7676317691802979,0.21905755996704102,0.2625429928302765,0.07618026435375214,0.04511430487036705,
110,36,Prone Press-ups,550,550,1.04135000705719,1.7913789749145508,1.7489497661590576,0.22165274620056152,0.282873272895813,0.07624180614948273,0.06734904646873474,
111,37,Bent-over Torso Rotation,550,550,1.1832799911499023,0.7455359697341919,1.649825096130371,0.07957413047552109,0.11603830754756927,0.07090535759925842,0.005443693138659,
112,37,Bent-over Torso Rotation,550,550,1.129729986190796,0.7239800095558167,1.6566851139068604,0.08103220164775848,0.10687781125307083,0.07142281532287598,0.006498367991298437,
113,37,Bent-over Torso Rotation,550,550,1.1197400093078613,0.8052539825439453,1.6447279453277588,0.07759542018175125,0.10671980679035187,0.07088137418031693,0.005553051829338074,
114,38,Lying Arm Pull,550,550,1.1790099143981934,2.136058807373047,1.7694554328918457,0.2322944849729538,0.285687118768692,0.08760939538478851,0.0636420026421547,
115,38,Lying Arm Pull,550,550,1.2129099369049072,2.2112810611724854,1.8326832056045532,0.2528054714202881,0.31942108273506165,0.10063741356134415,0.07056094706058502,
116,38,Lying Arm Pull,550,550,1.2672300338745117,2.1177680492401123,1.808751106262207,0.2659800052642822,0.33381301164627075,0.08793161064386368,0.08030461519956589,
117,39,Prone Press Up With Torso Rotation,550,550,1.0643000602722168,1.9039559364318848,1.7574918270111084,0.213057279586792,0.25729477405548096,0.0773971825838089,0.04579149931669235,
118,39,Prone Press Up With Torso Rotation,550,550,1.02183997631073,1.8344160318374634,1.738086223602295,0.2213519662618637,0.26265376806259155,0.08987113833427429,0.056374333798885345,
119,39,Prone Press Up With Torso Rotation,550,550,1.1354200839996338,1.8161020278930664,1.7539769411087036,0.22551824152469635,0.26297542452812195,0.07988004386425018,0.03557354956865311,
120,40,Breaststroke Push-ups,550,550,1.6243300437927246,2.304095983505249,1.7550687789916992,0.2705609202384949,0.3312796652317047,0.0942612811923027,0.0668594241142273,
121,40,Breaststroke Push-ups,550,550,1.070430040359497,2.3028199672698975,1.7484660148620605,0.25447970628738403,0.32528090476989746,0.0932021364569664,0.0561029426753521,
122,40,Breaststroke Push-ups,550,550,1.1213799715042114,2.3120460510253906,1.7456750869750977,0.25348106026649475,0.3268924057483673,0.09981062263250351,0.06765911728143692,
123,41,Sit-ups,550,550,1.249000072479248,2.3011460304260254,1.7638342380523682,0.18266661465168,0.4084015190601349,0.07635454833507538,0.0872824639081955,
124,41,Sit-ups,550,550,1.1299800872802734,2.562053918838501,1.7413580417633057,0.18091833591461182,0.46318933367729187,0.07916152477264404,0.1052212044596672,
125,41,Sit-ups,550,550,1.3735100030899048,2.6490378379821777,1.717015027999878,0.18413633108139038,0.42214125394821167,0.0836668536067009,0.10062655061483383,
126,42,Side-lying Left Leg Forward Raise,550,550,1.353410005569458,1.900418996810913,1.80007004737854,0.18955183029174805,0.25026220083236694,0.09390019625425339,0.08613414317369461,
127,42,Side-lying Left Leg Forward Raise,550,550,1.402899980545044,1.9387919902801514,1.8012299537658691,0.2199556678533554,0.2684310972690582,0.09740467369556427,0.055472977459430695,
128,42,Side-lying Left Leg Forward Raise,550,550,1.3577799797058105,1.9556519985198975,1.8296778202056885,0.2010146528482437,0.25103339552879333,0.0872483029961586,0.06942705810070038,
129,43,Right Leg Reverse Lunge,550,550,1.3043500185012817,1.1130859851837158,1.646104097366333,0.08407054841518402,0.11745910346508026,0.07256834954023361,0.016178542748093605,
130,43,Right Leg Reverse Lunge,550,550,1.2158600091934204,1.1400450468063354,1.6500380039215088,0.08265430480241776,0.11282618343830109,0.06812561303377151,0.016304556280374527,
131,43,Right Leg Reverse Lunge,550,550,1.198970079421997,1.046552062034607,1.6532464027404785,0.08425144851207733,0.11172989010810852,0.0694814994931221,0.013321863487362862,
132,44,Kneeling Left Knee Lift,550,550,1.4028400182724,1.5045210123062134,1.7535877227783203,0.17830897867679596,0.20305684208869934,0.09245458990335464,0.029065560549497604,
133,44,Kneeling Left Knee Lift,550,550,1.023669958114624,1.4176480770111084,1.7446825504302979,0.18031539022922516,0.20446635782718658,0.07767131179571152,0.029096338897943497,
134,44,Kneeling Left Knee Lift,550,550,1.116260051727295,1.6019339561462402,1.7600033283233643,0.17352567613124847,0.20540930330753326,0.0813845694065094,0.03762323781847954,
135,45,Alternate Reverse Lunge,550,550,1.0794399976730347,1.1540719270706177,1.69049870967865,0.09094325453042984,0.10476578027009964,0.07493290305137634,0.015594275668263435,
136,45,Alternate Reverse Lunge,550,550,0.9916399717330933,1.0794960260391235,1.675243616104126,0.08329639583826065,0.10036274045705795,0.06989626586437225,0.014381332322955132,
137,45,Alternate Reverse Lunge,550,550,1.215980052947998,1.1797559261322021,1.6841967105865479,0.08310773223638535,0.11191734671592712,0.0675041675567627,0.014431127347052097,
138,46,Side-lying Right Leg Backward Kick,550,550,1.245460033416748,2.0610289573669434,1.8213945627212524,0.21938063204288483,0.27654367685317993,0.08186650276184082,0.07179989665746689,
139,46,Side-lying Right Leg Backward Kick,550,550,1.0694199800491333,2.0587210655212402,1.8344683647155762,0.29341447353363037,0.34750792384147644,0.08163978904485703,0.07102058827877045,
140,46,Side-lying Right Leg Backward Kick,550,550,1.0607800483703613,2.101300001144409,1.8111070394515991,0.27932828664779663,0.3495931327342987,0.07845357060432434,0.10221477597951889,
141,47,Left Leg Lunge With Knee Lift,550,550,1.247689962387085,1.3048460483551025,1.6875303983688354,0.07654496282339096,0.11569458246231079,0.06598952412605286,0.012635827995836735,
142,47,Left Leg Lunge With Knee Lift,550,550,1.2182899713516235,1.302419900894165,1.6963475942611694,0.07974685728549957,0.112428218126297,0.06757178902626038,0.011372493579983711,
143,47,Left Leg Lunge With Knee Lift,550,550,1.27839994430542,1.2344080209732056,1.6915563344955444,0.07699767500162125,0.11719819158315659,0.0644037276506424,0.011499853804707527,
144,48,Sumo Squat,550,550,1.229889988899231,0.7644820213317871,1.7069659233093262,0.09941872209310532,0.12601935863494873,0.07060758024454117,0.012368031777441502,
145,48,Sumo Squat,550,550,1.0281000137329102,0.6558830142021179,1.6740269660949707,0.10062520951032639,0.11771504580974579,0.07412859052419662,0.010480561293661594,
146,48,Sumo Squat,550,550,1.0607800483703613,0.6372209787368774,1.6696646213531494,0.10179370641708374,0.11804892122745514,0.07823603600263596,0.007862831465899944,
147,49,Straight Leg Calf Raise,550,550,1.1640799045562744,0.29240700602531433,1.720075011253357,0.08819745481014252,0.10926470160484314,0.08510337769985199,0.001655894098803401,
148,49,Straight Leg Calf Raise,550,550,1.1212100982666016,0.3738880157470703,1.7222661972045898,0.08997077494859695,0.10683110356330872,0.08519116044044495,0.002457733964547515,
149,49,Straight Leg Calf Raise,550,550,1.1824500560760498,0.2879229784011841,1.7107080221176147,0.09120757132768631,0.11084102839231491,0.08645877987146378,0.0020918159279972315,
150,50,Squat Jump,550,446,1.269670009613037,1.3405410051345825,1.8316274881362915,0.11845654249191284,0.1516772359609604,0.0872461274266243,0.02682356908917427,
151,50,Squat Jump,550,431,1.2147799730300903,1.4366259574890137,1.8405462503433228,0.11643923819065094,0.16362808644771576,0.08393992483615875,0.028504537418484688,
152,50,Squat Jump,550,481,1.1495599746704102,1.4546030759811401,1.8584158420562744,0.1273365020751953,0.17868828773498535,0.09037433564662933,0.030986152589321136,
153,51,Squat With Alternate Knee Lift,550,550,1.0866498947143555,0.9816269874572754,1.7006253004074097,0.09842919558286667,0.1210365816950798,0.08447064459323883,0.0205931905657053,
154,51,Squat With Alternate Knee Lift,550,550,1.2005400657653809,0.9156609773635864,1.667107343673706,0.09612777829170227,0.12846557796001434,0.07382708787918091,0.019862907007336617,
155,51,Squat With Alternate Knee Lift,550,550,1.0464999675750732,0.9604209661483765,1.7114022970199585,0.09879698604345322,0.13008566200733185,0.07405175268650055,0.01904447190463543,
156,52,Standing Alternate Butt Kick,550,550,1.389780044555664,0.7082189917564392,1.6616783142089844,0.08573931455612183,0.12691929936408997,0.06411901116371155,0.007481816690415144,
157,52,Standing Alternate Butt Kick,550,550,1.3162500858306885,0.6878249645233154,1.6512341499328613,0.08489091694355011,0.12000146508216858,0.0655544102191925,0.0071724639274179935,
158,52,Standing Alternate Butt Kick,550,550,1.1831400394439697,0.6563069820404053,1.6584038734436035,0.0836053192615509,0.11188285797834396,0.06621482223272324,0.0052773235365748405,
159,53,Knee Warm-up,550,440,1.2897100448608398,0.6989400386810303,1.6605288982391357,0.07762283086776733,0.1181928738951683,0.06604275107383728,0.010574840940535069,
160,53,Knee Warm-up,550,489,1.2865999937057495,0.6686279773712158,1.6656389236450195,0.07616011053323746,0.11687788367271423,0.06361943483352661,0.011325163766741753,
161,53,Knee Warm-up,550,444,1.1324200630187988,0.6987680196762085,1.6694308519363403,0.07531274110078812,0.10799253731966019,0.06282427906990051,0.009136630222201347,
162,54,Butt Kicks,550,391,1.1149300336837769,0.830348014831543,1.755216121673584,0.07718264311552048,0.10618435591459274,0.05808627977967262,0.010268110781908035,
163,54,Butt Kicks,550,494,1.202239990234375,0.7842639684677124,1.7806334495544434,0.09045138210058212,0.12951786816120148,0.061869263648986816,0.012448806315660477,
164,54,Butt Kicks,550,550,1.1542199850082397,0.9537299871444702,1.7524282932281494,0.08159587532281876,0.11158698797225952,0.05917232483625412,0.011284812353551388,
165,55,Jump Left and Right,550,520,1.2446799278259277,0.9549269676208496,1.7897144556045532,0.11357391625642776,0.17559579014778137,0.0786675214767456,0.017099037766456604,
166,55,Jump Left and Right,550,532,1.1015599966049194,0.8697599768638611,1.783207654953003,0.10129531472921371,0.13819578289985657,0.07836361229419708,0.014813799411058426,
167,55,Jump Left and Right,550,527,1.0660699605941772,1.084455966949463,1.7608909606933594,0.10309189558029175,0.1462348848581314,0.08092405647039413,0.01773715578019619,
168,56,Jumping Jacks,550,442,1.8856899738311768,0.9345560073852539,2.3367910385131836,0.1636122614145279,0.25015988945961,0.08380988240242004,0.04436050355434418,
169,56,Jumping Jacks,550,403,1.8214800357818604,0.9412109851837158,2.3199472427368164,0.15930268168449402,0.24793238937854767,0.07977569848299026,0.042857006192207336,
170,56,Jumping Jacks,550,461,1.8043299913406372,0.9908990263938904,2.269270420074463,0.16722087562084198,0.2513068914413452,0.08207735419273376,0.042533427476882935,
171,57,High Knee,550,380,1.361680030822754,0.9510329961776733,1.7386162281036377,0.09073694795370102,0.11968454718589783,0.06933021545410156,0.01488108467310667,
172,57,High Knee,550,416,1.3118500709533691,1.0253159999847412,1.7342432737350464,0.10825943946838379,0.14143051207065582,0.07754306495189667,0.014287926256656647,
173,57,High Knee,550,415,1.2763999700546265,0.9458349943161011,1.734036922454834,0.08767246454954147,0.11479508876800537,0.07120804488658905,0.012022068724036217,
174,58,Clap Jacks,550,397,1.8541100025177002,1.2942149639129639,1.759786605834961,0.16882112622261047,0.20980194211006165,0.11264162510633469,0.027974741533398628,
175,58,Clap Jacks,550,440,1.8897199630737305,1.2860989570617676,1.7694268226623535,0.15957757830619812,0.18932178616523743,0.10185818374156952,0.027948172762989998,
176,58,Clap Jacks,550,465,1.9673900604248047,1.6074318885803223,1.7723541259765625,0.1792384386062622,0.25157853960990906,0.10235580801963806,0.029692236334085464,
177,59,Run In Place With Arm Swing,550,461,1.2908899784088135,0.8571200370788574,1.6591806411743164,0.0862080454826355,0.11512153595685959,0.07305355370044708,0.007325444370508194,
178,59,Run In Place With Arm Swing,550,461,1.3155601024627686,0.8571209907531738,1.6591806411743164,0.0879167914390564,0.11769107729196548,0.07429966330528259,0.007332309149205685,
179,59,Run In Place With Arm Swing,550,439,1.2520400285720825,0.8474359512329102,1.6721081733703613,0.09249050170183182,0.11235480010509491,0.07775020599365234,0.00821614544838667,
180,0,Svend Press,550,550,1.3699901103973389,0.9409720301628113,1.732893466949463,0.11747173219919205,0.15144294500350952,0.07183337211608887,0.029571065679192543,
181,0,Svend Press,550,550,1.2368800640106201,1.0020840167999268,1.6934032440185547,0.11564300209283829,0.1529613435268402,0.07386577129364014,0.03221713751554489,
182,0,Svend Press,550,550,1.1660900115966797,0.9605579972267151,1.711367130279541,0.11653123050928116,0.14935451745986938,0.07105942070484161,0.027832403779029846,
183,1,Kneeling Push-ups,550,550,1.2878201007843018,1.6277539730072021,1.7133976221084595,0.2010924071073532,0.24459314346313477,0.0817282423377037,0.0350518599152565,
184,1,Kneeling Push-ups,550,550,1.3522800207138062,1.580157995223999,1.702836275100708,0.19616039097309113,0.23770759999752045,0.07517261803150177,0.03714807331562042,
185,1,Kneeling Push-ups,550,550,1.157099962234497,1.6934130191802979,1.7228477001190186,0.23705066740512848,0.2975676953792572,0.07784226536750793,0.04373371973633766,
186,2,Standing Straight-arm Chest Press With Resistance Band,550,550,1.7907099723815918,1.0024889707565308,1.755744218826294,0.1674681156873703,0.19907696545124054,0.10041811317205429,0.02395784854888916,
187,2,Standing Straight-arm Chest Press With Resistance Band,550,550,1.7850899696350098,0.9514859914779663,1.709660530090332,0.16415069997310638,0.19463437795639038,0.1166013553738594,0.02359859086573124,
188,2,Standing Straight-arm Chest Press With Resistance Band,550,550,1.7854399681091309,0.9077950119972229,1.6814823150634766,0.16066518425941467,0.1929309219121933,0.11211532354354858,0.023622941225767136,
189,3,Small Dumbbell Floor Flies,550,550,1.7786799669265747,1.8739900588989258,1.7036159038543701,0.19658781588077545,0.28187718987464905,0.10151397436857224,0.09028849750757217,
190,3,Small Dumbbell Floor Flies,550,550,1.7882499694824219,1.8754041194915771,1.7457337379455566,0.1819113940000534,0.2710895836353302,0.09004298597574234,0.09597646445035934,
191,3,Small Dumbbell Floor Flies,550,550,1.7400600910186768,1.9074139595031738,1.7425220012664795,0.16019310057163239,0.2733254134654999,0.09180746972560883,0.10693575441837311,
192,4,Chest Fly,550,550,1.0693100690841675,1.0911229848861694,2.2102208137512207,0.15634207427501678,0.1819067746400833,0.09340429306030273,0.04307368025183678,
193,4,Chest Fly,550,550,1.0768499374389648,1.1138920783996582,2.2109339237213135,0.15622662007808685,0.18109726905822754,0.08743445575237274,0.044387590140104294,
194,4,Chest Fly,550,550,1.0332800149917603,1.1427119970321655,2.226958751678467,0.1594434678554535,0.1802055686712265,0.09493297338485718,0.04444669187068939,
195,5,Push-ups,550,550,1.0467900037765503,1.6589360237121582,1.7102136611938477,0.23751454055309296,0.29127755761146545,0.08149684965610504,0.04353434965014458,
196,5,Push-ups,550,550,1.0588500499725342,1.6413800716400146,1.714131474494934,0.27378103137016296,0.3330812454223633,0.07720226794481277,0.04206757992506027,
197,5,Push-ups,550,550,1.1289598941802979,1.669584035873413,1.7174961566925049,0.25869008898735046,0.31796514987945557,0.09456796944141388,0.04834877327084541,
198,6,Bent-over W-shape Stretch,550,550,1.3400299549102783,0.6875569820404053,1.6637935638427734,0.09986211359500885,0.1266898661851883,0.07491182535886765,0.010984710417687893,
199,6,Bent-over W-shape Stretch,550,550,1.36489999294281,0.737043023109436,1.645648717880249,0.09687649458646774,0.12629307806491852,0.07421380281448364,0.010768851265311241,
200,6,Bent-over W-shape Stretch,550,550,1.401129961013794,0.6785249710083008,1.6443578004837036,0.09926114976406097,0.13019493222236633,0.07750897109508514,0.010192520916461945,
201,7,Bent-over Y-shape Stretch,550,550,1.4089100360870361,1.116966962814331,1.7516889572143555,0.10401284694671631,0.1489860862493515,0.07144511491060257,0.03114912286400795,
202,7,Bent-over Y-shape Stretch,550,550,1.2866300344467163,1.0832690000534058,1.8665919303894043,0.11328539252281189,0.15720587968826294,0.07910583168268204,0.029488734900951385,
203,7,Bent-over Y-shape Stretch,550,550,1.290809988975525,1.1004719734191895,1.8810417652130127,0.10615498572587967,0.1572173684835434,0.07215002924203873,0.030552787706255913,
204,8,Bent-over A-shape Stretch,550,550,1.4740800857543945,1.1650069952011108,1.6452538967132568,0.10415101051330566,0.13436473906040192,0.07730729877948761,0.0302621740847826,
205,8,Bent-over A-shape Stretch,550,550,1.1648800373077393,1.1844589710235596,1.6514462232589722,0.10015231370925903,0.12051751464605331,0.08037573099136353,0.02706027589738369,
206,8,Bent-over A-shape Stretch,550,550,1.2044200897216797,1.1422069072723389,1.6476521492004395,0.10242805629968643,0.11750613152980804,0.08090754598379135,0.03048030473291874,
207,9,Squat With Arm Lift,550,550,1.6080400943756104,0.8358169794082642,1.7335987091064453,0.14500947296619415,0.18322740495204926,0.08095261454582214,0.04434863477945328,
208,9,Squat With Arm Lift,550,550,1.4731900691986084,0.899848997592926,1.7418988943099976,0.13825412094593048,0.17158865928649902,0.08179525285959244,0.05161738395690918,
209,9,Squat With Arm Lift,550,550,1.457610011100769,0.7709720134735107,1.7354722023010254,0.14125502109527588,0.16418002545833588,0.0791204497218132,0.05231773853302002,
210,10,Breaststroke Arm Pull,550,550,1.7407000064849854,2.30363392829895,1.707301378250122,0.29312506318092346,0.466600239276886,0.08650898933410645,0.07147356867790222,
211,10,Breaststroke Arm Pull,550,550,1.7574800252914429,2.307615041732788,1.729628324508667,0.3092949390411377,0.4937683045864105,0.08152928203344345,0.0750717967748642,
212,10,Breaststroke Arm Pull,550,550,1.7797000408172607,2.3106179237365723,1.7177705764770508,0.3123595714569092,0.475710391998291,0.08411311358213425,0.06905262172222137,
213,11,Prone Y-shape Stretch,550,550,1.2375099658966064,2.2441530227661133,1.7152025699615479,0.3562387228012085,0.4816884994506836,0.08106677979230881,0.07149393111467361,
214,11,Prone Y-shape Stretch,550,550,1.2423700094223022,2.1818959712982178,1.7126245498657227,0.3568982183933258,0.5019627809524536,0.08541166037321091,0.08218102902173996,
215,11,Prone Y-shape Stretch,550,550,1.1081899404525757,2.255718946456909,1.7063086032867432,0.33769407868385315,0.47757017612457275,0.07694108784198761,0.07524415105581284,
216,12,Lateral Raise Forward Circles,550,550,1.7943300008773804,0.7781460285186768,1.828211784362793,0.17492511868476868,0.2173670381307602,0.09536060690879822,0.009379294700920582,
217,12,Lateral Raise Forward Circles,550,550,1.7708699703216553,0.6781790256500244,1.784168004989624,0.17026162147521973,0.21537572145462036,0.09713393449783325,0.010653826408088207,
218,12,Lateral Raise Forward Circles,550,550,1.7679799795150757,0.752032995223999,1.8502182960510254,0.18097808957099915,0.22230206429958344,0.09764973074197769,0.009197693318128586,
219,13,Lateral Raise Backward Circles,550,550,1.7703800201416016,0.7677890062332153,1.929842233657837,0.18130886554718018,0.2336091846227646,0.09306126087903976,0.010368550196290016,
220,13,Lateral Raise Backward Circles,550,450,1.7585899829864502,0.981099009513855,1.9308257102966309,0.17293491959571838,0.2275521159172058,0.08874054253101349,0.016425389796495438,
221,13,Lateral Raise Backward Circles,550,550,1.7607600688934326,0.868353009223938,1.9163600206375122,0.18173475563526154,0.22714470326900482,0.09518247097730637,0.011553162708878517,
222,14,Lying Shoulder Joint Upward Round,550,550,1.7118399143218994,2.2551188468933105,1.7904672622680664,0.21752238273620605,0.3012736737728119,0.0961182564496994,0.10115616768598557,
223,14,Lying Shoulder Joint Upward Round,550,550,1.73062002658844,2.2755579948425293,1.7604944705963135,0.18755626678466797,0.2745819687843323,0.08490858227014542,0.0900786966085434,
224,14,Lying Shoulder Joint Upward Round,550,550,1.7505500316619873,2.2889161109924316,1.7900276184082031,0.21216252446174622,0.2868421971797943,0.09872207790613174,0.09095986187458038,
225,15,Lying Shoulder Joint Downward Round,550,550,1.7414300441741943,2.2644588947296143,1.7899181842803955,0.21097996830940247,0.30173248052597046,0.09020914137363434,0.09201233834028244,
226,15,Lying Shoulder Joint Downward Round,550,550,1.8037800788879395,2.2731850147247314,1.7597994804382324,0.2052920013666153,0.294047474861145,0.08629877120256424,0.09465494751930237,
227,15,Lying Shoulder Joint Downward Round,550,550,1.768630027770996,2.2837159633636475,1.7715305089950562,0.1909477412700653,0.2952834367752075,0.0822325199842453,0.10048477351665497,
228,16,Bare-handed Full Lateral Raise,550,550,1.7840499877929688,0.40396398305892944,2.2099432945251465,0.16739001870155334,0.2365814447402954,0.08638524264097214,0.037940558046102524,
229,16,Bare-handed Full Lateral Raise,550,550,1.7970399856567383,0.2759400010108948,2.2170369625091553,0.169021874666214,0.24027925729751587,0.08418440073728561,0.03742186352610588,
230,16,Bare-handed Full Lateral Raise,550,550,1.8029100894927979,0.28832900524139404,2.2131118774414062,0.169316828250885,0.24393513798713684,0.08491627871990204,0.037522245198488235,
231,17,Bare-handed Cuban Press,550,550,1.319159984588623,0.5591269731521606,2.200258731842041,0.15639537572860718,0.2317604273557663,0.08421819657087326,0.026946809142827988,
232,17,Bare-handed Cuban Press,550,550,1.3214800357818604,0.6627869606018066,2.233391284942627,0.14703823626041412,0.2410777062177658,0.0845448300242424,0.02988511696457863,
233,17,Bare-handed Cuban Press,550,550,1.417930006980896,0.5983220338821411,2.2112960815429688,0.1463710516691208,0.23511339724063873,0.08480837196111679,0.029809696599841118,
234,18,Fortune Cat,550,550,1.377020001411438,0.5987899899482727,1.898632287979126,0.14713343977928162,0.18103784322738647,0.11080965399742126,0.011017984710633755,
235,18,Fortune Cat,550,550,1.158400058746338,0.6009179949760437,1.916696548461914,0.14678902924060822,0.18783025443553925,0.10728920251131058,0.012525631114840508,
236,18,Fortune Cat,550,550,1.1438000202178955,0.6592370271682739,1.9580531120300293,0.15166744589805603,0.19632968306541443,0.10076911002397537,0.013841694220900536,
237,19,Dumbbell Curls,550,550,1.5751700401306152,0.7150120139122009,1.6842048168182373,0.10521736741065979,0.1444520205259323,0.07859678566455841,0.021938381716609,
238,19,Dumbbell Curls,550,550,1.1593999862670898,0.6946030259132385,1.6732816696166992,0.09934773296117783,0.12588410079479218,0.07696640491485596,0.019486529752612114,
239,19,Dumbbell Curls,550,550,1.205899953842163,0.6970739960670471,1.6605119705200195,0.0991506278514862,0.12323993444442749,0.07887891680002213,0.01849983073771,
240,20,Alternate Dumbbell Curls,550,550,1.2693700790405273,0.7506020069122314,1.6646325588226318,0.09798457473516464,0.13128848373889923,0.07808499783277512,0.01651715487241745,
241,20,Alternate Dumbbell Curls,550,550,1.011620044708252,0.7403720021247864,1.6680845022201538,0.09694109857082367,0.12664642930030823,0.0772646889090538,0.015136739239096642,
242,20,Alternate Dumbbell Curls,550,550,0.9707300066947937,0.7104619741439819,1.651909351348877,0.09722871333360672,0.12680798768997192,0.07680727541446686,0.015939263626933098,
243,21,Right-side Kettlebell Bent-over Row,550,550,0.9758099913597107,1.1262400150299072,1.6688189506530762,0.08670517057180405,0.10142675042152405,0.07009967416524887,0.012205235660076141,
244,21,Right-side Kettlebell Bent-over Row,550,550,1.0575100183486938,1.3326959609985352,1.6826647520065308,0.08709956705570221,0.11973181366920471,0.07343566417694092,0.014904548414051533,
245,21,Right-side Kettlebell Bent-over Row,550,550,0.9970799684524536,1.4561729431152344,1.6955139636993408,0.08831222355365753,0.12192747741937637,0.07646677643060684,0.01683739200234413,
246,22,Wrist Joint Warm-up,550,534,1.1685400009155273,0.7213209867477417,1.6408822536468506,0.10664692521095276,0.11842720210552216,0.08990038186311722,0.00893489457666874,
247,22,Wrist Joint Warm-up,550,550,1.0021400451660156,0.5520430207252502,1.6422595977783203,0.10666413605213165,0.11517643928527832,0.0999542772769928,0.004024114925414324,
248,22,Wrist Joint Warm-up,550,480,1.017199993133545,0.6257179975509644,1.6410706043243408,0.10540800541639328,0.11685769259929657,0.09074397385120392,0.008225400000810623,
249,23,Right-side Bent-over Tricep Extension With Resistance Band,550,550,0.9426900148391724,0.9347200393676758,1.65018892288208,0.08145170658826828,0.10043197125196457,0.06950501352548599,0.007983223535120487,
250,23,Right-side Bent-over Tricep Extension With Resistance Band,550,550,0.78711998462677,0.9468039870262146,1.669120192527771,0.07778935134410858,0.09344356507062912,0.06526415795087814,0.007962284609675407,
251,23,Right-side Bent-over Tricep Extension With Resistance Band,550,550,0.7492700219154358,0.9376809597015381,1.6734719276428223,0.07510087639093399,0.09072879701852798,0.06443669646978378,0.008030527271330357,
252,24,Bent-over Dumbbell Tricep Extension,550,550,1.1859400272369385,0.9236710071563721,1.6680628061294556,0.08382584154605865,0.12724047899246216,0.0669875368475914,0.018533656373620033,
253,24,Bent-over Dumbbell Tricep Extension,550,550,1.0552200078964233,0.941847026348114,1.6608550548553467,0.08842864632606506,0.13738572597503662,0.0748472809791565,0.018706565722823143,
254,24,Bent-over Dumbbell Tricep Extension,550,550,1.0554900169372559,0.9249329566955566,1.6503303050994873,0.08923716098070145,0.13171735405921936,0.07556015253067017,0.017806945368647575,
255,25,Nod And Raise Head,550,550,1.3241100311279297,0.395114004611969,1.792663812637329,0.12125030159950256,0.13771221041679382,0.09967216849327087,0.0024506980553269386,
256,25,Nod And Raise Head,550,550,1.2431700229644775,0.5410749912261963,1.8745691776275635,0.12037642300128937,0.14201270043849945,0.10405004769563675,0.003076686756685376,
257,25,Nod And Raise Head,550,550,1.4651401042938232,0.3594689965248108,1.8143526315689087,0.1233273595571518,0.14276617765426636,0.11903943121433258,0.0030305690597742796,
258,26,Two-way Head Turn,550,550,1.4013999700546265,0.27167701721191406,1.6370012760162354,0.0943715050816536,0.12721394002437592,0.09356512129306793,7.640948751941323e-05,
259,26,Two-way Head Turn,550,550,0.8397400379180908,0.3039590120315552,1.6386078596115112,0.09420934319496155,0.09529118984937668,0.09325995296239853,9.222271910402924e-05,
260,26,Two-way Head Turn,550,550,0.9114999771118164,0.29388999938964844,1.6384352445602417,0.0957847461104393,0.09724059700965881,0.09270327538251877,6.006839976180345e-05,
261,27,Shrug And Sink The Shoulders,550,550,0.8319599628448486,0.2692919969558716,1.6442312002182007,0.09022476524114609,0.09395961463451385,0.08745850622653961,0.00020683328330051154,
262,27,Shrug And Sink The Shoulders,550,550,1.0363800525665283,0.31623101234436035,1.6465094089508057,0.09319912642240524,0.10634610801935196,0.08793925493955612,0.0005096682580187917,
263,27,Shrug And Sink The Shoulders,550,550,1.1194100379943848,0.3549550175666809,1.6474287509918213,0.0967007577419281,0.10987991094589233,0.08867082744836807,0.0010078311897814274,
264,28,Four-way Nod Head,550,550,1.0154199600219727,0.25892001390457153,1.640548825263977,0.09765401482582092,0.10141417384147644,0.09495338797569275,0.00016727774345781654,
265,28,Four-way Nod Head,550,550,1.1905999183654785,0.26519399881362915,1.6406898498535156,0.08726999163627625,0.11240419745445251,0.08406810462474823,0.0011639657896012068,
266,28,Four-way Nod Head,550,550,1.1534900665283203,0.28595900535583496,1.6434643268585205,0.08691462129354477,0.10945539176464081,0.08358234912157059,0.0012800029944628477,
267,29,Lying Alternate Upper-half Leg Raise,550,550,1.1829400062561035,1.7153140306472778,1.759242296218872,0.1744079440832138,0.23235255479812622,0.08872634917497635,0.0658491849899292,
268,29,Lying Alternate Upper-half Leg Raise,550,550,0.972000002861023,1.743422031402588,1.753898024559021,0.16677981615066528,0.25851550698280334,0.08954422920942307,0.06183189898729324,
269,29,Lying Alternate Upper-half Leg Raise,550,550,1.0420899391174316,1.7674469947814941,1.7287697792053223,0.17857415974140167,0.2907625734806061,0.08889839798212051,0.08471711724996567,
270,30,Half Roll Back,550,550,1.0208100080490112,1.3267419338226318,1.7258117198944092,0.13827939331531525,0.20633572340011597,0.08677718788385391,0.02257799729704857,
271,30,Half Roll Back,550,550,0.9702900052070618,1.1557680368423462,1.7426538467407227,0.15027925372123718,0.20588530600070953,0.08747508376836777,0.01990845613181591,
272,30,Half Roll Back,550,550,1.0591800212860107,1.1091259717941284,1.7425609827041626,0.16848376393318176,0.22293421626091003,0.08826927095651627,0.027117805555462837,
273,31,Kneeling Right-side Torso Twist,550,550,0.7912700176239014,1.532513976097107,1.697664737701416,0.2179245948791504,0.27850040793418884,0.08393148332834244,0.031149262562394142,
274,31,Kneeling Right-side Torso Twist,550,550,0.825160026550293,1.5531890392303467,1.6930482387542725,0.20906472206115723,0.2704997658729553,0.0798322781920433,0.03471505269408226,
275,31,Kneeling Right-side Torso Twist,550,550,0.8546000123023987,1.428462028503418,1.7417395114898682,0.1877533197402954,0.2430196851491928,0.08043145388364792,0.03614592179656029,
276,32,Left-side Knee Raise And Abdominal Muscles Contract,550,550,1.4105199575424194,0.536113977432251,2.2387499809265137,0.13866816461086273,0.1675550788640976,0.08709841966629028,0.015471609309315681,
277,32,Left-side Knee Raise And Abdominal Muscles Contract,550,550,1.5224900245666504,0.45824897289276123,2.2424516677856445,0.139231339097023,0.1690758764743805,0.0963345319032669,0.013651492074131966,
278,32,Left-side Knee Raise And Abdominal Muscles Contract,550,550,1.4244099855422974,0.5002759695053101,2.2542293071746826,0.1399879902601242,0.1693604588508606,0.09243589639663696,0.014966263435781002,
279,33,Kneeling Right Leg Backward Stretch,550,550,1.0648000240325928,1.7908209562301636,1.7159011363983154,0.22814935445785522,0.2611734867095947,0.08433890342712402,0.039463575929403305,
280,33,Kneeling Right Leg Backward Stretch,550,550,0.9546799659729004,1.7077950239181519,1.6979068517684937,0.2576417028903961,0.28429490327835083,0.08231812715530396,0.02481825277209282,
281,33,Kneeling Right Leg Backward Stretch,550,550,0.9495500326156616,1.7275190353393555,1.7000889778137207,0.2420271784067154,0.2768957316875458,0.08357881009578705,0.03788379579782486,
282,34,Kneeling Right Arm Raise,550,550,0.9398599863052368,1.9283159971237183,1.7343897819519043,0.2420835793018341,0.2903699278831482,0.08637343347072601,0.034202300012111664,
283,34,Kneeling Right Arm Raise,550,550,0.8243399858474731,1.981065034866333,1.7455761432647705,0.22983846068382263,0.27902474999427795,0.08056998997926712,0.038466498255729675,
284,34,Kneeling Right Arm Raise,550,550,0.7966599464416504,1.9002530574798584,1.7312889099121094,0.22016656398773193,0.25913524627685547,0.07736865431070328,0.03214014694094658,
285,35,Shoulder Bridge,550,550,1.1596400737762451,1.4893490076065063,1.7608954906463623,0.22108331322669983,0.2665359377861023,0.08499102294445038,0.05120662599802017,
286,35,Shoulder Bridge,550,550,1.1271400451660156,1.760416030883789,1.7718192338943481,0.1941193789243698,0.2819440960884094,0.09340930730104446,0.06911220401525497,
287,35,Shoulder Bridge,550,550,1.2626800537109375,1.725685954093933,1.757327914237976,0.20492328703403473,0.2920646667480469,0.0905284658074379,0.06521271914243698,
288,36,Prone Press-ups,550,550,1.1613199710845947,1.8051378726959229,1.705888271331787,0.27474120259284973,0.3353918790817261,0.09023682028055191,0.04979066178202629,
289,36,Prone Press-ups,550,550,1.0699700117111206,1.8406059741973877,1.7113022804260254,0.27931100130081177,0.3404507637023926,0.08125338703393936,0.05077672377228737,
290,36,Prone Press-ups,550,550,1.1841199398040771,1.86879301071167,1.7039093971252441,0.314065545797348,0.3906523287296295,0.08091330528259277,0.058131542056798935,
291,37,Bent-over Torso Rotation,550,550,1.2832000255584717,0.7830889821052551,1.6658282279968262,0.0756160244345665,0.11664089560508728,0.06672373414039612,0.005740954075008631,
292,37,Bent-over Torso Rotation,550,550,0.9739300012588501,0.8221620321273804,1.6761298179626465,0.07697555422782898,0.10053082555532455,0.06886640191078186,0.006833214778453112,
293,37,Bent-over Torso Rotation,550,550,0.9400099515914917,0.7688829898834229,1.6833679676055908,0.07980097085237503,0.09994707256555557,0.07077419012784958,0.007440674118697643,
294,38,Lying Arm Pull,550,550,1.1045600175857544,2.2151639461517334,1.754878044128418,0.23766224086284637,0.2951187193393707,0.09155184775590897,0.08400602638721466,
295,38,Lying Arm Pull,550,550,1.7506799697875977,2.225742816925049,1.7628087997436523,0.24222692847251892,0.2956674098968506,0.09223469346761703,0.0798935815691948,
296,38,Lying Arm Pull,550,550,1.7742600440979004,2.2260680198669434,1.7514621019363403,0.22246350347995758,0.2761104106903076,0.08945181965827942,0.08181343227624893,
297,39,Prone Press Up With Torso Rotation,550,550,0.9511300325393677,1.8959009647369385,1.7380235195159912,0.2584609091281891,0.35664984583854675,0.07929546386003494,0.06855311989784241,
298,39,Prone Press Up With Torso Rotation,550,550,0.9449399709701538,1.9541079998016357,1.7117011547088623,0.2327275574207306,0.33374732732772827,0.0772794857621193,0.07651007920503616,
299,39,Prone Press Up With Torso Rotation,550,550,0.9880899786949158,1.8715440034866333,1.7093405723571777,0.30634573101997375,0.3688570559024811,0.08238496631383896,0.03896447643637657,
300,40,Breaststroke Push-ups,550,550,1.1239800453186035,2.2842600345611572,1.7174031734466553,0.34302854537963867,0.4848678708076477,0.08841165900230408,0.0582781583070755,
301,40,Breaststroke Push-ups,550,550,1.3627700805664062,2.29833984375,1.7024686336517334,0.3262215256690979,0.48034366965293884,0.08211922645568848,0.07209987193346024,
302,40,Breaststroke Push-ups,550,550,1.0169800519943237,2.305485963821411,1.7169468402862549,0.3055213689804077,0.4789793789386749,0.0830460712313652,0.06227656081318855,
303,41,Sit-ups,550,550,1.1154099702835083,2.4260940551757812,1.7394335269927979,0.22060783207416534,0.304855078458786,0.09625595808029175,0.10475100576877594,
304,41,Sit-ups,550,550,1.0803699493408203,2.3050649166107178,1.756089210510254,0.19197013974189758,0.2827170193195343,0.09856710582971573,0.11241650581359863,
305,41,Sit-ups,550,550,1.1968899965286255,2.3559601306915283,1.7719216346740723,0.18522927165031433,0.2911016643047333,0.08638430386781693,0.1047641709446907,
306,42,Side-lying Left Leg Forward Raise,550,550,1.154270052909851,1.733240008354187,1.7627363204956055,0.1793476790189743,0.21270643174648285,0.0880248099565506,0.05893273651599884,
307,42,Side-lying Left Leg Forward Raise,550,550,1.140049934387207,1.804900050163269,1.756653070449829,0.19099806249141693,0.24044522643089294,0.09253451973199844,0.06604655832052231,
308,42,Side-lying Left Leg Forward Raise,550,550,1.1409200429916382,1.7223620414733887,1.7496988773345947,0.19477449357509613,0.252217561006546,0.0915130153298378,0.0749807134270668,
309,43,Right Leg Reverse Lunge,550,550,0.9342299699783325,1.1306999921798706,1.7134780883789062,0.08547518402338028,0.10862560570240021,0.07351408153772354,0.018888570368289948,
310,43,Right Leg Reverse Lunge,550,550,0.9963499307632446,1.151163935661316,1.712868332862854,0.08502759784460068,0.10398101806640625,0.07194915413856506,0.020037667825818062,
311,43,Right Leg Reverse Lunge,550,550,1.0513899326324463,1.168584942817688,1.7179962396621704,0.08577175438404083,0.09898410737514496,0.07539556920528412,0.021271314471960068,
312,44,Kneeling Left Knee Lift,550,550,0.9403699636459351,1.59641695022583,1.6866793632507324,0.24608226120471954,0.28183114528656006,0.08454139530658722,0.03275877237319946,
313,44,Kneeling Left Knee Lift,550,550,0.8680000305175781,1.5701260566711426,1.7074806690216064,0.22271960973739624,0.2581103444099426,0.07823086529970169,0.03738744556903839,
314,44,Kneeling Left Knee Lift,550,550,0.9955999851226807,1.4762790203094482,1.7129924297332764,0.2503761947154999,0.28309035301208496,0.08560913801193237,0.03308778256177902,
315,45,Alternate Reverse Lunge,550,550,0.9854300022125244,1.198965072631836,1.6961627006530762,0.0861959159374237,0.10069288313388824,0.07880610972642899,0.019741471856832504,
316,45,Alternate Reverse Lunge,550,550,0.9787700176239014,1.164086103439331,1.712156891822815,0.08684263378381729,0.09821786731481552,0.07854774594306946,0.02267073281109333,
317,45,Alternate Reverse Lunge,550,550,0.9855599999427795,1.147718906402588,1.6997630596160889,0.08629590272903442,0.09818367660045624,0.08060508966445923,0.021872006356716156,
318,46,Side-lying Right Leg Backward Kick,550,550,1.2594199180603027,2.012308120727539,1.707310676574707,0.1846306174993515,0.29969868063926697,0.0908995047211647,0.0789777860045433,
319,46,Side-lying Right Leg Backward Kick,550,550,1.2425999641418457,1.988771915435791,1.7549008131027222,0.1792312115430832,0.25351181626319885,0.09027841687202454,0.07482631504535675,
320,46,Side-lying Right Leg Backward Kick,550,550,1.264509916305542,1.9387540817260742,1.7428357601165771,0.1675366461277008,0.24284996092319489,0.08892790973186493,0.08362887799739838,
321,47,Left Leg Lunge With Knee Lift,550,550,1.343559980392456,1.5217570066452026,1.702576994895935,0.08840224891901016,0.12186931818723679,0.0699131041765213,0.01869925856590271,
322,47,Left Leg Lunge With Knee Lift,550,550,1.327929973602295,1.4697749614715576,1.69545578956604,0.08414364606142044,0.12042167782783508,0.0683395117521286,0.020361850038170815,
323,47,Left Leg Lunge With Knee Lift,550,550,1.2757999897003174,1.4940860271453857,1.6905136108398438,0.0839041993021965,0.11714494228363037,0.06794700026512146,0.02080058865249157,
324,48,Sumo Squat,550,550,1.2083699703216553,0.6902740001678467,1.718116044998169,0.10125083476305008,0.12691734731197357,0.08144208788871765,0.01446492224931717,
325,48,Sumo Squat,550,550,1.0114099979400635,0.7594500184059143,1.6974481344223022,0.09931127727031708,0.12327881902456284,0.07899356633424759,0.014671877026557922,
326,48,Sumo Squat,550,550,1.038159966468811,0.6982389688491821,1.716793417930603,0.10106763988733292,0.12265773862600327,0.0840681865811348,0.014118023216724396,
327,49,Straight Leg Calf Raise,550,550,0.9684000015258789,0.3435640037059784,1.7094299793243408,0.08573143929243088,0.10100829601287842,0.08358017355203629,0.0009790846379473805,
328,49,Straight Leg Calf Raise,550,523,0.9984699487686157,0.5236159563064575,1.7175744771957397,0.08868186920881271,0.09883467853069305,0.08346591889858246,0.0029618521220982075,
329,49,Straight Leg Calf Raise,550,550,0.8983100056648254,0.5078060030937195,1.712841510772705,0.08847369253635406,0.0985795110464096,0.0845661610364914,0.0025301293935626745,
330,50,Squat Jump,550,550,1.3975200653076172,1.1817030906677246,1.7983514070510864,0.11262829601764679,0.15508556365966797,0.08235148340463638,0.024848071858286858,
331,50,Squat Jump,550,550,1.612720012664795,1.1841470003128052,1.7885444164276123,0.11785738915205002,0.15476074814796448,0.08306825906038284,0.028114017099142075,
332,50,Squat Jump,550,550,1.4163799285888672,1.2482069730758667,1.7934279441833496,0.11601249128580093,0.15009889006614685,0.08766493201255798,0.028156915679574013,
333,51,Squat With Alternate Knee Lift,550,550,1.419010043144226,0.8158249855041504,1.707203984260559,0.08694033324718475,0.1277114301919937,0.07326845824718475,0.018150752410292625,
334,51,Squat With Alternate Knee Lift,550,550,1.0541000366210938,0.7494670152664185,1.72951340675354,0.08804147690534592,0.11925096809864044,0.07440686970949173,0.021801773458719254,
335,51,Squat With Alternate Knee Lift,550,550,1.0076199769973755,0.7997790575027466,1.7423250675201416,0.09297901391983032,0.11925520747900009,0.07780847698450089,0.02271266281604767,
336,52,Standing Alternate Butt Kick,550,550,1.0728099346160889,0.8565189838409424,1.6451736688613892,0.080898717045784,0.09542997926473618,0.067884162068367,0.00801721028983593,
337,52,Standing Alternate Butt Kick,550,550,1.0629299879074097,0.9336450099945068,1.652889609336853,0.08376223593950272,0.09190647304058075,0.07253298163414001,0.008348305709660053,
338,52,Standing Alternate Butt Kick,550,550,0.9932500123977661,0.9503260254859924,1.6512160301208496,0.08262954652309418,0.09371938556432724,0.06695818901062012,0.0070769572630524635,
339,53,Knee Warm-up,550,550,0.8240300416946411,0.6678290367126465,1.6906358003616333,0.07617933303117752,0.0948060005903244,0.06774529069662094,0.006344171706587076,
340,53,Knee Warm-up,550,550,0.7958700060844421,0.7525950074195862,1.708489179611206,0.07863303273916245,0.09883072227239609,0.06747698783874512,0.0068182810209691525,
341,53,Knee Warm-up,550,550,0.8222500085830688,0.7001410126686096,1.7187942266464233,0.07734832912683487,0.09509175270795822,0.06610807776451111,0.006373851094394922,
342,54,Butt Kicks,550,512,1.2957299947738647,0.8689169883728027,1.7784943580627441,0.08132493495941162,0.11475411802530289,0.05947815626859665,0.011577857658267021,
343,54,Butt Kicks,550,520,1.336400032043457,1.281054973602295,1.7937932014465332,0.09366638213396072,0.1410321444272995,0.05924111232161522,0.02278418466448784,
344,54,Butt Kicks,550,511,1.3410699367523193,1.3820929527282715,1.8058452606201172,0.09465447813272476,0.16381555795669556,0.06051834672689438,0.02349664829671383,
345,55,Jump Left and Right,550,550,1.2257000207901,0.8415030241012573,1.7962154150009155,0.10572962462902069,0.1414523720741272,0.08372185379266739,0.012266281992197037,
346,55,Jump Left and Right,550,474,0.9891699552536011,0.7566609382629395,1.814286231994629,0.10341212898492813,0.12777480483055115,0.08852020651102066,0.012165498919785023,
347,55,Jump Left and Right,550,489,0.9660099744796753,0.8090179562568665,1.8077892065048218,0.10315429419279099,0.126084566116333,0.08780678361654282,0.011929245665669441,
348,56,Jumping Jacks,550,473,1.816789984703064,0.7845029830932617,2.276256561279297,0.16968558728694916,0.29941198229789734,0.08009684085845947,0.04085036739706993,
349,56,Jumping Jacks,550,466,1.9105700254440308,0.7106999754905701,2.3223419189453125,0.16185534000396729,0.2709343433380127,0.08036090433597565,0.040878795087337494,
350,56,Jumping Jacks,550,452,1.8581600189208984,0.7732449769973755,2.318135976791382,0.16885416209697723,0.285175085067749,0.08349911123514175,0.04438555985689163,
351,57,High Knee,550,474,0.970550000667572,1.5171480178833008,1.804675579071045,0.11297867447137833,0.19964353740215302,0.08142046630382538,0.033737219870090485,
352,57,High Knee,550,530,0.9754599928855896,1.2966530323028564,1.8123364448547363,0.10280446708202362,0.14976955950260162,0.07694227248430252,0.026233302429318428,
353,57,High Knee,550,449,1.0571800470352173,1.1361069679260254,1.8075146675109863,0.09137558937072754,0.11802079528570175,0.07587571442127228,0.016941118985414505,
354,58,Clap Jacks,550,550,1.9230799674987793,1.561176061630249,1.8364663124084473,0.1558927744626999,0.20055794715881348,0.09531565010547638,0.033215925097465515,
355,58,Clap Jacks,550,477,1.9210400581359863,1.2518810033798218,1.9548709392547607,0.1629985123872757,0.2234697788953781,0.09300034493207932,0.035229820758104324,
356,58,Clap Jacks,550,527,1.9035300016403198,1.3955119848251343,1.8858766555786133,0.15528957545757294,0.19736862182617188,0.09865010529756546,0.03361669182777405,
357,59,Run In Place With Arm Swing,550,451,0.9020199775695801,0.8041009902954102,1.7279350757598877,0.09477780014276505,0.10320433229207993,0.08569149672985077,0.006114597897976637,
358,59,Run In Place With Arm Swing,550,440,0.9408400058746338,0.8743849992752075,1.7611756324768066,0.08940861374139786,0.0972142219543457,0.07924678176641464,0.0072499290108680725,
359,59,Run In Place With Arm Swing,550,464,0.9305000305175781,0.9302630424499512,1.7083098888397217,0.08819980919361115,0.09809504449367523,0.08046106994152069,0.0068581923842430115,
360,0,Svend Press,550,550,1.3227200508117676,1.0110390186309814,1.6628265380859375,0.11937525123357773,0.14561296999454498,0.07823280990123749,0.02111775428056717,
361,0,Svend Press,550,550,1.3157800436019897,1.013227939605713,1.6737284660339355,0.1214367151260376,0.15091337263584137,0.08181627839803696,0.02210245467722416,
362,0,Svend Press,550,550,1.251039981842041,1.0065630674362183,1.6642553806304932,0.12018182873725891,0.14772793650627136,0.0812530517578125,0.022004740312695503,
363,1,Kneeling Push-ups,550,550,1.223289966583252,1.6211389303207397,1.6983953714370728,0.33639562129974365,0.43445560336112976,0.08986767381429672,0.0424722395837307,
364,1,Kneeling Push-ups,550,550,1.0043799877166748,1.6437690258026123,1.6919209957122803,0.31374678015708923,0.4093421697616577,0.08358537405729294,0.044178467243909836,
365,1,Kneeling Push-ups,550,550,1.029520034790039,1.6599321365356445,1.6845182180404663,0.3379689157009125,0.4290238320827484,0.09309770911931992,0.05019950121641159,
366,2,Standing Straight-arm Chest Press With Resistance Band,550,550,1.7659900188446045,0.9837689995765686,1.6416597366333008,0.1596263200044632,0.1939050704240799,0.09584591537714005,0.02002670429646969,
367,2,Standing Straight-arm Chest Press With Resistance Band,550,550,1.7553000450134277,0.9298269748687744,1.6282016038894653,0.1602817177772522,0.18841412663459778,0.11619283258914948,0.018669720739126205,
368,2,Standing Straight-arm Chest Press With Resistance Band,550,550,1.7588798999786377,0.8733109831809998,1.629385232925415,0.15904587507247925,0.18677760660648346,0.12181158363819122,0.018186364322900772,
369,3,Small Dumbbell Floor Flies,550,550,1.80964994430542,1.9844770431518555,1.7338039875030518,0.1956329196691513,0.3284761607646942,0.09330844134092331,0.06325455009937286,
370,3,Small Dumbbell Floor Flies,550,550,1.7958900928497314,1.8155860900878906,1.7419772148132324,0.20449517667293549,0.2909386456012726,0.0918094664812088,0.06058195233345032,
371,3,Small Dumbbell Floor Flies,550,550,1.8057200908660889,1.8957619667053223,1.7555530071258545,0.20525206625461578,0.32754889130592346,0.09555257111787796,0.06473304331302643,
372,4,Chest Fly,550,550,1.0998300313949585,1.0447380542755127,2.0750226974487305,0.14849543571472168,0.16426981985569,0.10396143794059753,0.03226300701498985,
373,4,Chest Fly,550,550,1.1044199466705322,1.0430810451507568,2.1028528213500977,0.14578483998775482,0.16969746351242065,0.10185917466878891,0.030634654685854912,
374,4,Chest Fly,550,550,1.2101900577545166,1.092505931854248,2.0797436237335205,0.1470136046409607,0.17090405523777008,0.09215693920850754,0.031398944556713104,
375,5,Push-ups,550,443,1.2753700017929077,1.5865399837493896,1.7432785034179688,0.2735636830329895,0.3917783796787262,0.09309335798025131,0.07240718603134155,
376,5,Push-ups,550,471,1.2321300506591797,1.5855739116668701,1.7571582794189453,0.24473056197166443,0.3456850051879883,0.0865371972322464,0.06827083975076675,
377,5,Push-ups,550,499,1.1860699653625488,1.6137359142303467,1.7252631187438965,0.26244983077049255,0.3611019253730774,0.0895116776227951,0.05915446579456329,
378,6,Bent-over W-shape Stretch,550,550,1.5408799648284912,0.6208059787750244,1.6373403072357178,0.10920166224241257,0.14220112562179565,0.07441895455121994,0.012025952339172363,
379,6,Bent-over W-shape Stretch,550,550,1.523800015449524,0.5641120076179504,1.646022081375122,0.10742227733135223,0.14285552501678467,0.07494419813156128,0.012886387296020985,
380,6,Bent-over W-shape Stretch,550,550,1.4826099872589111,0.612060010433197,1.647826910018921,0.10835421085357666,0.14266052842140198,0.07790127396583557,0.01216597855091095,
381,7,Bent-over Y-shape Stretch,550,550,1.243649959564209,1.0884929895401,1.791285753250122,0.12399177998304367,0.17291533946990967,0.0814213901758194,0.02679271064698696,
382,7,Bent-over Y-shape Stretch,550,550,1.0952500104904175,1.044538974761963,1.8315603733062744,0.11977695673704147,0.16678890585899353,0.08225014805793762,0.027428096160292625,
383,7,Bent-over Y-shape Stretch,550,550,1.157729983329773,1.030089020729065,1.7809932231903076,0.12045980244874954,0.17252865433692932,0.08153002709150314,0.026394329965114594,
384,8,Bent-over A-shape Stretch,550,550,1.1619799137115479,1.0492370128631592,1.638437032699585,0.09273871779441833,0.11054868251085281,0.08309915661811829,0.013693638145923615,
385,8,Bent-over A-shape Stretch,550,550,0.9222099781036377,1.0417430400848389,1.6344401836395264,0.08996216952800751,0.0988781526684761,0.08039342612028122,0.013652235269546509,
386,8,Bent-over A-shape Stretch,550,550,0.9260600209236145,1.0360699892044067,1.6429047584533691,0.09111857414245605,0.10060644894838333,0.08313824981451035,0.011723565869033337,
387,9,Squat With Arm Lift,550,550,1.6858201026916504,0.6988709568977356,1.7028034925460815,0.1464383453130722,0.16943563520908356,0.09538242220878601,0.044059693813323975,
388,9,Squat With Arm Lift,550,550,1.6103999614715576,0.6907930374145508,1.7244466543197632,0.14460527896881104,0.16448578238487244,0.10542549192905426,0.0471893735229969,
389,9,Squat With Arm Lift,550,550,1.5911699533462524,0.7243170142173767,1.7133245468139648,0.1441136598587036,0.16344183683395386,0.09602401405572891,0.04805875942111015,
390,10,Breaststroke Arm Pull,550,550,1.793220043182373,2.284126043319702,1.7106950283050537,0.4169808626174927,0.625596821308136,0.09512759745121002,0.07468625158071518,
391,10,Breaststroke Arm Pull,550,550,1.7900500297546387,2.291987895965576,1.7213926315307617,0.4665681719779968,0.6807993054389954,0.09519745409488678,0.07618363201618195,
392,10,Breaststroke Arm Pull,550,550,1.7991299629211426,2.2873990535736084,1.7005726099014282,0.47250238060951233,0.685060441493988,0.10426591336727142,0.0785490944981575,
393,11,Prone Y-shape Stretch,550,550,1.227720022201538,2.288686990737915,1.7237498760223389,0.47144776582717896,0.5894714593887329,0.0915965810418129,0.06290226429700851,
394,11,Prone Y-shape Stretch,550,550,1.291100025177002,2.248432159423828,1.7033472061157227,0.48668500781059265,0.609739363193512,0.10381903499364853,0.07118983566761017,
395,11,Prone Y-shape Stretch,550,550,1.1051599979400635,2.3034539222717285,1.7562906742095947,0.3938038647174835,0.619149386882782,0.08506283909082413,0.11540251225233078,
396,12,Lateral Raise Forward Circles,550,550,1.7876598834991455,0.7233150005340576,1.891582727432251,0.18456725776195526,0.2218187153339386,0.10404684394598007,0.010592062026262283,
397,12,Lateral Raise Forward Circles,550,468,1.7970099449157715,0.9405620098114014,1.8876771926879883,0.16432328522205353,0.22231987118721008,0.08608458191156387,0.017500171437859535,
398,12,Lateral Raise Forward Circles,550,510,1.8010900020599365,0.8955180048942566,1.9059176445007324,0.1618681699037552,0.2234511375427246,0.08493289351463318,0.019787536934018135,
399,13,Lateral Raise Backward Circles,550,425,1.7882599830627441,0.8334009647369385,1.9220104217529297,0.17654575407505035,0.2269444763660431,0.0966554507613182,0.015031468123197556,
400,13,Lateral Raise Backward Circles,550,458,1.8092999458312988,0.6902279853820801,1.9977891445159912,0.18287232518196106,0.23116075992584229,0.10013093799352646,0.01622139848768711,
401,13,Lateral Raise Backward Circles,550,432,1.8167799711227417,0.8336229920387268,2.002955913543701,0.17883412539958954,0.23351193964481354,0.09596984833478928,0.018465517088770866,
402,14,Lying Shoulder Joint Upward Round,550,550,1.8144500255584717,2.34816312789917,1.7263704538345337,0.2230978161096573,0.3070078194141388,0.09175915271043777,0.07667647302150726,
403,14,Lying Shoulder Joint Upward Round,550,550,1.8175899982452393,2.2559561729431152,1.7609426975250244,0.21522437036037445,0.28515201807022095,0.10359520465135574,0.07970884442329407,
404,14,Lying Shoulder Joint Upward Round,550,550,1.8189200162887573,2.291121006011963,1.78074049949646,0.23654863238334656,0.33081257343292236,0.09219181537628174,0.08039772510528564,
405,15,Lying Shoulder Joint Downward Round,550,550,1.8010799884796143,2.346924066543579,1.730367660522461,0.2274959534406662,0.309413343667984,0.09553258121013641,0.07861258834600449,
406,15,Lying Shoulder Joint Downward Round,550,550,1.8134300708770752,2.5002031326293945,1.7712056636810303,0.2391335815191269,0.36446231603622437,0.09645213931798935,0.08336926251649857,
407,15,Lying Shoulder Joint Downward Round,550,550,1.8230600357055664,2.320754051208496,1.7602598667144775,0.23888841271400452,0.3543773889541626,0.09181683510541916,0.08119745552539825,
408,16,Bare-handed Full Lateral Raise,550,550,1.8237099647521973,0.4260520040988922,2.1768949031829834,0.17735354602336884,0.24272021651268005,0.08605127781629562,0.038333747535943985,
409,16,Bare-handed Full Lateral Raise,550,550,1.8348500728607178,0.3458079993724823,2.1945385932922363,0.16979897022247314,0.23962822556495667,0.08329414576292038,0.038172632455825806,
410,16,Bare-handed Full Lateral Raise,550,550,1.8259499073028564,0.3752630054950714,2.184028148651123,0.16451522707939148,0.23460286855697632,0.08374188840389252,0.036869246512651443,
411,17,Bare-handed Cuban Press,550,550,1.3492000102996826,0.5552390217781067,2.200286626815796,0.15781688690185547,0.24034158885478973,0.08255943655967712,0.029250388965010643,
412,17,Bare-handed Cuban Press,550,550,1.208299994468689,0.576403021812439,2.179306745529175,0.14960730075836182,0.2300349920988083,0.08316952735185623,0.02830500341951847,
413,17,Bare-handed Cuban Press,550,550,1.3738200664520264,0.5978389978408813,2.188180685043335,0.15551890432834625,0.23150166869163513,0.08248361945152283,0.028451070189476013,
414,18,Fortune Cat,550,550,1.637470006942749,0.608646035194397,1.8744773864746094,0.15370167791843414,0.1907452642917633,0.11000315099954605,0.01069998275488615,
415,18,Fortune Cat,550,550,1.4788600206375122,0.5931299924850464,1.8883943557739258,0.15608228743076324,0.19227717816829681,0.10795706510543823,0.010915666818618774,
416,18,Fortune Cat,550,550,1.4708800315856934,0.5946049690246582,1.9009792804718018,0.155403271317482,0.1913883239030838,0.11805485934019089,0.011718317866325378,
417,19,Dumbbell Curls,550,550,1.3535199165344238,0.7747689485549927,1.644555926322937,0.10999798029661179,0.1768939197063446,0.08858559280633926,0.021609092131257057,
418,19,Dumbbell Curls,550,550,1.2615900039672852,0.7482720017433167,1.6415917873382568,0.10848202556371689,0.16346289217472076,0.07957813888788223,0.021500946953892708,
419,19,Dumbbell Curls,550,550,1.3275799751281738,0.8025569915771484,1.6392931938171387,0.10882797092199326,0.18116644024848938,0.08205685019493103,0.022020280361175537,
420,20,Alternate Dumbbell Curls,550,550,1.3237899541854858,1.0531679391860962,1.6701533794403076,0.1073666587471962,0.26187971234321594,0.08647430688142776,0.023646175861358643,
421,20,Alternate Dumbbell Curls,550,550,1.1411499977111816,0.8894220590591431,1.6723973751068115,0.1012474074959755,0.17413918673992157,0.08193854987621307,0.018835056573152542,
422,20,Alternate Dumbbell Curls,550,550,0.9922000169754028,0.8569520115852356,1.6429381370544434,0.10116004198789597,0.16775526106357574,0.08027628809213638,0.01954660564661026,
423,21,Right-side Kettlebell Bent-over Row,550,542,1.1087300777435303,1.1975690126419067,1.7038408517837524,0.11457046866416931,0.17017114162445068,0.0849156379699707,0.017881806939840317,
424,21,Right-side Kettlebell Bent-over Row,550,537,1.0550199747085571,1.305130958557129,1.706444263458252,0.11330161243677139,0.15879081189632416,0.08935055136680603,0.01694171503186226,
425,21,Right-side Kettlebell Bent-over Row,550,519,1.1877700090408325,1.3502639532089233,1.6471225023269653,0.10617583245038986,0.14659130573272705,0.0893629714846611,0.016368485987186432,
426,22,Wrist Joint Warm-up,550,407,1.1330499649047852,0.4461379647254944,1.629750370979309,0.10683415085077286,0.11402445286512375,0.08320298045873642,0.010373132303357124,
427,22,Wrist Joint Warm-up,550,406,1.1126400232315063,0.4763450026512146,1.6149190664291382,0.1070677638053894,0.11627039313316345,0.08378956466913223,0.009888903237879276,
428,22,Wrist Joint Warm-up,550,411,1.2080199718475342,0.4831569790840149,1.619537353515625,0.1078929454088211,0.11426319181919098,0.08870495110750198,0.009629577398300171,
429,23,Right-side Bent-over Tricep Extension With Resistance Band,550,550,1.4875600337982178,0.9337069988250732,1.6239635944366455,0.08658218383789062,0.1342168003320694,0.06945272535085678,0.010636641643941402,
430,23,Right-side Bent-over Tricep Extension With Resistance Band,550,542,1.2346899509429932,0.9448800086975098,1.6385838985443115,0.08754177391529083,0.11575569212436676,0.07128142565488815,0.010123951360583305,
431,23,Right-side Bent-over Tricep Extension With Resistance Band,550,483,1.2938599586486816,0.8757910132408142,1.6359477043151855,0.08587831258773804,0.11867225915193558,0.07075309753417969,0.009137009270489216,
432,24,Bent-over Dumbbell Tricep Extension,550,550,1.2443900108337402,1.0688279867172241,1.6470866203308105,0.09046496450901031,0.1891629993915558,0.07640833407640457,0.017230013385415077,
433,24,Bent-over Dumbbell Tricep Extension,550,550,0.8928999900817871,1.0652589797973633,1.6487396955490112,0.09277189522981644,0.16543513536453247,0.07724974304437637,0.01921822503209114,
434,24,Bent-over Dumbbell Tricep Extension,550,550,0.9135400056838989,1.0565540790557861,1.6623998880386353,0.09590108692646027,0.17058441042900085,0.07816163450479507,0.021125230938196182,
435,25,Nod And Raise Head,550,550,1.2010999917984009,0.43466299772262573,1.7581207752227783,0.10947751998901367,0.13089843094348907,0.09786773473024368,0.010674246586859226,
436,25,Nod And Raise Head,550,550,1.196370005607605,0.4580950140953064,1.7620410919189453,0.11105267703533173,0.12019310146570206,0.10861688107252121,0.003952440340071917,
437,25,Nod And Raise Head,550,550,1.243589997291565,0.5450519919395447,1.749908685684204,0.11178712546825409,0.11740309745073318,0.10712704062461853,0.004186227452009916,
438,26,Two-way Head Turn,550,550,1.2623599767684937,0.2820189893245697,1.6315603256225586,0.08921932429075241,0.11490098387002945,0.08511892706155777,0.0013209434691816568,
439,26,Two-way Head Turn,550,550,1.3148900270462036,0.27864599227905273,1.6258728504180908,0.08852206915616989,0.12044908106327057,0.08448172360658646,0.0015135162975639105,
440,26,Two-way Head Turn,550,550,1.3337500095367432,0.2887069880962372,1.6203150749206543,0.08829084038734436,0.12172865867614746,0.08470753580331802,0.0013152856845408678,
441,27,Shrug And Sink The Shoulders,550,550,1.3627699613571167,0.3486790060997009,1.6357498168945312,0.08781756460666656,0.12370822578668594,0.08403034508228302,0.0013911818386986852,
442,27,Shrug And Sink The Shoulders,550,530,1.3088500499725342,0.3650659918785095,1.6304621696472168,0.09060942381620407,0.11943744868040085,0.08378150314092636,0.00246978341601789,
443,27,Shrug And Sink The Shoulders,550,474,1.3052599430084229,0.29961299896240234,1.6329160928726196,0.09101881831884384,0.1206737533211708,0.08402584493160248,0.0023885942064225674,
444,28,Four-way Nod Head,550,550,1.2484700679779053,0.2724519968032837,1.62803053855896,0.11172070354223251,0.11525429785251617,0.10783226042985916,0.00022996407642494887,
445,28,Four-way Nod Head,550,550,1.0735499858856201,0.2578499913215637,1.622567892074585,0.10154236108064651,0.10500086098909378,0.0989001914858818,0.00019911504932679236,
446,28,Four-way Nod Head,550,550,1.3050200939178467,0.2895600199699402,1.6235038042068481,0.0923750028014183,0.1191796213388443,0.08592122793197632,0.0008208432700484991,
447,29,Lying Alternate Upper-half Leg Raise,550,550,1.330530047416687,1.8588529825210571,1.7637975215911865,0.21905669569969177,0.36497172713279724,0.0894380733370781,0.06803922355175018,
448,29,Lying Alternate Upper-half Leg Raise,550,550,1.215709924697876,1.9812719821929932,1.7215027809143066,0.19373996555805206,0.36378782987594604,0.08992808312177658,0.08893220871686935,
449,29,Lying Alternate Upper-half Leg Raise,550,550,1.1859300136566162,1.7550339698791504,1.7427194118499756,0.2050519734621048,0.3541717231273651,0.08878897875547409,0.08292555809020996,
450,30,Half Roll Back,550,550,1.0545399188995361,1.4972230195999146,1.7300019264221191,0.17569993436336517,0.2700759768486023,0.08796770870685577,0.03314616158604622,
451,30,Half Roll Back,550,550,1.197930097579956,1.471632957458496,1.7523672580718994,0.19408361613750458,0.282794326543808,0.09094955027103424,0.039276134222745895,
452,30,Half Roll Back,550,550,0.9872199892997742,1.42946195602417,1.7714425325393677,0.21223551034927368,0.27835774421691895,0.09276803582906723,0.042279407382011414,
453,31,Kneeling Right-side Torso Twist,550,550,1.1529500484466553,1.357246994972229,1.6982426643371582,0.17787319421768188,0.2402161955833435,0.08195921033620834,0.02853577584028244,
454,31,Kneeling Right-side Torso Twist,550,550,1.0140299797058105,1.2932589054107666,1.6990829706192017,0.1696890890598297,0.2207517772912979,0.0834837555885315,0.026053911074995995,
455,31,Kneeling Right-side Torso Twist,550,550,0.8259699940681458,1.289099931716919,1.7042410373687744,0.16395577788352966,0.2095322161912918,0.08342350274324417,0.023364953696727753,
456,32,Left-side Knee Raise And Abdominal Muscles Contract,550,492,1.3638200759887695,0.7608000040054321,2.1682281494140625,0.12332607805728912,0.16469500958919525,0.0876508504152298,0.022235605865716934,
457,32,Left-side Knee Raise And Abdominal Muscles Contract,550,446,1.3112599849700928,0.8195440173149109,2.185666561126709,0.11864333599805832,0.15759983658790588,0.0850907489657402,0.02171987108886242,
458,32,Left-side Knee Raise And Abdominal Muscles Contract,550,442,1.2463500499725342,0.8666729927062988,2.1545157432556152,0.12106139957904816,0.15972639620304108,0.08476974070072174,0.02193179726600647,
459,33,Kneeling Right Leg Backward Stretch,550,550,1.1782300472259521,1.5622589588165283,1.7161312103271484,0.21953076124191284,0.24540077149868011,0.09057286381721497,0.0321178063750267,
460,33,Kneeling Right Leg Backward Stretch,550,550,1.0970499515533447,1.6197110414505005,1.717751145362854,0.23798134922981262,0.2606496214866638,0.09499792009592056,0.026463426649570465,
461,33,Kneeling Right Leg Backward Stretch,550,550,1.0837899446487427,1.5892759561538696,1.75545334815979,0.2209346741437912,0.24707679450511932,0.09122671186923981,0.030820094048976898,
462,34,Kneeling Right Arm Raise,550,550,1.2340799570083618,1.8096020221710205,1.7229454517364502,0.22299207746982574,0.2596590518951416,0.09252966940402985,0.03192809596657753,
463,34,Kneeling Right Arm Raise,550,550,1.0963499546051025,1.7719670534133911,1.7113442420959473,0.20098111033439636,0.23467908799648285,0.08054141700267792,0.034938324242830276,
464,34,Kneeling Right Arm Raise,550,550,1.1617900133132935,1.7788499593734741,1.7079460620880127,0.21632780134677887,0.2565193772315979,0.08990374207496643,0.03498971089720726,
465,35,Shoulder Bridge,550,550,1.177220106124878,1.9462299346923828,1.765434980392456,0.22436951100826263,0.34127700328826904,0.08908489346504211,0.06391971558332443,
466,35,Shoulder Bridge,550,550,1.349639892578125,1.8636140823364258,1.7370719909667969,0.20237329602241516,0.3075292706489563,0.09024844318628311,0.0738709345459938,
467,35,Shoulder Bridge,550,550,1.094710111618042,1.9510029554367065,1.7457966804504395,0.1984868347644806,0.3260471224784851,0.09321802854537964,0.06719901412725449,
468,36,Prone Press-ups,550,550,1.1334800720214844,2.1036219596862793,1.729069709777832,0.2912878692150116,0.4361342489719391,0.07923249900341034,0.05247519910335541,
469,36,Prone Press-ups,550,550,1.1005499362945557,2.2150790691375732,1.71321702003479,0.29415205121040344,0.43428847193717957,0.0856146514415741,0.07153327763080597,
470,36,Prone Press-ups,550,550,1.011620044708252,2.2203240394592285,1.7011997699737549,0.2829201817512512,0.41122180223464966,0.0840723067522049,0.08348152786493301,
471,37,Bent-over Torso Rotation,550,550,1.2807300090789795,0.8069210052490234,1.641185998916626,0.0799463540315628,0.11723653227090836,0.07503724098205566,0.006115819793194532,
472,37,Bent-over Torso Rotation,550,550,1.1303999423980713,0.7806079983711243,1.6458152532577515,0.0790167897939682,0.10708854347467422,0.07179799675941467,0.004881932865828276,
473,37,Bent-over Torso Rotation,550,550,1.0451099872589111,0.7939629554748535,1.6481847763061523,0.08331755548715591,0.104305200278759,0.07846765965223312,0.005079625640064478,
474,38,Lying Arm Pull,550,550,1.4663000106811523,2.2651820182800293,1.739302396774292,0.2177509069442749,0.2651512324810028,0.09348667412996292,0.08138011395931244,
475,38,Lying Arm Pull,550,550,1.169350028038025,2.3640079498291016,1.7356469631195068,0.23180578649044037,0.30114755034446716,0.09202984720468521,0.07600751519203186,
476,38,Lying Arm Pull,550,550,1.1190400123596191,2.3885879516601562,1.7576199769973755,0.23215678334236145,0.3108135163784027,0.09267065674066544,0.07927541434764862,
477,39,Prone Press Up With Torso Rotation,550,550,1.188730001449585,1.880568027496338,1.7479712963104248,0.3979168236255646,0.5265278816223145,0.0893697664141655,0.07580217719078064,
478,39,Prone Press Up With Torso Rotation,550,550,1.2442500591278076,1.8674770593643188,1.6994562149047852,0.3315179944038391,0.41687270998954773,0.0883375033736229,0.05318843945860863,
479,39,Prone Press Up With Torso Rotation,550,550,1.0579099655151367,1.879019021987915,1.72174072265625,0.38180264830589294,0.4774899184703827,0.09213979542255402,0.05138576030731201,
480,40,Breaststroke Push-ups,550,550,1.2511799335479736,2.2946629524230957,1.693811297416687,0.4931221008300781,0.6857202649116516,0.10188665241003036,0.07703027874231339,
481,40,Breaststroke Push-ups,550,550,1.1112499237060547,2.300096035003662,1.7265558242797852,0.45565512776374817,0.6194716095924377,0.09417136013507843,0.06663207709789276,
482,40,Breaststroke Push-ups,550,550,1.2153500318527222,2.292222023010254,1.7592720985412598,0.44347822666168213,0.6203342080116272,0.09560010582208633,0.07574788480997086,
483,41,Sit-ups,550,550,1.1215499639511108,2.3801839351654053,1.7549070119857788,0.197787806391716,0.28484129905700684,0.08906400203704834,0.07996121048927307,
484,41,Sit-ups,550,550,1.1335099935531616,2.373126983642578,1.778083086013794,0.23701274394989014,0.37393614649772644,0.0932919979095459,0.0890566036105156,
485,41,Sit-ups,550,550,1.1023399829864502,2.342958927154541,1.790095329284668,0.21032662689685822,0.3138328492641449,0.0871313065290451,0.08543393760919571,
486,42,Side-lying Left Leg Forward Raise,550,550,1.2940599918365479,1.9745581150054932,1.7662073373794556,0.24894747138023376,0.331923246383667,0.10146255791187286,0.0761277973651886,
487,42,Side-lying Left Leg Forward Raise,550,550,1.174239993095398,1.9467350244522095,1.792323112487793,0.2770002484321594,0.3522489666938782,0.10075783729553223,0.055584222078323364,
488,42,Side-lying Left Leg Forward Raise,550,550,1.1150500774383545,1.962218999862671,1.8217133283615112,0.2578648030757904,0.32862311601638794,0.09656190872192383,0.05605852231383324,
489,43,Right Leg Reverse Lunge,550,550,1.1934000253677368,1.241231918334961,1.7258045673370361,0.08628920465707779,0.11104956269264221,0.07503450661897659,0.018097463995218277,
490,43,Right Leg Reverse Lunge,550,550,1.0857999324798584,1.1237030029296875,1.7645431756973267,0.08557576686143875,0.10605493187904358,0.07459772378206253,0.019810743629932404,
491,43,Right Leg Reverse Lunge,550,550,1.217360019683838,1.2106060981750488,1.7162446975708008,0.08443519473075867,0.11319119483232498,0.07260037958621979,0.01952456496655941,
492,44,Kneeling Left Knee Lift,550,550,1.3177900314331055,1.6318120956420898,1.695222020149231,0.27570250630378723,0.30642032623291016,0.09354361891746521,0.03322635591030121,
493,44,Kneeling Left Knee Lift,550,550,1.1488800048828125,1.407971978187561,1.7135167121887207,0.23931057751178741,0.26821625232696533,0.09147078543901443,0.030911117792129517,
494,44,Kneeling Left Knee Lift,550,550,1.1079599857330322,1.3994250297546387,1.7062933444976807,0.24833367764949799,0.28556931018829346,0.08860088139772415,0.03511224687099457,
495,45,Alternate Reverse Lunge,550,550,1.2079799175262451,1.2062599658966064,1.7023041248321533,0.08766204863786697,0.11338741332292557,0.07265017926692963,0.021530097350478172,
496,45,Alternate Reverse Lunge,550,550,1.1010000705718994,1.1969399452209473,1.6983119249343872,0.08883567154407501,0.10726464539766312,0.07716459035873413,0.021632816642522812,
497,45,Alternate Reverse Lunge,550,550,1.2356700897216797,1.1641039848327637,1.6886305809020996,0.0841650664806366,0.11766448616981506,0.0768125131726265,0.02073051780462265,
498,46,Side-lying Right Leg Backward Kick,550,550,1.4692699909210205,1.9847290515899658,1.7630584239959717,0.20366543531417847,0.24921083450317383,0.0929306373000145,0.05549502745270729,
499,46,Side-lying Right Leg Backward Kick,550,550,1.2836499214172363,2.0134291648864746,1.7922940254211426,0.20566439628601074,0.29773426055908203,0.10044959932565689,0.07051713764667511,
500,46,Side-lying Right Leg Backward Kick,550,550,1.3086199760437012,1.8460490703582764,1.7986983060836792,0.1833684891462326,0.2680612802505493,0.09309966117143631,0.07060191035270691,
501,47,Left Leg Lunge With Knee Lift,550,550,1.2575299739837646,1.3660529851913452,1.7035701274871826,0.08441458642482758,0.117055244743824,0.068589948117733,0.013625678606331348,
502,47,Left Leg Lunge With Knee Lift,550,550,1.2909899950027466,1.3307509422302246,1.7085837125778198,0.09435129910707474,0.11484117805957794,0.07679548114538193,0.013731405138969421,
503,47,Left Leg Lunge With Knee Lift,550,550,1.3535499572753906,1.373682975769043,1.7194360494613647,0.08525002747774124,0.12315493077039719,0.06773161888122559,0.015367104671895504,
504,48,Sumo Squat,550,550,1.1907899379730225,0.5749509930610657,1.6959506273269653,0.09609835594892502,0.11276021599769592,0.0813918262720108,0.015978485345840454,
505,48,Sumo Squat,550,550,1.100950002670288,0.5847060084342957,1.7054741382598877,0.1023416668176651,0.11559608578681946,0.08971934020519257,0.015153666958212852,
506,48,Sumo Squat,550,550,1.1407499313354492,0.6257820129394531,1.6902847290039062,0.10573344677686691,0.11723579466342926,0.09159564226865768,0.013681231997907162,
507,49,Straight Leg Calf Raise,550,495,1.3562099933624268,0.37185102701187134,1.7138779163360596,0.09254332631826401,0.11746568977832794,0.08350656181573868,0.004353383090347052,
508,49,Straight Leg Calf Raise,550,413,1.3053900003433228,0.4256249964237213,1.7120933532714844,0.0933312401175499,0.11394133418798447,0.08354336023330688,0.004562257323414087,
509,49,Straight Leg Calf Raise,550,395,1.3107900619506836,0.38912898302078247,1.7119123935699463,0.0931931734085083,0.11274973303079605,0.08482237905263901,0.004330082330852747,
510,50,Squat Jump,550,505,1.4616400003433228,1.4480810165405273,1.8891613483428955,0.11581449955701828,0.13859358429908752,0.09087873250246048,0.031150855123996735,
511,50,Squat Jump,550,487,1.4121999740600586,1.347456932067871,1.902416706085205,0.1190449520945549,0.1434345692396164,0.09175720065832138,0.030977439135313034,
512,50,Squat Jump,550,478,1.3102200031280518,1.4254529476165771,1.8570704460144043,0.1250491589307785,0.16515754163265228,0.08940920978784561,0.0303356871008873,
513,51,Squat With Alternate Knee Lift,550,550,1.2566699981689453,0.8516620397567749,1.682739019393921,0.1004936546087265,0.12950558960437775,0.07566333562135696,0.019860990345478058,
514,51,Squat With Alternate Knee Lift,550,550,1.1314499378204346,0.8136509656906128,1.680267333984375,0.0927290990948677,0.1145612820982933,0.07581114768981934,0.018338913097977638,
515,51,Squat With Alternate Knee Lift,550,550,1.135890007019043,0.814903974533081,1.6891262531280518,0.09562832862138748,0.12355780601501465,0.07047180086374283,0.017249150201678276,
516,52,Standing Alternate Butt Kick,550,550,1.223020076751709,0.6913020014762878,1.6495296955108643,0.09096019715070724,0.11162614077329636,0.06673549115657806,0.007518588565289974,
517,52,Standing Alternate Butt Kick,550,550,1.0993199348449707,0.6947870254516602,1.6410479545593262,0.08459831774234772,0.1065216138958931,0.06723731756210327,0.006749989930540323,
518,52,Standing Alternate Butt Kick,550,550,1.1239099502563477,0.7307289838790894,1.6415941715240479,0.08444976061582565,0.1052737608551979,0.06779585778713226,0.006359230261296034,
519,53,Knee Warm-up,550,550,1.3233000040054321,0.7165839672088623,1.6542983055114746,0.07724785804748535,0.12049394100904465,0.0663156807422638,0.007532740477472544,
520,53,Knee Warm-up,550,550,1.3447500467300415,0.6885440349578857,1.6812818050384521,0.08023491501808167,0.1222965270280838,0.06545713543891907,0.010237463749945164,
521,53,Knee Warm-up,550,550,1.3273200988769531,0.6588709950447083,1.6794028282165527,0.08585920184850693,0.12089037895202637,0.06936675310134888,0.011043881066143513,
522,54,Butt Kicks,550,408,1.2947100400924683,0.9892640113830566,1.744897484779358,0.09197188168764114,0.12242786586284637,0.059956323355436325,0.01644645258784294,
523,54,Butt Kicks,550,450,1.1925098896026611,1.0879939794540405,1.7594985961914062,0.10114257782697678,0.1365339756011963,0.061253197491168976,0.02203352190554142,
524,54,Butt Kicks,550,492,1.266740083694458,1.364751935005188,1.763735294342041,0.1314976066350937,0.22645507752895355,0.06367351859807968,0.0356474407017231,
525,55,Jump Left and Right,550,492,1.333400011062622,0.7691060304641724,1.805906057357788,0.10891149938106537,0.14180123805999756,0.08329477906227112,0.014657516032457352,
526,55,Jump Left and Right,550,522,1.485319972038269,0.6753019690513611,1.7899067401885986,0.10048045963048935,0.12864887714385986,0.08109501749277115,0.012819007970392704,
527,55,Jump Left and Right,550,504,1.2845799922943115,0.6685010194778442,1.7887613773345947,0.09634821861982346,0.11388910561800003,0.08082686364650726,0.011268901638686657,
528,56,Jumping Jacks,550,442,1.7085800170898438,0.655826985836029,2.195319652557373,0.15205328166484833,0.23441995680332184,0.07671523839235306,0.03202597424387932,
529,56,Jumping Jacks,550,450,1.7772600650787354,0.7297890186309814,2.2063629627227783,0.14385932683944702,0.22897540032863617,0.07859500497579575,0.029513372108340263,
530,56,Jumping Jacks,550,461,1.6800799369812012,0.7192429900169373,2.1669912338256836,0.1491193175315857,0.2343045324087143,0.07707389444112778,0.029029566794633865,
531,57,High Knee,550,497,1.1810400485992432,1.135930061340332,1.7639977931976318,0.10448438674211502,0.13040407001972198,0.08004389703273773,0.02374080941081047,
532,57,High Knee,550,481,1.412100076675415,1.2492880821228027,1.7782953977584839,0.09787074476480484,0.14161072671413422,0.07372985780239105,0.022346118465065956,
533,57,High Knee,550,522,1.3784699440002441,1.1828649044036865,1.7714695930480957,0.09605249017477036,0.12459158897399902,0.08013171702623367,0.01472341176122427,
534,58,Clap Jacks,550,398,1.9132099151611328,1.2017890214920044,1.8104599714279175,0.14200612902641296,0.18575912714004517,0.0811111256480217,0.030738579109311104,
535,58,Clap Jacks,550,387,1.836400032043457,1.3197849988937378,1.8110913038253784,0.1447506844997406,0.18540868163108826,0.0830589011311531,0.03264723718166351,
536,58,Clap Jacks,550,389,1.8812999725341797,1.2846760749816895,1.8013365268707275,0.15197442471981049,0.19893838465213776,0.08324680477380753,0.030176179483532906,
537,59,Run In Place With Arm Swing,550,453,1.3270100355148315,0.8874269723892212,1.700087070465088,0.09619612246751785,0.11615956574678421,0.07956823706626892,0.008386237546801567,
538,59,Run In Place With Arm Swing,550,425,1.349370002746582,0.7469620108604431,1.6772897243499756,0.09398934990167618,0.11736387759447098,0.08235099166631699,0.005882089491933584,
539,59,Run In Place With Arm Swing,550,411,1.3645899295806885,0.6992720365524292,1.683264970779419,0.09255363047122955,0.11752954870462418,0.0815594494342804,0.005934399552643299,
540,0,Svend Press,550,550,1.1467199325561523,0.9460519552230835,1.6959946155548096,0.11828413605690002,0.14598985016345978,0.07721126824617386,0.02277304418385029,
541,0,Svend Press,550,550,1.1250500679016113,1.0193829536437988,1.692885398864746,0.12119932472705841,0.1457718461751938,0.07503370195627213,0.015826843678951263,
542,0,Svend Press,550,550,1.115950107574463,1.017192006111145,1.688331127166748,0.12201576679944992,0.1462860107421875,0.07027970999479294,0.017786119133234024,
543,1,Kneeling Push-ups,550,550,1.1674799919128418,1.6465929746627808,1.73935067653656,0.26629579067230225,0.3520132303237915,0.08228138089179993,0.04521280527114868,
544,1,Kneeling Push-ups,550,550,1.1212999820709229,1.634200096130371,1.7463252544403076,0.2847576439380646,0.3506242632865906,0.09070374071598053,0.04768085107207298,
545,1,Kneeling Push-ups,550,550,1.22475004196167,1.5885350704193115,1.7495355606079102,0.26837390661239624,0.33496326208114624,0.08835341781377792,0.05506359040737152,
546,2,Standing Straight-arm Chest Press With Resistance Band,550,550,1.7724299430847168,1.1122779846191406,1.6522209644317627,0.1632259041070938,0.1988103687763214,0.11318309605121613,0.02309875376522541,
547,2,Standing Straight-arm Chest Press With Resistance Band,550,550,1.7643399238586426,0.9226360321044922,1.6459205150604248,0.16300101578235626,0.1913943737745285,0.09915003925561905,0.023476434871554375,
548,2,Standing Straight-arm Chest Press With Resistance Band,550,550,1.7665899991989136,0.9072439670562744,1.6479814052581787,0.16260232031345367,0.19282786548137665,0.10025837272405624,0.023770343512296677,
549,3,Small Dumbbell Floor Flies,550,550,1.7460999488830566,1.731774091720581,1.742681860923767,0.20084014534950256,0.30679139494895935,0.09058677405118942,0.07409019768238068,
550,3,Small Dumbbell Floor Flies,550,550,2.028900146484375,1.8801090717315674,1.748773455619812,0.20224854350090027,0.28008902072906494,0.08773278445005417,0.07512297481298447,
551,3,Small Dumbbell Floor Flies,550,550,1.7623100280761719,1.9591660499572754,1.752366065979004,0.22663283348083496,0.29946649074554443,0.0917864516377449,0.07338912785053253,
552,4,Chest Fly,550,550,1.271399974822998,1.0563709735870361,2.2173194885253906,0.1681264191865921,0.18870028853416443,0.09796874225139618,0.03934701159596443,
553,4,Chest Fly,550,550,1.3047499656677246,1.0310280323028564,2.2427682876586914,0.17186157405376434,0.19473755359649658,0.10364977270364761,0.039359670132398605,
554,4,Chest Fly,550,550,1.2807400226593018,0.9306260347366333,2.235189199447632,0.17221292853355408,0.19022417068481445,0.10686373710632324,0.03908427432179451,
555,5,Push-ups,550,550,1.1390299797058105,1.8341660499572754,1.7380732297897339,0.21059510111808777,0.25352516770362854,0.08721932023763657,0.044167738407850266,
556,5,Push-ups,550,550,0.9965699911117554,1.8994779586791992,1.7258210182189941,0.1965569108724594,0.23296889662742615,0.08648187667131424,0.04494171962141991,
557,5,Push-ups,550,550,1.0859299898147583,1.7376049757003784,1.7175660133361816,0.19757933914661407,0.24045760929584503,0.0942925214767456,0.05269354209303856,
558,6,Bent-over W-shape Stretch,550,550,1.4839199781417847,0.7389749884605408,1.6478166580200195,0.09962420165538788,0.1382017284631729,0.07387016713619232,0.011719767935574055,
559,6,Bent-over W-shape Stretch,550,550,1.5648200511932373,0.7266680002212524,1.6555814743041992,0.10352842509746552,0.1320076435804367,0.07687705010175705,0.01123286597430706,
560,6,Bent-over W-shape Stretch,550,550,1.4672200679779053,0.7518689632415771,1.658923864364624,0.1096661239862442,0.14734971523284912,0.07923287898302078,0.012558966875076294,
561,7,Bent-over Y-shape Stretch,550,550,1.0725699663162231,1.0321470499038696,1.9813612699508667,0.12888483703136444,0.18415792286396027,0.07918494939804077,0.030670413747429848,
562,7,Bent-over Y-shape Stretch,550,550,1.163330078125,1.0385030508041382,1.9345918893814087,0.1249031201004982,0.18526041507720947,0.08004845678806305,0.029888801276683807,
563,7,Bent-over Y-shape Stretch,550,550,1.1894700527191162,1.0042840242385864,1.8682712316513062,0.12674207985401154,0.18050560355186462,0.08191967755556107,0.027972837910056114,
564,8,Bent-over A-shape Stretch,550,550,1.089359998703003,1.1812350749969482,1.6448333263397217,0.1034727394580841,0.13101182878017426,0.08714332431554794,0.016506493091583252,
565,8,Bent-over A-shape Stretch,550,550,1.1055799722671509,1.0854599475860596,1.6512908935546875,0.09599964320659637,0.11038260161876678,0.08205214887857437,0.015432339161634445,
566,8,Bent-over A-shape Stretch,550,550,1.093459963798523,1.2111510038375854,1.6506223678588867,0.09707396477460861,0.11950992792844772,0.08197736740112305,0.017606697976589203,
567,9,Squat With Arm Lift,550,550,1.583739995956421,0.5749579668045044,1.7076067924499512,0.15050235390663147,0.1694137006998062,0.08547072857618332,0.04398128390312195,
568,9,Squat With Arm Lift,550,550,1.5851199626922607,0.6055150032043457,1.7204724550247192,0.1400807499885559,0.15663637220859528,0.08346112817525864,0.04821423068642616,
569,9,Squat With Arm Lift,550,550,1.612149953842163,0.5560129880905151,1.7100902795791626,0.13348518311977386,0.14765596389770508,0.08355167508125305,0.04276225343346596,
570,10,Breaststroke Arm Pull,550,550,1.7468199729919434,2.3757801055908203,1.741701602935791,0.32975929975509644,0.5138307809829712,0.08736687153577805,0.08815844357013702,
571,10,Breaststroke Arm Pull,550,550,1.726289987564087,2.3564910888671875,1.7292752265930176,0.30496788024902344,0.4838549792766571,0.08147623389959335,0.08710857480764389,
572,10,Breaststroke Arm Pull,550,550,1.7304201126098633,2.3712520599365234,1.7403640747070312,0.31945085525512695,0.47249695658683777,0.0889967605471611,0.06842359900474548,
573,11,Prone Y-shape Stretch,550,550,1.0113400220870972,2.322282075881958,1.726930022239685,0.3743230700492859,0.481112003326416,0.08461916446685791,0.05371979996562004,
574,11,Prone Y-shape Stretch,550,550,1.0206899642944336,2.330394983291626,1.7278803586959839,0.361376017332077,0.4695720970630646,0.08109404891729355,0.064080148935318,
575,11,Prone Y-shape Stretch,550,550,1.054669976234436,2.3233840465545654,1.7373437881469727,0.41303128004074097,0.5033010244369507,0.08612311631441116,0.04957645386457443,
576,12,Lateral Raise Forward Circles,550,550,1.836780071258545,0.5891540050506592,1.7098913192749023,0.1760813146829605,0.21551989018917084,0.08692536503076553,0.010113404132425785,
577,12,Lateral Raise Forward Circles,550,550,1.8132200241088867,0.5790249705314636,1.697340726852417,0.17607735097408295,0.2126939445734024,0.0991554707288742,0.007688942831009626,
578,12,Lateral Raise Forward Circles,550,550,1.8418099880218506,0.6511059999465942,1.706737995147705,0.17679975926876068,0.2160891443490982,0.1031445860862732,0.008589912205934525,
579,13,Lateral Raise Backward Circles,550,550,1.8001899719238281,0.5953680276870728,1.783115029335022,0.1927870213985443,0.22604747116565704,0.10454379767179489,0.005161783657968044,
580,13,Lateral Raise Backward Circles,550,550,1.7916100025177002,0.5153149962425232,1.7621219158172607,0.1752125322818756,0.21726094186306,0.09808027744293213,0.012017985805869102,
581,13,Lateral Raise Backward Circles,550,550,1.8006699085235596,0.569025993347168,1.7920684814453125,0.18590010702610016,0.22203196585178375,0.09661422669887543,0.009428052231669426,
582,14,Lying Shoulder Joint Upward Round,550,550,1.7428500652313232,2.3394508361816406,1.770843505859375,0.22263361513614655,0.32694533467292786,0.0921017974615097,0.08765994757413864,
583,14,Lying Shoulder Joint Upward Round,550,550,1.7409499883651733,2.3639488220214844,1.7466342449188232,0.21224097907543182,0.31053102016448975,0.09337149560451508,0.07559045404195786,
584,14,Lying Shoulder Joint Upward Round,550,550,1.744339942932129,2.2867980003356934,1.7368040084838867,0.207237109541893,0.29536232352256775,0.0899912640452385,0.07902808487415314,
585,15,Lying Shoulder Joint Downward Round,550,550,1.726289987564087,2.3577699661254883,1.7646849155426025,0.21415495872497559,0.3142501413822174,0.09805300086736679,0.08197803795337677,
586,15,Lying Shoulder Joint Downward Round,550,550,1.7258100509643555,2.413382053375244,1.742262840270996,0.2191808968782425,0.3218005299568176,0.09674891084432602,0.08376764506101608,
587,15,Lying Shoulder Joint Downward Round,550,550,1.7200698852539062,2.369709014892578,1.748640537261963,0.21988357603549957,0.3143850266933441,0.09503377974033356,0.08031603693962097,
588,16,Bare-handed Full Lateral Raise,550,550,1.796489953994751,0.38203299045562744,2.255225658416748,0.17354895174503326,0.2559379041194916,0.0879935473203659,0.04179425910115242,
589,16,Bare-handed Full Lateral Raise,550,550,1.7950000762939453,0.3582729995250702,2.260045051574707,0.17540381848812103,0.2554623484611511,0.08885497599840164,0.041277799755334854,
590,16,Bare-handed Full Lateral Raise,550,550,1.802340030670166,0.3527030050754547,2.249657154083252,0.17588567733764648,0.2525843679904938,0.08811947703361511,0.04015379026532173,
591,17,Bare-handed Cuban Press,550,550,1.1413700580596924,0.6349380016326904,2.281867027282715,0.13857269287109375,0.2543504536151886,0.08739490061998367,0.029268790036439896,
592,17,Bare-handed Cuban Press,550,550,1.1321300268173218,0.5905860066413879,2.2442245483398438,0.14610515534877777,0.24357172846794128,0.08361174166202545,0.028046734631061554,
593,17,Bare-handed Cuban Press,550,550,1.147089958190918,0.6019539833068848,2.2551488876342773,0.1584407240152359,0.25059711933135986,0.08373319357633591,0.03035571053624153,
594,18,Fortune Cat,550,550,1.0304800271987915,0.601190984249115,1.9617373943328857,0.15102437138557434,0.19214536249637604,0.10241333395242691,0.012284169904887676,
595,18,Fortune Cat,550,550,1.2601799964904785,0.6244680285453796,1.946885585784912,0.15566511452198029,0.18693576753139496,0.11441468447446823,0.011214290745556355,
596,18,Fortune Cat,550,550,1.178030014038086,0.5722939968109131,1.933579921722412,0.14956796169281006,0.18975676596164703,0.10634271800518036,0.013023356907069683,
597,19,Dumbbell Curls,550,550,1.1071701049804688,0.7379599809646606,1.8531055450439453,0.12310791015625,0.23383450508117676,0.09245657920837402,0.029558401554822922,
598,19,Dumbbell Curls,550,550,1.074510097503662,0.8548270463943481,1.8343182802200317,0.11233609169721603,0.1592486947774887,0.07859725505113602,0.025467148050665855,
599,19,Dumbbell Curls,550,550,1.1122400760650635,0.8518619537353516,1.8458764553070068,0.118320994079113,0.16956287622451782,0.08314844965934753,0.027553467079997063,
600,20,Alternate Dumbbell Curls,550,550,1.0354399681091309,0.911870002746582,1.7136561870574951,0.10684730857610703,0.22135961055755615,0.09063336253166199,0.021666966378688812,
601,20,Alternate Dumbbell Curls,550,550,1.0428999662399292,0.6617870330810547,1.695249319076538,0.10096675157546997,0.16987928748130798,0.08540596812963486,0.017315205186605453,
602,20,Alternate Dumbbell Curls,550,550,1.0973100662231445,0.6632150411605835,1.7015751600265503,0.10286121815443039,0.17660032212734222,0.08760832250118256,0.017326150089502335,
603,21,Right-side Kettlebell Bent-over Row,550,550,1.0510799884796143,1.126235008239746,1.695076584815979,0.09320616722106934,0.13988211750984192,0.07833429425954819,0.010366746224462986,
604,21,Right-side Kettlebell Bent-over Row,550,550,1.009559988975525,1.1751110553741455,1.6849839687347412,0.08574394136667252,0.13137049973011017,0.0740416869521141,0.011591143906116486,
605,21,Right-side Kettlebell Bent-over Row,550,550,1.0078400373458862,1.2180249691009521,1.6787447929382324,0.08398643881082535,0.1274147778749466,0.07297499477863312,0.010880845598876476,
606,22,Wrist Joint Warm-up,550,473,1.0037599802017212,0.5491200089454651,1.6478825807571411,0.11049741506576538,0.1168946847319603,0.09285160154104233,0.007723149377852678,
607,22,Wrist Joint Warm-up,550,525,0.9935699701309204,0.538847029209137,1.66054105758667,0.10884441435337067,0.12154147773981094,0.09112342447042465,0.0066118398681283,
608,22,Wrist Joint Warm-up,550,550,0.9323999881744385,0.5406540036201477,1.644822597503662,0.10822425037622452,0.11617565155029297,0.09531683474779129,0.0034031986724585295,
609,23,Right-side Bent-over Tricep Extension With Resistance Band,550,550,1.1136999130249023,0.9856389760971069,1.6581926345825195,0.08565007895231247,0.11152838170528412,0.071376271545887,0.009153096936643124,
610,23,Right-side Bent-over Tricep Extension With Resistance Band,550,550,1.084510087966919,0.8884609937667847,1.6500227451324463,0.08570744097232819,0.10803499817848206,0.07449981570243835,0.0069252802059054375,
611,23,Right-side Bent-over Tricep Extension With Resistance Band,550,550,1.1178699731826782,0.9115910530090332,1.6498687267303467,0.085396908223629,0.11147267371416092,0.07438498735427856,0.007187287788838148,
612,24,Bent-over Dumbbell Tricep Extension,550,550,0.9556300044059753,0.6010739803314209,2.605250835418701,0.31782153248786926,0.31821250915527344,0.1031949371099472,0.0005775636527687311,
613,24,Bent-over Dumbbell Tricep Extension,550,550,0.7459700107574463,0.6010739803314209,1.5188407897949219,0.1034163162112236,0.103416308760643,0.103416308760643,1.6314522432656076e-12,
614,24,Bent-over Dumbbell Tricep Extension,550,550,0.7459700107574463,0.6010739803314209,1.5188407897949219,0.1034163162112236,0.103416308760643,0.103416308760643,1.6314522432656076e-12,
615,25,Nod And Raise Head,550,550,1.0730400085449219,0.6010739803314209,2.734299659729004,0.38713133335113525,0.40380504727363586,0.103416308760643,0.0029547628946602345,
616,25,Nod And Raise Head,550,550,1.1318299770355225,0.49772098660469055,1.7560687065124512,0.11566779762506485,0.11875489354133606,0.10703392326831818,0.0036233849823474884,
617,25,Nod And Raise Head,550,550,1.059920072555542,0.4865909814834595,1.764541506767273,0.11505532264709473,0.12185060232877731,0.10524611175060272,0.003887128783389926,
618,26,Two-way Head Turn,550,550,1.1018500328063965,0.306194007396698,1.6385692358016968,0.0884532779455185,0.11045002937316895,0.08672642707824707,0.0005747037357650697,
619,26,Two-way Head Turn,550,550,1.222000002861023,0.25189200043678284,1.6429104804992676,0.08861419558525085,0.11723694950342178,0.0865749716758728,0.0007929602870717645,
620,26,Two-way Head Turn,550,550,1.2298699617385864,0.26459699869155884,1.6394933462142944,0.08919745683670044,0.11817993223667145,0.08719149976968765,0.0007935669273138046,
621,27,Shrug And Sink The Shoulders,550,550,1.1847500801086426,0.2565169930458069,1.6487462520599365,0.08858145028352737,0.11585516482591629,0.08574075996875763,0.0004813698469661176,
622,27,Shrug And Sink The Shoulders,550,550,1.2455799579620361,0.26895299553871155,1.6497199535369873,0.08970201015472412,0.11921750754117966,0.08636260777711868,0.0009201125358231366,
623,27,Shrug And Sink The Shoulders,550,550,1.2215900421142578,0.26919299364089966,1.6472525596618652,0.09056995809078217,0.11829066276550293,0.08747225999832153,0.0008743309881538153,
624,28,Four-way Nod Head,550,550,1.44212007522583,0.59232497215271,1.63676917552948,0.10208895057439804,0.14243853092193604,0.09251140058040619,0.0047760698944330215,
625,28,Four-way Nod Head,550,550,1.4344899654388428,0.5574690103530884,1.6352174282073975,0.09880774468183517,0.13779087364673615,0.09322962164878845,0.0030171675607562065,
626,28,Four-way Nod Head,550,550,1.5932400226593018,0.5046840310096741,1.636002779006958,0.10033752769231796,0.15693502128124237,0.09249182790517807,0.003934260457754135,
627,29,Lying Alternate Upper-half Leg Raise,550,550,1.4167900085449219,1.7530078887939453,1.7893699407577515,0.19089555740356445,0.33825504779815674,0.09267966449260712,0.061605677008628845,
628,29,Lying Alternate Upper-half Leg Raise,550,550,0.8737300038337708,1.756898045539856,1.7625627517700195,0.18508508801460266,0.27827945351600647,0.08934512734413147,0.05522976070642471,
629,29,Lying Alternate Upper-half Leg Raise,550,550,0.8908200263977051,1.6326100826263428,1.7504425048828125,0.16786834597587585,0.22362607717514038,0.0905131921172142,0.06224069744348526,
630,30,Half Roll Back,550,550,1.0317299365997314,1.405614972114563,1.756858229637146,0.1296224445104599,0.1975925713777542,0.07973361760377884,0.032239802181720734,
631,30,Half Roll Back,550,550,1.2149800062179565,1.3181049823760986,1.7728145122528076,0.12745511531829834,0.18821021914482117,0.07996632903814316,0.02239137887954712,
632,30,Half Roll Back,550,550,1.0625900030136108,1.383626937866211,1.7781802415847778,0.1184789314866066,0.16077128052711487,0.0802907794713974,0.022865932434797287,
633,31,Kneeling Right-side Torso Twist,550,550,0.9382100105285645,1.6634780168533325,1.7225205898284912,0.20774617791175842,0.2605399191379547,0.08438698947429657,0.03091321885585785,
634,31,Kneeling Right-side Torso Twist,550,550,1.094749927520752,1.6001660823822021,1.7374985218048096,0.18520866334438324,0.2451360821723938,0.08990858495235443,0.04314521327614784,
635,31,Kneeling Right-side Torso Twist,550,550,1.1324000358581543,1.5473639965057373,1.7393009662628174,0.1994304060935974,0.2460646629333496,0.08379584550857544,0.03070729970932007,
636,32,Left-side Knee Raise And Abdominal Muscles Contract,550,550,1.2470500469207764,0.5368670225143433,2.209928512573242,0.13738855719566345,0.17153267562389374,0.08300526440143585,0.01594376005232334,
637,32,Left-side Knee Raise And Abdominal Muscles Contract,550,550,1.3703899383544922,0.5501760244369507,2.2524924278259277,0.13361860811710358,0.16789595782756805,0.08254464715719223,0.015715185552835464,
638,32,Left-side Knee Raise And Abdominal Muscles Contract,550,550,1.3521499633789062,0.4176740050315857,2.256354570388794,0.1324121206998825,0.17621442675590515,0.08416744321584702,0.01906777173280716,
639,33,Kneeling Right Leg Backward Stretch,550,550,1.127020001411438,1.7278549671173096,1.7310634851455688,0.27620798349380493,0.30663979053497314,0.09099248051643372,0.03237034007906914,
640,33,Kneeling Right Leg Backward Stretch,550,550,0.9975900053977966,1.6831350326538086,1.7322871685028076,0.25264492630958557,0.2795838415622711,0.0889972597360611,0.024084482342004776,
641,33,Kneeling Right Leg Backward Stretch,550,550,1.0523099899291992,1.7592449188232422,1.7316327095031738,0.23728221654891968,0.27530336380004883,0.09181933104991913,0.044565968215465546,
642,34,Kneeling Right Arm Raise,550,550,0.906749963760376,0.6010739803314209,2.601994752883911,0.312250554561615,0.31263625621795654,0.10050898045301437,0.0005734466249123216,
643,34,Kneeling Right Arm Raise,550,550,0.7459700107574463,0.6010739803314209,1.5188407897949219,0.1034163162112236,0.103416308760643,0.103416308760643,1.6314522432656076e-12,
644,34,Kneeling Right Arm Raise,550,550,0.7459700107574463,0.6010739803314209,1.5188407897949219,0.1034163162112236,0.103416308760643,0.103416308760643,1.6314522432656076e-12,
645,35,Shoulder Bridge,550,550,0.8657500147819519,1.6381410360336304,2.603592872619629,0.09111214429140091,0.3218842148780823,0.06452502310276031,0.034544799476861954,
646,35,Shoulder Bridge,550,550,0.9394099712371826,1.6599839925765991,1.7749097347259521,0.19217076897621155,0.23095761239528656,0.0943581610918045,0.04028886929154396,
647,35,Shoulder Bridge,550,550,0.9983799457550049,1.6094410419464111,1.7806737422943115,0.187222421169281,0.2039957195520401,0.09571931511163712,0.042939651757478714,
648,36,Prone Press-ups,550,550,1.148210048675537,1.8413190841674805,1.7227431535720825,0.2676003575325012,0.3176119923591614,0.08529074490070343,0.04014785960316658,
649,36,Prone Press-ups,550,550,1.0652499198913574,1.850039005279541,1.7273260354995728,0.22496604919433594,0.27130237221717834,0.07746291160583496,0.04676235467195511,
650,36,Prone Press-ups,550,550,1.0090000629425049,1.828766942024231,1.7293319702148438,0.22738845646381378,0.29205867648124695,0.07765672355890274,0.06997037678956985,
651,37,Bent-over Torso Rotation,550,550,1.1554300785064697,0.7576680183410645,1.6556565761566162,0.08418350666761398,0.11750516295433044,0.07478121668100357,0.005601570010185242,
652,37,Bent-over Torso Rotation,550,550,1.0984100103378296,0.7442939877510071,1.6610615253448486,0.08551348745822906,0.1089390218257904,0.07501057535409927,0.0066271270625293255,
653,37,Bent-over Torso Rotation,550,550,1.0849900245666504,0.8262150287628174,1.6518301963806152,0.08218450099229813,0.10861103236675262,0.07474062591791153,0.005732835736125708,
654,38,Lying Arm Pull,550,550,1.161210060119629,2.1841440200805664,1.7627382278442383,0.24331951141357422,0.3028940260410309,0.08917450904846191,0.0671905055642128,
655,38,Lying Arm Pull,550,550,1.1929199695587158,2.2671749591827393,1.785738229751587,0.26483166217803955,0.3381390869617462,0.102296844124794,0.07433316856622696,
656,38,Lying Arm Pull,550,550,1.2488000392913818,2.1724469661712646,1.7676090002059937,0.2777201235294342,0.3528738021850586,0.08876519650220871,0.08454561233520508,
657,39,Prone Press Up With Torso Rotation,550,550,1.0448899269104004,1.943932056427002,1.7174975872039795,0.21822220087051392,0.2641557455062866,0.07854457944631577,0.0471930131316185,
658,39,Prone Press Up With Torso Rotation,550,550,1.0027400255203247,1.8752779960632324,1.7263145446777344,0.2264901101589203,0.2698589563369751,0.09208102524280548,0.0582391619682312,
659,39,Prone Press Up With Torso Rotation,550,550,1.1006699800491333,1.8730850219726562,1.729762315750122,0.2314472198486328,0.27060309052467346,0.08036919683218002,0.03678641468286514,
660,40,Breaststroke Push-ups,550,550,1.5965100526809692,2.3561811447143555,1.7420058250427246,0.27668124437332153,0.3414207100868225,0.09687291830778122,0.06886700540781021,
661,40,Breaststroke Push-ups,550,550,1.0502300262451172,2.3453330993652344,1.7183146476745605,0.26087266206741333,0.3362205922603607,0.09536898136138916,0.058035463094711304,
662,40,Breaststroke Push-ups,550,550,1.0943100452423096,2.3602490425109863,1.7248668670654297,0.2592571973800659,0.3370668888092041,0.10236898064613342,0.06966425478458405,
663,41,Sit-ups,550,550,1.2263599634170532,2.360100030899048,1.7408137321472168,0.18653783202171326,0.4314952492713928,0.07743686437606812,0.09146255254745483,
664,41,Sit-ups,550,550,1.1623899936676025,2.620405912399292,1.7432628870010376,0.18499909341335297,0.48735448718070984,0.08037588745355606,0.10965816676616669,
665,41,Sit-ups,550,550,1.3457200527191162,2.6966419219970703,1.7475403547286987,0.18808145821094513,0.4452025890350342,0.08488571643829346,0.10523396730422974,
666,42,Side-lying Left Leg Forward Raise,550,550,1.354140043258667,1.923606038093567,1.818307638168335,0.19594505429267883,0.260460764169693,0.09655876457691193,0.08961467444896698,
667,42,Side-lying Left Leg Forward Raise,550,550,1.4031399488449097,1.9752390384674072,1.8142826557159424,0.2275363653898239,0.27830183506011963,0.09758875519037247,0.057664837688207626,
668,42,Side-lying Left Leg Forward Raise,550,550,1.3510299921035767,1.9811190366744995,1.8134613037109375,0.2063632607460022,0.25890421867370605,0.08948498964309692,0.07202766090631485,
669,43,Right Leg Reverse Lunge,550,550,1.2746899127960205,1.1340869665145874,1.68192720413208,0.08861857652664185,0.11993341892957687,0.07578834891319275,0.01638512685894966,
670,43,Right Leg Reverse Lunge,550,550,1.182610034942627,1.165086030960083,1.6848927736282349,0.08696302771568298,0.11505648493766785,0.07097777724266052,0.01652262732386589,
671,43,Right Leg Reverse Lunge,550,550,1.1690700054168701,1.0797220468521118,1.6690123081207275,0.08847276121377945,0.11417379975318909,0.07218475639820099,0.013429855927824974,
672,44,Kneeling Left Knee Lift,550,550,1.375580072402954,1.505458950996399,1.726163387298584,0.18046380579471588,0.2054252177476883,0.09489894658327103,0.029746532440185547,
673,44,Kneeling Left Knee Lift,550,550,0.9944999814033508,1.4594169855117798,1.7211177349090576,0.18435338139533997,0.20922234654426575,0.07880160957574844,0.029899438843131065,
674,44,Kneeling Left Knee Lift,550,550,1.08378005027771,1.637052059173584,1.719712257385254,0.17608453333377838,0.21256504952907562,0.08267569541931152,0.03850535675883293,
675,45,Alternate Reverse Lunge,550,550,1.0449800491333008,1.1404110193252563,1.699497938156128,0.09582031518220901,0.1074487715959549,0.0790618285536766,0.015782253816723824,
676,45,Alternate Reverse Lunge,550,550,0.972599983215332,1.1047990322113037,1.7070896625518799,0.08790358155965805,0.10225836932659149,0.07377955317497253,0.01462533138692379,
677,45,Alternate Reverse Lunge,550,550,1.1858899593353271,1.1979730129241943,1.6773319244384766,0.08806735277175903,0.11448550969362259,0.0710703581571579,0.0147412633523345,
678,46,Side-lying Right Leg Backward Kick,550,550,1.2125499248504639,2.115154981613159,1.8148605823516846,0.22911737859249115,0.28912466764450073,0.08312279731035233,0.07474029809236526,
679,46,Side-lying Right Leg Backward Kick,550,550,1.0373799800872803,2.0901830196380615,1.7998292446136475,0.30387771129608154,0.3609101474285126,0.08181576430797577,0.07317866384983063,
680,46,Side-lying Right Leg Backward Kick,550,550,1.0333399772644043,2.129171133041382,1.790616512298584,0.28853297233581543,0.3623602092266083,0.07856506109237671,0.10496871173381805,
681,47,Left Leg Lunge With Knee Lift,550,550,1.2180099487304688,1.3397799730300903,1.6930116415023804,0.08077728003263474,0.11772643774747849,0.06977283209562302,0.01328328251838684,
682,47,Left Leg Lunge With Knee Lift,550,550,1.18996000289917,1.3408470153808594,1.707637071609497,0.08449175208806992,0.11482661217451096,0.07186544686555862,0.011872653849422932,
683,47,Left Leg Lunge With Knee Lift,550,550,1.2501800060272217,1.264093041419983,1.6952670812606812,0.08136268705129623,0.11968391388654709,0.06830519437789917,0.012027978897094727,
684,48,Sumo Squat,550,550,1.1992499828338623,0.7585920095443726,1.7334880828857422,0.10427591949701309,0.13254816830158234,0.07389955222606659,0.012558981776237488,
685,48,Sumo Squat,550,550,0.9962500333786011,0.6399800181388855,1.6992268562316895,0.10497033596038818,0.1231641098856926,0.07710356265306473,0.01053184550255537,
686,48,Sumo Squat,550,550,1.0287699699401855,0.6269630193710327,1.6917012929916382,0.10655529797077179,0.12307670712471008,0.08158169686794281,0.007912907749414444,
687,49,Straight Leg Calf Raise,550,550,1.132699966430664,0.31794601678848267,1.727064847946167,0.09279274940490723,0.1110999807715416,0.08971133828163147,0.0016489367699250579,
688,49,Straight Leg Calf Raise,550,550,1.0903899669647217,0.401297003030777,1.728419542312622,0.09409032762050629,0.10888760536909103,0.08967956900596619,0.0024448418989777565,
689,49,Straight Leg Calf Raise,550,550,1.1532000303268433,0.3116840124130249,1.7219836711883545,0.09562734514474869,0.11259694397449493,0.09142787009477615,0.0020674930419772863,
690,50,Squat Jump,550,446,1.2417399883270264,1.3675249814987183,1.8430790901184082,0.12215441465377808,0.15779948234558105,0.08889921009540558,0.028319628909230232,
691,50,Squat Jump,550,431,1.182610034942627,1.469161033630371,1.8496127128601074,0.11976545304059982,0.1702052801847458,0.08606210350990295,0.029884198680520058,
692,50,Squat Jump,550,481,1.1189899444580078,1.4870619773864746,1.8710529804229736,0.13047020137310028,0.18428944051265717,0.09180055558681488,0.03250394016504288,
693,51,Squat With Alternate Knee Lift,550,550,1.0523200035095215,0.9716939926147461,1.7133623361587524,0.10082687437534332,0.12473030388355255,0.08417411148548126,0.020517639815807343,
694,51,Squat With Alternate Knee Lift,550,550,1.169800043106079,0.8862789869308472,1.6926331520080566,0.09882903099060059,0.13272127509117126,0.0739666298031807,0.019848614931106567,
695,51,Squat With Alternate Knee Lift,550,550,1.012660026550293,0.9341880083084106,1.7305641174316406,0.10177117586135864,0.1349320262670517,0.07463543862104416,0.018981290981173515,
696,52,Standing Alternate Butt Kick,550,550,1.3639099597930908,0.7138229608535767,1.6718915700912476,0.08992542326450348,0.12916095554828644,0.06800317019224167,0.007275011390447617,
697,52,Standing Alternate Butt Kick,550,550,1.2867400646209717,0.680279016494751,1.6614149808883667,0.08953936398029327,0.12274740636348724,0.06953438371419907,0.006998253520578146,
698,52,Standing Alternate Butt Kick,550,550,1.1551499366760254,0.6484360098838806,1.6658754348754883,0.08801805227994919,0.11431118100881577,0.07009080797433853,0.005154737737029791,
699,53,Knee Warm-up,550,440,1.260930061340332,0.6781179904937744,1.6773790121078491,0.07918601483106613,0.12068809568881989,0.06718870252370834,0.010677806101739407,
700,53,Knee Warm-up,550,489,1.2560899257659912,0.6633360385894775,1.6832118034362793,0.07752158492803574,0.11904243379831314,0.06454597413539886,0.01147926039993763,
701,53,Knee Warm-up,550,444,1.099560022354126,0.693801999092102,1.6868116855621338,0.07691429555416107,0.1102689579129219,0.06396190822124481,0.009355139918625355,
702,54,Butt Kicks,550,391,1.0830800533294678,0.8258190155029297,1.7636520862579346,0.08168358355760574,0.10816118866205215,0.062320951372385025,0.009933010675013065,
703,54,Butt Kicks,550,494,1.173259973526001,0.7806990146636963,1.7968988418579102,0.09496529400348663,0.13064607977867126,0.06627314537763596,0.012049040757119656,
704,54,Butt Kicks,550,550,1.1233199834823608,0.9535869359970093,1.762092113494873,0.08599169552326202,0.11645995080471039,0.06331755965948105,0.011018847115337849,
705,55,Jump Left and Right,550,520,1.2196199893951416,0.9204559922218323,1.8048439025878906,0.11597354710102081,0.1755896955728531,0.08042354881763458,0.016855809837579727,
706,55,Jump Left and Right,550,532,1.0692799091339111,0.8349249362945557,1.794366478919983,0.10388243943452835,0.1415329873561859,0.07987618446350098,0.01452332641929388,
707,55,Jump Left and Right,550,527,1.037019968032837,1.0537530183792114,1.7741434574127197,0.10624111443758011,0.15155498683452606,0.08264009654521942,0.017447255551815033,
708,56,Jumping Jacks,550,442,1.8666200637817383,0.8925650119781494,2.380354881286621,0.16977429389953613,0.26162219047546387,0.08566039055585861,0.04544222727417946,
709,56,Jumping Jacks,550,403,1.8037899732589722,0.9033600091934204,2.3680944442749023,0.16517196595668793,0.26007381081581116,0.0815894603729248,0.043946415185928345,
710,56,Jumping Jacks,550,461,1.788219928741455,0.9621139764785767,2.320162534713745,0.1725103259086609,0.2625176012516022,0.08394983410835266,0.043639346957206726,
711,57,High Knee,550,380,1.3306100368499756,0.9592000246047974,1.7523605823516846,0.09357671439647675,0.12133006751537323,0.07096240669488907,0.014917276799678802,
712,57,High Knee,550,416,1.2773900032043457,1.0306270122528076,1.7459535598754883,0.11033987998962402,0.14410169422626495,0.07886137068271637,0.014305448159575462,
713,57,High Knee,550,415,1.2436399459838867,0.955409049987793,1.7498739957809448,0.09040766954421997,0.11752646416425705,0.07301398366689682,0.012013306841254234,
714,58,Clap Jacks,550,397,1.837499976158142,1.2889469861984253,1.7909889221191406,0.17319974303245544,0.21385696530342102,0.11471019685268402,0.02870366722345352,
715,58,Clap Jacks,550,440,1.867709994316101,1.2794239521026611,1.8110153675079346,0.1643318384885788,0.19504256546497345,0.10331124067306519,0.028664886951446533,
716,58,Clap Jacks,550,465,1.9477900266647339,1.6124889850616455,1.8090111017227173,0.18335328996181488,0.25582998991012573,0.10441922396421432,0.03042619116604328,
717,59,Run In Place With Arm Swing,550,461,1.257140040397644,0.8236639499664307,1.663511037826538,0.0891949012875557,0.11669308692216873,0.07584495097398758,0.007306031417101622,
718,59,Run In Place With Arm Swing,550,461,1.2824299335479736,0.8236649632453918,1.663511037826538,0.09074321389198303,0.11892883479595184,0.07699254155158997,0.007312848698347807,
719,59,Run In Place With Arm Swing,550,439,1.218329906463623,0.8570789694786072,1.6832513809204102,0.09542358666658401,0.11462179571390152,0.08042527735233307,0.008232017047703266,
720,0,Svend Press,550,550,1.3378000259399414,0.9442449808120728,1.762529730796814,0.12245591729879379,0.15711484849452972,0.07429194450378418,0.029932135716080666,
721,0,Svend Press,550,550,1.2137199640274048,1.0113539695739746,1.7133564949035645,0.11980140209197998,0.15815860033035278,0.07681107521057129,0.0325479581952095,
722,0,Svend Press,550,550,1.1333000659942627,0.9680509567260742,1.7322840690612793,0.1208973154425621,0.15455757081508636,0.07306288182735443,0.028109963983297348,
723,1,Kneeling Push-ups,550,550,1.25586998462677,1.6444950103759766,1.696150779724121,0.2057162970304489,0.24841725826263428,0.08359968662261963,0.036524247378110886,
724,1,Kneeling Push-ups,550,550,1.3193800449371338,1.5914390087127686,1.7232885360717773,0.19886274635791779,0.24096086621284485,0.07636043429374695,0.03853253275156021,
725,1,Kneeling Push-ups,550,550,1.121999979019165,1.6975899934768677,1.6899906396865845,0.24148449301719666,0.3030150234699249,0.07980091869831085,0.045700740069150925,
726,2,Standing Straight-arm Chest Press With Resistance Band,550,550,1.7701499462127686,1.0242040157318115,1.7967274188995361,0.17309197783470154,0.20539826154708862,0.1026473268866539,0.024890350177884102,
727,2,Standing Straight-arm Chest Press With Resistance Band,550,550,1.7662099599838257,0.9728269577026367,1.7490848302841187,0.16906477510929108,0.19980134069919586,0.11939138919115067,0.024515120312571526,
728,2,Standing Straight-arm Chest Press With Resistance Band,550,550,1.7653599977493286,0.9186480045318604,1.7140939235687256,0.1651458591222763,0.1981169581413269,0.11450523138046265,0.02434672601521015,
729,3,Small Dumbbell Floor Flies,550,550,1.756909966468811,1.9332139492034912,1.7341423034667969,0.2020866572856903,0.29276174306869507,0.10354962944984436,0.09441176801919937,
730,3,Small Dumbbell Floor Flies,550,550,1.7647299766540527,1.922605037689209,1.7322916984558105,0.1870085597038269,0.2815185487270355,0.09245316684246063,0.10071911662817001,
731,3,Small Dumbbell Floor Flies,550,550,1.7189899682998657,1.9537999629974365,1.7297587394714355,0.16466744244098663,0.28434088826179504,0.09392174333333969,0.11220910400152206,
732,4,Chest Fly,550,550,1.0328700542449951,1.1153700351715088,2.253605365753174,0.16273829340934753,0.19100727140903473,0.09431393444538116,0.043996699154376984,
733,4,Chest Fly,550,550,1.0436700582504272,1.1467880010604858,2.2570109367370605,0.1629146784543991,0.19089291989803314,0.08880634605884552,0.04532560706138611,
734,4,Chest Fly,550,550,0.9975800514221191,1.163341999053955,2.2686314582824707,0.16616639494895935,0.1885424554347992,0.09601736813783646,0.04543812945485115,
735,5,Push-ups,550,550,1.0285199880599976,1.678737998008728,1.6949772834777832,0.24172435700893402,0.2956028878688812,0.08325086534023285,0.04571881890296936,
736,5,Push-ups,550,550,1.0249199867248535,1.6456520557403564,1.7210235595703125,0.27956610918045044,0.34003743529319763,0.07854723930358887,0.04420782998204231,
737,5,Push-ups,550,550,1.0992999076843262,1.7114880084991455,1.6998260021209717,0.2650129199028015,0.3260517716407776,0.09648776054382324,0.050988998264074326,
738,6,Bent-over W-shape Stretch,550,550,1.3117200136184692,0.6777529716491699,1.676562786102295,0.10183994472026825,0.1310977190732956,0.0753299668431282,0.010968214832246304,
739,6,Bent-over W-shape Stretch,550,550,1.3365800380706787,0.7317450046539307,1.6564197540283203,0.09864521026611328,0.12997327744960785,0.07411295920610428,0.010684062726795673,
740,6,Bent-over W-shape Stretch,550,550,1.3747400045394897,0.6700619459152222,1.6514629125595093,0.10120382159948349,0.13474878668785095,0.07818692177534103,0.010167699307203293,
741,7,Bent-over Y-shape Stretch,550,550,1.3804199695587158,1.1363389492034912,1.8043570518493652,0.10681488364934921,0.15735547244548798,0.0714002475142479,0.032217513769865036,
742,7,Bent-over Y-shape Stretch,550,550,1.2551699876785278,1.105360984802246,1.9220703840255737,0.1170041412115097,0.1672893762588501,0.07904676347970963,0.030864428728818893,
743,7,Bent-over Y-shape Stretch,550,550,1.2576699256896973,1.1217809915542603,1.9334437847137451,0.1095818281173706,0.16715030372142792,0.07230554521083832,0.031904030591249466,
744,8,Bent-over A-shape Stretch,550,550,1.4479999542236328,1.1770119667053223,1.6585735082626343,0.10676269233226776,0.13780727982521057,0.0776805505156517,0.031168941408395767,
745,8,Bent-over A-shape Stretch,550,550,1.1355400085449219,1.2001680135726929,1.6624925136566162,0.102477066218853,0.12455254793167114,0.08079510927200317,0.02784653939306736,
746,8,Bent-over A-shape Stretch,550,550,1.1728500127792358,1.1538419723510742,1.6586453914642334,0.10481876879930496,0.12152880430221558,0.08114458620548248,0.03127169609069824,
747,9,Squat With Arm Lift,550,550,1.5736700296401978,0.861240029335022,1.7442030906677246,0.14477787911891937,0.18343952298164368,0.08174213767051697,0.044918496161699295,
748,9,Squat With Arm Lift,550,550,1.4440799951553345,0.898285984992981,1.7524341344833374,0.13836759328842163,0.17086909711360931,0.08255962282419205,0.052318986505270004,
749,9,Squat With Arm Lift,550,550,1.4245600700378418,0.7881510257720947,1.7585828304290771,0.1424468457698822,0.16469122469425201,0.08051635324954987,0.0531231127679348,
750,10,Breaststroke Arm Pull,550,550,1.7185499668121338,2.3453168869018555,1.7045761346817017,0.3001730740070343,0.48233890533447266,0.0885138139128685,0.07434291392564774,
751,10,Breaststroke Arm Pull,550,550,1.7344999313354492,2.359173059463501,1.7111514806747437,0.31647032499313354,0.510399580001831,0.08337122946977615,0.07804207503795624,
752,10,Breaststroke Arm Pull,550,550,1.7603099346160889,2.3585410118103027,1.6934247016906738,0.3195524513721466,0.4913318455219269,0.08639860153198242,0.07167596369981766,
753,11,Prone Y-shape Stretch,550,550,1.2201600074768066,2.2823989391326904,1.717397928237915,0.3666209280490875,0.49763941764831543,0.08252151310443878,0.07513166964054108,
754,11,Prone Y-shape Stretch,550,550,1.249190092086792,2.224302053451538,1.723456859588623,0.36730751395225525,0.5193240642547607,0.0873558297753334,0.08670610934495926,
755,11,Prone Y-shape Stretch,550,550,1.0953700542449951,2.287698984146118,1.7417652606964111,0.34831732511520386,0.49370720982551575,0.07848309725522995,0.07904940098524094,
756,12,Lateral Raise Forward Circles,550,550,1.7742900848388672,0.8081470131874084,1.8573447465896606,0.17918556928634644,0.22430358827114105,0.09763390570878983,0.00947558879852295,
757,12,Lateral Raise Forward Circles,550,550,1.7519299983978271,0.698091983795166,1.8078436851501465,0.1740923523902893,0.2220577746629715,0.09909902513027191,0.010689827613532543,
758,12,Lateral Raise Forward Circles,550,550,1.7488899230957031,0.7646239995956421,1.8724596500396729,0.18548525869846344,0.22966384887695312,0.09977354854345322,0.009323809295892715,
759,13,Lateral Raise Backward Circles,550,550,1.746340036392212,0.7919399738311768,1.9671926498413086,0.185701385140419,0.24247990548610687,0.09547791630029678,0.010509861633181572,
760,13,Lateral Raise Backward Circles,550,450,1.7422199249267578,0.990556001663208,1.9633184671401978,0.17736922204494476,0.23583297431468964,0.09019741415977478,0.016627270728349686,
761,13,Lateral Raise Backward Circles,550,550,1.737410068511963,0.8734350204467773,1.952279806137085,0.18615426123142242,0.23508986830711365,0.09622956812381744,0.011746800504624844,
762,14,Lying Shoulder Joint Upward Round,550,550,1.6822099685668945,2.3191769123077393,1.7566180229187012,0.2255336344242096,0.31903713941574097,0.09768186509609222,0.10658012330532074,
763,14,Lying Shoulder Joint Upward Round,550,550,1.7019400596618652,2.3464009761810303,1.7553129196166992,0.19399769604206085,0.29083919525146484,0.08749249577522278,0.09475640952587128,
764,14,Lying Shoulder Joint Upward Round,550,550,1.7223200798034668,2.350148916244507,1.7578535079956055,0.21866650879383087,0.300891637802124,0.10105481743812561,0.09588742256164551,
765,15,Lying Shoulder Joint Downward Round,550,550,1.7150700092315674,2.3308701515197754,1.7791399955749512,0.21839676797389984,0.3165108859539032,0.09228216856718063,0.0969252660870552,
766,15,Lying Shoulder Joint Downward Round,550,550,1.7776199579238892,2.341607093811035,1.7820221185684204,0.21233148872852325,0.3095739781856537,0.08872672915458679,0.0996108278632164,
767,15,Lying Shoulder Joint Downward Round,550,550,1.7442600727081299,2.3402750492095947,1.760699987411499,0.196832075715065,0.31037333607673645,0.08457162976264954,0.10617945343255997,
768,16,Bare-handed Full Lateral Raise,550,550,1.7623999118804932,0.4467580020427704,2.2566182613372803,0.1738358438014984,0.24904470145702362,0.08773447573184967,0.03871387615799904,
769,16,Bare-handed Full Lateral Raise,550,550,1.7769200801849365,0.33675599098205566,2.2618088722229004,0.1754428744316101,0.25275471806526184,0.0860276073217392,0.03807620704174042,
770,16,Bare-handed Full Lateral Raise,550,550,1.7816600799560547,0.34819501638412476,2.25836443901062,0.17605262994766235,0.25683626532554626,0.08691131323575974,0.03828049823641777,
771,17,Bare-handed Cuban Press,550,550,1.2912299633026123,0.5590810179710388,2.243666648864746,0.16340237855911255,0.24500536918640137,0.08660099655389786,0.026931865140795708,
772,17,Bare-handed Cuban Press,550,550,1.3018699884414673,0.6792310476303101,2.2750561237335205,0.15299531817436218,0.2539747953414917,0.08702144026756287,0.029805071651935577,
773,17,Bare-handed Cuban Press,550,550,1.3875501155853271,0.599265992641449,2.2522785663604736,0.1522841900587082,0.24776984751224518,0.08703833818435669,0.029797865077853203,
774,18,Fortune Cat,550,550,1.3449699878692627,0.603119969367981,1.931429386138916,0.1540907472372055,0.19023369252681732,0.11618680506944656,0.010900208726525307,
775,18,Fortune Cat,550,550,1.1298201084136963,0.6141809821128845,1.947938323020935,0.1530582159757614,0.19646288454532623,0.10954122990369797,0.012372948229312897,
776,18,Fortune Cat,550,550,1.1162300109863281,0.6692079901695251,1.992081880569458,0.15828028321266174,0.20577363669872284,0.10305441170930862,0.0137140778824687,
777,19,Dumbbell Curls,550,550,1.5488700866699219,0.7003929615020752,1.7108585834503174,0.10814446955919266,0.14840681850910187,0.0802491158246994,0.02220381796360016,
778,19,Dumbbell Curls,550,550,1.1248500347137451,0.6728489995002747,1.6941183805465698,0.10173459351062775,0.1330317258834839,0.0783180445432663,0.01980556733906269,
779,19,Dumbbell Curls,550,550,1.169260025024414,0.668578028678894,1.6917824745178223,0.10184108465909958,0.13217300176620483,0.08131888508796692,0.018797609955072403,
780,20,Alternate Dumbbell Curls,550,550,1.2360299825668335,0.7339500188827515,1.6879016160964966,0.10018238425254822,0.13799931108951569,0.07973964512348175,0.016990695148706436,
781,20,Alternate Dumbbell Curls,550,550,0.9717100262641907,0.7229740023612976,1.6881070137023926,0.09914916753768921,0.13199952244758606,0.07859646528959274,0.015386052429676056,
782,20,Alternate Dumbbell Curls,550,550,0.9392900466918945,0.6922240257263184,1.6643800735473633,0.09959008544683456,0.13284501433372498,0.07830154895782471,0.01633320190012455,
783,21,Right-side Kettlebell Bent-over Row,550,550,0.9407700300216675,1.1099539995193481,1.6974244117736816,0.0887717679142952,0.10309703648090363,0.07184474170207977,0.012550828978419304,
784,21,Right-side Kettlebell Bent-over Row,550,550,1.0269399881362915,1.2938339710235596,1.6978416442871094,0.08963476121425629,0.12615685164928436,0.07518130540847778,0.0153841907158494,
785,21,Right-side Kettlebell Bent-over Row,550,550,0.9719399809837341,1.4207520484924316,1.6962584257125854,0.09094445407390594,0.12863968312740326,0.0784495398402214,0.017639294266700745,
786,22,Wrist Joint Warm-up,550,534,1.1368999481201172,0.7357079982757568,1.6502271890640259,0.11021824926137924,0.12271111458539963,0.0918847918510437,0.008853730745613575,
787,22,Wrist Joint Warm-up,550,550,0.9712100028991699,0.5656440258026123,1.6517372131347656,0.11011777073144913,0.1197432354092598,0.10240483283996582,0.003991450648754835,
788,22,Wrist Joint Warm-up,550,480,0.9851199984550476,0.6302869915962219,1.6523714065551758,0.10873433947563171,0.1210029199719429,0.09216085076332092,0.008114167489111423,
789,23,Right-side Bent-over Tricep Extension With Resistance Band,550,550,0.9143400192260742,0.9126349687576294,1.6594700813293457,0.08284440636634827,0.1026318222284317,0.07035522162914276,0.008070909418165684,
790,23,Right-side Bent-over Tricep Extension With Resistance Band,550,550,0.7491999864578247,0.924949049949646,1.6749377250671387,0.07910118997097015,0.09553105384111404,0.06641276925802231,0.007933566346764565,
791,23,Right-side Bent-over Tricep Extension With Resistance Band,550,550,0.726419985294342,0.9062999486923218,1.6789401769638062,0.07631070166826248,0.09264648705720901,0.06549856066703796,0.007960041053593159,
792,24,Bent-over Dumbbell Tricep Extension,550,550,1.1531699895858765,0.8982399702072144,1.6832276582717896,0.08589322119951248,0.13386289775371552,0.06831715255975723,0.01882326416671276,
793,24,Bent-over Dumbbell Tricep Extension,550,550,1.0191199779510498,0.9233709573745728,1.672701120376587,0.0905914157629013,0.14491944015026093,0.07624506205320358,0.01930130459368229,
794,24,Bent-over Dumbbell Tricep Extension,550,550,1.0235099792480469,0.9099469780921936,1.663468360900879,0.09121737629175186,0.1400647759437561,0.076829694211483,0.018513968214392662,
795,25,Nod And Raise Head,550,550,1.2967100143432617,0.37799501419067383,1.8342483043670654,0.12784364819526672,0.14294621348381042,0.10175568610429764,0.002464636228978634,
796,25,Nod And Raise Head,550,550,1.2134599685668945,0.5216270089149475,1.9190411567687988,0.1268632709980011,0.1478409469127655,0.10599516332149506,0.0030748096760362387,
797,25,Nod And Raise Head,550,550,1.4374200105667114,0.3560280203819275,1.8589674234390259,0.12989741563796997,0.1483672708272934,0.125696063041687,0.0030453582294285297,
798,26,Two-way Head Turn,550,550,1.3748300075531006,0.31766799092292786,1.6465826034545898,0.09602199494838715,0.12997449934482574,0.0951126292347908,7.786443165969104e-05,
799,26,Two-way Head Turn,550,550,0.8036800026893616,0.29548999667167664,1.6489009857177734,0.09591058641672134,0.09693828225135803,0.0950896143913269,9.408658661413938e-05,
800,26,Two-way Head Turn,550,550,0.8752399682998657,0.2855989933013916,1.6485923528671265,0.09752088785171509,0.09902480989694595,0.09445349127054214,6.054456753190607e-05,
801,27,Shrug And Sink The Shoulders,550,550,0.7972099781036377,0.31109899282455444,1.6577799320220947,0.09232896566390991,0.09630221873521805,0.08945010602474213,0.00017711824330035597,
802,27,Shrug And Sink The Shoulders,550,550,1.0125799179077148,0.3364499807357788,1.6593185663223267,0.09528278559446335,0.10846313834190369,0.08998681604862213,0.0004615789221134037,
803,27,Shrug And Sink The Shoulders,550,550,1.097309947013855,0.3448770046234131,1.6610186100006104,0.09869526326656342,0.11203652620315552,0.09088464081287384,0.0009303947445005178,
804,28,Four-way Nod Head,550,550,0.9830900430679321,0.29451701045036316,1.650834083557129,0.09962816536426544,0.10354557633399963,0.09687954932451248,0.00015641347272321582,
805,28,Four-way Nod Head,550,550,1.1580300331115723,0.3033219873905182,1.6511706113815308,0.08940817415714264,0.1149083822965622,0.0862528532743454,0.0011757134925574064,
806,28,Four-way Nod Head,550,550,1.1188600063323975,0.32808101177215576,1.6556404829025269,0.08887727558612823,0.1116432175040245,0.08573239296674728,0.0012704766122624278,
807,29,Lying Alternate Upper-half Leg Raise,550,550,1.14847993850708,1.7267969846725464,1.7566757202148438,0.17956407368183136,0.23461662232875824,0.0909251943230629,0.06985750049352646,
808,29,Lying Alternate Upper-half Leg Raise,550,550,0.9692399501800537,1.755605936050415,1.744018793106079,0.17118890583515167,0.26191145181655884,0.09195714443922043,0.06576700508594513,
809,29,Lying Alternate Upper-half Leg Raise,550,550,1.0147900581359863,1.7829420566558838,1.730119228363037,0.18261301517486572,0.2942878305912018,0.09378105401992798,0.09015737473964691,
810,30,Half Roll Back,550,550,0.9891999959945679,1.345939040184021,1.6955695152282715,0.13516105711460114,0.2071208655834198,0.08807016909122467,0.02329210750758648,
811,30,Half Roll Back,550,550,0.9387999773025513,1.1786739826202393,1.695899248123169,0.1467892974615097,0.20884709060192108,0.08953636884689331,0.020480703562498093,
812,30,Half Roll Back,550,550,1.0354599952697754,1.171638011932373,1.6938207149505615,0.16480796039104462,0.22450660169124603,0.09042234718799591,0.027937939390540123,
813,31,Kneeling Right-side Torso Twist,550,550,0.7698000073432922,1.5446441173553467,1.6935282945632935,0.22629138827323914,0.2886558771133423,0.08526721596717834,0.03300470486283302,
814,31,Kneeling Right-side Torso Twist,550,550,0.7919899821281433,1.5663299560546875,1.7093970775604248,0.2175510972738266,0.27967533469200134,0.08113066852092743,0.03673281520605087,
815,31,Kneeling Right-side Torso Twist,550,550,0.8289099931716919,1.4549130201339722,1.7392737865447998,0.19489462673664093,0.2540377080440521,0.0819639042019844,0.037931159138679504,
816,32,Left-side Knee Raise And Abdominal Muscles Contract,550,550,1.3834400177001953,0.5414539575576782,2.283475399017334,0.14421933889389038,0.17477501928806305,0.0890413373708725,0.015876704826951027,
817,32,Left-side Knee Raise And Abdominal Muscles Contract,550,550,1.5039100646972656,0.44835400581359863,2.2902989387512207,0.14476914703845978,0.17655585706233978,0.09832339733839035,0.014198808930814266,
818,32,Left-side Knee Raise And Abdominal Muscles Contract,550,550,1.4045100212097168,0.5075539946556091,2.2954163551330566,0.14538107812404633,0.17624932527542114,0.09400369971990585,0.015455266460776329,
819,33,Kneeling Right Leg Backward Stretch,550,550,1.0299700498580933,1.7929580211639404,1.692482829093933,0.2348194122314453,0.2685788869857788,0.08555111289024353,0.04180445149540901,
820,33,Kneeling Right Leg Backward Stretch,550,550,0.9221999645233154,1.744573950767517,1.7004594802856445,0.2656635642051697,0.293178915977478,0.08362269401550293,0.02631443180143833,
821,33,Kneeling Right Leg Backward Stretch,550,550,0.9139100313186646,1.772745966911316,1.6859673261642456,0.24924378097057343,0.2858435809612274,0.08527393639087677,0.04007789492607117,
822,34,Kneeling Right Arm Raise,550,550,0.9068199396133423,1.9440960884094238,1.731025218963623,0.24936772882938385,0.3007609248161316,0.08765101432800293,0.03580213710665703,
823,34,Kneeling Right Arm Raise,550,550,0.784529983997345,2.0036988258361816,1.716159462928772,0.23701943457126617,0.28927862644195557,0.08206256479024887,0.04029873386025429,
824,34,Kneeling Right Arm Raise,550,550,0.7572399973869324,1.915605068206787,1.7041292190551758,0.22673045098781586,0.2682328224182129,0.07845070213079453,0.03355978801846504,
825,35,Shoulder Bridge,550,550,1.1250200271606445,1.5177459716796875,1.7393887042999268,0.22571930289268494,0.26601314544677734,0.0869588851928711,0.05479711666703224,
826,35,Shoulder Bridge,550,550,1.0910899639129639,1.7894079685211182,1.721635103225708,0.19918908178806305,0.2859024405479431,0.09563697874546051,0.0741545706987381,
827,35,Shoulder Bridge,550,550,1.2292499542236328,1.7473599910736084,1.7201095819473267,0.20965173840522766,0.29472535848617554,0.09252907335758209,0.06984522938728333,
828,36,Prone Press-ups,550,550,1.1269999742507935,1.841676950454712,1.683982253074646,0.28134942054748535,0.3450700640678406,0.09272503852844238,0.05201447755098343,
829,36,Prone Press-ups,550,550,1.0366899967193604,1.8893499374389648,1.7349436283111572,0.2870689928531647,0.35048776865005493,0.08280041813850403,0.05323140323162079,
830,36,Prone Press-ups,550,550,1.14860999584198,1.910964012145996,1.7140100002288818,0.32187551259994507,0.40111014246940613,0.08273691684007645,0.06094804033637047,
831,37,Bent-over Torso Rotation,550,550,1.2503199577331543,0.766605019569397,1.6730046272277832,0.07899214327335358,0.1191086694598198,0.06967968493700027,0.006012446247041225,
832,37,Bent-over Torso Rotation,550,550,0.9391199946403503,0.8271219730377197,1.6809675693511963,0.08060993254184723,0.102542944252491,0.0722937360405922,0.007268100511282682,
833,37,Bent-over Torso Rotation,550,550,0.909809947013855,0.7739660143852234,1.6842238903045654,0.08339986950159073,0.10145615041255951,0.07392027229070663,0.007809022441506386,
834,38,Lying Arm Pull,550,550,1.1009700298309326,2.2580440044403076,1.792820692062378,0.24724234640598297,0.31025126576423645,0.09363485127687454,0.08830965310335159,
835,38,Lying Arm Pull,550,550,1.7312300205230713,2.2876839637756348,1.8124430179595947,0.25186070799827576,0.30747348070144653,0.09399672597646713,0.08410976082086563,
836,38,Lying Arm Pull,550,550,1.7506099939346313,2.2870378494262695,1.7890543937683105,0.23144841194152832,0.28871825337409973,0.09149416536092758,0.08600393682718277,
837,39,Prone Press Up With Torso Rotation,550,550,0.9488700032234192,1.9356040954589844,1.7373263835906982,0.26869556307792664,0.36852315068244934,0.08025898784399033,0.07256539911031723,
838,39,Prone Press Up With Torso Rotation,550,550,0.945080041885376,1.9958360195159912,1.7112129926681519,0.2417563647031784,0.3440469205379486,0.07751721888780594,0.0808442085981369,
839,39,Prone Press Up With Torso Rotation,550,550,0.9732300043106079,1.9071569442749023,1.7061400413513184,0.3187006711959839,0.38104361295700073,0.08380642533302307,0.04105435311794281,
840,40,Breaststroke Push-ups,550,550,1.0961799621582031,2.3241569995880127,1.6947197914123535,0.35140615701675415,0.5012598037719727,0.08986683189868927,0.060994721949100494,
841,40,Breaststroke Push-ups,550,550,1.317139983177185,2.3451430797576904,1.696277379989624,0.3345398008823395,0.49669113755226135,0.08354870229959488,0.07557236403226852,
842,40,Breaststroke Push-ups,550,550,1.0015100240707397,2.3447670936584473,1.70648992061615,0.31260499358177185,0.494646817445755,0.08427973091602325,0.06519311666488647,
843,41,Sit-ups,550,550,1.0783900022506714,2.477290153503418,1.7776150703430176,0.22406238317489624,0.32164716720581055,0.09816548973321915,0.11061668395996094,
844,41,Sit-ups,550,550,1.0466300249099731,2.3501739501953125,1.8061013221740723,0.19589008390903473,0.30013254284858704,0.10127926617860794,0.11866559088230133,
845,41,Sit-ups,550,550,1.1638000011444092,2.423722982406616,1.815295696258545,0.18794947862625122,0.3087083399295807,0.08870526403188705,0.11051717400550842,
846,42,Side-lying Left Leg Forward Raise,550,550,1.1352899074554443,1.7626969814300537,1.7556965351104736,0.1828857958316803,0.21748797595500946,0.09019723534584045,0.06093169376254082,
847,42,Side-lying Left Leg Forward Raise,550,550,1.1233400106430054,1.822970986366272,1.7367455959320068,0.19313086569309235,0.2403571754693985,0.09446896612644196,0.06811904162168503,
848,42,Side-lying Left Leg Forward Raise,550,550,1.1409599781036377,1.7425570487976074,1.7284400463104248,0.19720087945461273,0.2496829777956009,0.09382517635822296,0.0775575041770935,
849,43,Right Leg Reverse Lunge,550,550,0.9117199778556824,1.1029750108718872,1.7577917575836182,0.08916795253753662,0.11414019018411636,0.07589784264564514,0.018844638019800186,
850,43,Right Leg Reverse Lunge,550,550,0.9736700057983398,1.175940990447998,1.7488945722579956,0.08939134329557419,0.10993282496929169,0.07467877119779587,0.020181873813271523,
851,43,Right Leg Reverse Lunge,550,550,1.0356800556182861,1.1857830286026,1.7564716339111328,0.09007486701011658,0.10459478944540024,0.07807512581348419,0.021511610597372055,
852,44,Kneeling Left Knee Lift,550,550,0.9521799683570862,1.6126089096069336,1.675692081451416,0.25406110286712646,0.28897783160209656,0.08614394813776016,0.03465420752763748,
853,44,Kneeling Left Knee Lift,550,550,0.8839399814605713,1.5961339473724365,1.6835676431655884,0.23050156235694885,0.26732006669044495,0.07933726161718369,0.0396183505654335,
854,44,Kneeling Left Knee Lift,550,550,0.9885900020599365,1.5001730918884277,1.6793584823608398,0.25847700238227844,0.2914547324180603,0.08687186986207962,0.0350395143032074,
855,45,Alternate Reverse Lunge,550,550,0.9631999731063843,1.2066730260849,1.742118000984192,0.08975957334041595,0.10292325168848038,0.08160090446472168,0.020145611837506294,
856,45,Alternate Reverse Lunge,550,550,0.9701399803161621,1.1898939609527588,1.7559998035430908,0.09081028401851654,0.10197403281927109,0.08196351677179337,0.023105299100279808,
857,45,Alternate Reverse Lunge,550,550,0.9758899807929993,1.1656910181045532,1.740443229675293,0.09045736491680145,0.10203133523464203,0.08543483167886734,0.022411983460187912,
858,46,Side-lying Right Leg Backward Kick,550,550,1.288450002670288,2.062217950820923,1.7076444625854492,0.18796813488006592,0.30454349517822266,0.09284649789333344,0.08106953650712967,
859,46,Side-lying Right Leg Backward Kick,550,550,1.277519941329956,2.0187549591064453,1.719555377960205,0.1831570714712143,0.2589651346206665,0.09252174943685532,0.07699322700500488,
860,46,Side-lying Right Leg Backward Kick,550,550,1.2999800443649292,1.9599149227142334,1.7128963470458984,0.1707637757062912,0.24772723019123077,0.09097569435834885,0.0857405960559845,
861,47,Left Leg Lunge With Knee Lift,550,550,1.312540054321289,1.5546109676361084,1.70076584815979,0.09205608069896698,0.12463586032390594,0.07348493486642838,0.019388088956475258,
862,47,Left Leg Lunge With Knee Lift,550,550,1.2990400791168213,1.5060750246047974,1.7097182273864746,0.08782681822776794,0.12283911556005478,0.07179317623376846,0.021095922216773033,
863,47,Left Leg Lunge With Knee Lift,550,550,1.24468994140625,1.5324549674987793,1.7047871351242065,0.08757305145263672,0.11988020688295364,0.07159765064716339,0.02148118056356907,
864,48,Sumo Squat,550,550,1.176800012588501,0.6752380132675171,1.7395174503326416,0.10537391155958176,0.13326366245746613,0.08367235958576202,0.01474687922745943,
865,48,Sumo Squat,550,550,0.9852799773216248,0.7458599805831909,1.6950660943984985,0.10344889760017395,0.1296740621328354,0.08085304498672485,0.014941883273422718,
866,48,Sumo Squat,550,550,1.004810094833374,0.6836110353469849,1.7149136066436768,0.1053636446595192,0.12970170378684998,0.0866108238697052,0.01440904475748539,
867,49,Straight Leg Calf Raise,550,550,0.9329299926757812,0.371396005153656,1.7173044681549072,0.08945130556821823,0.1032504290342331,0.08717110753059387,0.0009818717371672392,
868,49,Straight Leg Calf Raise,550,523,0.971280038356781,0.5188510417938232,1.7255123853683472,0.09207414090633392,0.10054618865251541,0.08704964071512222,0.0029374570585787296,
869,49,Straight Leg Calf Raise,550,550,0.878030002117157,0.5105940103530884,1.7240803241729736,0.09191276133060455,0.10096994042396545,0.08832596242427826,0.0025281014386564493,
870,50,Squat Jump,550,550,1.3676800727844238,1.2166049480438232,1.7979953289031982,0.11477556079626083,0.1562676876783371,0.08374247699975967,0.02636215277016163,
871,50,Squat Jump,550,550,1.5885000228881836,1.220986008644104,1.7903856039047241,0.12030553817749023,0.15745867788791656,0.08432520180940628,0.029836604371666908,
872,50,Squat Jump,550,550,1.3898499011993408,1.2858710289001465,1.7939767837524414,0.1183435320854187,0.1524982750415802,0.08897791057825089,0.029841918498277664,
873,51,Squat With Alternate Knee Lift,550,550,1.3901400566101074,0.8358279466629028,1.7046840190887451,0.08952432870864868,0.13024263083934784,0.07595203071832657,0.01890387199819088,
874,51,Squat With Alternate Knee Lift,550,550,1.054189920425415,0.7556800246238708,1.7275944948196411,0.0911865383386612,0.12457473576068878,0.07658466696739197,0.022522294893860817,
875,51,Squat With Alternate Knee Lift,550,550,0.9933199882507324,0.8070100545883179,1.741509199142456,0.09577257931232452,0.12391149997711182,0.07945749908685684,0.023370487615466118,
876,52,Standing Alternate Butt Kick,550,550,1.0654699802398682,0.8777340054512024,1.6533122062683105,0.08483489602804184,0.09775733947753906,0.07119962573051453,0.007921736687421799,
877,52,Standing Alternate Butt Kick,550,550,1.056999921798706,0.9461069703102112,1.6620569229125977,0.08845296502113342,0.09610728174448013,0.07675545662641525,0.008259022608399391,
878,52,Standing Alternate Butt Kick,550,550,0.9843199849128723,0.958698034286499,1.659509539604187,0.08666670322418213,0.09862718731164932,0.07051096111536026,0.006957673933357,
879,53,Knee Warm-up,550,550,0.7885600328445435,0.6641930341720581,1.7051806449890137,0.07730559259653091,0.0967496857047081,0.06863941997289658,0.006313474848866463,
880,53,Knee Warm-up,550,550,0.760159969329834,0.7476480007171631,1.7273719310760498,0.07983516901731491,0.09981062263250351,0.06813874840736389,0.006787910591810942,
881,53,Knee Warm-up,550,550,0.783210039138794,0.6976369619369507,1.7362377643585205,0.07857300341129303,0.09585343301296234,0.06684858351945877,0.0062499986961483955,
882,54,Butt Kicks,550,512,1.271049976348877,0.8761399984359741,1.7880499362945557,0.08519969880580902,0.11656837165355682,0.06266191601753235,0.011347487568855286,
883,54,Butt Kicks,550,520,1.3115099668502808,1.2898370027542114,1.806887149810791,0.09886367619037628,0.14997616410255432,0.06261900812387466,0.022730795666575432,
884,54,Butt Kicks,550,511,1.3124300241470337,1.3917779922485352,1.8183037042617798,0.09953461587429047,0.17295442521572113,0.06380051374435425,0.023416081443428993,
885,55,Jump Left and Right,550,550,1.1917200088500977,0.838919997215271,1.8129559755325317,0.10807502269744873,0.1423308253288269,0.08540281653404236,0.012270627543330193,
886,55,Jump Left and Right,550,474,0.955049991607666,0.7502819895744324,1.8299543857574463,0.10599905997514725,0.1314542293548584,0.08990082144737244,0.01208233367651701,
887,55,Jump Left and Right,550,489,0.9361599683761597,0.8034379482269287,1.8219356536865234,0.10555382817983627,0.12878745794296265,0.08923771232366562,0.011840795166790485,
888,56,Jumping Jacks,550,473,1.7947800159454346,0.7680720090866089,2.3267481327056885,0.17662166059017181,0.31289559602737427,0.08273657411336899,0.04139312729239464,
889,56,Jumping Jacks,550,466,1.894700050354004,0.6833769679069519,2.3692474365234375,0.16724030673503876,0.28157171607017517,0.08236872404813766,0.04150507226586342,
890,56,Jumping Jacks,550,452,1.8366100788116455,0.7815760374069214,2.3680124282836914,0.1755622923374176,0.29797637462615967,0.08615084737539291,0.04503447189927101,
891,57,High Knee,550,474,0.9217900037765503,1.5577709674835205,1.820430040359497,0.11783727258443832,0.20883145928382874,0.08275669068098068,0.03411182388663292,
892,57,High Knee,550,530,0.9292800426483154,1.3581879138946533,1.8259716033935547,0.1071610078215599,0.15621325373649597,0.07839743047952652,0.026649078354239464,
893,57,High Knee,550,449,1.0202000141143799,1.2164620161056519,1.8185570240020752,0.0943453460931778,0.1238178014755249,0.07757583260536194,0.017175568267703056,
894,58,Clap Jacks,550,550,1.9022600650787354,1.568444013595581,1.8795002698898315,0.16052725911140442,0.2053360939025879,0.09713191539049149,0.034004922956228256,
895,58,Clap Jacks,550,477,1.9022200107574463,1.2579749822616577,1.9923686981201172,0.16626037657260895,0.22886869311332703,0.09538449347019196,0.036084871739149094,
896,58,Clap Jacks,550,527,1.8821899890899658,1.4096590280532837,1.9206433296203613,0.15939785540103912,0.20288154482841492,0.10111118853092194,0.034420374780893326,
897,59,Run In Place With Arm Swing,550,451,0.8718600273132324,0.8051190376281738,1.737386703491211,0.09695027768611908,0.1049460843205452,0.08777078241109848,0.006137925665825605,
898,59,Run In Place With Arm Swing,550,440,0.9108599424362183,0.8693909645080566,1.7723019123077393,0.09251269698143005,0.09941410273313522,0.08260568976402283,0.007275056093931198,
899,59,Run In Place With Arm Swing,550,464,0.8928999900817871,0.9182310104370117,1.7181789875030518,0.09151767939329147,0.10198842734098434,0.08406542241573334,0.006892653182148933,
900,0,Svend Press,550,550,1.2950999736785889,1.0226809978485107,1.6729581356048584,0.12409791350364685,0.15102511644363403,0.08074860274791718,0.0213564932346344,
901,0,Svend Press,550,550,1.288909912109375,1.0260590314865112,1.6804711818695068,0.12587083876132965,0.15616005659103394,0.08437297493219376,0.02226432040333748,
902,0,Svend Press,550,550,1.2232099771499634,1.0170170068740845,1.663846731185913,0.12443553656339645,0.152873694896698,0.0836060494184494,0.022200822830200195,
903,1,Kneeling Push-ups,550,550,1.194200038909912,1.634840965270996,1.6800510883331299,0.34399861097335815,0.4443347752094269,0.09071844071149826,0.04441529139876366,
904,1,Kneeling Push-ups,550,550,0.9967700242996216,1.6682379245758057,1.6849877834320068,0.32123398780822754,0.41911691427230835,0.08439433574676514,0.0461353063583374,
905,1,Kneeling Push-ups,550,550,1.004040002822876,1.665165901184082,1.67350172996521,0.34532788395881653,0.438658207654953,0.09368659555912018,0.05261584743857384,
906,2,Standing Straight-arm Chest Press With Resistance Band,550,550,1.745300054550171,1.0117130279541016,1.6856927871704102,0.1646091490983963,0.20027321577072144,0.09745777398347855,0.020838188007473946,
907,2,Standing Straight-arm Chest Press With Resistance Band,550,550,1.7333500385284424,0.949105978012085,1.641929030418396,0.1649819165468216,0.19432245194911957,0.1182512640953064,0.019409282132983208,
908,2,Standing Straight-arm Chest Press With Resistance Band,550,550,1.736930012702942,0.8895379900932312,1.6425909996032715,0.1636122763156891,0.1924571841955185,0.12407263368368149,0.018940486013889313,
909,3,Small Dumbbell Floor Flies,550,550,1.792389988899231,2.002859115600586,1.6842162609100342,0.19888296723365784,0.32648009061813354,0.09491606801748276,0.06605991721153259,
910,3,Small Dumbbell Floor Flies,550,550,1.7771799564361572,1.834529995918274,1.6939177513122559,0.20846521854400635,0.29471850395202637,0.09369169920682907,0.0633598193526268,
911,3,Small Dumbbell Floor Flies,550,550,1.7871299982070923,1.9302339553833008,1.7101014852523804,0.20857834815979004,0.32824942469596863,0.09742462635040283,0.06766652315855026,
912,4,Chest Fly,550,550,1.076050043106079,1.0541629791259766,2.1096556186676025,0.15468186140060425,0.1718187779188156,0.10574416816234589,0.03255145996809006,
913,4,Chest Fly,550,550,1.0750600099563599,1.0528440475463867,2.142418384552002,0.1515013724565506,0.17822836339473724,0.10335671901702881,0.030943334102630615,
914,4,Chest Fly,550,550,1.181380033493042,1.1049410104751587,2.1151180267333984,0.15310940146446228,0.1793786585330963,0.09367017447948456,0.03178795054554939,
915,5,Push-ups,550,443,1.25586998462677,1.628154993057251,1.7811411619186401,0.28098613023757935,0.40264102816581726,0.09392458200454712,0.07639516890048981,
916,5,Push-ups,550,471,1.2077600955963135,1.6414809226989746,1.7950267791748047,0.2519681751728058,0.3557613790035248,0.0889383852481842,0.07219093292951584,
917,5,Push-ups,550,499,1.1591899394989014,1.6615610122680664,1.7602081298828125,0.2710574269294739,0.37222492694854736,0.09103149175643921,0.06277774274349213,
918,6,Bent-over W-shape Stretch,550,550,1.5166399478912354,0.6221809983253479,1.6478214263916016,0.11133633553981781,0.146261528134346,0.07559604942798615,0.012384726665914059,
919,6,Bent-over W-shape Stretch,550,550,1.4997299909591675,0.5664399862289429,1.6522198915481567,0.10933762788772583,0.14667940139770508,0.07616447657346725,0.013269715011119843,
920,6,Bent-over W-shape Stretch,550,550,1.4589099884033203,0.6135159730911255,1.6534161567687988,0.11025605350732803,0.1464150846004486,0.07922477275133133,0.012573434971272945,
921,7,Bent-over Y-shape Stretch,550,550,1.214859962463379,1.1131060123443604,1.8473751544952393,0.12814295291900635,0.18224555253982544,0.08214427530765533,0.027925172820687294,
922,7,Bent-over Y-shape Stretch,550,550,1.0650599002838135,1.0630090236663818,1.8865699768066406,0.12361566722393036,0.17623625695705414,0.08298987150192261,0.02859128639101982,
923,7,Bent-over Y-shape Stretch,550,550,1.1279399394989014,1.0479600429534912,1.8371695280075073,0.12434008717536926,0.18192405998706818,0.08268958330154419,0.027520382776856422,
924,8,Bent-over A-shape Stretch,550,550,1.131619930267334,1.0601129531860352,1.6452198028564453,0.09420613199472427,0.11236701905727386,0.083586186170578,0.01401529647409916,
925,8,Bent-over A-shape Stretch,550,550,0.8910000324249268,1.0569360256195068,1.6425905227661133,0.09134279936552048,0.10063675045967102,0.08103279769420624,0.013967741280794144,
926,8,Bent-over A-shape Stretch,550,550,0.8916500210762024,1.045180082321167,1.6499817371368408,0.09254664927721024,0.10265491157770157,0.08378000557422638,0.012019679881632328,
927,9,Squat With Arm Lift,550,550,1.6519299745559692,0.7010110020637512,1.69965660572052,0.14557412266731262,0.16766910254955292,0.09589709341526031,0.04431166499853134,
928,9,Squat With Arm Lift,550,550,1.5726799964904785,0.6970909833908081,1.7258321046829224,0.14446957409381866,0.16294042766094208,0.10728801786899567,0.047704145312309265,
929,9,Squat With Arm Lift,550,550,1.5478899478912354,0.7197040319442749,1.7033672332763672,0.14381688833236694,0.16295219957828522,0.09659754484891891,0.04818907007575035,
930,10,Breaststroke Arm Pull,550,550,1.772979974746704,2.332724094390869,1.729515790939331,0.42649394273757935,0.6462415456771851,0.0960170328617096,0.07770872861146927,
931,10,Breaststroke Arm Pull,550,550,1.769919991493225,2.338819980621338,1.740346074104309,0.4765172302722931,0.7016665935516357,0.09624750912189484,0.0792551338672638,
932,10,Breaststroke Arm Pull,550,550,1.7798399925231934,2.33121395111084,1.7122443914413452,0.48285356163978577,0.7052755355834961,0.10562559962272644,0.08169593662023544,
933,11,Prone Y-shape Stretch,550,550,1.2009400129318237,2.3325748443603516,1.7433850765228271,0.4877995252609253,0.6110744476318359,0.09266667068004608,0.0658770427107811,
934,11,Prone Y-shape Stretch,550,550,1.2673900127410889,2.2931699752807617,1.7400046586990356,0.501609206199646,0.6299543380737305,0.10521700233221054,0.07440993934869766,
935,11,Prone Y-shape Stretch,550,550,1.0949599742889404,2.3311350345611572,1.7983434200286865,0.40500393509864807,0.6403167247772217,0.08604003489017487,0.12064766138792038,
936,12,Lateral Raise Forward Circles,550,550,1.7668399810791016,0.7495369911193848,1.925553798675537,0.19020910561084747,0.23066279292106628,0.10600064694881439,0.010849243961274624,
937,12,Lateral Raise Forward Circles,550,468,1.7762000560760498,0.9462640285491943,1.9289329051971436,0.16903147101402283,0.23125651478767395,0.08830372989177704,0.017738720402121544,
938,12,Lateral Raise Forward Circles,550,510,1.780019998550415,0.8889369964599609,1.950943112373352,0.16644327342510223,0.2329263538122177,0.08698667585849762,0.01994073949754238,
939,13,Lateral Raise Backward Circles,550,425,1.767699956893921,0.8267619609832764,1.9643518924713135,0.18199628591537476,0.2369099110364914,0.09823749214410782,0.015320679172873497,
940,13,Lateral Raise Backward Circles,550,458,1.7894200086593628,0.7091389894485474,2.0441479682922363,0.18873849511146545,0.24129809439182281,0.1014113649725914,0.016556352376937866,
941,13,Lateral Raise Backward Circles,550,432,1.797260046005249,0.8255100250244141,2.0440309047698975,0.18445518612861633,0.24365071952342987,0.0975562334060669,0.018781378865242004,
942,14,Lying Shoulder Joint Upward Round,550,550,1.7950299978256226,2.363067150115967,1.7505910396575928,0.22845323383808136,0.31877219676971436,0.09359218925237656,0.08024714887142181,
943,14,Lying Shoulder Joint Upward Round,550,550,1.7978899478912354,2.3192009925842285,1.71492338180542,0.22068080306053162,0.29442939162254333,0.10528326779603958,0.08349306881427765,
944,14,Lying Shoulder Joint Upward Round,550,550,1.7987399101257324,2.3550820350646973,1.742952823638916,0.24132798612117767,0.3261321783065796,0.09407201409339905,0.08420704305171967,
945,15,Lying Shoulder Joint Downward Round,550,550,1.7841700315475464,2.3988330364227295,1.7127890586853027,0.2327490746974945,0.30752795934677124,0.09731175750494003,0.08240208774805069,
946,15,Lying Shoulder Joint Downward Round,550,550,1.796679973602295,2.520841121673584,1.7478336095809937,0.24462568759918213,0.3627820611000061,0.09839164465665817,0.08728824555873871,
947,15,Lying Shoulder Joint Downward Round,550,550,1.8048300743103027,2.378859043121338,1.761966347694397,0.2443336695432663,0.3536536693572998,0.0934150293469429,0.08505681157112122,
948,16,Bare-handed Full Lateral Raise,550,550,1.8046300411224365,0.47064799070358276,2.227079391479492,0.18500709533691406,0.25513797998428345,0.08764379471540451,0.0393790639936924,
949,16,Bare-handed Full Lateral Raise,550,550,1.815459966659546,0.3691850006580353,2.243532180786133,0.17693932354450226,0.25283685326576233,0.08502884209156036,0.039229266345500946,
950,16,Bare-handed Full Lateral Raise,550,550,1.805340051651001,0.33745500445365906,2.2358222007751465,0.17122073471546173,0.24757781624794006,0.08521527796983719,0.037948012351989746,
951,17,Bare-handed Cuban Press,550,550,1.3382699489593506,0.5550310015678406,2.2429187297821045,0.16496160626411438,0.25386425852775574,0.08449898660182953,0.029960572719573975,
952,17,Bare-handed Cuban Press,550,550,1.1808700561523438,0.575111985206604,2.225027084350586,0.1563035398721695,0.24427810311317444,0.08500946313142776,0.028923336416482925,
953,17,Bare-handed Cuban Press,550,550,1.3538799285888672,0.5986219644546509,2.232814073562622,0.16237173974514008,0.2457362562417984,0.08425736427307129,0.028996877372264862,
954,18,Fortune Cat,550,550,1.6135200262069702,0.6199489831924438,1.9085233211517334,0.16029749810695648,0.199457049369812,0.11208610236644745,0.010572623461484909,
955,18,Fortune Cat,550,550,1.4595199823379517,0.6039649844169617,1.9221473932266235,0.16251923143863678,0.2014520764350891,0.10997113585472107,0.010807245969772339,
956,18,Fortune Cat,550,550,1.45100998878479,0.6029180288314819,1.9319725036621094,0.16170382499694824,0.2002175748348236,0.12058794498443604,0.011597973294556141,
957,19,Dumbbell Curls,550,550,1.3283400535583496,0.8223230242729187,1.6488862037658691,0.11263351887464523,0.1826217621564865,0.08994236588478088,0.021928709000349045,
958,19,Dumbbell Curls,550,550,1.233620047569275,0.7537220120429993,1.6512051820755005,0.11103823781013489,0.16923640668392181,0.08119703084230423,0.02178373374044895,
959,19,Dumbbell Curls,550,550,1.3022899627685547,0.844344973564148,1.6442973613739014,0.11146672070026398,0.1860201358795166,0.08341098576784134,0.022272475063800812,
960,20,Alternate Dumbbell Curls,550,550,1.296779990196228,1.0540499687194824,1.6775583028793335,0.10969813168048859,0.2698615789413452,0.08817139267921448,0.024492982774972916,
961,20,Alternate Dumbbell Curls,550,550,1.1150100231170654,0.9171639680862427,1.6886423826217651,0.10343749076128006,0.17659105360507965,0.08250980079174042,0.019192365929484367,
962,20,Alternate Dumbbell Curls,550,550,0.9607000350952148,0.8910109996795654,1.6642513275146484,0.10337778180837631,0.17132729291915894,0.08118119835853577,0.01988927647471428,
963,21,Right-side Kettlebell Bent-over Row,550,542,1.083150029182434,1.1811519861221313,1.7356157302856445,0.11652535200119019,0.1751704216003418,0.08731339871883392,0.018912862986326218,
964,21,Right-side Kettlebell Bent-over Row,550,537,1.028689980506897,1.2971839904785156,1.7358546257019043,0.11572593450546265,0.16411659121513367,0.0907735675573349,0.018027251586318016,
965,21,Right-side Kettlebell Bent-over Row,550,519,1.161289930343628,1.3670599460601807,1.6820104122161865,0.10899674147367477,0.15192627906799316,0.09101636707782745,0.01743488386273384,
966,22,Wrist Joint Warm-up,550,407,1.1038100719451904,0.44028598070144653,1.637622356414795,0.11101669073104858,0.11902740597724915,0.08532378822565079,0.01027197390794754,
967,22,Wrist Joint Warm-up,550,406,1.0827200412750244,0.47228798270225525,1.624681830406189,0.1109156683087349,0.12114916741847992,0.08589582145214081,0.009755373001098633,
968,22,Wrist Joint Warm-up,550,411,1.1807000637054443,0.47066500782966614,1.6302858591079712,0.11170237511396408,0.11862164735794067,0.09041684865951538,0.009499475359916687,
969,23,Right-side Bent-over Tricep Extension With Resistance Band,550,550,1.462499976158142,0.9191820025444031,1.630589485168457,0.087734654545784,0.13781967759132385,0.07017160952091217,0.010572224855422974,
970,23,Right-side Bent-over Tricep Extension With Resistance Band,550,542,1.2070999145507812,0.9383819699287415,1.6433336734771729,0.08882015943527222,0.11804182827472687,0.07219566404819489,0.010110342875123024,
971,23,Right-side Bent-over Tricep Extension With Resistance Band,550,483,1.2676199674606323,0.854951024055481,1.6443369388580322,0.08714322000741959,0.12100793421268463,0.07187279313802719,0.009095428511500359,
972,24,Bent-over Dumbbell Tricep Extension,550,550,1.2174599170684814,1.0899889469146729,1.642939567565918,0.09244298189878464,0.19219256937503815,0.07758758962154388,0.017628328874707222,
973,24,Bent-over Dumbbell Tricep Extension,550,550,0.8584699630737305,1.0776300430297852,1.6563189029693604,0.09473353624343872,0.16816654801368713,0.07876196503639221,0.01979544200003147,
974,24,Bent-over Dumbbell Tricep Extension,550,550,0.8795299530029297,1.06502103805542,1.6683213710784912,0.09794920682907104,0.17361758649349213,0.07960420846939087,0.02188202738761902,
975,25,Nod And Raise Head,550,550,1.1737699508666992,0.40085500478744507,1.787527322769165,0.11422137171030045,0.1354474574327469,0.0998702198266983,0.01125546358525753,
976,25,Nod And Raise Head,550,550,1.1683800220489502,0.42030203342437744,1.793726921081543,0.11746170371770859,0.1241583377122879,0.11045828461647034,0.004131506197154522,
977,25,Nod And Raise Head,550,550,1.2169400453567505,0.5123149752616882,1.7832646369934082,0.11837219446897507,0.12250559777021408,0.1091049313545227,0.004368499852716923,
978,26,Two-way Head Turn,550,550,1.236739993095398,0.30150699615478516,1.6419086456298828,0.09078245609998703,0.11695248633623123,0.08676399290561676,0.001354572013951838,
979,26,Two-way Head Turn,550,550,1.2891299724578857,0.3137510120868683,1.6363003253936768,0.09039245545864105,0.12277591973543167,0.08643638342618942,0.001546132960356772,
980,26,Two-way Head Turn,550,550,1.3088901042938232,0.3265469968318939,1.6300050020217896,0.09013158828020096,0.12438847869634628,0.0865207388997078,0.0013467209646478295,
981,27,Shrug And Sink The Shoulders,550,550,1.3382099866867065,0.3563230037689209,1.6459550857543945,0.08966056257486343,0.12655290961265564,0.08573157340288162,0.0013808681396767497,
982,27,Shrug And Sink The Shoulders,550,530,1.2836599349975586,0.3779489994049072,1.6387574672698975,0.0923297107219696,0.12169413268566132,0.08537862449884415,0.002502558520063758,
983,27,Shrug And Sink The Shoulders,550,474,1.28125,0.3060709834098816,1.638355016708374,0.0927371084690094,0.12287582457065582,0.08561450988054276,0.002425017999485135,
984,28,Four-way Nod Head,550,550,1.2250499725341797,0.2874229848384857,1.6346815824508667,0.11331163346767426,0.11727210879325867,0.10934647917747498,0.00022186711430549622,
985,28,Four-way Nod Head,550,550,1.0451600551605225,0.2879509925842285,1.6307768821716309,0.1030699834227562,0.10657593607902527,0.10045699775218964,0.0001865406520664692,
986,28,Four-way Nod Head,550,550,1.276859998703003,0.2987149953842163,1.6298210620880127,0.09388075023889542,0.12129029631614685,0.08750076591968536,0.0008251037215813994,
987,29,Lying Alternate Upper-half Leg Raise,550,550,1.303820013999939,1.8382980823516846,1.7245230674743652,0.22073319554328918,0.36265045404434204,0.09097439050674438,0.07172783464193344,
988,29,Lying Alternate Upper-half Leg Raise,550,550,1.1864099502563477,1.9605510234832764,1.7271299362182617,0.1954856663942337,0.3630193769931793,0.09199631959199905,0.09403660148382187,
989,29,Lying Alternate Upper-half Leg Raise,550,550,1.201990008354187,1.7541999816894531,1.713733196258545,0.20663468539714813,0.3532326817512512,0.09080163389444351,0.0874122753739357,
990,30,Half Roll Back,550,550,1.0244700908660889,1.493054986000061,1.7014189958572388,0.17282477021217346,0.26832881569862366,0.08957219123840332,0.034288302063941956,
991,30,Half Roll Back,550,550,1.2030099630355835,1.4839980602264404,1.7206201553344727,0.19161160290241241,0.28239092230796814,0.09250696748495102,0.040674977004528046,
992,30,Half Roll Back,550,550,0.975849986076355,1.441498041152954,1.7362949848175049,0.20981332659721375,0.2764815390110016,0.09429895877838135,0.04362019896507263,
993,31,Kneeling Right-side Torso Twist,550,550,1.1226799488067627,1.367548942565918,1.689841389656067,0.18413524329662323,0.24762585759162903,0.0829310342669487,0.029940001666545868,
994,31,Kneeling Right-side Torso Twist,550,550,0.986050009727478,1.3051609992980957,1.6878116130828857,0.17638245224952698,0.22823002934455872,0.0848977267742157,0.027191422879695892,
995,31,Kneeling Right-side Torso Twist,550,550,0.7998600006103516,1.2745649814605713,1.6907265186309814,0.1704404205083847,0.21645237505435944,0.0846514105796814,0.024302104488015175,
996,32,Left-side Knee Raise And Abdominal Muscles Contract,550,492,1.3461899757385254,0.7603950500488281,2.1997570991516113,0.12885521352291107,0.17289245128631592,0.09116872400045395,0.02256091684103012,
997,32,Left-side Knee Raise And Abdominal Muscles Contract,550,446,1.2924399375915527,0.8179090023040771,2.227154016494751,0.12382012605667114,0.16586004197597504,0.0889059528708458,0.022041553631424904,
998,32,Left-side Knee Raise And Abdominal Muscles Contract,550,442,1.2221100330352783,0.8710479736328125,2.197932243347168,0.12642769515514374,0.16731061041355133,0.08855848759412766,0.022324157878756523,
999,33,Kneeling Right Leg Backward Stretch,550,550,1.1482300758361816,1.5900559425354004,1.7068958282470703,0.22574886679649353,0.25211477279663086,0.09147431701421738,0.03386513516306877,
1000,33,Kneeling Right Leg Backward Stretch,550,550,1.0699599981307983,1.6614880561828613,1.7396914958953857,0.24548809230327606,0.2695271074771881,0.09634995460510254,0.028000498190522194,
1001,33,Kneeling Right Leg Backward Stretch,550,550,1.0582900047302246,1.6256139278411865,1.780592441558838,0.22733865678310394,0.2550678551197052,0.09163697808980942,0.0324992910027504,
1002,34,Kneeling Right Arm Raise,550,550,1.2059199810028076,1.8194539546966553,1.7145631313323975,0.2303985059261322,0.2693706154823303,0.09380923956632614,0.03337767347693443,
1003,34,Kneeling Right Arm Raise,550,550,1.067020058631897,1.7851430177688599,1.7020509243011475,0.20673274993896484,0.24277907609939575,0.08160232752561569,0.036522652953863144,
1004,34,Kneeling Right Arm Raise,550,550,1.1341099739074707,1.7940819263458252,1.705490231513977,0.22339193522930145,0.26543042063713074,0.09120238572359085,0.03665303438901901,
1005,35,Shoulder Bridge,550,550,1.1479400396347046,1.9384880065917969,1.7140858173370361,0.22849740087985992,0.340916246175766,0.09071707725524902,0.06804027408361435,
1006,35,Shoulder Bridge,550,550,1.3272900581359863,1.8585989475250244,1.7117751836776733,0.20633414387702942,0.30666401982307434,0.09200865030288696,0.07866497337818146,
1007,35,Shoulder Bridge,550,550,1.0692200660705566,1.9387999773025513,1.7084035873413086,0.20262499153614044,0.3257181942462921,0.0950080081820488,0.07133322209119797,
1008,36,Prone Press-ups,550,550,1.1047199964523315,2.146570920944214,1.7653865814208984,0.29933962225914,0.4509052038192749,0.08014959841966629,0.05434226244688034,
1009,36,Prone Press-ups,550,550,1.0824599266052246,2.2127509117126465,1.7318394184112549,0.30242177844047546,0.4474080801010132,0.08680345863103867,0.07377035170793533,
1010,36,Prone Press-ups,550,550,0.9949100017547607,2.222491979598999,1.7176470756530762,0.2904689311981201,0.4228608310222626,0.08500420302152634,0.08606699109077454,
1011,37,Bent-over Torso Rotation,550,550,1.253999948501587,0.809643030166626,1.6460678577423096,0.08433115482330322,0.11965334415435791,0.0791701227426529,0.006347571033984423,
1012,37,Bent-over Torso Rotation,550,550,1.1054799556732178,0.7783780097961426,1.6571128368377686,0.08350875973701477,0.1094081774353981,0.07599176466464996,0.005157734267413616,
1013,37,Bent-over Torso Rotation,550,550,1.014009952545166,0.8004759550094604,1.657881736755371,0.08781970292329788,0.10664311796426773,0.08172837644815445,0.005289334803819656,
1014,38,Lying Arm Pull,550,550,1.4608700275421143,2.3073039054870605,1.7114033699035645,0.22645913064479828,0.2780906558036804,0.09542632102966309,0.08602914959192276,
1015,38,Lying Arm Pull,550,550,1.1604900360107422,2.3933520317077637,1.6992616653442383,0.2408658117055893,0.30025723576545715,0.09390170872211456,0.0803084746003151,
1016,38,Lying Arm Pull,550,550,1.1092500686645508,2.412184953689575,1.7153706550598145,0.24119152128696442,0.3106423616409302,0.0943288654088974,0.08369837701320648,
1017,39,Prone Press Up With Torso Rotation,550,550,1.160730004310608,1.8926889896392822,1.7908077239990234,0.4098532795906067,0.5468299388885498,0.09036576002836227,0.07904630154371262,
1018,39,Prone Press Up With Torso Rotation,550,550,1.2196099758148193,1.909350037574768,1.7515349388122559,0.3423519730567932,0.4337301254272461,0.08977167308330536,0.055460866540670395,
1019,39,Prone Press Up With Torso Rotation,550,550,1.0338399410247803,1.892084002494812,1.7564668655395508,0.3918967545032501,0.49480387568473816,0.09327661246061325,0.053517915308475494,
1020,40,Breaststroke Push-ups,550,550,1.2335799932479858,2.341223955154419,1.7075059413909912,0.5065997242927551,0.7080622911453247,0.10356176644563675,0.08063111454248428,
1021,40,Breaststroke Push-ups,550,550,1.0890599489212036,2.348559856414795,1.7689313888549805,0.46876320242881775,0.6398186087608337,0.09552910923957825,0.07006912678480148,
1022,40,Breaststroke Push-ups,550,550,1.1926898956298828,2.34130597114563,1.790583848953247,0.4564095735549927,0.6403591632843018,0.0969507098197937,0.07961910218000412,
1023,41,Sit-ups,550,550,1.094920039176941,2.4078798294067383,1.7721977233886719,0.19885221123695374,0.28537899255752563,0.09072315692901611,0.08326281607151031,
1024,41,Sit-ups,550,550,1.1111299991607666,2.401639938354492,1.796305775642395,0.23899483680725098,0.37743163108825684,0.09502501040697098,0.09287760406732559,
1025,41,Sit-ups,550,550,1.1142499446868896,2.3741190433502197,1.8175990581512451,0.21199338138103485,0.31618353724479675,0.08939539641141891,0.08913978189229965,
1026,42,Side-lying Left Leg Forward Raise,550,550,1.2673699855804443,2.0002260208129883,1.751288890838623,0.2516282796859741,0.32881736755371094,0.1031288355588913,0.07819285988807678,
1027,42,Side-lying Left Leg Forward Raise,550,550,1.1466400623321533,1.9641669988632202,1.7800121307373047,0.2789348363876343,0.35121774673461914,0.10251551866531372,0.05736242234706879,
1028,42,Side-lying Left Leg Forward Raise,550,550,1.1097099781036377,1.9967548847198486,1.801936149597168,0.2597721219062805,0.3285641074180603,0.0981401577591896,0.05770745500922203,
1029,43,Right Leg Reverse Lunge,550,550,1.1810600757598877,1.25239098072052,1.7574174404144287,0.0901578813791275,0.11314558982849121,0.07752610743045807,0.018319331109523773,
1030,43,Right Leg Reverse Lunge,550,550,1.0689300298690796,1.1359750032424927,1.8117961883544922,0.08949311077594757,0.10833948850631714,0.07754683494567871,0.019994718953967094,
1031,43,Right Leg Reverse Lunge,550,550,1.1899099349975586,1.2235230207443237,1.7610039710998535,0.08827496320009232,0.11572401970624924,0.07529737800359726,0.019710924476385117,
1032,44,Kneeling Left Knee Lift,550,550,1.29135000705719,1.667199969291687,1.6856344938278198,0.2854687571525574,0.31700167059898376,0.09440899640321732,0.03528624400496483,
1033,44,Kneeling Left Knee Lift,550,550,1.123579978942871,1.4343780279159546,1.7003326416015625,0.24727459251880646,0.27730172872543335,0.09255959093570709,0.032626114785671234,
1034,44,Kneeling Left Knee Lift,550,550,1.0783400535583496,1.414396047592163,1.6818289756774902,0.2567085325717926,0.2953190803527832,0.08972254395484924,0.03706693276762962,
1035,45,Alternate Reverse Lunge,550,550,1.1804699897766113,1.2071750164031982,1.7516796588897705,0.09128093719482422,0.11592323333024979,0.07518977671861649,0.021826045587658882,
1036,45,Alternate Reverse Lunge,550,550,1.0734299421310425,1.199199914932251,1.744394063949585,0.09310327470302582,0.1094842255115509,0.0804431363940239,0.021940981969237328,
1037,45,Alternate Reverse Lunge,550,550,1.2110600471496582,1.1712939739227295,1.735198736190796,0.08795014768838882,0.12034313380718231,0.08104328066110611,0.021195800974965096,
1038,46,Side-lying Right Leg Backward Kick,550,550,1.4582300186157227,2.014068126678467,1.801166296005249,0.2052786499261856,0.24595627188682556,0.09450778365135193,0.056758567690849304,
1039,46,Side-lying Right Leg Backward Kick,550,550,1.277169942855835,2.057094097137451,1.7937817573547363,0.20801302790641785,0.2969193458557129,0.10200493782758713,0.07236889749765396,
1040,46,Side-lying Right Leg Backward Kick,550,550,1.3283100128173828,1.8788490295410156,1.8260730504989624,0.18609213829040527,0.26687556505203247,0.09479955583810806,0.07241950184106827,
1041,47,Left Leg Lunge With Knee Lift,550,550,1.2300400733947754,1.4139260053634644,1.7096283435821533,0.08811821788549423,0.11921938508749008,0.0722007304430008,0.01426288764923811,
1042,47,Left Leg Lunge With Knee Lift,550,550,1.2702800035476685,1.3782899379730225,1.7120050191879272,0.09831398725509644,0.11710258573293686,0.08063028752803802,0.014442604035139084,
1043,47,Left Leg Lunge With Knee Lift,550,550,1.3265199661254883,1.418199062347412,1.7266281843185425,0.08884762972593307,0.1254572570323944,0.07136151194572449,0.01601650007069111,
1044,48,Sumo Squat,550,550,1.1625499725341797,0.5547230243682861,1.6977615356445312,0.09926046431064606,0.11559916287660599,0.08373108506202698,0.01628759317100048,
1045,48,Sumo Squat,550,550,1.0727800130844116,0.6017279624938965,1.7089004516601562,0.10566911101341248,0.12008530646562576,0.0924510583281517,0.01544179953634739,
1046,48,Sumo Squat,550,550,1.1119400262832642,0.6431379914283752,1.696612000465393,0.10919025540351868,0.12145742774009705,0.0945914015173912,0.013945811428129673,
1047,49,Straight Leg Calf Raise,550,495,1.334049940109253,0.4191550016403198,1.7189087867736816,0.09589928388595581,0.11980336159467697,0.08771399408578873,0.004304166417568922,
1048,49,Straight Leg Calf Raise,550,413,1.282789945602417,0.46640902757644653,1.7187023162841797,0.09681038558483124,0.11619019508361816,0.08790721744298935,0.004496593959629536,
1049,49,Straight Leg Calf Raise,550,395,1.2830400466918945,0.4029639959335327,1.7256500720977783,0.09647835046052933,0.1149042546749115,0.08888141065835953,0.004262626636773348,
1050,50,Squat Jump,550,505,1.4391200542449951,1.4810190200805664,1.8933186531066895,0.11868026107549667,0.14518994092941284,0.09188970923423767,0.03271294757723808,
1051,50,Squat Jump,550,487,1.3878800868988037,1.3745770454406738,1.9113473892211914,0.12167815864086151,0.14691510796546936,0.09326744079589844,0.03254135698080063,
1052,50,Squat Jump,550,478,1.2852399349212646,1.4514809846878052,1.864219307899475,0.12744759023189545,0.16901490092277527,0.09033627808094025,0.0317695252597332,
1053,51,Squat With Alternate Knee Lift,550,550,1.2284799814224243,0.8696049451828003,1.6843256950378418,0.10319624096155167,0.13377195596694946,0.07798855751752853,0.02061847411096096,
1054,51,Squat With Alternate Knee Lift,550,550,1.1541399955749512,0.8412460088729858,1.6854461431503296,0.09591121971607208,0.11891882866621017,0.07882490754127502,0.019140390679240227,
1055,51,Squat With Alternate Knee Lift,550,550,1.119189977645874,0.8380910158157349,1.6899561882019043,0.09902346879243851,0.12871471047401428,0.07278687506914139,0.017995871603488922,
1056,52,Standing Alternate Butt Kick,550,550,1.2080800533294678,0.6785420179367065,1.6604158878326416,0.09427497535943985,0.11367113888263702,0.07032140344381332,0.007379143964499235,
1057,52,Standing Alternate Butt Kick,550,550,1.0782899856567383,0.6787829995155334,1.6478235721588135,0.08871147781610489,0.1086774691939354,0.07123684138059616,0.0065889544785022736,
1058,52,Standing Alternate Butt Kick,550,550,1.1055599451065063,0.7161530256271362,1.6483278274536133,0.08858494460582733,0.10731983184814453,0.07159366458654404,0.006184596102684736,
1059,53,Knee Warm-up,550,550,1.2981799840927124,0.7168650031089783,1.6639859676361084,0.07813776284456253,0.12316334992647171,0.06688418984413147,0.007544529624283314,
1060,53,Knee Warm-up,550,550,1.3210499286651611,0.6858270168304443,1.6943448781967163,0.08164887875318527,0.12503394484519958,0.06646127998828888,0.01046440564095974,
1061,53,Knee Warm-up,550,550,1.300260066986084,0.6553080081939697,1.6960363388061523,0.08737117052078247,0.12317231297492981,0.07050401717424393,0.011261643841862679,
1062,54,Butt Kicks,550,408,1.2678099870681763,0.9971630573272705,1.7605115175247192,0.09775412082672119,0.13169653713703156,0.06456697732210159,0.016486290842294693,
1063,54,Butt Kicks,550,450,1.1669399738311768,1.0968559980392456,1.768356204032898,0.10712558031082153,0.14563260972499847,0.06624937057495117,0.02206660434603691,
1064,54,Butt Kicks,550,492,1.240689992904663,1.3754019737243652,1.7794804573059082,0.1386878490447998,0.23785357177257538,0.06887926906347275,0.03578082472085953,
1065,55,Jump Left and Right,550,492,1.3165199756622314,0.7644799947738647,1.824167251586914,0.11108545958995819,0.14485806226730347,0.08496297150850296,0.014468328095972538,
1066,55,Jump Left and Right,550,522,1.4639099836349487,0.6602140069007874,1.8078386783599854,0.10324499011039734,0.1320207267999649,0.08357588201761246,0.012612440623342991,
1067,55,Jump Left and Right,550,504,1.2631399631500244,0.6628760099411011,1.805087924003601,0.09912339597940445,0.11641815304756165,0.08299370855093002,0.011034677736461163,
1068,56,Jumping Jacks,550,442,1.6910400390625,0.6543359756469727,2.2475032806396484,0.15799778699874878,0.24575437605381012,0.07897303253412247,0.032500188797712326,
1069,56,Jumping Jacks,550,450,1.760890007019043,0.728365957736969,2.2503700256347656,0.14878204464912415,0.24073684215545654,0.08053819090127945,0.029897648841142654,
1070,56,Jumping Jacks,550,461,1.6632599830627441,0.6766639947891235,2.220437526702881,0.1547483205795288,0.24614298343658447,0.0791291892528534,0.029403654858469963,
1071,57,High Knee,550,497,1.1555099487304688,1.1517419815063477,1.7870553731918335,0.10693095624446869,0.13485632836818695,0.08244162052869797,0.024025792255997658,
1072,57,High Knee,550,481,1.3889000415802002,1.2603590488433838,1.7914416790008545,0.10015834122896194,0.14556266367435455,0.07568193972110748,0.02265695296227932,
1073,57,High Knee,550,522,1.3538700342178345,1.1837999820709229,1.7890918254852295,0.09789424389600754,0.12653537094593048,0.08252812176942825,0.014938621781766415,
1074,58,Clap Jacks,550,398,1.8948400020599365,1.2219699621200562,1.831024408340454,0.1459573358297348,0.19126048684120178,0.08348290622234344,0.03161429241299629,
1075,58,Clap Jacks,550,387,1.8148599863052368,1.3447139263153076,1.8313570022583008,0.14888909459114075,0.1913440227508545,0.08511344343423843,0.03355866298079491,
1076,58,Clap Jacks,550,389,1.8601100444793701,1.277198076248169,1.8153691291809082,0.15595096349716187,0.20333394408226013,0.08519639819860458,0.031042085960507393,
1077,59,Run In Place With Arm Swing,550,453,1.3007800579071045,0.8892549872398376,1.7088098526000977,0.0983131155371666,0.11778443306684494,0.08223167061805725,0.008432945236563683,
1078,59,Run In Place With Arm Swing,550,425,1.3301799297332764,0.7471519708633423,1.6891272068023682,0.09727432578802109,0.12037475407123566,0.08547287434339523,0.005890092346817255,
1079,59,Run In Place With Arm Swing,550,411,1.3400399684906006,0.6988160014152527,1.6898419857025146,0.0955640897154808,0.11958834528923035,0.08382672816514969,0.005901436321437359,
1080,0,Svend Press,550,550,1.059340000152588,0.9004219770431519,1.570735216140747,0.10715659707784653,0.1322789490222931,0.06847906112670898,0.02001035213470459,
1081,0,Svend Press,550,550,1.039489984512329,0.9754540324211121,1.5684230327606201,0.10972918570041656,0.13189885020256042,0.06674529612064362,0.013852567411959171,
1082,0,Svend Press,550,550,1.0313100814819336,0.9534050226211548,1.5643365383148193,0.11051382124423981,0.13227500021457672,0.06245315074920654,0.015598760917782784,
1083,1,Kneeling Push-ups,550,550,1.0760300159454346,1.5399709939956665,1.6416409015655518,0.23906421661376953,0.31790104508399963,0.07383381575345993,0.04095713794231415,
1084,1,Kneeling Push-ups,550,550,1.03643000125885,1.531691074371338,1.656623363494873,0.2556123435497284,0.31619858741760254,0.08105692267417908,0.043352529406547546,
1085,1,Kneeling Push-ups,550,550,1.1289899349212646,1.4862539768218994,1.6609928607940674,0.24072715640068054,0.3023502230644226,0.07852921634912491,0.050169892609119415,
1086,2,Standing Straight-arm Chest Press With Resistance Band,550,550,1.6089799404144287,1.003978967666626,1.565413236618042,0.14527858793735504,0.17442628741264343,0.10068019479513168,0.019152769818902016,
1087,2,Standing Straight-arm Chest Press With Resistance Band,550,550,1.603600025177002,0.8293259739875793,1.5478618144989014,0.1452629268169403,0.16812005639076233,0.08802630007266998,0.019426437094807625,
1088,2,Standing Straight-arm Chest Press With Resistance Band,550,550,1.6058800220489502,0.8136759996414185,1.5576057434082031,0.14521531760692596,0.16952693462371826,0.08903773874044418,0.01967075653374195,
1089,3,Small Dumbbell Floor Flies,550,550,1.5872299671173096,1.673537015914917,1.6425914764404297,0.17588306963443756,0.27724048495292664,0.08040015399456024,0.06717032194137573,
1090,3,Small Dumbbell Floor Flies,550,550,1.9020099639892578,1.808076024055481,1.6513903141021729,0.17675179243087769,0.24204307794570923,0.07851337641477585,0.0681181401014328,
1091,3,Small Dumbbell Floor Flies,550,550,1.6013100147247314,1.868507981300354,1.6531848907470703,0.19859880208969116,0.2593514323234558,0.0819433182477951,0.06635641306638718,
1092,4,Chest Fly,550,550,1.158750057220459,0.9563490152359009,2.0721335411071777,0.1492127776145935,0.16656385362148285,0.08745574206113815,0.03266602382063866,
1093,4,Chest Fly,550,550,1.2026000022888184,0.9399809837341309,2.093641519546509,0.15245850384235382,0.17093470692634583,0.09250029921531677,0.03265956789255142,
1094,4,Chest Fly,550,550,1.1809899806976318,0.8763289451599121,2.088580369949341,0.15282860398292542,0.1677064448595047,0.09500659257173538,0.032540615648031235,
1095,5,Push-ups,550,550,1.048110008239746,1.7110419273376465,1.6370409727096558,0.18774248659610748,0.22605542838573456,0.07772213220596313,0.039937037974596024,
1096,5,Push-ups,550,550,0.9203400015830994,1.7629680633544922,1.635803461074829,0.1748306304216385,0.20693211257457733,0.0745936706662178,0.04104595631361008,
1097,5,Push-ups,550,550,1.0007799863815308,1.6176210641860962,1.6275391578674316,0.17543745040893555,0.21296124160289764,0.08443967252969742,0.04816494137048721,
1098,6,Bent-over W-shape Stretch,550,550,1.3597800731658936,0.7098659873008728,1.5426863431930542,0.08860931545495987,0.12115661799907684,0.0663088709115982,0.010097509250044823,
1099,6,Bent-over W-shape Stretch,550,550,1.433899998664856,0.7028430104255676,1.5506503582000732,0.0921136736869812,0.11618263274431229,0.06886261701583862,0.009659133851528168,
1100,6,Bent-over W-shape Stretch,550,550,1.343940019607544,0.730866014957428,1.5523366928100586,0.09758061915636063,0.12923894822597504,0.0710524395108223,0.01070959959179163,
1101,7,Bent-over Y-shape Stretch,550,550,0.9916800260543823,0.9593319892883301,1.8312746286392212,0.11473419517278671,0.16304320096969604,0.07019343227148056,0.025908522307872772,
1102,7,Bent-over Y-shape Stretch,550,550,1.0737099647521973,0.9926739931106567,1.7869220972061157,0.11090050637722015,0.16396865248680115,0.07036454230546951,0.025228358805179596,
1103,7,Bent-over Y-shape Stretch,550,550,1.0973999500274658,0.9597839713096619,1.7237192392349243,0.11311416327953339,0.16006696224212646,0.07254550606012344,0.02361239679157734,
1104,8,Bent-over A-shape Stretch,550,550,1.0016599893569946,1.0748029947280884,1.541747808456421,0.09171024709939957,0.11773800849914551,0.07639947533607483,0.01400988083332777,
1105,8,Bent-over A-shape Stretch,550,550,1.0242199897766113,0.9914429783821106,1.5452218055725098,0.08470518887042999,0.09915502369403839,0.07221992313861847,0.013120898976922035,
1106,8,Bent-over A-shape Stretch,550,550,1.0114200115203857,1.1012039184570312,1.5461889505386353,0.0859595537185669,0.10742025822401047,0.07188679277896881,0.014906145632266998,
1107,9,Squat With Arm Lift,550,550,1.4409799575805664,0.5662789940834045,1.5910160541534424,0.132562518119812,0.14891153573989868,0.07570823282003403,0.03734028339385986,
1108,9,Squat With Arm Lift,550,550,1.4436500072479248,0.5929080247879028,1.5928078889846802,0.12284789979457855,0.13681502640247345,0.07356929033994675,0.04091954231262207,
1109,9,Squat With Arm Lift,550,550,1.473020076751709,0.5417889952659607,1.5955009460449219,0.11719044297933578,0.12898573279380798,0.07374654710292816,0.03624657541513443,
1110,10,Breaststroke Arm Pull,550,550,1.5837700366973877,2.21773099899292,1.625796914100647,0.29776355624198914,0.46247655153274536,0.07823654264211655,0.07836868613958359,
1111,10,Breaststroke Arm Pull,550,550,1.56427001953125,2.1988000869750977,1.6255131959915161,0.2744961380958557,0.4353714883327484,0.07299702614545822,0.07769131660461426,
1112,10,Breaststroke Arm Pull,550,550,1.5681700706481934,2.212717056274414,1.6238112449645996,0.2876514792442322,0.42543402314186096,0.07970412820577621,0.06026547774672508,
1113,11,Prone Y-shape Stretch,550,550,0.931439995765686,2.1962790489196777,1.6239118576049805,0.3377063572406769,0.4329011142253876,0.07574987411499023,0.04819902405142784,
1114,11,Prone Y-shape Stretch,550,550,0.9465000033378601,2.1841089725494385,1.615947961807251,0.3256295621395111,0.42271512746810913,0.07210756093263626,0.05778026580810547,
1115,11,Prone Y-shape Stretch,550,550,0.9708799719810486,2.1765530109405518,1.6247246265411377,0.37275561690330505,0.45322805643081665,0.07703251391649246,0.04451483115553856,
1116,12,Lateral Raise Forward Circles,550,550,1.671970009803772,0.5199210047721863,1.6107244491577148,0.15451474487781525,0.18909406661987305,0.07817920297384262,0.008235628716647625,
1117,12,Lateral Raise Forward Circles,550,550,1.6532399654388428,0.5172179937362671,1.5966815948486328,0.15437744557857513,0.18650507926940918,0.08844630420207977,0.006220086012035608,
1118,12,Lateral Raise Forward Circles,550,550,1.6789600849151611,0.579757034778595,1.6064538955688477,0.15543359518051147,0.18958838284015656,0.09202203154563904,0.006931778509169817,
1119,13,Lateral Raise Backward Circles,550,550,1.6403700113296509,0.5405870079994202,1.683722734451294,0.16902975738048553,0.1982741504907608,0.09315228462219238,0.00419651297852397,
1120,13,Lateral Raise Backward Circles,550,550,1.6307599544525146,0.4656919836997986,1.6591501235961914,0.15422268211841583,0.19072158634662628,0.08755414932966232,0.009737871587276459,
1121,13,Lateral Raise Backward Circles,550,550,1.638659954071045,0.510021984577179,1.6935515403747559,0.1636664718389511,0.1954285204410553,0.08626475185155869,0.007676565553992987,
1122,14,Lying Shoulder Joint Upward Round,550,550,1.582669973373413,2.2066500186920166,1.663221836090088,0.1945735514163971,0.28360626101493835,0.08320316672325134,0.07784085720777512,
1123,14,Lying Shoulder Joint Upward Round,550,550,1.5839500427246094,2.2001919746398926,1.637908697128296,0.18545177578926086,0.26925191283226013,0.0835452750325203,0.0665101632475853,
1124,14,Lying Shoulder Joint Upward Round,550,550,1.5828700065612793,2.127758026123047,1.616851568222046,0.18086017668247223,0.25541308522224426,0.07989976555109024,0.06986205279827118,
1125,15,Lying Shoulder Joint Downward Round,550,550,1.5682399272918701,2.223520040512085,1.6333032846450806,0.18642418086528778,0.2723296582698822,0.08640597015619278,0.07262401282787323,
1126,15,Lying Shoulder Joint Downward Round,550,550,1.567639946937561,2.264403820037842,1.6228277683258057,0.19053971767425537,0.27861496806144714,0.085471011698246,0.07423265278339386,
1127,15,Lying Shoulder Joint Downward Round,550,550,1.5620698928833008,2.2249820232391357,1.6353561878204346,0.19142653048038483,0.27214187383651733,0.08551075309515,0.07094521075487137,
1128,16,Bare-handed Full Lateral Raise,550,550,1.6328099966049194,0.3428899943828583,2.1344118118286133,0.15394634008407593,0.22662875056266785,0.07899440079927444,0.03487992286682129,
1129,16,Bare-handed Full Lateral Raise,550,550,1.632580041885376,0.3253970146179199,2.1298842430114746,0.1555614471435547,0.22625458240509033,0.07969354838132858,0.034534256905317307,
1130,16,Bare-handed Full Lateral Raise,550,550,1.6382700204849243,0.31473299860954285,2.125257968902588,0.15629605948925018,0.2238246649503708,0.07918623089790344,0.03350774943828583,
1131,17,Bare-handed Cuban Press,550,550,1.049880027770996,0.5764819979667664,2.1392855644226074,0.12413832545280457,0.22580179572105408,0.07908254116773605,0.0245216004550457,
1132,17,Bare-handed Cuban Press,550,550,1.0455899238586426,0.5454480051994324,2.099489688873291,0.13055510818958282,0.21656173467636108,0.07547999918460846,0.023473141714930534,
1133,17,Bare-handed Cuban Press,550,550,1.0548499822616577,0.5451860427856445,2.1335413455963135,0.14154623448848724,0.22250992059707642,0.07597798854112625,0.025390561670064926,
1134,18,Fortune Cat,550,550,0.954990029335022,0.5754899978637695,1.847861647605896,0.1359359472990036,0.17196568846702576,0.09136094152927399,0.010329216718673706,
1135,18,Fortune Cat,550,550,1.1608799695968628,0.5754389762878418,1.8339099884033203,0.13949036598205566,0.1669435203075409,0.10169276595115662,0.009354677051305771,
1136,18,Fortune Cat,550,550,1.0749499797821045,0.5280669927597046,1.82007896900177,0.13399073481559753,0.16935332119464874,0.09563064575195312,0.010874333791434765,
1137,19,Dumbbell Curls,550,550,1.024780035018921,0.7056869864463806,1.7306689023971558,0.11132247745990753,0.21083803474903107,0.08295173943042755,0.02652105875313282,
1138,19,Dumbbell Curls,550,550,0.9954699873924255,0.8226690292358398,1.7337009906768799,0.10164846479892731,0.14267592132091522,0.06990733742713928,0.022863470017910004,
1139,19,Dumbbell Curls,550,550,1.027940034866333,0.8236880302429199,1.7428874969482422,0.10704807192087173,0.15223942697048187,0.07431010156869888,0.02459808997809887,
1140,20,Alternate Dumbbell Curls,550,550,0.9671300053596497,0.8402760028839111,1.6094539165496826,0.09602737426757812,0.19966842234134674,0.08096841722726822,0.019336290657520294,
1141,20,Alternate Dumbbell Curls,550,550,0.9646300077438354,0.6389229893684387,1.5974034070968628,0.09084977954626083,0.15281268954277039,0.07612068206071854,0.015489263460040092,
1142,20,Alternate Dumbbell Curls,550,550,1.0144000053405762,0.640129029750824,1.5993962287902832,0.09240930527448654,0.15934965014457703,0.07896681874990463,0.015439117327332497,
1143,21,Right-side Kettlebell Bent-over Row,550,550,0.9722900390625,1.049941062927246,1.573185920715332,0.08401495218276978,0.12418351322412491,0.06973198056221008,0.008926992304623127,
1144,21,Right-side Kettlebell Bent-over Row,550,550,0.9371200203895569,1.098560094833374,1.5784651041030884,0.07622893899679184,0.11673689633607864,0.06574301421642303,0.010037400759756565,
1145,21,Right-side Kettlebell Bent-over Row,550,550,0.9292800426483154,1.1380150318145752,1.5723308324813843,0.07406789809465408,0.11234801262617111,0.06465205550193787,0.009374057874083519,
1146,22,Wrist Joint Warm-up,550,473,0.9291899800300598,0.49931100010871887,1.553298830986023,0.10136652737855911,0.10774644464254379,0.08442681282758713,0.0066033340990543365,
1147,22,Wrist Joint Warm-up,550,525,0.920960009098053,0.4888329803943634,1.588022232055664,0.09986752271652222,0.11157496273517609,0.08285148441791534,0.005626691039651632,
1148,22,Wrist Joint Warm-up,550,550,0.864549994468689,0.48913198709487915,1.549483060836792,0.09962471574544907,0.1068430095911026,0.0866699069738388,0.0029193181544542313,
1149,23,Right-side Bent-over Tricep Extension With Resistance Band,550,550,1.0287399291992188,0.8888300657272339,1.5550963878631592,0.07444734871387482,0.09913758933544159,0.06294550746679306,0.007704651448875666,
1150,23,Right-side Bent-over Tricep Extension With Resistance Band,550,550,1.0044400691986084,0.786670982837677,1.5497348308563232,0.07437796145677567,0.09576686471700668,0.06576079875230789,0.0058563281781971455,
1151,23,Right-side Bent-over Tricep Extension With Resistance Band,550,550,1.03233003616333,0.7786439657211304,1.548248529434204,0.07396978884935379,0.0989847257733345,0.06532114744186401,0.006081291940063238,
1152,24,Bent-over Dumbbell Tricep Extension,550,550,0.8863800168037415,0.5666989684104919,2.4554574489593506,0.2827289402484894,0.28307661414146423,0.09185907244682312,0.000520330504514277,
1153,24,Bent-over Dumbbell Tricep Extension,550,550,0.6811000108718872,0.5666990280151367,1.4227484464645386,0.09456444531679153,0.09456444531679153,0.09456444531679153,1.7424209861408024e-12,
1154,24,Bent-over Dumbbell Tricep Extension,550,550,0.6811000108718872,0.5666990280151367,1.4227484464645386,0.09456444531679153,0.09456444531679153,0.09456444531679153,1.7424209861408024e-12,
1155,25,Nod And Raise Head,550,550,0.9876999855041504,0.5666990280151367,2.5926432609558105,0.3548288643360138,0.36961081624031067,0.09456444531679153,0.0025873135309666395,
1156,25,Nod And Raise Head,550,550,1.045889973640442,0.4608340263366699,1.6712312698364258,0.10368482768535614,0.10660209506750107,0.09577685594558716,0.0031245506834238768,
1157,25,Nod And Raise Head,550,550,0.9802500009536743,0.4485270082950592,1.6794707775115967,0.10322316735982895,0.10935119539499283,0.09370224177837372,0.00336582213640213,
1158,26,Two-way Head Turn,550,550,1.0196200609207153,0.27765101194381714,1.544622778892517,0.07936831563711166,0.09837111085653305,0.07787145674228668,0.0004859922337345779,
1159,26,Two-way Head Turn,550,550,1.1258699893951416,0.2288919985294342,1.5484862327575684,0.07955276221036911,0.10418887436389923,0.07777868956327438,0.0006643071537837386,
1160,26,Two-way Head Turn,550,550,1.1341900825500488,0.2414889931678772,1.5450973510742188,0.08000855892896652,0.10503417998552322,0.07823561877012253,0.0006685641128569841,
1161,27,Shrug And Sink The Shoulders,550,550,1.0955400466918945,0.23325900733470917,1.5502896308898926,0.07983365654945374,0.10316412895917892,0.07691290974617004,0.00041380024049431086,
1162,27,Shrug And Sink The Shoulders,550,550,1.1483700275421143,0.24429400265216827,1.5537651777267456,0.0805569440126419,0.10594690591096878,0.07757145911455154,0.0007804986671544611,
1163,27,Shrug And Sink The Shoulders,550,550,1.1275599002838135,0.24349799752235413,1.5520029067993164,0.08130835741758347,0.10527054965496063,0.07843155413866043,0.0007345068152062595,
1164,28,Four-way Nod Head,550,550,1.3172999620437622,0.5409109592437744,1.543306827545166,0.09104392677545547,0.1247924417257309,0.083126962184906,0.0040748948231339455,
1165,28,Four-way Nod Head,550,550,1.312849998474121,0.5085679888725281,1.5387823581695557,0.08881206065416336,0.12129119783639908,0.08404833823442459,0.0025687043089419603,
1166,28,Four-way Nod Head,550,550,1.4548900127410889,0.45623499155044556,1.539391279220581,0.08991353958845139,0.13788887858390808,0.08336489647626877,0.0033380286768078804,
1167,29,Lying Alternate Upper-half Leg Raise,550,550,1.2950599193572998,1.6473979949951172,1.6696470975875854,0.16309750080108643,0.30471083521842957,0.08221903443336487,0.05494183301925659,
1168,29,Lying Alternate Upper-half Leg Raise,550,550,0.8139899969100952,1.6416330337524414,1.6408590078353882,0.1575191766023636,0.24905283749103546,0.07903348654508591,0.0491812527179718,
1169,29,Lying Alternate Upper-half Leg Raise,550,550,0.7968299984931946,1.536965012550354,1.6292614936828613,0.14307934045791626,0.19964540004730225,0.07975437492132187,0.055465470999479294,
1170,30,Half Roll Back,550,550,0.9749600291252136,1.294769048690796,1.6477186679840088,0.11345146596431732,0.17028188705444336,0.07069621980190277,0.028947044163942337,
1171,30,Half Roll Back,550,550,1.1257200241088867,1.231029987335205,1.6699013710021973,0.11191944032907486,0.1617717146873474,0.06917619705200195,0.020160606130957603,
1172,30,Half Roll Back,550,550,0.9915099740028381,1.2926050424575806,1.6721916198730469,0.10392589867115021,0.138987198472023,0.06967480480670929,0.020582402125000954,
1173,31,Kneeling Right-side Torso Twist,550,550,0.867419958114624,1.5650279521942139,1.6360065937042236,0.1874101758003235,0.2341928333044052,0.07549893856048584,0.027515236288309097,
1174,31,Kneeling Right-side Torso Twist,550,550,1.0112099647521973,1.4960190057754517,1.6498254537582397,0.166216179728508,0.21932043135166168,0.08039359748363495,0.03868434205651283,
1175,31,Kneeling Right-side Torso Twist,550,550,1.0429999828338623,1.4501979351043701,1.6509716510772705,0.17898689210414886,0.22035570442676544,0.07518909126520157,0.027518974617123604,
1176,32,Left-side Knee Raise And Abdominal Muscles Contract,550,550,1.139620065689087,0.49096500873565674,2.0943264961242676,0.12360884249210358,0.15553218126296997,0.07343892753124237,0.014163181185722351,
1177,32,Left-side Knee Raise And Abdominal Muscles Contract,550,550,1.254390001296997,0.5052629709243774,2.121253490447998,0.11984135210514069,0.15114076435565948,0.07285561412572861,0.013917369768023491,
1178,32,Left-side Knee Raise And Abdominal Muscles Contract,550,550,1.2383499145507812,0.3830069899559021,2.12573504447937,0.11887610703706741,0.1585063934326172,0.07414417713880539,0.016794325783848763,
1179,33,Kneeling Right Leg Backward Stretch,550,550,1.0400500297546387,1.6111589670181274,1.6240837574005127,0.24837596714496613,0.2764182686805725,0.08167877048254013,0.029412895441055298,
1180,33,Kneeling Right Leg Backward Stretch,550,550,0.9195200204849243,1.5668230056762695,1.6303062438964844,0.2265775501728058,0.25113558769226074,0.07945678383111954,0.02193179912865162,
1181,33,Kneeling Right Leg Backward Stretch,550,550,0.975130021572113,1.6333410739898682,1.6236138343811035,0.2125273495912552,0.24713091552257538,0.08229156583547592,0.04055953770875931,
1182,34,Kneeling Right Arm Raise,550,550,0.8391500115394592,0.5666990280151367,2.453059434890747,0.2772749066352844,0.27761685848236084,0.08954330533742905,0.0005180200678296387,
1183,34,Kneeling Right Arm Raise,550,550,0.6811000108718872,0.5666990280151367,1.4227484464645386,0.09456444531679153,0.09456444531679153,0.09456444531679153,1.7424209861408024e-12,
1184,34,Kneeling Right Arm Raise,550,550,0.6811000108718872,0.5666990280151367,1.4227484464645386,0.09456444531679153,0.09456444531679153,0.09456444531679153,1.7424209861408024e-12,
1185,35,Shoulder Bridge,550,550,0.8040599822998047,1.5355709791183472,2.4541103839874268,0.08277027308940887,0.2955745756626129,0.05809494107961655,0.031143998727202415,
1186,35,Shoulder Bridge,550,550,0.8709100484848022,1.5574140548706055,1.6582742929458618,0.1649942547082901,0.2063884139060974,0.08356592804193497,0.03643769770860672,
1187,35,Shoulder Bridge,550,550,0.9309300184249878,1.5167250633239746,1.6606775522232056,0.16103161871433258,0.17696863412857056,0.08607577532529831,0.03881100192666054,
1188,36,Prone Press-ups,550,550,1.059190034866333,1.7403309345245361,1.632409691810608,0.2445068657398224,0.2903517484664917,0.07666707038879395,0.03675680607557297,
1189,36,Prone Press-ups,550,550,0.980679988861084,1.7519220113754272,1.6446917057037354,0.20355196297168732,0.2463102489709854,0.06890898942947388,0.04285455867648125,
1190,36,Prone Press-ups,550,550,0.9353300333023071,1.7327150106430054,1.6414289474487305,0.20560944080352783,0.2650969922542572,0.06893862783908844,0.06440598517656326,
1191,37,Bent-over Torso Rotation,550,550,1.0633800029754639,0.6617349982261658,1.5521838665008545,0.07274755835533142,0.10561424493789673,0.06448864191770554,0.0045026433654129505,
1192,37,Bent-over Torso Rotation,550,550,1.0132200717926025,0.6566660404205322,1.552931547164917,0.07322988659143448,0.0969623476266861,0.06358318775892258,0.005348818842321634,
1193,37,Bent-over Torso Rotation,550,550,1.0048800706863403,0.726302981376648,1.5458933115005493,0.07022642344236374,0.09683780372142792,0.06270642578601837,0.0046188924461603165,
1194,38,Lying Arm Pull,550,550,1.0698599815368652,2.033350944519043,1.6431615352630615,0.21194016933441162,0.2642180025577545,0.07925813645124435,0.06048903614282608,
1195,38,Lying Arm Pull,550,550,1.100469946861267,2.1235461235046387,1.6691277027130127,0.23160508275032043,0.29577192664146423,0.09092065691947937,0.067278191447258,
1196,38,Lying Arm Pull,550,550,1.1433100700378418,2.0380468368530273,1.6543118953704834,0.24327611923217773,0.30914607644081116,0.07737194001674652,0.07671597599983215,
1197,39,Prone Press Up With Torso Rotation,550,550,0.9595000147819519,1.8267449140548706,1.6366233825683594,0.19615276157855988,0.2355504333972931,0.0699237734079361,0.0429542101919651,
1198,39,Prone Press Up With Torso Rotation,550,550,0.918940007686615,1.772871971130371,1.6329489946365356,0.20327648520469666,0.24203447997570038,0.0802982747554779,0.05332234874367714,
1199,39,Prone Press Up With Torso Rotation,550,550,1.0142099857330322,1.7664539813995361,1.6427218914031982,0.20899158716201782,0.24483226239681244,0.07014355063438416,0.033647049218416214,
1200,40,Breaststroke Push-ups,550,550,1.4501099586486816,2.2172141075134277,1.6289958953857422,0.24640297889709473,0.3056492507457733,0.08533264696598053,0.062184736132621765,
1201,40,Breaststroke Push-ups,550,550,0.9551100134849548,2.1924550533294678,1.6285319328308105,0.23320692777633667,0.3016265332698822,0.08520129323005676,0.052368566393852234,
1202,40,Breaststroke Push-ups,550,550,1.008239984512329,2.2033491134643555,1.6364233493804932,0.23101165890693665,0.30173954367637634,0.08955852687358856,0.06319023668766022,
1203,41,Sit-ups,550,550,1.1206400394439697,2.2163848876953125,1.6278014183044434,0.1629924774169922,0.3780471384525299,0.06812318414449692,0.0819680243730545,
1204,41,Sit-ups,550,550,1.0411200523376465,2.454470157623291,1.6202967166900635,0.16266123950481415,0.4298289120197296,0.07088641822338104,0.09896965324878693,
1205,41,Sit-ups,550,550,1.2389500141143799,2.5059051513671875,1.6316144466400146,0.16543860733509064,0.3915209174156189,0.0749398022890091,0.09479808807373047,
1206,42,Side-lying Left Leg Forward Raise,550,550,1.2598799467086792,1.7970939874649048,1.6950656175613403,0.1725226789712906,0.23069414496421814,0.08480634540319443,0.08130847662687302,
1207,42,Side-lying Left Leg Forward Raise,550,550,1.3053100109100342,1.8355029821395874,1.6888294219970703,0.20060715079307556,0.24625644087791443,0.0833849310874939,0.05244894698262215,
1208,42,Side-lying Left Leg Forward Raise,550,550,1.252959966659546,1.8644779920578003,1.7194862365722656,0.18269464373588562,0.2299949675798416,0.07906744629144669,0.06548317521810532,
1209,43,Right Leg Reverse Lunge,550,550,1.17221999168396,1.06850004196167,1.5895493030548096,0.07884726673364639,0.10633904486894608,0.06572367250919342,0.014697561040520668,
1210,43,Right Leg Reverse Lunge,550,550,1.0916600227355957,1.090047001838684,1.5936546325683594,0.0770730972290039,0.10206901282072067,0.061258044093847275,0.014818225055932999,
1211,43,Right Leg Reverse Lunge,550,550,1.076240062713623,1.0078060626983643,1.5771820545196533,0.0789114460349083,0.10122331976890564,0.06256633251905441,0.01202780194580555,
1212,44,Kneeling Left Knee Lift,550,550,1.2649800777435303,1.436527967453003,1.6339340209960938,0.1601438671350479,0.18282045423984528,0.08298234641551971,0.027278728783130646,
1213,44,Kneeling Left Knee Lift,550,550,0.9204699993133545,1.3594729900360107,1.6245365142822266,0.1638159453868866,0.18623018264770508,0.06958308070898056,0.027532972395420074,
1214,44,Kneeling Left Knee Lift,550,550,0.996399998664856,1.5234299898147583,1.639256477355957,0.1566333770751953,0.188203364610672,0.0725579634308815,0.035500429570674896,
1215,45,Alternate Reverse Lunge,550,550,0.9669300317764282,1.0888149738311768,1.6151202917099,0.08479386568069458,0.0956183671951294,0.06813881546258926,0.01403537392616272,
1216,45,Alternate Reverse Lunge,550,550,0.8972100019454956,1.038180947303772,1.610396385192871,0.07811054587364197,0.09076742082834244,0.06369014829397202,0.013080794364213943,
1217,45,Alternate Reverse Lunge,550,550,1.0910199880599976,1.13202702999115,1.5791940689086914,0.0783778503537178,0.1015276238322258,0.06250452250242233,0.013238076120615005,
1218,46,Side-lying Right Leg Backward Kick,550,550,1.1210500001907349,1.964089035987854,1.6982632875442505,0.2021828293800354,0.25549161434173584,0.07177363336086273,0.06799428910017014,
1219,46,Side-lying Right Leg Backward Kick,550,550,0.9484399557113647,1.972324013710022,1.6859781742095947,0.27084389328956604,0.3231216371059418,0.06998006999492645,0.0672730803489685,
1220,46,Side-lying Right Leg Backward Kick,550,550,0.9581800103187561,1.9846969842910767,1.6717054843902588,0.2565280497074127,0.3238363265991211,0.06750719249248505,0.09651949256658554,
1221,47,Left Leg Lunge With Knee Lift,550,550,1.1216399669647217,1.2412230968475342,1.6047428846359253,0.07178904116153717,0.10481314361095428,0.0623631477355957,0.011859756894409657,
1222,47,Left Leg Lunge With Knee Lift,550,550,1.0970799922943115,1.2421579360961914,1.6191383600234985,0.074033223092556,0.10167531669139862,0.06323261559009552,0.010561206378042698,
1223,47,Left Leg Lunge With Knee Lift,550,550,1.1506500244140625,1.1669139862060547,1.6068415641784668,0.0715542882680893,0.10617480427026749,0.06067366898059845,0.01072721928358078,
1224,48,Sumo Squat,550,550,1.1052799224853516,0.7145289778709412,1.6483955383300781,0.0939454659819603,0.12055675685405731,0.06596740335226059,0.01116897165775299,
1225,48,Sumo Squat,550,550,0.9189199805259705,0.6065889596939087,1.6171178817749023,0.09543690085411072,0.11283194273710251,0.06932124495506287,0.009377317503094673,
1226,48,Sumo Squat,550,550,0.950760006904602,0.5969499945640564,1.6128592491149902,0.09696102142333984,0.11295375972986221,0.073459193110466,0.007105957716703415,
1227,49,Straight Leg Calf Raise,550,550,1.0441399812698364,0.28638699650764465,1.6285672187805176,0.08375119417905807,0.098817840218544,0.08077220618724823,0.001422021072357893,
1228,49,Straight Leg Calf Raise,550,550,1.0063999891281128,0.3680189847946167,1.6312737464904785,0.08515430986881256,0.09677597880363464,0.08039479702711105,0.0021097774151712656,
1229,49,Straight Leg Calf Raise,550,550,1.0638399124145508,0.28793901205062866,1.624882459640503,0.08672015368938446,0.10055233538150787,0.08203747868537903,0.0017676885472610593,
1230,50,Squat Jump,550,446,1.144219994544983,1.247459053993225,1.7246983051300049,0.10908468812704086,0.14072929322719574,0.07874015718698502,0.02383875474333763,
1231,50,Squat Jump,550,431,1.0902600288391113,1.3576080799102783,1.7394531965255737,0.10693971812725067,0.15393425524234772,0.07561182975769043,0.025278398767113686,
1232,50,Squat Jump,550,481,1.0354700088500977,1.3514289855957031,1.7528560161590576,0.11667981743812561,0.1647869199514389,0.08204586803913116,0.027494879439473152,
1233,51,Squat With Alternate Knee Lift,550,550,0.9709699749946594,0.9076939821243286,1.6308989524841309,0.09111426025629044,0.11354997009038925,0.0761360451579094,0.01849793829023838,
1234,51,Squat With Alternate Knee Lift,550,550,1.0844099521636963,0.8328499794006348,1.606993317604065,0.08959919959306717,0.121824711561203,0.06642374396324158,0.017776330932974815,
1235,51,Squat With Alternate Knee Lift,550,550,0.9370700120925903,0.8764470219612122,1.6475632190704346,0.09209631383419037,0.12368020415306091,0.06772821396589279,0.017256684601306915,
1236,52,Standing Alternate Butt Kick,550,550,1.253059983253479,0.6634360551834106,1.5734258890151978,0.08159133791923523,0.11465442925691605,0.061189424246549606,0.006416474003344774,
1237,52,Standing Alternate Butt Kick,550,550,1.1830499172210693,0.6314840316772461,1.5640499591827393,0.08059316128492355,0.10884049534797668,0.06261381506919861,0.006160831544548273,
1238,52,Standing Alternate Butt Kick,550,550,1.0655100345611572,0.6015769839286804,1.5712623596191406,0.07922463119029999,0.10131294280290604,0.06272699683904648,0.004541106056421995,
1239,53,Knee Warm-up,550,440,1.159309983253479,0.6365640163421631,1.5692335367202759,0.07004926353693008,0.10723774135112762,0.05876663327217102,0.009821023792028427,
1240,53,Knee Warm-up,550,489,1.1566400527954102,0.6247159838676453,1.5726866722106934,0.06830719858407974,0.10607452690601349,0.056212183088064194,0.010589702986180782,
1241,53,Knee Warm-up,550,444,1.0146300792694092,0.6547980308532715,1.5763051509857178,0.06808103621006012,0.09812701493501663,0.055910054594278336,0.008647192269563675,
1242,54,Butt Kicks,550,391,0.9983400106430054,0.7722439765930176,1.664128065109253,0.0737796202301979,0.09633579105138779,0.05579592287540436,0.0087239695712924,
1243,54,Butt Kicks,550,494,1.080489993095398,0.7275439500808716,1.6940271854400635,0.0866827741265297,0.11811944097280502,0.059904612600803375,0.010507670231163502,
1244,54,Butt Kicks,550,550,1.0360500812530518,0.8921779990196228,1.6618390083312988,0.07802297174930573,0.1073441430926323,0.05666819214820862,0.00975349172949791,
1245,55,Jump Left and Right,550,520,1.1308499574661255,0.8667299747467041,1.701973795890808,0.10675694048404694,0.16051466763019562,0.07201040536165237,0.014797369949519634,
1246,55,Jump Left and Right,550,532,0.9871100187301636,0.7828409671783447,1.6940627098083496,0.09461603313684464,0.13146813213825226,0.07098501175642014,0.012632421217858791,
1247,55,Jump Left and Right,550,527,0.9584200382232666,0.9982379674911499,1.6717793941497803,0.09596996754407883,0.13728229701519012,0.07338584214448929,0.015322151593863964,
1248,56,Jumping Jacks,550,442,1.698889970779419,0.8450770378112793,2.2253005504608154,0.1509956270456314,0.23324714601039886,0.07497510313987732,0.038330644369125366,
1249,56,Jumping Jacks,550,403,1.643180012702942,0.8538869619369507,2.2161295413970947,0.14745639264583588,0.23259514570236206,0.07192766666412354,0.03705814108252525,
1250,56,Jumping Jacks,550,461,1.6309499740600586,0.8782999515533447,2.169199228286743,0.15465213358402252,0.23576240241527557,0.07463716715574265,0.03674818575382233,
1251,57,High Knee,550,380,1.2254700660705566,0.8812370300292969,1.6479310989379883,0.0842798724770546,0.10791965574026108,0.06396333873271942,0.012876415625214577,
1252,57,High Knee,550,416,1.1746000051498413,0.9538180232048035,1.6443201303482056,0.10137376189231873,0.1337066888809204,0.07127635180950165,0.012404159642755985,
1253,57,High Knee,550,415,1.1483900547027588,0.8609139919281006,1.645522117614746,0.08203191310167313,0.10377064347267151,0.0665653645992279,0.010345294140279293,
1254,58,Clap Jacks,550,397,1.6692500114440918,1.20148503780365,1.6945852041244507,0.1551160216331482,0.19283828139305115,0.10216526687145233,0.024020664393901825,
1255,58,Clap Jacks,550,440,1.7019600868225098,1.2050169706344604,1.7110520601272583,0.14630314707756042,0.17188872396945953,0.09220660477876663,0.023982705548405647,
1256,58,Clap Jacks,550,465,1.7759100198745728,1.4894800186157227,1.7086973190307617,0.1645541936159134,0.23093724250793457,0.0927066057920456,0.02574603073298931,
1257,59,Run In Place With Arm Swing,550,461,1.1585800647735596,0.7815350294113159,1.5688540935516357,0.08045833557844162,0.10384972393512726,0.06845144927501678,0.0062730577774345875,
1258,59,Run In Place With Arm Swing,550,461,1.1821199655532837,0.7815359830856323,1.5688542127609253,0.08213784545660019,0.10623079538345337,0.0697682723402977,0.006279476452618837,
1259,59,Run In Place With Arm Swing,550,439,1.1248500347137451,0.772212028503418,1.586076259613037,0.0867338702082634,0.10194583982229233,0.07260262966156006,0.0070913746021687984,
1260,0,Svend Press,550,550,1.22871994972229,0.9008660316467285,1.6580724716186523,0.11049024760723114,0.142197847366333,0.06553824245929718,0.0267059076577425,
1261,0,Svend Press,550,550,1.1272900104522705,0.9650720357894897,1.6221649646759033,0.10850102454423904,0.14307023584842682,0.06777442991733551,0.02928219735622406,
1262,0,Svend Press,550,550,1.0470399856567383,0.9214169979095459,1.6389992237091064,0.10925359278917313,0.1397354155778885,0.06456103920936584,0.025132279843091965,
1263,1,Kneeling Push-ups,550,550,1.1561100482940674,1.5400949716567993,1.6126301288604736,0.1852579563856125,0.22498083114624023,0.07452593743801117,0.03338771313428879,
1264,1,Kneeling Push-ups,550,550,1.213479995727539,1.4918160438537598,1.6336665153503418,0.17967021465301514,0.2208467572927475,0.06710559129714966,0.03523125499486923,
1265,1,Kneeling Push-ups,550,550,1.0338300466537476,1.5910110473632812,1.611555814743042,0.2183884084224701,0.27730485796928406,0.07099630683660507,0.04161308333277702,
1266,2,Standing Straight-arm Chest Press With Resistance Band,550,550,1.6079699993133545,0.9302870035171509,1.6965885162353516,0.15403412282466888,0.1810583472251892,0.09157875180244446,0.020530594512820244,
1267,2,Standing Straight-arm Chest Press With Resistance Band,550,550,1.6035900115966797,0.8972430229187012,1.6541695594787598,0.1508970558643341,0.1766425222158432,0.10550468415021896,0.020232878625392914,
1268,2,Standing Straight-arm Chest Press With Resistance Band,550,550,1.6057400703430176,0.8579009771347046,1.6257760524749756,0.14726515114307404,0.17502835392951965,0.10154128819704056,0.020191412419080734,
1269,3,Small Dumbbell Floor Flies,550,550,1.5956499576568604,1.8438498973846436,1.620106816291809,0.17682230472564697,0.25274476408958435,0.09163475036621094,0.08566006273031235,
1270,3,Small Dumbbell Floor Flies,550,550,1.6027799844741821,1.8395969867706299,1.6181561946868896,0.16383151710033417,0.2423279583454132,0.0829305499792099,0.09118808805942535,
1271,3,Small Dumbbell Floor Flies,550,550,1.5599799156188965,1.8680059909820557,1.6179046630859375,0.14484499394893646,0.24539077281951904,0.08379034698009491,0.10219889134168625,
1272,4,Chest Fly,550,550,0.9565600156784058,0.9935879707336426,2.1146204471588135,0.1450188159942627,0.16996794939041138,0.08491706848144531,0.03671017289161682,
1273,4,Chest Fly,550,550,0.9659600257873535,1.0294809341430664,2.115079402923584,0.14538432657718658,0.16965344548225403,0.08060809969902039,0.03787532448768616,
1274,4,Chest Fly,550,550,0.9246100187301636,1.0567959547042847,2.125014066696167,0.14830178022384644,0.167740598320961,0.08637178689241409,0.037898458540439606,
1275,5,Push-ups,550,550,0.9473400115966797,1.568120002746582,1.6042299270629883,0.218738853931427,0.2700565457344055,0.0746927335858345,0.04186384379863739,
1276,5,Push-ups,550,550,0.9488999843597412,1.5520100593566895,1.6241397857666016,0.2522529065608978,0.3088747560977936,0.06895840167999268,0.04045909270644188,
1277,5,Push-ups,550,550,1.0189100503921509,1.5970029830932617,1.6111387014389038,0.23947326838970184,0.29633447527885437,0.0867546945810318,0.04662037640810013,
1278,6,Bent-over W-shape Stretch,550,550,1.2020800113677979,0.6647889614105225,1.5647518634796143,0.08904572576284409,0.11326024681329727,0.0659642219543457,0.00936873909085989,
1279,6,Bent-over W-shape Stretch,550,550,1.2244200706481934,0.7155829668045044,1.5514156818389893,0.08633002638816833,0.11248692870140076,0.06482576578855515,0.009105767123401165,
1280,6,Bent-over W-shape Stretch,550,550,1.2629799842834473,0.6585780382156372,1.551774024963379,0.08862446248531342,0.11658620089292526,0.06822134554386139,0.00872118677943945,
1281,7,Bent-over Y-shape Stretch,550,550,1.2669999599456787,1.0852830410003662,1.6622982025146484,0.09374016523361206,0.13775165379047394,0.06195702403783798,0.027219101786613464,
1282,7,Bent-over Y-shape Stretch,550,550,1.1512399911880493,1.0448579788208008,1.7678793668746948,0.10334762930870056,0.1463099718093872,0.06964882463216782,0.026032347232103348,
1283,7,Bent-over Y-shape Stretch,550,550,1.155250072479248,1.0452719926834106,1.7847836017608643,0.09635603427886963,0.14584162831306458,0.06319871544837952,0.02691764198243618,
1284,8,Bent-over A-shape Stretch,550,550,1.3284399509429932,1.0740010738372803,1.5508532524108887,0.09283246099948883,0.12238574028015137,0.06735352426767349,0.02639147639274597,
1285,8,Bent-over A-shape Stretch,550,550,1.0447499752044678,1.0931719541549683,1.557202935218811,0.08867409080266953,0.10373793542385101,0.06977692991495132,0.023446539416909218,
1286,8,Bent-over A-shape Stretch,550,550,1.0817899703979492,1.0581779479980469,1.5508887767791748,0.09085031598806381,0.10773095488548279,0.07003597170114517,0.026310188695788383,
1287,9,Squat With Arm Lift,550,550,1.445389986038208,0.8229390382766724,1.6091564893722534,0.12858855724334717,0.16308173537254333,0.07218579202890396,0.038264308124780655,
1288,9,Squat With Arm Lift,550,550,1.317389965057373,0.8687660098075867,1.6311969757080078,0.12282996624708176,0.15173624455928802,0.07269085198640823,0.045623522251844406,
1289,9,Squat With Arm Lift,550,550,1.3056600093841553,0.7667109966278076,1.6478283405303955,0.12697121500968933,0.14698192477226257,0.07116007804870605,0.046328406780958176,
1290,10,Breaststroke Arm Pull,550,550,1.5599000453948975,2.195333957672119,1.607912302017212,0.27136558294296265,0.43459996581077576,0.07921536266803741,0.06610476225614548,
1291,10,Breaststroke Arm Pull,550,550,1.5738399028778076,2.2160911560058594,1.6228747367858887,0.28635063767433167,0.46006470918655396,0.07404489815235138,0.06928345561027527,
1292,10,Breaststroke Arm Pull,550,550,1.5952799320220947,2.212862968444824,1.613356351852417,0.28922757506370544,0.443734735250473,0.07702752202749252,0.06369687616825104,
1293,11,Prone Y-shape Stretch,550,550,1.120710015296936,2.1369879245758057,1.624130129814148,0.3312285244464874,0.4491652846336365,0.07361259311437607,0.06812141090631485,
1294,11,Prone Y-shape Stretch,550,550,1.1261799335479736,2.086236000061035,1.635166049003601,0.33180949091911316,0.46850159764289856,0.07873532176017761,0.07851149886846542,
1295,11,Prone Y-shape Stretch,550,550,1.0087599754333496,2.138746976852417,1.6409335136413574,0.3138158619403839,0.4449194371700287,0.06931280344724655,0.0714556947350502,
1296,12,Lateral Raise Forward Circles,550,550,1.6110600233078003,0.7073050141334534,1.7545626163482666,0.1581057757139206,0.1981617659330368,0.08699922263622284,0.00788737740367651,
1297,12,Lateral Raise Forward Circles,550,550,1.5957400798797607,0.6085000038146973,1.7130094766616821,0.1540473848581314,0.19606129825115204,0.08859185874462128,0.008864128030836582,
1298,12,Lateral Raise Forward Circles,550,550,1.5890400409698486,0.6911600232124329,1.771381139755249,0.16405625641345978,0.20283366739749908,0.08898700773715973,0.007792371325194836,
1299,13,Lateral Raise Backward Circles,550,550,1.5864300727844238,0.7018810510635376,1.8532997369766235,0.1641974151134491,0.21435056626796722,0.08507850021123886,0.008750198408961296,
1300,13,Lateral Raise Backward Circles,550,450,1.5815500020980835,0.8943450450897217,1.8502724170684814,0.15691876411437988,0.20814231038093567,0.08104899525642395,0.013808493502438068,
1301,13,Lateral Raise Backward Circles,550,550,1.580169916152954,0.7976640462875366,1.8360737562179565,0.16492797434329987,0.20804136991500854,0.08650896698236465,0.00980435125529766,
1302,14,Lying Shoulder Joint Upward Round,550,550,1.529099941253662,2.2026500701904297,1.6470887660980225,0.19650831818580627,0.27725446224212646,0.08830257505178452,0.09505514800548553,
1303,14,Lying Shoulder Joint Upward Round,550,550,1.547070026397705,2.224128007888794,1.6283671855926514,0.16886037588119507,0.25241443514823914,0.07854215800762177,0.08445396274328232,
1304,14,Lying Shoulder Joint Upward Round,550,550,1.5652399063110352,2.228877067565918,1.651808261871338,0.19020158052444458,0.26125070452690125,0.09027910977602005,0.08529958873987198,
1305,15,Lying Shoulder Joint Downward Round,550,550,1.559230089187622,2.217021942138672,1.6471515893936157,0.18994490802288055,0.27364397048950195,0.08256685733795166,0.08604615181684494,
1306,15,Lying Shoulder Joint Downward Round,550,550,1.6170599460601807,2.2038559913635254,1.6517653465270996,0.18500688672065735,0.2678346037864685,0.07957642525434494,0.08853542804718018,
1307,15,Lying Shoulder Joint Downward Round,550,550,1.583280086517334,2.2291650772094727,1.635918378829956,0.17144092917442322,0.2685340642929077,0.07590657472610474,0.0949147641658783,
1308,16,Bare-handed Full Lateral Raise,550,550,1.602139949798584,0.3874080181121826,2.1069207191467285,0.1543574333190918,0.22092337906360626,0.07848666608333588,0.03235562890768051,
1309,16,Bare-handed Full Lateral Raise,550,550,1.613110065460205,0.29163700342178345,2.112100839614868,0.15586833655834198,0.22432266175746918,0.07701685279607773,0.031807709485292435,
1310,16,Bare-handed Full Lateral Raise,550,550,1.6175899505615234,0.30858898162841797,2.1191282272338867,0.1561078429222107,0.22762715816497803,0.07759954035282135,0.0319552980363369,
1311,17,Bare-handed Cuban Press,550,550,1.187309980392456,0.4978039860725403,2.102961301803589,0.1455812007188797,0.21791429817676544,0.07716380804777145,0.0226149782538414,
1312,17,Bare-handed Cuban Press,550,550,1.1971800327301025,0.6076160073280334,2.1247270107269287,0.13639123737812042,0.22563128173351288,0.07746481150388718,0.02511896751821041,
1313,17,Bare-handed Cuban Press,550,550,1.2742300033569336,0.5437359809875488,2.1138927936553955,0.1359955370426178,0.22057093679904938,0.07768141478300095,0.025125736370682716,
1314,18,Fortune Cat,550,550,1.238800048828125,0.5527250170707703,1.8228650093078613,0.13801154494285583,0.16950984299182892,0.10428521782159805,0.009088725782930851,
1315,18,Fortune Cat,550,550,1.0441200733184814,0.5421270132064819,1.8383790254592896,0.1372431069612503,0.17505966126918793,0.09723106026649475,0.010367427952587605,
1316,18,Fortune Cat,550,550,1.0315799713134766,0.6018170118331909,1.8762836456298828,0.1417953222990036,0.1833483725786209,0.09154902398586273,0.011495579965412617,
1317,19,Dumbbell Curls,550,550,1.4194400310516357,0.6622419953346252,1.6244139671325684,0.0974554717540741,0.13114576041698456,0.07078356295824051,0.01994403451681137,
1318,19,Dumbbell Curls,550,550,1.0387399196624756,0.6496410369873047,1.6096787452697754,0.09171786159276962,0.11817391961812973,0.06901721656322479,0.01792174018919468,
1319,19,Dumbbell Curls,550,550,1.0781700611114502,0.6322939991950989,1.6058659553527832,0.09211278706789017,0.11670713126659393,0.07224206626415253,0.01693366840481758,
1320,20,Alternate Dumbbell Curls,550,550,1.1395800113677979,0.6973329782485962,1.6063728332519531,0.09060295671224594,0.12364376336336136,0.07126805931329727,0.015283249318599701,
1321,20,Alternate Dumbbell Curls,550,550,0.9051600098609924,0.6910669803619385,1.6033135652542114,0.08934444189071655,0.11780212074518204,0.06943987309932709,0.013837181963026524,
1322,20,Alternate Dumbbell Curls,550,550,0.8713799715042114,0.6642000079154968,1.5684754848480225,0.08974051475524902,0.11865689605474472,0.06932762265205383,0.014711729250848293,
1323,21,Right-side Kettlebell Bent-over Row,550,550,0.8743000030517578,1.0644129514694214,1.589938998222351,0.07888441532850266,0.09206769615411758,0.06328758597373962,0.011012647300958633,
1324,21,Right-side Kettlebell Bent-over Row,550,550,0.9510400295257568,1.2120000123977661,1.5959779024124146,0.07976504415273666,0.11194637417793274,0.06632737815380096,0.013452396728098392,
1325,21,Right-side Kettlebell Bent-over Row,550,550,0.9059500098228455,1.3391309976577759,1.5911672115325928,0.08054808527231216,0.11344490200281143,0.06887659430503845,0.015270772390067577,
1326,22,Wrist Joint Warm-up,550,534,1.0493199825286865,0.6613039970397949,1.55419921875,0.10111258178949356,0.11235179752111435,0.08339811116456985,0.007530332542955875,
1327,22,Wrist Joint Warm-up,550,550,0.8990799784660339,0.5013999938964844,1.5577442646026611,0.10154867172241211,0.11032924801111221,0.09134320914745331,0.0034033330157399178,
1328,22,Wrist Joint Warm-up,550,480,0.9125999808311462,0.5698609948158264,1.5545592308044434,0.09991099685430527,0.11167096346616745,0.08323671668767929,0.006932201329618692,
1329,23,Right-side Bent-over Tricep Extension With Resistance Band,550,550,0.848770022392273,0.7934529781341553,1.5521063804626465,0.07196925580501556,0.09147021174430847,0.06236424669623375,0.0071083903312683105,
1330,23,Right-side Bent-over Tricep Extension With Resistance Band,550,550,0.6998100280761719,0.8061549663543701,1.563736915588379,0.06811286509037018,0.08471114188432693,0.058377813547849655,0.006830147933214903,
1331,23,Right-side Bent-over Tricep Extension With Resistance Band,550,550,0.6751199960708618,0.7930110096931458,1.5669538974761963,0.06601183861494064,0.0828523188829422,0.05787447467446327,0.007058105431497097,
1332,24,Bent-over Dumbbell Tricep Extension,550,550,1.066580057144165,0.8107739686965942,1.5727241039276123,0.07449460029602051,0.11875011771917343,0.059350285679101944,0.016249042004346848,
1333,24,Bent-over Dumbbell Tricep Extension,550,550,0.9456300139427185,0.8271610140800476,1.5674140453338623,0.0795392394065857,0.12936699390411377,0.06656987220048904,0.016669301316142082,
1334,24,Bent-over Dumbbell Tricep Extension,550,550,0.954740047454834,0.8466119766235352,1.5573610067367554,0.08058033138513565,0.12487612664699554,0.06704239547252655,0.01615055650472641,
1335,25,Nod And Raise Head,550,550,1.1898800134658813,0.33817100524902344,1.7343902587890625,0.11448273807764053,0.1276921033859253,0.09059277921915054,0.0021302402019500732,
1336,25,Nod And Raise Head,550,550,1.1191999912261963,0.47519201040267944,1.8139371871948242,0.11326664686203003,0.13211652636528015,0.09423629939556122,0.0026362768840044737,
1337,25,Nod And Raise Head,550,550,1.3159599304199219,0.3302929997444153,1.7556405067443848,0.11579902470111847,0.1320725381374359,0.11229316890239716,0.0026018184144049883,
1338,26,Two-way Head Turn,550,550,1.2642099857330322,0.2824680209159851,1.5503425598144531,0.08595353364944458,0.11545518040657043,0.08519838750362396,6.639640196226537e-05,
1339,26,Two-way Head Turn,550,550,0.7499300241470337,0.2748219966888428,1.5528899431228638,0.08578875660896301,0.08674836903810501,0.08498451113700867,8.278632594738156e-05,
1340,26,Two-way Head Turn,550,550,0.8146699666976929,0.2630470097064972,1.5517773628234863,0.08715846389532089,0.08850874751806259,0.08454932272434235,5.1190058002248406e-05,
1341,27,Shrug And Sink The Shoulders,550,550,0.7409999966621399,0.27390098571777344,1.5574851036071777,0.08270036429166794,0.08621534705162048,0.08013489097356796,0.0001602799748070538,
1342,27,Shrug And Sink The Shoulders,550,550,0.9356099963188171,0.299564003944397,1.561022400856018,0.08535636216402054,0.09747368842363358,0.08050992339849472,0.00041350896935909986,
1343,27,Shrug And Sink The Shoulders,550,550,1.0119600296020508,0.316677987575531,1.5620052814483643,0.0886085256934166,0.10047151893377304,0.08129505068063736,0.0008309019613079727,
1344,28,Four-way Nod Head,550,550,0.9129799604415894,0.2578279972076416,1.554942011833191,0.08880490809679031,0.09217013418674469,0.08635403215885162,0.00013388192746788263,
1345,28,Four-way Nod Head,550,550,1.0677399635314941,0.2693080008029938,1.5543725490570068,0.07995535433292389,0.10202397406101227,0.07718495279550552,0.0009857744444161654,
1346,28,Four-way Nod Head,550,550,1.0339499711990356,0.2906329929828644,1.5584766864776611,0.07954612374305725,0.09942563623189926,0.07667893916368484,0.001085521886125207,
1347,29,Lying Alternate Upper-half Leg Raise,550,550,1.0607399940490723,1.6455130577087402,1.6260322332382202,0.15344563126564026,0.21084538102149963,0.08178109675645828,0.06233072280883789,
1348,29,Lying Alternate Upper-half Leg Raise,550,550,0.8807200193405151,1.6700619459152222,1.6115267276763916,0.14660680294036865,0.23495008051395416,0.08262789249420166,0.05879401043057442,
1349,29,Lying Alternate Upper-half Leg Raise,550,550,0.9328299760818481,1.692262053489685,1.5924710035324097,0.1576697677373886,0.2652876675128937,0.08341053128242493,0.08039393275976181,
1350,30,Half Roll Back,550,550,0.9049999713897705,1.283463954925537,1.5842292308807373,0.11899436265230179,0.1842055320739746,0.07843513786792755,0.020476609468460083,
1351,30,Half Roll Back,550,550,0.866569995880127,1.1331219673156738,1.6085429191589355,0.12921853363513947,0.18647253513336182,0.08026178181171417,0.017973709851503372,
1352,30,Half Roll Back,550,550,0.9419900178909302,1.0849460363388062,1.606778860092163,0.14589674770832062,0.20111747086048126,0.0807076245546341,0.024625971913337708,
1353,31,Kneeling Right-side Torso Twist,550,550,0.7032099962234497,1.448868989944458,1.5987937450408936,0.20376995205879211,0.25902625918388367,0.07569504529237747,0.02938561700284481,
1354,31,Kneeling Right-side Torso Twist,550,550,0.742169976234436,1.4651939868927002,1.5965640544891357,0.19534744322299957,0.2507975399494171,0.07206729054450989,0.0327884741127491,
1355,31,Kneeling Right-side Torso Twist,550,550,0.7619500160217285,1.3450870513916016,1.6412333250045776,0.17507141828536987,0.22780349850654602,0.07315021753311157,0.034108128398656845,
1356,32,Left-side Knee Raise And Abdominal Muscles Contract,550,550,1.2693300247192383,0.48799699544906616,2.1449763774871826,0.12775559723377228,0.1563006341457367,0.08018963038921356,0.013708476908504963,
1357,32,Left-side Knee Raise And Abdominal Muscles Contract,550,550,1.3804700374603271,0.40764299035072327,2.1524720191955566,0.12867645919322968,0.15821091830730438,0.087905652821064,0.012282334268093109,
1358,32,Left-side Knee Raise And Abdominal Muscles Contract,550,550,1.284559965133667,0.4665060043334961,2.1602320671081543,0.12945465743541718,0.1583896279335022,0.08413959294557571,0.01340379100292921,
1359,33,Kneeling Right Leg Backward Stretch,550,550,0.9529800415039062,1.6878690719604492,1.615131139755249,0.21091780066490173,0.24160578846931458,0.07580313086509705,0.03815629333257675,
1360,33,Kneeling Right Leg Backward Stretch,550,550,0.853909969329834,1.633065938949585,1.5989668369293213,0.23867888748645782,0.2637116611003876,0.07390982657670975,0.023930633440613747,
1361,33,Kneeling Right Leg Backward Stretch,550,550,0.848360002040863,1.6577520370483398,1.60086989402771,0.22397582232952118,0.2569785416126251,0.0759584903717041,0.03662215173244476,
1362,34,Kneeling Right Arm Raise,550,550,0.8429199457168579,1.8023179769515991,1.6418426036834717,0.22327853739261627,0.2682904899120331,0.07812430709600449,0.0320291668176651,
1363,34,Kneeling Right Arm Raise,550,550,0.7313200235366821,1.8542990684509277,1.632636308670044,0.21176797151565552,0.25705382227897644,0.07283081859350204,0.03606702759861946,
1364,34,Kneeling Right Arm Raise,550,550,0.7078499794006348,1.7719089984893799,1.6203205585479736,0.20277220010757446,0.23860150575637817,0.06936400383710861,0.03005143441259861,
1365,35,Shoulder Bridge,550,550,1.0389299392700195,1.4369070529937744,1.6251718997955322,0.19535332918167114,0.22944295406341553,0.07822435349225998,0.04893740266561508,
1366,35,Shoulder Bridge,550,550,1.0014699697494507,1.7006630897521973,1.6319234371185303,0.17290203273296356,0.2574080228805542,0.08582043647766113,0.06689222157001495,
1367,35,Shoulder Bridge,550,550,1.131619930267334,1.662268877029419,1.618152379989624,0.18154241144657135,0.2651326656341553,0.08311955630779266,0.06322667747735977,
1368,36,Prone Press-ups,550,550,1.0398099422454834,1.7532860040664673,1.6066617965698242,0.2566455602645874,0.3151995539665222,0.08296500891447067,0.04768484830856323,
1369,36,Prone Press-ups,550,550,0.9576500058174133,1.8028349876403809,1.6367616653442383,0.2608294188976288,0.3189968168735504,0.07329515367746353,0.04868118464946747,
1370,36,Prone Press-ups,550,550,1.0595800876617432,1.8231549263000488,1.6244804859161377,0.29288411140441895,0.3659072518348694,0.07366525381803513,0.05567852780222893,
1371,37,Bent-over Torso Rotation,550,550,1.1483800411224365,0.7166340351104736,1.5580418109893799,0.06682726740837097,0.10586166381835938,0.05915414169430733,0.004779978189617395,
1372,37,Bent-over Torso Rotation,550,550,0.8724199533462524,0.7344570159912109,1.5684080123901367,0.06951144337654114,0.0912291631102562,0.061305008828639984,0.005789947230368853,
1373,37,Bent-over Torso Rotation,550,550,0.8514399528503418,0.696960985660553,1.5720362663269043,0.07279732078313828,0.09136149287223816,0.0633065402507782,0.006229816470295191,
1374,38,Lying Arm Pull,550,550,1.0034199953079224,2.1539909839630127,1.660635232925415,0.21567049622535706,0.26898011565208435,0.08362139016389847,0.07993122935295105,
1375,38,Lying Arm Pull,550,550,1.5689400434494019,2.131103038787842,1.680687427520752,0.21929803490638733,0.2650558650493622,0.08416163921356201,0.07555103302001953,
1376,38,Lying Arm Pull,550,550,1.588550090789795,2.1480259895324707,1.6630321741104126,0.20156432688236237,0.2531987428665161,0.0820506140589714,0.07729636877775192,
1377,39,Prone Press Up With Torso Rotation,550,550,0.8608499765396118,1.8418490886688232,1.6461101770401,0.24380673468112946,0.33537161350250244,0.07106900215148926,0.06613059341907501,
1378,39,Prone Press Up With Torso Rotation,550,550,0.8563899993896484,1.8915619850158691,1.6138314008712769,0.2184373140335083,0.3137317895889282,0.06727004796266556,0.07305195182561874,
1379,39,Prone Press Up With Torso Rotation,550,550,0.9021700024604797,1.8126649856567383,1.6101526021957397,0.29005005955696106,0.3477230966091156,0.07461705803871155,0.03719444200396538,
1380,40,Breaststroke Push-ups,550,550,1.0091400146484375,2.1703600883483887,1.614790439605713,0.31786149740219116,0.4516279697418213,0.0805964320898056,0.05505434051156044,
1381,40,Breaststroke Push-ups,550,550,1.2059800624847412,2.203618049621582,1.6070423126220703,0.30317047238349915,0.4486483335494995,0.07406269013881683,0.06802253425121307,
1382,40,Breaststroke Push-ups,550,550,0.9239100217819214,2.190290927886963,1.60930335521698,0.2830256521701813,0.4466281235218048,0.07449260354042053,0.05892364680767059,
1383,41,Sit-ups,550,550,1.0075299739837646,2.3298189640045166,1.6498311758041382,0.1978216916322708,0.2807152271270752,0.08813974261283875,0.09919802844524384,
1384,41,Sit-ups,550,550,0.9724000096321106,2.20367693901062,1.6730073690414429,0.1729169487953186,0.26119107007980347,0.0907539650797844,0.10652371495962143,
1385,41,Sit-ups,550,550,1.0756499767303467,2.279521942138672,1.6837725639343262,0.16566163301467896,0.2690582275390625,0.080251544713974,0.09931007772684097,
1386,42,Side-lying Left Leg Forward Raise,550,550,1.0833100080490112,1.655055046081543,1.6528112888336182,0.16263216733932495,0.19473600387573242,0.08115044981241226,0.05547962710261345,
1387,42,Side-lying Left Leg Forward Raise,550,550,1.0698699951171875,1.698375940322876,1.6383099555969238,0.1720140278339386,0.2153513878583908,0.08483482897281647,0.062006592750549316,
1388,42,Side-lying Left Leg Forward Raise,550,550,1.0746300220489502,1.6305840015411377,1.6287639141082764,0.1758308857679367,0.22519928216934204,0.08423599600791931,0.07046762108802795,
1389,43,Right Leg Reverse Lunge,550,550,0.8457099795341492,1.0445170402526855,1.6586203575134277,0.07840722799301147,0.09892807900905609,0.06510943919420242,0.016894953325390816,
1390,43,Right Leg Reverse Lunge,550,550,0.90447998046875,1.1102139949798584,1.6514136791229248,0.0785360336303711,0.09530173987150192,0.0637708231806755,0.01804429292678833,
1391,43,Right Leg Reverse Lunge,550,550,0.9632699489593506,1.1174590587615967,1.6583807468414307,0.07887964695692062,0.09041840583086014,0.0664520263671875,0.019229499623179436,
1392,44,Kneeling Left Knee Lift,550,550,0.8547300100326538,1.5139110088348389,1.5890434980392456,0.22806157171726227,0.26067736744880676,0.0767110213637352,0.03146550431847572,
1393,44,Kneeling Left Knee Lift,550,550,0.7955000400543213,1.4898030757904053,1.6041429042816162,0.20593416690826416,0.23941659927368164,0.06953735649585724,0.03607107698917389,
1394,44,Kneeling Left Knee Lift,550,550,0.8891500234603882,1.3928589820861816,1.60359525680542,0.23198167979717255,0.26202842593193054,0.07711174339056015,0.03180421143770218,
1395,45,Alternate Reverse Lunge,550,550,0.8893100023269653,1.1077449321746826,1.6430275440216064,0.07916637510061264,0.09145068377256393,0.0703209713101387,0.017999501898884773,
1396,45,Alternate Reverse Lunge,550,550,0.891759991645813,1.1138570308685303,1.6572273969650269,0.07972417771816254,0.0889042317867279,0.07106883078813553,0.020574098452925682,
1397,45,Alternate Reverse Lunge,550,550,0.8999300003051758,1.088236927986145,1.64448881149292,0.07917623966932297,0.08732900768518448,0.07302164286375046,0.019956698641180992,
1398,46,Side-lying Right Leg Backward Kick,550,550,1.1637399196624756,1.9738479852676392,1.6091750860214233,0.1663513332605362,0.27454712986946106,0.08315204083919525,0.07495181262493134,
1399,46,Side-lying Right Leg Backward Kick,550,550,1.155060052871704,1.9041240215301514,1.612020492553711,0.1613326519727707,0.23122809827327728,0.08304357528686523,0.0709468275308609,
1400,46,Side-lying Right Leg Backward Kick,550,550,1.174780011177063,1.8454880714416504,1.604682207107544,0.15040022134780884,0.22166644036769867,0.08115355670452118,0.07910659909248352,
1401,47,Left Leg Lunge With Knee Lift,550,550,1.205299973487854,1.4428820610046387,1.5880115032196045,0.08022087812423706,0.1102394387125969,0.0643925741314888,0.01752908155322075,
1402,47,Left Leg Lunge With Knee Lift,550,550,1.1954600811004639,1.3953540325164795,1.6240687370300293,0.07724004238843918,0.10910926759243011,0.06357073783874512,0.019076107069849968,
1403,47,Left Leg Lunge With Knee Lift,550,550,1.1425700187683105,1.420436978340149,1.6192352771759033,0.07672519981861115,0.10614530742168427,0.06322689354419708,0.01938638649880886,
1404,48,Sumo Squat,550,550,1.0829100608825684,0.6442899703979492,1.6431183815002441,0.09441766142845154,0.12061194330453873,0.07378377765417099,0.01326851174235344,
1405,48,Sumo Squat,550,550,0.922819972038269,0.71533203125,1.583382487297058,0.09215760231018066,0.11751626431941986,0.07078549265861511,0.013485757634043694,
1406,48,Sumo Squat,550,550,0.9397600293159485,0.6526859998703003,1.601163387298584,0.09378155320882797,0.11638621985912323,0.0758647695183754,0.012951902113854885,
1407,49,Straight Leg Calf Raise,550,550,0.865820050239563,0.33380699157714844,1.621284008026123,0.08067601919174194,0.0917532742023468,0.07863038033246994,0.0008639032603241503,
1408,49,Straight Leg Calf Raise,550,523,0.9043400287628174,0.480804979801178,1.6290143728256226,0.0831277072429657,0.09094998985528946,0.07893336564302444,0.002559181535616517,
1409,49,Straight Leg Calf Raise,550,550,0.818120002746582,0.466511994600296,1.6222819089889526,0.08320680260658264,0.09108905494213104,0.08016820251941681,0.0022141148801892996,
1410,50,Squat Jump,550,550,1.255270004272461,1.0975760221481323,1.683295726776123,0.1021595373749733,0.13934855163097382,0.07392151653766632,0.023085936903953552,
1411,50,Squat Jump,550,550,1.454360008239746,1.1019680500030518,1.6744974851608276,0.10680074989795685,0.14041762053966522,0.07357471436262131,0.025896616280078888,
1412,50,Squat Jump,550,550,1.2803800106048584,1.171125054359436,1.6795146465301514,0.10520756244659424,0.13572697341442108,0.07787764072418213,0.025869525969028473,
1413,51,Squat With Alternate Knee Lift,550,550,1.2772300243377686,0.7635170221328735,1.5949759483337402,0.08059882372617722,0.11556816101074219,0.06885377317667007,0.017010513693094254,
1414,51,Squat With Alternate Knee Lift,550,550,0.9627299904823303,0.7107880115509033,1.6140360832214355,0.08243252336978912,0.11496547609567642,0.0684271976351738,0.02037525735795498,
1415,51,Squat With Alternate Knee Lift,550,550,0.9122500419616699,0.7540320158004761,1.6267757415771484,0.08707841485738754,0.1143040880560875,0.07227873057126999,0.021032623946666718,
1416,52,Standing Alternate Butt Kick,550,550,0.9871799945831299,0.7984260320663452,1.5595502853393555,0.07580601423978806,0.08707040548324585,0.06344091147184372,0.007039061281830072,
1417,52,Standing Alternate Butt Kick,550,550,0.9759800434112549,0.8624469637870789,1.5685620307922363,0.0790456086397171,0.08678954094648361,0.0680338591337204,0.007282456383109093,
1418,52,Standing Alternate Butt Kick,550,550,0.9066500067710876,0.876602053642273,1.5660430192947388,0.07829277217388153,0.08918394893407822,0.06355444341897964,0.006150387693196535,
1419,53,Knee Warm-up,550,550,0.7364100217819214,0.625249981880188,1.594641923904419,0.06829875707626343,0.08626420050859451,0.060003045946359634,0.005856990814208984,
1420,53,Knee Warm-up,550,550,0.711959958076477,0.7048860192298889,1.6144118309020996,0.07072878628969193,0.08945593237876892,0.05948235094547272,0.0062157087959349155,
1421,53,Knee Warm-up,550,550,0.7324099540710449,0.6541230082511902,1.6236315965652466,0.06946422159671783,0.0856357142329216,0.05837475508451462,0.005741462577134371,
1422,54,Butt Kicks,550,512,1.1696900129318237,0.8154079914093018,1.6868516206741333,0.07517014443874359,0.10354999452829361,0.05454346910119057,0.00982736423611641,
1423,54,Butt Kicks,550,520,1.2117899656295776,1.2118210792541504,1.6953866481781006,0.08716210722923279,0.1311972439289093,0.0554736852645874,0.020046701654791832,
1424,54,Butt Kicks,550,511,1.209399938583374,1.3063640594482422,1.7134329080581665,0.08812735974788666,0.15195095539093018,0.056701239198446274,0.020637603476643562,
1425,55,Jump Left and Right,550,550,1.0978400707244873,0.782263994216919,1.7035162448883057,0.09889356046915054,0.13118115067481995,0.07598640769720078,0.010864817537367344,
1426,55,Jump Left and Right,550,474,0.8912299871444702,0.7010140419006348,1.7227866649627686,0.09692692011594772,0.12146718055009842,0.07950246334075928,0.01058962568640709,
1427,55,Jump Left and Right,550,489,0.8826099634170532,0.7496070265769958,1.7156192064285278,0.09643001854419708,0.11913543939590454,0.07904886454343796,0.01039265375584364,
1428,56,Jumping Jacks,550,473,1.6371500492095947,0.7095639705657959,2.177541732788086,0.1571374237537384,0.27724799513816833,0.07277989387512207,0.03509149327874184,
1429,56,Jumping Jacks,550,466,1.7290599346160889,0.6320289969444275,2.239706039428711,0.14934253692626953,0.2521359920501709,0.0733407586812973,0.03513891622424126,
1430,56,Jumping Jacks,550,452,1.6782000064849854,0.725862979888916,2.235260009765625,0.15584442019462585,0.2647594213485718,0.07618220895528793,0.03832526504993439,
1431,57,High Knee,550,474,0.8683500289916992,1.427354097366333,1.7089331150054932,0.10512809455394745,0.1823757290840149,0.07423045486211777,0.03016306273639202,
1432,57,High Knee,550,530,0.8709700107574463,1.2361960411071777,1.7185344696044922,0.09604805707931519,0.14099997282028198,0.06989884376525879,0.02349216863512993,
1433,57,High Knee,550,449,0.949679970741272,1.1178569793701172,1.7110700607299805,0.0847766101360321,0.10820813477039337,0.06952417641878128,0.014954200014472008,
1434,58,Clap Jacks,550,550,1.7359199523925781,1.4418870210647583,1.7781741619110107,0.14294350147247314,0.18471695482730865,0.08680299669504166,0.028598951175808907,
1435,58,Clap Jacks,550,477,1.733910083770752,1.1575349569320679,1.8844280242919922,0.14875377714633942,0.20542679727077484,0.08450991660356522,0.030435480177402496,
1436,58,Clap Jacks,550,527,1.7127399444580078,1.3142399787902832,1.8202712535858154,0.1424383670091629,0.17999406158924103,0.0900690108537674,0.028970304876565933,
1437,59,Run In Place With Arm Swing,550,451,0.8115899562835693,0.7389569878578186,1.6332342624664307,0.08756005764007568,0.0952313095331192,0.07850835472345352,0.005268067121505737,
1438,59,Run In Place With Arm Swing,550,440,0.850909948348999,0.8085269927978516,1.6646393537521362,0.08331898599863052,0.09101340919733047,0.07369362562894821,0.006290852557867765,
1439,59,Run In Place With Arm Swing,550,464,0.8373500108718872,0.8541560173034668,1.6218006610870361,0.08186833560466766,0.09181978553533554,0.07461968064308167,0.005948382895439863,
1440,0,Svend Press,550,550,1.1937599182128906,0.9670119881629944,1.5677835941314697,0.11190821975469589,0.13629266619682312,0.07168944925069809,0.018764333799481392,
1441,0,Svend Press,550,550,1.1853699684143066,0.9695320129394531,1.5660231113433838,0.11393198370933533,0.14123500883579254,0.07541747391223907,0.019565222784876823,
1442,0,Svend Press,550,550,1.128190040588379,0.9586160182952881,1.5567800998687744,0.11251697689294815,0.13814550638198853,0.07488502562046051,0.019578777253627777,
1443,1,Kneeling Push-ups,550,550,1.1008999347686768,1.5338280200958252,1.5882843732833862,0.31111079454421997,0.40478307008743286,0.08036954700946808,0.04031963273882866,
1444,1,Kneeling Push-ups,550,550,0.958299994468689,1.5657479763031006,1.5833332538604736,0.29017868638038635,0.38136357069015503,0.07417646050453186,0.04200070723891258,
1445,1,Kneeling Push-ups,550,550,0.9358999729156494,1.555812954902649,1.5736265182495117,0.31165817379951477,0.3978287875652313,0.08192282170057297,0.04781608283519745,
1446,2,Standing Straight-arm Chest Press With Resistance Band,550,550,1.5891200304031372,0.9124259948730469,1.593226432800293,0.1470763087272644,0.17695549130439758,0.08705239742994308,0.017352018505334854,
1447,2,Standing Straight-arm Chest Press With Resistance Band,550,550,1.5820200443267822,0.8846789598464966,1.5428225994110107,0.14784857630729675,0.1721702367067337,0.10502928495407104,0.016223246231675148,
1448,2,Standing Straight-arm Chest Press With Resistance Band,550,550,1.5838499069213867,0.8235980272293091,1.5425450801849365,0.14687073230743408,0.1709320992231369,0.11012859642505646,0.015825340524315834,
1449,3,Small Dumbbell Floor Flies,550,550,1.6282000541687012,1.9106279611587524,1.5966625213623047,0.17483460903167725,0.2938479483127594,0.08568231761455536,0.059447865933179855,
1450,3,Small Dumbbell Floor Flies,550,550,1.6150699853897095,1.753600001335144,1.6071974039077759,0.18339946866035461,0.259100079536438,0.08455243706703186,0.05698125809431076,
1451,3,Small Dumbbell Floor Flies,550,550,1.6259700059890747,1.8436180353164673,1.6211228370666504,0.18368610739707947,0.29533126950263977,0.08778422325849533,0.06082407012581825,
1452,4,Chest Fly,550,550,0.9961800575256348,0.9681469798088074,1.9943817853927612,0.13760431110858917,0.15263140201568604,0.09425616264343262,0.02716284990310669,
1453,4,Chest Fly,550,550,0.9943099617958069,0.9650260210037231,2.0263876914978027,0.13509950041770935,0.15815939009189606,0.0927848145365715,0.025846291333436966,
1454,4,Chest Fly,550,550,1.090480089187622,0.9971890449523926,1.999847412109375,0.13631992042064667,0.15871165692806244,0.08438755571842194,0.02649078331887722,
1455,5,Push-ups,550,443,1.162660002708435,1.5246390104293823,1.6795200109481812,0.2530704140663147,0.3648258447647095,0.0830373540520668,0.06965174525976181,
1456,5,Push-ups,550,471,1.116629958152771,1.5260210037231445,1.6916613578796387,0.22639337182044983,0.32151734828948975,0.07879046350717545,0.06578752398490906,
1457,5,Push-ups,550,499,1.0701301097869873,1.5520660877227783,1.6612286567687988,0.2431047260761261,0.3361782431602478,0.0803317278623581,0.05710062012076378,
1458,6,Bent-over W-shape Stretch,550,550,1.3857100009918213,0.606611967086792,1.547151803970337,0.09777730703353882,0.1270044893026352,0.06723888218402863,0.010564536787569523,
1459,6,Bent-over W-shape Stretch,550,550,1.3751299381256104,0.5509560108184814,1.5514438152313232,0.09646682441234589,0.1280687004327774,0.067789226770401,0.01136185321956873,
1460,6,Bent-over W-shape Stretch,550,550,1.3346999883651733,0.597337007522583,1.5542445182800293,0.09788354486227036,0.12842507660388947,0.07104509323835373,0.010780474171042442,
1461,7,Bent-over Y-shape Stretch,550,550,1.1211999654769897,1.0347880125045776,1.710039496421814,0.1134558916091919,0.16015657782554626,0.07165230810642242,0.023428883403539658,
1462,7,Bent-over Y-shape Stretch,550,550,0.9851299524307251,0.9945949912071228,1.745323896408081,0.10924320667982101,0.15504737198352814,0.07210464775562286,0.023910779505968094,
1463,7,Bent-over Y-shape Stretch,550,550,1.0401999950408936,0.9868099689483643,1.7024500370025635,0.11034142225980759,0.16067416965961456,0.07215407490730286,0.02301282063126564,
1464,8,Bent-over A-shape Stretch,550,550,1.0460400581359863,0.9730080366134644,1.549267053604126,0.08252054452896118,0.0999949648976326,0.07261057198047638,0.01183680072426796,
1465,8,Bent-over A-shape Stretch,550,550,0.8289400339126587,0.9634760022163391,1.54935884475708,0.07973884791135788,0.08968052268028259,0.07064846158027649,0.011846317909657955,
1466,8,Bent-over A-shape Stretch,550,550,0.8297100067138672,0.9578559994697571,1.5541026592254639,0.08118884265422821,0.09106635302305222,0.07305371761322021,0.01017417386174202,
1467,9,Squat With Arm Lift,550,550,1.5062201023101807,0.6744369864463806,1.584639072418213,0.12890653312206268,0.1478898823261261,0.08474429696798325,0.0380316823720932,
1468,9,Squat With Arm Lift,550,550,1.4330699443817139,0.6611770391464233,1.6085317134857178,0.12817874550819397,0.14418593049049377,0.09581542015075684,0.040645062923431396,
1469,9,Squat With Arm Lift,550,550,1.4142500162124634,0.6947290301322937,1.5879380702972412,0.12758910655975342,0.14464513957500458,0.08557746559381485,0.041170634329319,
1470,10,Breaststroke Arm Pull,550,550,1.608389973640442,2.196000099182129,1.634516716003418,0.3859785497188568,0.5823410153388977,0.08490893989801407,0.06902096420526505,
1471,10,Breaststroke Arm Pull,550,550,1.6048799753189087,2.1890101432800293,1.6437660455703735,0.43131688237190247,0.6324066519737244,0.08481837809085846,0.0702943280339241,
1472,10,Breaststroke Arm Pull,550,550,1.6143300533294678,2.2082579135894775,1.618382453918457,0.4367968440055847,0.6355935335159302,0.09318384528160095,0.07253965735435486,
1473,11,Prone Y-shape Stretch,550,550,1.107490062713623,2.1763758659362793,1.643197774887085,0.43974804878234863,0.5503191351890564,0.0819813683629036,0.05924118682742119,
1474,11,Prone Y-shape Stretch,550,550,1.1693300008773804,2.152824878692627,1.630655288696289,0.45321938395500183,0.5687174797058105,0.09283175319433212,0.06712057441473007,
1475,11,Prone Y-shape Stretch,550,550,1.013200044631958,2.1735920906066895,1.6920032501220703,0.36577293276786804,0.5779752135276794,0.07604658603668213,0.10939247161149979,
1476,12,Lateral Raise Forward Circles,550,550,1.603950023651123,0.6517380475997925,1.8111367225646973,0.16769012808799744,0.2032768428325653,0.09424171596765518,0.008868452161550522,
1477,12,Lateral Raise Forward Circles,550,468,1.61312997341156,0.852368950843811,1.8119542598724365,0.14928126335144043,0.20367473363876343,0.07888622581958771,0.01458591315895319,
1478,12,Lateral Raise Forward Circles,550,510,1.6166999340057373,0.8232669830322266,1.8290648460388184,0.14700688421726227,0.20525148510932922,0.07703611254692078,0.016517633572220802,
1479,13,Lateral Raise Backward Circles,550,425,1.6033399105072021,0.7467440366744995,1.8388184309005737,0.16043634712696075,0.208364799618721,0.0877995491027832,0.012542909942567348,
1480,13,Lateral Raise Backward Circles,550,458,1.6238800287246704,0.629734992980957,1.9111768007278442,0.166580930352211,0.2125307023525238,0.09074822813272476,0.013584291562438011,
1481,13,Lateral Raise Backward Circles,550,432,1.632849931716919,0.7494170069694519,1.9153228998184204,0.16308555006980896,0.2150503545999527,0.08732246607542038,0.015458853915333748,
1482,14,Lying Shoulder Joint Upward Round,550,550,1.6300100088119507,2.248124122619629,1.6333155632019043,0.20016546547412872,0.27696260809898376,0.08402568846940994,0.07107511907815933,
1483,14,Lying Shoulder Joint Upward Round,550,550,1.6314799785614014,2.181087017059326,1.6261796951293945,0.19342784583568573,0.2553073465824127,0.09512685239315033,0.07405155152082443,
1484,14,Lying Shoulder Joint Upward Round,550,550,1.6322500705718994,2.2185049057006836,1.6573045253753662,0.21182620525360107,0.2857031524181366,0.085014708340168,0.07442749291658401,
1485,15,Lying Shoulder Joint Downward Round,550,550,1.6197199821472168,2.255531072616577,1.5972590446472168,0.2035546600818634,0.27566102147102356,0.08773980289697647,0.07302483916282654,
1486,15,Lying Shoulder Joint Downward Round,550,550,1.6302499771118164,2.3962860107421875,1.641943097114563,0.21452035009860992,0.32630085945129395,0.08877858519554138,0.07766415178775787,
1487,15,Lying Shoulder Joint Downward Round,550,550,1.6395100355148315,2.240370988845825,1.6352158784866333,0.21457496285438538,0.3181506395339966,0.08453238010406494,0.07559960335493088,
1488,16,Bare-handed Full Lateral Raise,550,550,1.638659954071045,0.4346579909324646,2.0972397327423096,0.16435492038726807,0.2265230268239975,0.0782739669084549,0.03279740363359451,
1489,16,Bare-handed Full Lateral Raise,550,550,1.6504600048065186,0.3640730082988739,2.102245807647705,0.15719012916088104,0.22445988655090332,0.07621406018733978,0.032671377062797546,
1490,16,Bare-handed Full Lateral Raise,550,550,1.6404900550842285,0.33601999282836914,2.1110243797302246,0.15217642486095428,0.21959620714187622,0.07663403451442719,0.03159037232398987,
1491,17,Bare-handed Cuban Press,550,550,1.2241199016571045,0.49793702363967896,2.1237144470214844,0.14743195474147797,0.22539980709552765,0.07575678825378418,0.025034291669726372,
1492,17,Bare-handed Cuban Press,550,550,1.0868299007415771,0.5156680345535278,2.105447292327881,0.14002150297164917,0.21744723618030548,0.07618443667888641,0.024194609373807907,
1493,17,Bare-handed Cuban Press,550,550,1.2427200078964233,0.5387790203094482,2.112379312515259,0.1451006680727005,0.21818441152572632,0.07562423497438431,0.024242764338850975,
1494,18,Fortune Cat,550,550,1.4743199348449707,0.5470269918441772,1.80158531665802,0.1434609591960907,0.17734169960021973,0.09944859147071838,0.00885815266519785,
1495,18,Fortune Cat,550,550,1.3384699821472168,0.5373169779777527,1.810920238494873,0.14526879787445068,0.1787613481283188,0.09919273108243942,0.009017260745167732,
1496,18,Fortune Cat,550,550,1.3292499780654907,0.5358920097351074,1.822713017463684,0.14445389807224274,0.1777806431055069,0.10694102197885513,0.009688520804047585,
1497,19,Dumbbell Curls,550,550,1.2240500450134277,0.7787070274353027,1.5517523288726807,0.10210096091032028,0.16412433981895447,0.07972551137208939,0.019750135019421577,
1498,19,Dumbbell Curls,550,550,1.1383600234985352,0.7178460359573364,1.5506181716918945,0.10065209120512009,0.15243439376354218,0.07260996848344803,0.01955803856253624,
1499,19,Dumbbell Curls,550,550,1.2013700008392334,0.8011420369148254,1.5582776069641113,0.10119955241680145,0.16756901144981384,0.07447944581508636,0.020020274445414543,
1500,20,Alternate Dumbbell Curls,550,550,1.1927599906921387,0.9826880097389221,1.6005213260650635,0.0989207997918129,0.24353760480880737,0.07917329668998718,0.02179853804409504,
1501,20,Alternate Dumbbell Curls,550,550,1.02593994140625,0.8658890128135681,1.5961138010025024,0.09283434599637985,0.15856067836284637,0.07278088480234146,0.017050886526703835,
1502,20,Alternate Dumbbell Curls,550,550,0.8898099660873413,0.849748969078064,1.573895812034607,0.09284105151891708,0.15364737808704376,0.07185512036085129,0.017718670889735222,
1503,21,Right-side Kettlebell Bent-over Row,550,542,1.0017499923706055,1.1022089719772339,1.6313891410827637,0.1042294055223465,0.15599161386489868,0.07789377868175507,0.017076654359698296,
1504,21,Right-side Kettlebell Bent-over Row,550,537,0.9539400339126587,1.227828025817871,1.6312865018844604,0.10346627980470657,0.14575321972370148,0.0800648108124733,0.01623135805130005,
1505,21,Right-side Kettlebell Bent-over Row,550,519,1.0726799964904785,1.288341999053955,1.5824916362762451,0.0972728431224823,0.134342759847641,0.0802532359957695,0.0156715027987957,
1506,22,Wrist Joint Warm-up,550,407,1.0194799900054932,0.41039299964904785,1.5409680604934692,0.10195553302764893,0.10985914617776871,0.07747340202331543,0.008841387927532196,
1507,22,Wrist Joint Warm-up,550,406,1.001230001449585,0.43839898705482483,1.5263524055480957,0.10201224684715271,0.11187592893838882,0.07793215662240982,0.008440173231065273,
1508,22,Wrist Joint Warm-up,550,411,1.0877399444580078,0.44929900765419006,1.5301798582077026,0.10285432636737823,0.11026494204998016,0.082057885825634,0.008217483758926392,
1509,23,Right-side Bent-over Tricep Extension With Resistance Band,550,550,1.3370699882507324,0.7902680039405823,1.5313109159469604,0.07605216652154922,0.12139817327260971,0.06184883788228035,0.009475947357714176,
1510,23,Right-side Bent-over Tricep Extension With Resistance Band,550,542,1.1131399869918823,0.8437470197677612,1.5478641986846924,0.07755246013402939,0.10474631190299988,0.06398247927427292,0.009207331575453281,
1511,23,Right-side Bent-over Tricep Extension With Resistance Band,550,483,1.1648199558258057,0.7345030307769775,1.5490057468414307,0.07591304183006287,0.10736296325922012,0.06340829282999039,0.00829183030873537,
1512,24,Bent-over Dumbbell Tricep Extension,550,550,1.1180500984191895,0.9953579902648926,1.5436773300170898,0.08147190511226654,0.17408424615859985,0.06859409064054489,0.015422085300087929,
1513,24,Bent-over Dumbbell Tricep Extension,550,550,0.8017699718475342,0.990293025970459,1.5417616367340088,0.08300437033176422,0.15103234350681305,0.06989623606204987,0.017359651625156403,
1514,24,Bent-over Dumbbell Tricep Extension,550,550,0.8201000094413757,0.9745650291442871,1.5531394481658936,0.0861661434173584,0.1560058891773224,0.07049001753330231,0.019279152154922485,
1515,25,Nod And Raise Head,550,550,1.0757900476455688,0.37755098938941956,1.693821668624878,0.10178160667419434,0.12146548181772232,0.08884020149707794,0.008944397792220116,
1516,25,Nod And Raise Head,550,550,1.0739099979400635,0.3981640040874481,1.698511004447937,0.10465599596500397,0.11136016994714737,0.09823986142873764,0.003309885272756219,
1517,25,Nod And Raise Head,550,550,1.1215500831604004,0.47759100794792175,1.6895173788070679,0.10539586842060089,0.11004313081502914,0.09779611974954605,0.003508559428155422,
1518,26,Two-way Head Turn,550,550,1.134850025177002,0.2783240079879761,1.5433645248413086,0.08147335052490234,0.10371680557727814,0.07792539149522781,0.0011199730215594172,
1519,26,Two-way Head Turn,550,550,1.1852099895477295,0.2931720018386841,1.5379209518432617,0.08080766350030899,0.10898888856172562,0.0772801861166954,0.0012847536709159613,
1520,26,Two-way Head Turn,550,550,1.201490044593811,0.2981169819831848,1.5324074029922485,0.08060061186552048,0.11018358916044235,0.0774548351764679,0.0011225679190829396,
1521,27,Shrug And Sink The Shoulders,550,550,1.2278599739074707,0.3214799761772156,1.5491477251052856,0.08056320995092392,0.11203091591596603,0.07689870148897171,0.0011701526818796992,
1522,27,Shrug And Sink The Shoulders,550,530,1.1777899265289307,0.3347249925136566,1.5446488857269287,0.08306218683719635,0.10803375393152237,0.07694855332374573,0.0020851956214755774,
1523,27,Shrug And Sink The Shoulders,550,474,1.176110029220581,0.2796590030193329,1.547466516494751,0.08329477906227112,0.10901065915822983,0.07704395055770874,0.0020213364623486996,
1524,28,Four-way Nod Head,550,550,1.127709984779358,0.26595601439476013,1.539958119392395,0.10104186832904816,0.10400193184614182,0.09773439168930054,0.00018612224084790796,
1525,28,Four-way Nod Head,550,550,0.9634000062942505,0.2673119902610779,1.5348105430603027,0.09186653792858124,0.09498918801546097,0.08959321677684784,0.00016077214968390763,
1526,28,Four-way Nod Head,550,550,1.1736700534820557,0.27437400817871094,1.5350236892700195,0.08404656499624252,0.10765750706195831,0.07853492349386215,0.000693775131367147,
1527,29,Lying Alternate Upper-half Leg Raise,550,550,1.208109974861145,1.7312500476837158,1.6400949954986572,0.1909460723400116,0.32439202070236206,0.08186408132314682,0.06386947631835938,
1528,29,Lying Alternate Upper-half Leg Raise,550,550,1.1132700443267822,1.8559479713439941,1.5977503061294556,0.1694270223379135,0.3260517716407776,0.08232635259628296,0.08387064188718796,
1529,29,Lying Alternate Upper-half Leg Raise,550,550,1.1444599628448486,1.6691340208053589,1.5994248390197754,0.17908987402915955,0.3165532946586609,0.08173311501741409,0.07786902040243149,
1530,30,Half Roll Back,550,550,0.9476200342178345,1.364230990409851,1.6122522354125977,0.15299254655838013,0.23834063112735748,0.07950131595134735,0.029740450903773308,
1531,30,Half Roll Back,550,550,1.141700029373169,1.3685979843139648,1.6330060958862305,0.17011316120624542,0.25225672125816345,0.08344554156064987,0.035553693771362305,
1532,30,Half Roll Back,550,550,0.9264700412750244,1.312479019165039,1.647705316543579,0.18670064210891724,0.24763160943984985,0.08469308167695999,0.03797255456447601,
1533,31,Kneeling Right-side Torso Twist,550,550,1.0328900814056396,1.2775120735168457,1.6134576797485352,0.16575433313846588,0.22159738838672638,0.07311148941516876,0.026897544041275978,
1534,31,Kneeling Right-side Torso Twist,550,550,0.9087400436401367,1.2146079540252686,1.598130464553833,0.15796615183353424,0.20325830578804016,0.0751192569732666,0.02456248365342617,
1535,31,Kneeling Right-side Torso Twist,550,550,0.734470009803772,1.1870079040527344,1.6042842864990234,0.15277625620365143,0.1928928941488266,0.07480857521295547,0.02192499116063118,
1536,32,Left-side Knee Raise And Abdominal Muscles Contract,550,492,1.2400400638580322,0.6961369514465332,2.0957555770874023,0.11443708837032318,0.15517909824848175,0.079461008310318,0.01978479139506817,
1537,32,Left-side Knee Raise And Abdominal Muscles Contract,550,446,1.2021600008010864,0.7459819912910461,2.115929126739502,0.11034229397773743,0.14962388575077057,0.0782657265663147,0.0193416029214859,
1538,32,Left-side Knee Raise And Abdominal Muscles Contract,550,442,1.1429200172424316,0.7922319769859314,2.0881876945495605,0.1125112771987915,0.1499606966972351,0.07775282114744186,0.019657425582408905,
1539,33,Kneeling Right Leg Backward Stretch,550,550,1.0586199760437012,1.478309988975525,1.612745761871338,0.2026888132095337,0.22685867547988892,0.0808352679014206,0.03100166656076908,
1540,33,Kneeling Right Leg Backward Stretch,550,550,0.9905599355697632,1.5526330471038818,1.6442735195159912,0.2204473912715912,0.2420877069234848,0.08542532473802567,0.02556130848824978,
1541,33,Kneeling Right Leg Backward Stretch,550,550,0.9793599843978882,1.5095479488372803,1.6815675497055054,0.20412001013755798,0.22887039184570312,0.08036864548921585,0.02968647889792919,
1542,34,Kneeling Right Arm Raise,550,550,1.1105400323867798,1.6849429607391357,1.608588457107544,0.20578360557556152,0.23954221606254578,0.08325649052858353,0.029665345326066017,
1543,34,Kneeling Right Arm Raise,550,550,0.9881600141525269,1.6531739234924316,1.5959231853485107,0.18460187315940857,0.2158585637807846,0.07224701344966888,0.03255796432495117,
1544,34,Kneeling Right Arm Raise,550,550,1.0435500144958496,1.6499419212341309,1.5941882133483887,0.19982025027275085,0.236693874001503,0.08041895180940628,0.03258626163005829,
1545,35,Shoulder Bridge,550,550,1.0586700439453125,1.8284270763397217,1.624466896057129,0.19895939528942108,0.30626818537712097,0.0814128965139389,0.0615658238530159,
1546,35,Shoulder Bridge,550,550,1.230430006980896,1.7639100551605225,1.6010829210281372,0.1791210025548935,0.27524054050445557,0.08304636180400848,0.07101023942232132,
1547,35,Shoulder Bridge,550,550,1.0059099197387695,1.8436640501022339,1.610624074935913,0.17591580748558044,0.2928227484226227,0.08542057126760483,0.06491344422101974,
1548,36,Prone Press-ups,550,550,1.0163300037384033,2.0403528213500977,1.666630744934082,0.27244919538497925,0.40799930691719055,0.07079026848077774,0.049549650400877,
1549,36,Prone Press-ups,550,550,0.9970200061798096,2.1015748977661133,1.6222102642059326,0.27488142251968384,0.405792772769928,0.07684802263975143,0.06702926754951477,
1550,36,Prone Press-ups,550,550,0.9209699630737305,2.108755111694336,1.6227167844772339,0.26371094584465027,0.3836941123008728,0.0751866027712822,0.0782928615808487,
1551,37,Bent-over Torso Rotation,550,550,1.1527199745178223,0.6872069835662842,1.5434849262237549,0.07180509716272354,0.10631289333105087,0.06626672297716141,0.004977805074304342,
1552,37,Bent-over Torso Rotation,550,550,1.024440050125122,0.6701079607009888,1.5467489957809448,0.0716186910867691,0.0971192717552185,0.06379246711730957,0.0039344169199466705,
1553,37,Bent-over Torso Rotation,550,550,0.9381200075149536,0.6943690180778503,1.550880789756775,0.07490435242652893,0.09466468542814255,0.0678255632519722,0.004058733582496643,
1554,38,Lying Arm Pull,550,550,1.3258700370788574,2.186944007873535,1.6083617210388184,0.19787880778312683,0.2408682256937027,0.0862671434879303,0.07750864326953888,
1555,38,Lying Arm Pull,550,550,1.0562999248504639,2.276057004928589,1.599914789199829,0.21056775748729706,0.26941677927970886,0.08441527932882309,0.07271851599216461,
1556,38,Lying Arm Pull,550,550,1.013069987297058,2.2888078689575195,1.6273744106292725,0.2112227827310562,0.2785331606864929,0.08493564277887344,0.07575146108865738,
1557,39,Prone Press Up With Torso Rotation,550,550,1.0701000690460205,1.7931780815124512,1.6892939805984497,0.37318551540374756,0.497277170419693,0.07993022352457047,0.07200095057487488,
1558,39,Prone Press Up With Torso Rotation,550,550,1.123829960823059,1.7977290153503418,1.6421377658843994,0.31148961186408997,0.3943990170955658,0.0796108990907669,0.050630733370780945,
1559,39,Prone Press Up With Torso Rotation,550,550,0.9511699676513672,1.7968040704727173,1.6641881465911865,0.3582673966884613,0.45125314593315125,0.08222237974405289,0.048871058970689774,
1560,40,Breaststroke Push-ups,550,550,1.1363099813461304,2.206444025039673,1.6069929599761963,0.4587499499320984,0.6387698650360107,0.09046637266874313,0.07221575826406479,
1561,40,Breaststroke Push-ups,550,550,1.0087400674819946,2.2126400470733643,1.667198657989502,0.42433398962020874,0.5768409371376038,0.08443942666053772,0.06270857155323029,
1562,40,Breaststroke Push-ups,550,550,1.0984299182891846,2.213593006134033,1.681042194366455,0.4130123555660248,0.577677845954895,0.0852808952331543,0.07141002267599106,
1563,41,Sit-ups,550,550,1.0075299739837646,2.2883660793304443,1.6435149908065796,0.1752866506576538,0.2556270658969879,0.081844262778759,0.07528524100780487,
1564,41,Sit-ups,550,550,1.0132299661636353,2.279572010040283,1.6679459810256958,0.21158702671527863,0.33878830075263977,0.08549471944570541,0.08371134102344513,
1565,41,Sit-ups,550,550,1.0045700073242188,2.2592101097106934,1.6847081184387207,0.18772408366203308,0.28450489044189453,0.08021620661020279,0.08064316213130951,
1566,42,Side-lying Left Leg Forward Raise,550,550,1.1657800674438477,1.8809850215911865,1.6458613872528076,0.22486646473407745,0.2901110351085663,0.09292314201593399,0.07108811289072037,
1567,42,Side-lying Left Leg Forward Raise,550,550,1.0831398963928223,1.84757399559021,1.6839021444320679,0.24983933568000793,0.3147983253002167,0.09224400669336319,0.052053265273571014,
1568,42,Side-lying Left Leg Forward Raise,550,550,1.0565900802612305,1.8738080263137817,1.702298641204834,0.23238620162010193,0.2941751778125763,0.08841266483068466,0.05246950313448906,
1569,43,Right Leg Reverse Lunge,550,550,1.090000033378601,1.1908519268035889,1.663214921951294,0.08045393228530884,0.10038439929485321,0.0673774927854538,0.016452595591545105,
1570,43,Right Leg Reverse Lunge,550,550,0.9860800504684448,1.080744981765747,1.708589792251587,0.07935643941164017,0.0959453359246254,0.06708372384309769,0.017950626090168953,
1571,43,Right Leg Reverse Lunge,550,550,1.0925700664520264,1.1631220579147339,1.6629277467727661,0.07875349372625351,0.102284274995327,0.06522015482187271,0.017733843997120857,
1572,44,Kneeling Left Knee Lift,550,550,1.1847100257873535,1.5598950386047363,1.5840542316436768,0.2552865743637085,0.2845522463321686,0.08287930488586426,0.03182240203022957,
1573,44,Kneeling Left Knee Lift,550,550,1.032420039176941,1.3424179553985596,1.6002061367034912,0.22103305160999298,0.24818234145641327,0.08219563215970993,0.029752003028988838,
1574,44,Kneeling Left Knee Lift,550,550,0.9930399656295776,1.3089770078659058,1.5938243865966797,0.22974082827568054,0.26482847332954407,0.07932279258966446,0.0335102342069149,
1575,45,Alternate Reverse Lunge,550,550,1.0856599807739258,1.1443209648132324,1.6544421911239624,0.08106961101293564,0.10279952734708786,0.06540929526090622,0.019519269466400146,
1576,45,Alternate Reverse Lunge,550,550,0.989109992980957,1.1420179605484009,1.6460872888565063,0.08173221349716187,0.097133569419384,0.06912122666835785,0.019640542566776276,
1577,45,Alternate Reverse Lunge,550,550,1.1178500652313232,1.1049989461898804,1.6402323246002197,0.07774543017148972,0.10672453790903091,0.07123291492462158,0.01896285079419613,
1578,46,Side-lying Right Leg Backward Kick,550,550,1.3548800945281982,1.9057109355926514,1.7026631832122803,0.18245483934879303,0.21824729442596436,0.08373986929655075,0.051541656255722046,
1579,46,Side-lying Right Leg Backward Kick,550,550,1.189579963684082,1.9423370361328125,1.6790895462036133,0.18516787886619568,0.26803603768348694,0.0899580642580986,0.06619705259799957,
1580,46,Side-lying Right Leg Backward Kick,550,550,1.2163599729537964,1.7813029289245605,1.727526068687439,0.16546998918056488,0.23982948064804077,0.08352099359035492,0.06626669317483902,
1581,47,Left Leg Lunge With Knee Lift,550,550,1.1335899829864502,1.3086329698562622,1.621826171875,0.07710110396146774,0.10575699806213379,0.06317777186632156,0.012726335786283016,
1582,47,Left Leg Lunge With Knee Lift,550,550,1.1802399158477783,1.274067997932434,1.6236114501953125,0.08557001501321793,0.10371468216180801,0.06951738148927689,0.01286681741476059,
1583,47,Left Leg Lunge With Knee Lift,550,550,1.2203999757766724,1.319620966911316,1.6380996704101562,0.07778159528970718,0.11125688999891281,0.06229507550597191,0.014330819249153137,
1584,48,Sumo Squat,550,550,1.072510004043579,0.5476930141448975,1.5881785154342651,0.08943229168653488,0.10540927201509476,0.07490359991788864,0.014576253481209278,
1585,48,Sumo Squat,550,550,0.9921000003814697,0.574105978012085,1.5975892543792725,0.09557817131280899,0.11019662022590637,0.08297280967235565,0.01385346706956625,
1586,48,Sumo Squat,550,550,1.0265700817108154,0.613239049911499,1.5860730409622192,0.09921810775995255,0.11157561093568802,0.08518912643194199,0.012531707994639874,
1587,49,Straight Leg Calf Raise,550,495,1.2343699932098389,0.36974698305130005,1.621211051940918,0.0865691676735878,0.10513769835233688,0.07908612489700317,0.0037226497661322355,
1588,49,Straight Leg Calf Raise,550,413,1.1887500286102295,0.4177060127258301,1.6200894117355347,0.08757418394088745,0.1023949459195137,0.07928327471017838,0.0038640403654426336,
1589,49,Straight Leg Calf Raise,550,395,1.1856200695037842,0.3579989969730377,1.620788335800171,0.08724695444107056,0.10265583544969559,0.0803537368774414,0.0036607745569199324,
1590,50,Squat Jump,550,505,1.3225899934768677,1.369352102279663,1.7841922044754028,0.10501489788293839,0.12711165845394135,0.08076521009206772,0.0282997228205204,
1591,50,Squat Jump,550,487,1.274590015411377,1.2779810428619385,1.792395830154419,0.10785415023565292,0.13071689009666443,0.08156530559062958,0.028190793469548225,
1592,50,Squat Jump,550,478,1.1832400560379028,1.349086046218872,1.7440929412841797,0.11367743462324142,0.15124334394931793,0.08076610416173935,0.027484353631734848,
1593,51,Squat With Alternate Knee Lift,550,550,1.1309499740600586,0.8022040128707886,1.5757694244384766,0.09396829456090927,0.1237616091966629,0.07132160663604736,0.018510419875383377,
1594,51,Squat With Alternate Knee Lift,550,550,1.0688899755477905,0.7699539661407471,1.5803091526031494,0.08709278702735901,0.10989599674940109,0.07201672345399857,0.01718728244304657,
1595,51,Squat With Alternate Knee Lift,550,550,1.0367499589920044,0.7626209855079651,1.586103916168213,0.09005281329154968,0.11872431635856628,0.06592661887407303,0.016078000888228416,
1596,52,Standing Alternate Butt Kick,550,550,1.115380048751831,0.6511070132255554,1.5624639987945557,0.08633749186992645,0.10515226423740387,0.06415265053510666,0.006626445800065994,
1597,52,Standing Alternate Butt Kick,550,550,0.9995400309562683,0.6366699934005737,1.552664041519165,0.07990453392267227,0.0964539423584938,0.06400880962610245,0.005892087705433369,
1598,52,Standing Alternate Butt Kick,550,550,1.0212299823760986,0.6795300245285034,1.554506540298462,0.0798812061548233,0.09512834995985031,0.06452071666717529,0.0055028828792274,
1599,53,Knee Warm-up,550,550,1.1890299320220947,0.6719139814376831,1.5551477670669556,0.06860866397619247,0.10877325385808945,0.05799039080739021,0.006909101735800505,
1600,53,Knee Warm-up,550,550,1.2113200426101685,0.6393530368804932,1.5830752849578857,0.07204194366931915,0.11089692264795303,0.05800570920109749,0.009590144269168377,
1601,53,Knee Warm-up,550,550,1.1939899921417236,0.6140719652175903,1.5864646434783936,0.07738779485225677,0.10929936915636063,0.06185558810830116,0.010327761061489582,
1602,54,Butt Kicks,550,408,1.1644699573516846,0.9383530616760254,1.6544033288955688,0.08529918640851974,0.1144191324710846,0.0562259815633297,0.014168006367981434,
1603,54,Butt Kicks,550,450,1.0753400325775146,1.035230040550232,1.6701781749725342,0.09360376000404358,0.12701860070228577,0.0577440969645977,0.019130107015371323,
1604,54,Butt Kicks,550,492,1.1484500169754028,1.3019099235534668,1.6785335540771484,0.1210719645023346,0.20758295059204102,0.06032445281744003,0.03135756775736809,
1605,55,Jump Left and Right,550,492,1.2196300029754639,0.7153230309486389,1.7132349014282227,0.1019463911652565,0.13468143343925476,0.07685641944408417,0.012706203386187553,
1606,55,Jump Left and Right,550,522,1.3484599590301514,0.6058470010757446,1.6990351676940918,0.09408778697252274,0.1163848266005516,0.07584356516599655,0.011047632433474064,
1607,55,Jump Left and Right,550,504,1.1618399620056152,0.6170060038566589,1.6962668895721436,0.0902320146560669,0.10295991599559784,0.0749286562204361,0.009723041206598282,
1608,56,Jumping Jacks,550,442,1.5371599197387695,0.6055929660797119,2.119935989379883,0.14072294533252716,0.2188468873500824,0.07047740370035172,0.027408258989453316,
1609,56,Jumping Jacks,550,450,1.602370023727417,0.6736769676208496,2.1290955543518066,0.13272427022457123,0.21443407237529755,0.07216788083314896,0.025234991684556007,
1610,56,Jumping Jacks,550,461,1.5136799812316895,0.632095992565155,2.0918960571289062,0.13792242109775543,0.21835236251354218,0.0709414854645729,0.02482404187321663,
1611,57,High Knee,550,497,1.0648000240325928,1.0703890323638916,1.6970109939575195,0.09676053375005722,0.12295400351285934,0.07456927001476288,0.020952323451638222,
1612,57,High Knee,550,481,1.2871500253677368,1.1656099557876587,1.6888618469238281,0.08937138319015503,0.12708793580532074,0.0678500384092331,0.019816219806671143,
1613,57,High Knee,550,522,1.2467600107192993,1.0840460062026978,1.681275725364685,0.08791132271289825,0.11153367161750793,0.07356717437505722,0.012892493046820164,
1614,58,Clap Jacks,550,398,1.7234899997711182,1.0987499952316284,1.7234610319137573,0.1296951025724411,0.1693762242794037,0.07466602325439453,0.026642216369509697,
1615,58,Clap Jacks,550,387,1.650670051574707,1.2237069606781006,1.725785732269287,0.13221390545368195,0.1686028391122818,0.07590703666210175,0.028297536075115204,
1616,58,Clap Jacks,550,389,1.692199945449829,1.174612045288086,1.7178566455841064,0.13944844901561737,0.18235716223716736,0.07763446867465973,0.026056472212076187,
1617,59,Run In Place With Arm Swing,550,453,1.1975600719451904,0.8187259435653687,1.6120562553405762,0.08821618556976318,0.10411250591278076,0.07378815859556198,0.007294111885130405,
1618,59,Run In Place With Arm Swing,550,425,1.2185900211334229,0.688992977142334,1.591541051864624,0.08685962110757828,0.10623109340667725,0.07726505398750305,0.005045478697866201,
1619,59,Run In Place With Arm Swing,550,411,1.2342400550842285,0.6471680402755737,1.596615195274353,0.0853741317987442,0.10656141489744186,0.0752696841955185,0.005050616338849068,
1620,0,Svend Press,550,550,1.1344300508499146,0.9224900007247925,1.655647873878479,0.11331663280725479,0.140821173787117,0.07572084665298462,0.02134527638554573,
1621,0,Svend Press,550,550,1.113610029220581,0.9897080063819885,1.650517463684082,0.11543469876050949,0.14028556644916534,0.07175161689519882,0.0148830097168684,
1622,0,Svend Press,550,550,1.1031599044799805,0.9929560422897339,1.6461925506591797,0.11592398583889008,0.13996347784996033,0.06736528128385544,0.016664709895849228,
1623,1,Kneeling Push-ups,550,550,1.1554501056671143,1.6165270805358887,1.7008411884307861,0.2623905539512634,0.3485950529575348,0.07990194112062454,0.044537320733070374,
1624,1,Kneeling Push-ups,550,550,1.109760046005249,1.5989489555358887,1.708965539932251,0.281205952167511,0.3481962978839874,0.08832297474145889,0.04703414440155029,
1625,1,Kneeling Push-ups,550,550,1.208709955215454,1.5585029125213623,1.69507896900177,0.2639446556568146,0.3308727443218231,0.08596718311309814,0.054162319749593735,
1626,2,Standing Straight-arm Chest Press With Resistance Band,550,550,1.7158700227737427,1.0829390287399292,1.636281967163086,0.15493297576904297,0.18699268996715546,0.109160877764225,0.021326446905732155,
1627,2,Standing Straight-arm Chest Press With Resistance Band,550,550,1.7070999145507812,0.9056360125541687,1.6106798648834229,0.154879629611969,0.18016740679740906,0.09533898532390594,0.02164328098297119,
1628,2,Standing Straight-arm Chest Press With Resistance Band,550,550,1.7107900381088257,0.8909909725189209,1.6293367147445679,0.1546718180179596,0.18158210813999176,0.09648316353559494,0.02194766327738762,
1629,3,Small Dumbbell Floor Flies,550,550,1.6907199621200562,1.7105040550231934,1.7545936107635498,0.1991560161113739,0.31494584679603577,0.08738606423139572,0.07146048545837402,
1630,3,Small Dumbbell Floor Flies,550,550,2.0001399517059326,1.856680989265442,1.768962025642395,0.20005621016025543,0.273819237947464,0.08416373282670975,0.0726674273610115,
1631,3,Small Dumbbell Floor Flies,550,550,1.7058899402618408,1.9259209632873535,1.7668224573135376,0.22349481284618378,0.2935279309749603,0.08824484795331955,0.07070618122816086,
1632,4,Chest Fly,550,550,1.2508200407028198,1.03500497341156,2.194735527038574,0.1594700962305069,0.1782311052083969,0.09436783194541931,0.036358542740345,
1633,4,Chest Fly,550,550,1.29013991355896,1.0034639835357666,2.2215566635131836,0.16305936872959137,0.18410789966583252,0.10003465414047241,0.036450788378715515,
1634,4,Chest Fly,550,550,1.2717299461364746,0.9058330059051514,2.2106096744537354,0.16359932720661163,0.17984113097190857,0.10308241099119186,0.03627321496605873,
1635,5,Push-ups,550,550,1.1228001117706299,1.811708927154541,1.7143789529800415,0.20665772259235382,0.2504824697971344,0.0838058665394783,0.043604813516139984,
1636,5,Push-ups,550,550,0.9880399703979492,1.8559329509735107,1.7234597206115723,0.19263248145580292,0.22892451286315918,0.08392266184091568,0.04446284845471382,
1637,5,Push-ups,550,550,1.072849988937378,1.6824450492858887,1.7097620964050293,0.1938486248254776,0.23616231977939606,0.09073513746261597,0.0522664450109005,
1638,6,Bent-over W-shape Stretch,550,550,1.4435299634933472,0.7250820398330688,1.6153796911239624,0.0947069451212883,0.13043896853923798,0.06969896703958511,0.01073574461042881,
1639,6,Bent-over W-shape Stretch,550,550,1.5245399475097656,0.710224986076355,1.6214516162872314,0.09899308532476425,0.1252603381872177,0.07367557287216187,0.01007226575165987,
1640,6,Bent-over W-shape Stretch,550,550,1.4318599700927734,0.71697998046875,1.6270153522491455,0.10451589524745941,0.13861165940761566,0.07625832408666611,0.011354797519743443,
1641,7,Bent-over Y-shape Stretch,550,550,1.0638200044631958,1.0138700008392334,1.9485859870910645,0.12357141822576523,0.17415237426757812,0.07717782258987427,0.02890487015247345,
1642,7,Bent-over Y-shape Stretch,550,550,1.1504000425338745,1.0178120136260986,1.903212547302246,0.1198471188545227,0.17513900995254517,0.07750096172094345,0.02816651575267315,
1643,7,Bent-over Y-shape Stretch,550,550,1.1752699613571167,0.9849709868431091,1.8330107927322388,0.1220303624868393,0.17107491195201874,0.07959897071123123,0.026370780542492867,
1644,8,Bent-over A-shape Stretch,550,550,1.0802299976348877,1.1508469581604004,1.6173146963119507,0.09997766464948654,0.12725643813610077,0.08387266844511032,0.015485988929867744,
1645,8,Bent-over A-shape Stretch,550,550,1.0974900722503662,1.057129979133606,1.6205644607543945,0.09276843070983887,0.10762052237987518,0.07963302731513977,0.01453064102679491,
1646,8,Bent-over A-shape Stretch,550,550,1.0835399627685547,1.1793140172958374,1.620957851409912,0.0938647910952568,0.11613080650568008,0.07909053564071655,0.016603542491793633,
1647,9,Squat With Arm Lift,550,550,1.5434000492095947,0.5698919892311096,1.6793245077133179,0.15159139037132263,0.17164462804794312,0.08352860063314438,0.041701044887304306,
1648,9,Squat With Arm Lift,550,550,1.544490098953247,0.5837050080299377,1.6816837787628174,0.13994808495044708,0.1578141748905182,0.08115099370479584,0.04562878981232643,
1649,9,Squat With Arm Lift,550,550,1.575410008430481,0.5394610166549683,1.6832674741744995,0.13369138538837433,0.14913828670978546,0.08135052770376205,0.0404052734375,
1650,10,Breaststroke Arm Pull,550,550,1.6809699535369873,2.3504269123077393,1.6992595195770264,0.32666608691215515,0.507952094078064,0.08512254059314728,0.0855044275522232,
1651,10,Breaststroke Arm Pull,550,550,1.6618499755859375,2.3305299282073975,1.6892802715301514,0.3011721968650818,0.4776224195957184,0.07890044897794724,0.08455553650856018,
1652,10,Breaststroke Arm Pull,550,550,1.6651899814605713,2.3459649085998535,1.6883442401885986,0.31531959772109985,0.46649405360221863,0.0867910161614418,0.06584598124027252,
1653,11,Prone Y-shape Stretch,550,550,1.0204700231552124,2.2903330326080322,1.6834948062896729,0.3699948489665985,0.4754159152507782,0.08227771520614624,0.0526459701359272,
1654,11,Prone Y-shape Stretch,550,550,1.0112099647521973,2.305176019668579,1.6813628673553467,0.35719922184944153,0.46419379115104675,0.07902652770280838,0.06289462745189667,
1655,11,Prone Y-shape Stretch,550,550,1.0624300241470337,2.2921440601348877,1.6849795579910278,0.4086199998855591,0.4981200695037842,0.08368634432554245,0.04858774319291115,
1656,12,Lateral Raise Forward Circles,550,550,1.7823799848556519,0.5616880059242249,1.6841371059417725,0.16609133780002594,0.2025991529226303,0.08399510383605957,0.009122688323259354,
1657,12,Lateral Raise Forward Circles,550,550,1.762700080871582,0.5604209899902344,1.6722195148468018,0.1661151647567749,0.20003977417945862,0.0958920270204544,0.006923554930835962,
1658,12,Lateral Raise Forward Circles,550,550,1.7910100221633911,0.6315039992332458,1.687601923942566,0.16709624230861664,0.20333053171634674,0.09965648502111435,0.007768917828798294,
1659,13,Lateral Raise Backward Circles,550,550,1.7485300302505493,0.5752130150794983,1.7546803951263428,0.18169084191322327,0.212157741189003,0.10097211599349976,0.004675421863794327,
1660,13,Lateral Raise Backward Circles,550,550,1.7392300367355347,0.4951149821281433,1.7305995225906372,0.1656654179096222,0.2044752836227417,0.09486488997936249,0.010790110565721989,
1661,13,Lateral Raise Backward Circles,550,550,1.7457799911499023,0.5447409749031067,1.7711780071258545,0.1756323128938675,0.20901484787464142,0.09340832382440567,0.008517771027982235,
1662,14,Lying Shoulder Joint Upward Round,550,550,1.6828800439834595,2.310636043548584,1.7873380184173584,0.2202758640050888,0.3179938793182373,0.0890393778681755,0.08409281075000763,
1663,14,Lying Shoulder Joint Upward Round,550,550,1.6860100030899048,2.3287200927734375,1.760670781135559,0.20938383042812347,0.30209919810295105,0.08987840265035629,0.07212229818105698,
1664,14,Lying Shoulder Joint Upward Round,550,550,1.683650016784668,2.253861904144287,1.732906460762024,0.20454095304012299,0.2879091501235962,0.08661500364542007,0.07559911906719208,
1665,15,Lying Shoulder Joint Downward Round,550,550,1.6627099514007568,2.3056390285491943,1.7430291175842285,0.21168240904808044,0.30384066700935364,0.0940665677189827,0.07847905158996582,
1666,15,Lying Shoulder Joint Downward Round,550,550,1.6652899980545044,2.3603479862213135,1.74202299118042,0.21622827649116516,0.3112913966178894,0.09314286708831787,0.08025996387004852,
1667,15,Lying Shoulder Joint Downward Round,550,550,1.658139944076538,2.321993827819824,1.7610161304473877,0.2168247401714325,0.304850697517395,0.09149377793073654,0.07673035562038422,
1668,16,Bare-handed Full Lateral Raise,550,550,1.7389700412750244,0.38030898571014404,2.2316761016845703,0.16479241847991943,0.2412206083536148,0.08514583110809326,0.039004892110824585,
1669,16,Bare-handed Full Lateral Raise,550,550,1.7384400367736816,0.34115999937057495,2.240694522857666,0.1665208339691162,0.24099832773208618,0.0860602930188179,0.03860846534371376,
1670,16,Bare-handed Full Lateral Raise,550,550,1.7458701133728027,0.34854400157928467,2.2294669151306152,0.16720068454742432,0.23817580938339233,0.08535084873437881,0.03741781786084175,
1671,17,Bare-handed Cuban Press,550,550,1.1338800191879272,0.6133419871330261,2.2609035968780518,0.1331566870212555,0.23963531851768494,0.085008904337883,0.027094965800642967,
1672,17,Bare-handed Cuban Press,550,550,1.121079921722412,0.5686540007591248,2.223414421081543,0.14011675119400024,0.2306160181760788,0.08103235810995102,0.025876495987176895,
1673,17,Bare-handed Cuban Press,550,550,1.1366300582885742,0.5640609860420227,2.222738742828369,0.15175175666809082,0.23612356185913086,0.08143458515405655,0.027958951890468597,
1674,18,Fortune Cat,550,550,1.0234500169754028,0.5728189945220947,1.9386425018310547,0.1447826325893402,0.18081440031528473,0.09887036681175232,0.010598364286124706,
1675,18,Fortune Cat,550,550,1.24590003490448,0.5868740081787109,1.9203381538391113,0.14837710559368134,0.17584897577762604,0.11021360009908676,0.009556731209158897,
1676,18,Fortune Cat,550,550,1.1685700416564941,0.5337470173835754,1.908468246459961,0.14299961924552917,0.1785176545381546,0.10358643531799316,0.011233475059270859,
1677,19,Dumbbell Curls,550,550,1.0970799922943115,0.703402042388916,1.801137089729309,0.11778836697340012,0.23678509891033173,0.08939682692289352,0.027385752648115158,
1678,19,Dumbbell Curls,550,550,1.0650200843811035,0.8227440118789673,1.791129469871521,0.1064983457326889,0.15957428514957428,0.07517057657241821,0.023480908945202827,
1679,19,Dumbbell Curls,550,550,1.1004199981689453,0.823233962059021,1.7931256294250488,0.11240643262863159,0.1718740016222,0.07947089523077011,0.02546481043100357,
1680,20,Alternate Dumbbell Curls,550,550,1.0266200304031372,0.8982720375061035,1.6797351837158203,0.1020686998963356,0.22360481321811676,0.08723869919776917,0.01993861421942711,
1681,20,Alternate Dumbbell Curls,550,550,1.029829978942871,0.6445310115814209,1.6634308099746704,0.09652117639780045,0.17193374037742615,0.08227164298295975,0.015819892287254333,
1682,20,Alternate Dumbbell Curls,550,550,1.0829999446868896,0.6445580124855042,1.6704366207122803,0.098305344581604,0.17890356481075287,0.08555690199136734,0.015819411724805832,
1683,21,Right-side Kettlebell Bent-over Row,550,550,1.039489984512329,1.0986099243164062,1.6542201042175293,0.09131820499897003,0.13949358463287354,0.0761619433760643,0.010148895904421806,
1684,21,Right-side Kettlebell Bent-over Row,550,550,0.999970018863678,1.1488230228424072,1.6665468215942383,0.08337265253067017,0.1311102658510208,0.07219043374061584,0.011412261053919792,
1685,21,Right-side Kettlebell Bent-over Row,550,550,0.9960500001907349,1.197551965713501,1.6593252420425415,0.0814572274684906,0.12570331990718842,0.07071077078580856,0.01075722649693489,
1686,22,Wrist Joint Warm-up,550,473,0.9945399761199951,0.5400099754333496,1.6227984428405762,0.10414469987154007,0.10958756506443024,0.08988265693187714,0.006762012839317322,
1687,22,Wrist Joint Warm-up,550,525,0.9840999841690063,0.5236150026321411,1.6400401592254639,0.10261108726263046,0.1135244145989418,0.08822028338909149,0.005719917360693216,
1688,22,Wrist Joint Warm-up,550,550,0.9256700277328491,0.5269069671630859,1.6130859851837158,0.10200712829828262,0.10864771157503128,0.09202707558870316,0.0029389457777142525,
1689,23,Right-side Bent-over Tricep Extension With Resistance Band,550,550,1.0975699424743652,0.9478520154953003,1.6281182765960693,0.08235786855220795,0.1069379523396492,0.06937696784734726,0.00870425347238779,
1690,23,Right-side Bent-over Tricep Extension With Resistance Band,550,550,1.072279930114746,0.8552529811859131,1.6220980882644653,0.08269917219877243,0.10371886193752289,0.07237885892391205,0.006567617878317833,
1691,23,Right-side Bent-over Tricep Extension With Resistance Band,550,550,1.1009700298309326,0.8545830249786377,1.6254210472106934,0.08224193006753922,0.10701611638069153,0.07228069752454758,0.006776814348995686,
1692,24,Bent-over Dumbbell Tricep Extension,550,550,0.9459099769592285,0.6113660335540771,2.567728042602539,0.3232373595237732,0.3236454725265503,0.09917937964200974,0.0005933165084570646,
1693,24,Bent-over Dumbbell Tricep Extension,550,550,0.7552900314331055,0.6113659739494324,1.4671680927276611,0.09831194579601288,0.09831193834543228,0.09831193834543228,2.075300651813161e-12,
1694,24,Bent-over Dumbbell Tricep Extension,550,550,0.7552900314331055,0.6113659739494324,1.4671680927276611,0.09831194579601288,0.09831193834543228,0.09831193834543228,2.075300651813161e-12,
1695,25,Nod And Raise Head,550,550,1.056839942932129,0.6113659739494324,2.7265870571136475,0.3895402252674103,0.4020463228225708,0.09831193834543228,0.0028043019119650126,
1696,25,Nod And Raise Head,550,550,1.1215100288391113,0.436379998922348,1.7599945068359375,0.11253072321414948,0.11549665033817291,0.10314235091209412,0.003281144890934229,
1697,25,Nod And Raise Head,550,550,1.0495998859405518,0.43070197105407715,1.7702410221099854,0.11239335685968399,0.11563720554113388,0.10161066800355911,0.0035756162833422422,
1698,26,Two-way Head Turn,550,550,1.0913699865341187,0.290026992559433,1.61367928981781,0.08580200374126434,0.1065000519156456,0.08413823693990707,0.0005231152754276991,
1699,26,Two-way Head Turn,550,550,1.2054699659347534,0.24154499173164368,1.6195645332336426,0.08600347489118576,0.1128166988492012,0.08407578617334366,0.0007165577262639999,
1700,26,Two-way Head Turn,550,550,1.2134499549865723,0.2561520040035248,1.6154944896697998,0.08658168464899063,0.11374609917402267,0.0846288874745369,0.0007195280049927533,
1701,27,Shrug And Sink The Shoulders,550,550,1.1708199977874756,0.24371600151062012,1.6210098266601562,0.08596708625555038,0.11161904782056808,0.08285649865865707,0.0004550570738501847,
1702,27,Shrug And Sink The Shoulders,550,550,1.228410005569458,0.25703001022338867,1.625145673751831,0.08695203065872192,0.11466920375823975,0.08352360129356384,0.0008467723964713514,
1703,27,Shrug And Sink The Shoulders,550,550,1.205430030822754,0.25279200077056885,1.623589038848877,0.08778747171163559,0.11388470977544785,0.08476629108190536,0.0007944562821649015,
1704,28,Four-way Nod Head,550,550,1.4077399969100952,0.5908190011978149,1.614004373550415,0.09895651787519455,0.13544005155563354,0.09042000770568848,0.004060068633407354,
1705,28,Four-way Nod Head,550,550,1.4033699035644531,0.5464650392532349,1.609673261642456,0.09627969563007355,0.13140179216861725,0.09126579016447067,0.002549178432673216,
1706,28,Four-way Nod Head,550,550,1.5527100563049316,0.48656800389289856,1.6101696491241455,0.09770521521568298,0.149201899766922,0.09064895659685135,0.0033284833189100027,
1707,29,Lying Alternate Upper-half Leg Raise,550,550,1.3849101066589355,1.7277569770812988,1.7965104579925537,0.18862242996692657,0.3458370566368103,0.0894087702035904,0.06040491163730621,
1708,29,Lying Alternate Upper-half Leg Raise,550,550,0.8722000122070312,1.7268309593200684,1.7352243661880493,0.18263988196849823,0.28357645869255066,0.08618095517158508,0.05404214933514595,
1709,29,Lying Alternate Upper-half Leg Raise,550,550,0.8797999620437622,1.5938379764556885,1.728012204170227,0.165416419506073,0.22802335023880005,0.08702237159013748,0.060895323753356934,
1710,30,Half Roll Back,550,550,1.0324299335479736,1.3915799856185913,1.767035961151123,0.1320122927427292,0.19741743803024292,0.07758641242980957,0.03162099048495293,
1711,30,Half Roll Back,550,550,1.2019799947738647,1.303928017616272,1.7897472381591797,0.1302143782377243,0.1895400583744049,0.07837633788585663,0.02217050828039646,
1712,30,Half Roll Back,550,550,1.049799919128418,1.364598035812378,1.7946345806121826,0.12073289602994919,0.16113977134227753,0.07816211879253387,0.02262991853058338,
1713,31,Kneeling Right-side Torso Twist,550,550,0.9301899671554565,1.6300870180130005,1.6780211925506592,0.20353494584560394,0.25740769505500793,0.08242206275463104,0.030412569642066956,
1714,31,Kneeling Right-side Torso Twist,550,550,1.0814299583435059,1.5626050233840942,1.6823023557662964,0.18122772872447968,0.24068598449230194,0.08711599558591843,0.042522311210632324,
1715,31,Kneeling Right-side Torso Twist,550,550,1.1165200471878052,1.5087430477142334,1.688481092453003,0.19568604230880737,0.24164164066314697,0.08152719587087631,0.03028060868382454,
1716,32,Left-side Knee Raise And Abdominal Muscles Contract,550,550,1.2240300178527832,0.49374499917030334,2.176464557647705,0.12970364093780518,0.16299200057983398,0.07589371502399445,0.015489702112972736,
1717,32,Left-side Knee Raise And Abdominal Muscles Contract,550,550,1.3386199474334717,0.5180050134658813,2.20674991607666,0.12615911662578583,0.1588575541973114,0.07649010419845581,0.015175266191363335,
1718,32,Left-side Knee Raise And Abdominal Muscles Contract,550,550,1.326740026473999,0.38305598497390747,2.2146458625793457,0.1249813437461853,0.1661103069782257,0.07648627460002899,0.018100667744874954,
1719,33,Kneeling Right Leg Backward Stretch,550,550,1.1128100156784058,1.6988909244537354,1.6885251998901367,0.27237439155578613,0.30304962396621704,0.08903484791517258,0.03183339908719063,
1720,33,Kneeling Right Leg Backward Stretch,550,550,0.9866100549697876,1.6581709384918213,1.6904234886169434,0.2483469396829605,0.27525466680526733,0.08638778328895569,0.023683931678533554,
1721,33,Kneeling Right Leg Backward Stretch,550,550,1.041159987449646,1.7347779273986816,1.690462589263916,0.23210474848747253,0.26946350932121277,0.0893428772687912,0.043769240379333496,
1722,34,Kneeling Right Arm Raise,550,550,0.8981900215148926,0.6113659739494324,2.5646750926971436,0.31735163927078247,0.31775379180908203,0.09656236320734024,0.0005907429149374366,
1723,34,Kneeling Right Arm Raise,550,550,0.7552900314331055,0.6113659739494324,1.4671680927276611,0.09831194579601288,0.09831193834543228,0.09831193834543228,2.075300651813161e-12,
1724,34,Kneeling Right Arm Raise,550,550,0.7552900314331055,0.6113659739494324,1.4671680927276611,0.09831194579601288,0.09831193834543228,0.09831193834543228,2.075300651813161e-12,
1725,35,Shoulder Bridge,550,550,0.86558997631073,1.5975348949432373,2.5661191940307617,0.08723882585763931,0.32141342759132385,0.06024402752518654,0.03337270766496658,
1726,35,Shoulder Bridge,550,550,0.9319199919700623,1.6270710229873657,1.7804524898529053,0.19035808742046356,0.23547111451625824,0.0908375009894371,0.03909154236316681,
1727,35,Shoulder Bridge,550,550,0.9930599927902222,1.5739120244979858,1.7656090259552002,0.18532192707061768,0.20421643555164337,0.09174895286560059,0.04158112779259682,
1728,36,Prone Press-ups,550,550,1.1305899620056152,1.8333580493927002,1.6851954460144043,0.266259104013443,0.3193148374557495,0.08276250958442688,0.03957188501954079,
1729,36,Prone Press-ups,550,550,1.0492899417877197,1.8355019092559814,1.6984601020812988,0.2230014055967331,0.2717779278755188,0.07495418936014175,0.046362072229385376,
1730,36,Prone Press-ups,550,550,1.0015300512313843,1.820054054260254,1.7170805931091309,0.22537705302238464,0.292434960603714,0.07476627081632614,0.06922882050275803,
1731,37,Bent-over Torso Rotation,550,550,1.1375199556350708,0.6907920241355896,1.6315598487854004,0.07824471592903137,0.11314237117767334,0.0690762996673584,0.0047898790799081326,
1732,37,Bent-over Torso Rotation,550,550,1.0827300548553467,0.6864989995956421,1.6359022855758667,0.07987768948078156,0.1045820564031601,0.06860333681106567,0.005682393908500671,
1733,37,Bent-over Torso Rotation,550,550,1.0741500854492188,0.7648590207099915,1.6237690448760986,0.0766691043972969,0.10425422340631485,0.06925661861896515,0.004882882349193096,
1734,38,Lying Arm Pull,550,550,1.1327600479125977,2.1509218215942383,1.7463016510009766,0.2375926971435547,0.2943895161151886,0.08586160093545914,0.06494826823472977,
1735,38,Lying Arm Pull,550,550,1.176990032196045,2.2395920753479004,1.7997691631317139,0.25770509243011475,0.3281255066394806,0.09826220571994781,0.07224240154027939,
1736,38,Lying Arm Pull,550,550,1.2314300537109375,2.1367878913879395,1.7782559394836426,0.27102693915367126,0.3429188132286072,0.08589748293161392,0.08170809596776962,
1737,39,Prone Press Up With Torso Rotation,550,550,1.0433900356292725,1.9152430295944214,1.6891894340515137,0.2160249501466751,0.26174700260162354,0.07573635876178741,0.04704064875841141,
1738,39,Prone Press Up With Torso Rotation,550,550,0.9938399791717529,1.8660169839859009,1.680687427520752,0.22424083948135376,0.26765313744544983,0.08855986595153809,0.05805118381977081,
1739,39,Prone Press Up With Torso Rotation,550,550,1.081719994544983,1.8629170656204224,1.726965069770813,0.2290017306804657,0.2691212594509125,0.07822336256504059,0.0365707129240036,
1740,40,Breaststroke Push-ups,550,550,1.5348000526428223,2.321183919906616,1.7024614810943604,0.27327919006347656,0.3372555077075958,0.09290757775306702,0.06879718601703644,
1741,40,Breaststroke Push-ups,550,550,1.042930006980896,2.321122169494629,1.6765713691711426,0.25668051838874817,0.3314588665962219,0.09188372641801834,0.05778287723660469,
1742,40,Breaststroke Push-ups,550,550,1.0815598964691162,2.3291211128234863,1.7094368934631348,0.2557198107242584,0.3325771391391754,0.09835925698280334,0.06964308023452759,
1743,41,Sit-ups,550,550,1.2092199325561523,2.3306679725646973,1.7475162744522095,0.18373341858386993,0.4175006151199341,0.07524693757295609,0.08870162069797516,
1744,41,Sit-ups,550,550,1.1211400032043457,2.590837001800537,1.713869333267212,0.18241775035858154,0.47319290041923523,0.077988401055336,0.10716940462589264,
1745,41,Sit-ups,550,550,1.3268300294876099,2.660386085510254,1.703910231590271,0.18559178709983826,0.4317190647125244,0.0826946571469307,0.10233522206544876,
1746,42,Side-lying Left Leg Forward Raise,550,550,1.3712400197982788,1.9060389995574951,1.7458949089050293,0.19062396883964539,0.25368574261665344,0.0929834172129631,0.08842581510543823,
1747,42,Side-lying Left Leg Forward Raise,550,550,1.4196300506591797,1.9522149562835693,1.787426471710205,0.2214849889278412,0.27168750762939453,0.09642831236124039,0.056978046894073486,
1748,42,Side-lying Left Leg Forward Raise,550,550,1.3693100214004517,1.9723310470581055,1.8225762844085693,0.2009110450744629,0.2523553967475891,0.08606188744306564,0.07119853049516678,
1749,43,Right Leg Reverse Lunge,550,550,1.2514699697494507,1.1378300189971924,1.6282458305358887,0.08574571460485458,0.11482574790716171,0.07317573577165604,0.016432281583547592,
1750,43,Right Leg Reverse Lunge,550,550,1.1635699272155762,1.1333039999008179,1.6348845958709717,0.084002785384655,0.11030307412147522,0.06852350383996964,0.016513697803020477,
1751,43,Right Leg Reverse Lunge,550,550,1.1487599611282349,1.0484349727630615,1.6313925981521606,0.08549585938453674,0.10946796089410782,0.06970948725938797,0.01335208397358656,
1752,44,Kneeling Left Knee Lift,550,550,1.3461799621582031,1.552042007446289,1.686446189880371,0.17863233387470245,0.2045162171125412,0.09127458184957504,0.029790207743644714,
1753,44,Kneeling Left Knee Lift,550,550,0.9860100150108337,1.4381160736083984,1.684194803237915,0.18164847791194916,0.20689986646175385,0.07600733637809753,0.030030632391572,
1754,44,Kneeling Left Knee Lift,550,550,1.0684200525283813,1.6150050163269043,1.6838113069534302,0.17391638457775116,0.20885306596755981,0.07923915982246399,0.038705479353666306,
1755,45,Alternate Reverse Lunge,550,550,1.0358599424362183,1.1375759840011597,1.683579921722412,0.09235987067222595,0.1028299629688263,0.07623402029275894,0.015560954809188843,
1756,45,Alternate Reverse Lunge,550,550,0.9790599942207336,1.1077640056610107,1.6576581001281738,0.08472469449043274,0.09836067259311676,0.07055770605802536,0.014597109518945217,
1757,45,Alternate Reverse Lunge,550,550,1.1657299995422363,1.2092950344085693,1.6615214347839355,0.08465448766946793,0.10977226495742798,0.06853782385587692,0.014827921986579895,
1758,46,Side-lying Right Leg Backward Kick,550,550,1.1951600313186646,2.098991870880127,1.7967935800552368,0.226264089345932,0.28531813621520996,0.08057699352502823,0.07339322566986084,
1759,46,Side-lying Right Leg Backward Kick,550,550,1.0308300256729126,2.065937042236328,1.8034766912460327,0.29743874073028564,0.35224449634552,0.08016873151063919,0.0722893476486206,
1760,46,Side-lying Right Leg Backward Kick,550,550,1.023460030555725,2.106821060180664,1.7918646335601807,0.2827502191066742,0.3537867069244385,0.07656567543745041,0.10396624356508255,
1761,47,Left Leg Lunge With Knee Lift,550,550,1.1983098983764648,1.2994089126586914,1.6774394512176514,0.07786404341459274,0.11298750340938568,0.06737532466650009,0.012643519788980484,
1762,47,Left Leg Lunge With Knee Lift,550,550,1.1722700595855713,1.2989200353622437,1.6910881996154785,0.08107218146324158,0.11000756919384003,0.0688326358795166,0.01125126052647829,
1763,47,Left Leg Lunge With Knee Lift,550,550,1.2275700569152832,1.2251360416412354,1.6829054355621338,0.07821431756019592,0.11468565464019775,0.06567054241895676,0.011487256735563278,
1764,48,Sumo Squat,550,550,1.1820499897003174,0.7411630153656006,1.7122178077697754,0.09700514376163483,0.12291479855775833,0.06977489590644836,0.012040067464113235,
1765,48,Sumo Squat,550,550,0.9844399690628052,0.6276260018348694,1.6692276000976562,0.09785672277212143,0.11471539735794067,0.07255363464355469,0.010081367567181587,
1766,48,Sumo Squat,550,550,1.0160300731658936,0.6131070256233215,1.6653518676757812,0.09984221309423447,0.11478936672210693,0.07712435722351074,0.007681120187044144,
1767,49,Straight Leg Calf Raise,550,550,1.1162900924682617,0.3248720169067383,1.7035362720489502,0.0903526172041893,0.10675383359193802,0.08731870353221893,0.0015259823994711041,
1768,49,Straight Leg Calf Raise,550,550,1.079259991645813,0.41729599237442017,1.7046563625335693,0.09182671457529068,0.10464733839035034,0.0872870609164238,0.0022421525791287422,
1769,49,Straight Leg Calf Raise,550,550,1.1363599300384521,0.30176499485969543,1.6946606636047363,0.0933571308851242,0.10833681374788284,0.08879941701889038,0.0018577275332063437,
1770,50,Squat Jump,550,446,1.2198400497436523,1.3165279626846313,1.8069977760314941,0.11727125942707062,0.15140663087368011,0.0853804349899292,0.026574183255434036,
1771,50,Squat Jump,550,431,1.1627099514007568,1.4140000343322754,1.822889804840088,0.11519847810268402,0.1639546900987625,0.08207948505878448,0.02820267714560032,
1772,50,Squat Jump,550,481,1.1054799556732178,1.4514260292053223,1.8364832401275635,0.12638342380523682,0.17947807908058167,0.08880630135536194,0.030681731179356575,
1773,51,Squat With Alternate Knee Lift,550,550,1.0391499996185303,0.9507269859313965,1.6877386569976807,0.09539869427680969,0.11771105229854584,0.0814180001616478,0.019850676879286766,
1774,51,Squat With Alternate Knee Lift,550,550,1.1603100299835205,0.8697429895401001,1.6638164520263672,0.09274958074092865,0.12447153776884079,0.07044275104999542,0.018996678292751312,
1775,51,Squat With Alternate Knee Lift,550,550,1.000920057296753,0.9136550426483154,1.706649899482727,0.09500071406364441,0.1257200539112091,0.07120858877897263,0.01852761022746563,
1776,52,Standing Alternate Butt Kick,550,550,1.3355799913406372,0.739359974861145,1.6456527709960938,0.08760146051645279,0.12393394112586975,0.0654163807630539,0.007431562524288893,
1777,52,Standing Alternate Butt Kick,550,550,1.2606300115585327,0.7075409889221191,1.6350423097610474,0.08669004589319229,0.1173378974199295,0.06685221195220947,0.0071244495920836926,
1778,52,Standing Alternate Butt Kick,550,550,1.1367199420928955,0.6738479733467102,1.64186429977417,0.08532405644655228,0.10963530093431473,0.06733155250549316,0.005289681721478701,
1779,53,Knee Warm-up,550,440,1.2364299297332764,0.6390860080718994,1.6463820934295654,0.0768262967467308,0.1157035082578659,0.0652737021446228,0.010338662192225456,
1780,53,Knee Warm-up,550,489,1.2305899858474731,0.6233290433883667,1.649162769317627,0.07514993846416473,0.11399518698453903,0.06271187961101532,0.011082860641181469,
1781,53,Knee Warm-up,550,444,1.0827999114990234,0.6540540456771851,1.6486835479736328,0.07472527772188187,0.10564196854829788,0.06221579387784004,0.009047036059200764,
1782,54,Butt Kicks,550,391,1.0700299739837646,0.8535330295562744,1.740530252456665,0.07614492624998093,0.10389174520969391,0.05660507082939148,0.009984636679291725,
1783,54,Butt Kicks,550,494,1.1555800437927246,0.8057309985160828,1.7641668319702148,0.08954302966594696,0.12682950496673584,0.06023506820201874,0.011794010177254677,
1784,54,Butt Kicks,550,550,1.1088800430297852,0.9763489961624146,1.738231897354126,0.08096259087324142,0.11240185052156448,0.05737563595175743,0.011245854198932648,
1785,55,Jump Left and Right,550,520,1.2094199657440186,0.931831955909729,1.7776027917861938,0.11133867502212524,0.17448624968528748,0.07716323435306549,0.01588433049619198,
1786,55,Jump Left and Right,550,532,1.0556199550628662,0.8382840156555176,1.7693984508514404,0.09887741506099701,0.13426385819911957,0.07642359286546707,0.013216990977525711,
1787,55,Jump Left and Right,550,527,1.0302900075912476,1.058547019958496,1.7453581094741821,0.10107937455177307,0.14171934127807617,0.07924681156873703,0.016291745007038116,
1788,56,Jumping Jacks,550,442,1.8102900981903076,0.8911279439926147,2.36210560798645,0.1616870015859604,0.2483675628900528,0.08172834664583206,0.04297197610139847,
1789,56,Jumping Jacks,550,403,1.7545900344848633,0.8981820344924927,2.3506391048431396,0.15743176639080048,0.24762921035289764,0.07760737836360931,0.04159550741314888,
1790,56,Jumping Jacks,550,461,1.7434899806976318,0.9583649635314941,2.302093029022217,0.16532878577709198,0.2505544424057007,0.08026005327701569,0.04120660573244095,
1791,57,High Knee,550,380,1.3066298961639404,0.9481499791145325,1.721861481666565,0.08879797905683517,0.11654205620288849,0.06740357726812363,0.01372268982231617,
1792,57,High Knee,550,416,1.2518399953842163,1.0020899772644043,1.7198679447174072,0.10664277523756027,0.1412859857082367,0.07548454403877258,0.013378809206187725,
1793,57,High Knee,550,415,1.2238399982452393,0.925258994102478,1.717315435409546,0.08611560612916946,0.11253493279218674,0.0697261318564415,0.011106726713478565,
1794,58,Clap Jacks,550,397,1.783210039138794,1.2799639701843262,1.784942865371704,0.16536349058151245,0.20583824813365936,0.11006437987089157,0.02674306184053421,
1795,58,Clap Jacks,550,440,1.8099100589752197,1.2681570053100586,1.8019583225250244,0.15635651350021362,0.18424510955810547,0.09978245198726654,0.026691215112805367,
1796,58,Clap Jacks,550,465,1.888969898223877,1.6019320487976074,1.8006846904754639,0.17594872415065765,0.24834419786930084,0.1002766489982605,0.028849394991993904,
1797,59,Run In Place With Arm Swing,550,461,1.2364599704742432,0.8290780186653137,1.6402287483215332,0.08499390631914139,0.11238924413919449,0.0721152126789093,0.006653683725744486,
1798,59,Run In Place With Arm Swing,550,461,1.2619500160217285,0.829077959060669,1.6402287483215332,0.08661119639873505,0.11486398428678513,0.07326804101467133,0.006660604849457741,
1799,59,Run In Place With Arm Swing,550,439,1.1985299587249756,0.8466930389404297,1.65496826171875,0.09133674204349518,0.10979081690311432,0.07691957801580429,0.007578447461128235,
1800,0,Svend Press,550,550,1.3113501071929932,0.9123749732971191,1.7497498989105225,0.11684119701385498,0.15096165239810944,0.07159430533647537,0.02811509184539318,
1801,0,Svend Press,550,550,1.2008600234985352,0.9848719835281372,1.707495927810669,0.11463118344545364,0.1522865742444992,0.07318295538425446,0.030824394896626472,
1802,0,Svend Press,550,550,1.1195099353790283,0.9433580040931702,1.720503568649292,0.11554945260286331,0.14844165742397308,0.07095145434141159,0.026473499834537506,
1803,1,Kneeling Push-ups,550,550,1.234839916229248,1.6007850170135498,1.6390600204467773,0.20087957382202148,0.24560333788394928,0.08099551498889923,0.03602328523993492,
1804,1,Kneeling Push-ups,550,550,1.293220043182373,1.558579921722412,1.690974473953247,0.19501426815986633,0.23522470891475677,0.07406669855117798,0.03811332583427429,
1805,1,Kneeling Push-ups,550,550,1.104259967803955,1.661484956741333,1.645719289779663,0.2374228686094284,0.2964005172252655,0.0774674266576767,0.044995203614234924,
1806,2,Standing Straight-arm Chest Press With Resistance Band,550,550,1.7101099491119385,0.993927001953125,1.7840851545333862,0.1643153429031372,0.1938990205526352,0.09871687740087509,0.022851543501019478,
1807,2,Standing Straight-arm Chest Press With Resistance Band,550,550,1.706339955329895,0.9483280181884766,1.73106050491333,0.16083215177059174,0.18866348266601562,0.11441382020711899,0.022509342059493065,
1808,2,Standing Straight-arm Chest Press With Resistance Band,550,550,1.7079699039459229,0.898518979549408,1.7005164623260498,0.15709979832172394,0.18705174326896667,0.1099015548825264,0.022366713732481003,
1809,3,Small Dumbbell Floor Flies,550,550,1.6957499980926514,1.9165270328521729,1.695923089981079,0.199351504445076,0.2848246693611145,0.09989775717258453,0.09127818048000336,
1810,3,Small Dumbbell Floor Flies,550,550,1.703660011291504,1.8915799856185913,1.725995659828186,0.1842174530029297,0.27368319034576416,0.08898390084505081,0.09725555032491684,
1811,3,Small Dumbbell Floor Flies,550,550,1.659500002861023,1.9181560277938843,1.7225878238677979,0.16185495257377625,0.2762209475040436,0.09075818955898285,0.10914502292871475,
1812,4,Chest Fly,550,550,1.0255299806594849,1.0914700031280518,2.2325599193573,0.1546982377767563,0.1799311488866806,0.09125690162181854,0.04092671349644661,
1813,4,Chest Fly,550,550,1.0337300300598145,1.1156349182128906,2.232170581817627,0.15492701530456543,0.17946664988994598,0.0860569030046463,0.042278606444597244,
1814,4,Chest Fly,550,550,0.9874299764633179,1.1259090900421143,2.246776580810547,0.15811915695667267,0.1776958853006363,0.0928402915596962,0.04230568930506706,
1815,5,Push-ups,550,550,1.034809947013855,1.6541459560394287,1.6727570295333862,0.23853327333927155,0.2913786470890045,0.08083812147378922,0.045043934136629105,
1816,5,Push-ups,550,550,1.017799973487854,1.623241901397705,1.6881210803985596,0.27615347504615784,0.3354315459728241,0.07624545693397522,0.04344993457198143,
1817,5,Push-ups,550,550,1.0876500606536865,1.692322015762329,1.6947929859161377,0.2614218294620514,0.3216820955276489,0.09374802559614182,0.050140947103500366,
1818,6,Bent-over W-shape Stretch,550,550,1.278899908065796,0.6506279706954956,1.640604019165039,0.09634299576282501,0.121444471180439,0.07277533411979675,0.0097836684435606,
1819,6,Bent-over W-shape Stretch,550,550,1.3126100301742554,0.7032829523086548,1.6248979568481445,0.09380348771810532,0.12070545554161072,0.07208202034235,0.009320572949945927,
1820,6,Bent-over W-shape Stretch,550,550,1.3608300685882568,0.6432560086250305,1.6197161674499512,0.09652155637741089,0.12550191581249237,0.07594659924507141,0.008819800801575184,
1821,7,Bent-over Y-shape Stretch,550,550,1.3543100357055664,1.111166000366211,1.7668325901031494,0.10231032222509384,0.14789432287216187,0.06931930780410767,0.030091343447566032,
1822,7,Bent-over Y-shape Stretch,550,550,1.2323499917984009,1.0775909423828125,1.881986379623413,0.11190689355134964,0.15648426115512848,0.07724230736494064,0.028740238398313522,
1823,7,Bent-over Y-shape Stretch,550,550,1.2355899810791016,1.0944420099258423,1.894465446472168,0.10460667312145233,0.15604287385940552,0.07027879357337952,0.02974974364042282,
1824,8,Bent-over A-shape Stretch,550,550,1.4163099527359009,1.129343032836914,1.626231074333191,0.10234750062227249,0.13180559873580933,0.07545799762010574,0.029033178463578224,
1825,8,Bent-over A-shape Stretch,550,550,1.1196999549865723,1.1491400003433228,1.6342697143554688,0.09844394028186798,0.11667250096797943,0.07888833433389664,0.02594543620944023,
1826,8,Bent-over A-shape Stretch,550,550,1.1555500030517578,1.121279001235962,1.6302094459533691,0.10085156559944153,0.11747637391090393,0.07918298244476318,0.02916529029607773,
1827,9,Squat With Arm Lift,550,550,1.534209966659546,0.8497259616851807,1.7060861587524414,0.14505034685134888,0.18464523553848267,0.07932846993207932,0.04253367707133293,
1828,9,Squat With Arm Lift,550,550,1.3995299339294434,0.8952599763870239,1.716531753540039,0.13725696504116058,0.1709413230419159,0.080170176923275,0.05016939714550972,
1829,9,Squat With Arm Lift,550,550,1.3863399028778076,0.7728649973869324,1.6986881494522095,0.1415458470582962,0.16540135443210602,0.07805131375789642,0.050536975264549255,
1830,10,Breaststroke Arm Pull,550,550,1.6550800800323486,2.3190219402313232,1.666198968887329,0.2964739203453064,0.4753517806529999,0.08614600449800491,0.07203853130340576,
1831,10,Breaststroke Arm Pull,550,550,1.669219970703125,2.325748920440674,1.6795966625213623,0.31337451934814453,0.5053006410598755,0.08096766471862793,0.07553939521312714,
1832,10,Breaststroke Arm Pull,550,550,1.6953799724578857,2.3302619457244873,1.6581971645355225,0.3152564465999603,0.4850488305091858,0.08341493457555771,0.06934185326099396,
1833,11,Prone Y-shape Stretch,550,550,1.2102199792861938,2.2619659900665283,1.683117389678955,0.36270609498023987,0.49245113134384155,0.08015713840723038,0.07387396693229675,
1834,11,Prone Y-shape Stretch,550,550,1.2434099912643433,2.1976020336151123,1.7023648023605347,0.3634226322174072,0.5146365165710449,0.08466871827840805,0.0850818082690239,
1835,11,Prone Y-shape Stretch,550,550,1.0984200239181519,2.2611961364746094,1.6822140216827393,0.3440028131008148,0.4886917769908905,0.07614176720380783,0.07769718021154404,
1836,12,Lateral Raise Forward Circles,550,550,1.715309977531433,0.7737290263175964,1.835722804069519,0.1686556190252304,0.21141262352466583,0.09412515163421631,0.00874250940978527,
1837,12,Lateral Raise Forward Circles,550,550,1.7027099132537842,0.6645970344543457,1.7880877256393433,0.16425175964832306,0.20917263627052307,0.09566248953342438,0.009725538082420826,
1838,12,Lateral Raise Forward Circles,550,550,1.6913599967956543,0.7257059812545776,1.827155590057373,0.1745128333568573,0.21586428582668304,0.09609895944595337,0.008557873778045177,
1839,13,Lateral Raise Backward Circles,550,550,1.684689998626709,0.7492690086364746,1.9409985542297363,0.17515689134597778,0.22836004197597504,0.09203950315713882,0.009630750864744186,
1840,13,Lateral Raise Backward Circles,550,450,1.6815400123596191,0.947795033454895,1.939619541168213,0.16756877303123474,0.22184394299983978,0.08738494664430618,0.015154940076172352,
1841,13,Lateral Raise Backward Circles,550,550,1.6784300804138184,0.8408550024032593,1.9239274263381958,0.17580996453762054,0.22158749401569366,0.09332911670207977,0.010736662894487381,
1842,14,Lying Shoulder Joint Upward Round,550,550,1.6180500984191895,2.2587790489196777,1.7630246877670288,0.22053425014019012,0.3067341446876526,0.09501881897449493,0.10162197798490524,
1843,14,Lying Shoulder Joint Upward Round,550,550,1.6385600566864014,2.2839598655700684,1.7385228872299194,0.19009283185005188,0.27884143590927124,0.08402542769908905,0.09056427329778671,
1844,14,Lying Shoulder Joint Upward Round,550,550,1.6589300632476807,2.3156979084014893,1.7655270099639893,0.21538308262825012,0.29090991616249084,0.09716687351465225,0.09166888892650604,
1845,15,Lying Shoulder Joint Downward Round,550,550,1.6502900123596191,2.2862539291381836,1.7622318267822266,0.21381448209285736,0.3047977387905121,0.08914027363061905,0.09243717044591904,
1846,15,Lying Shoulder Joint Downward Round,550,550,1.7206300497055054,2.276905059814453,1.7373491525650024,0.20872050523757935,0.2984037697315216,0.08526238799095154,0.09546324610710144,
1847,15,Lying Shoulder Joint Downward Round,550,550,1.6801600456237793,2.2888309955596924,1.7426519393920898,0.19372372329235077,0.2990691363811493,0.08148235082626343,0.10210423916578293,
1848,16,Bare-handed Full Lateral Raise,550,550,1.703429937362671,0.43991798162460327,2.2317724227905273,0.1647597700357437,0.23489807546138763,0.08466559648513794,0.03588061034679413,
1849,16,Bare-handed Full Lateral Raise,550,550,1.7174599170684814,0.31286099553108215,2.2403128147125244,0.16636165976524353,0.23824208974838257,0.08306307345628738,0.035195235162973404,
1850,16,Bare-handed Full Lateral Raise,550,550,1.7211899757385254,0.32159799337387085,2.2377898693084717,0.16673387587070465,0.2419745922088623,0.08367780596017838,0.03539394214749336,
1851,17,Bare-handed Cuban Press,550,550,1.2715599536895752,0.5360510349273682,2.2190799713134766,0.15562890470027924,0.23144632577896118,0.08343794196844101,0.02451210841536522,
1852,17,Bare-handed Cuban Press,550,550,1.2831000089645386,0.6537560224533081,2.2492995262145996,0.1458287537097931,0.23978182673454285,0.08383991569280624,0.0272490493953228,
1853,17,Bare-handed Cuban Press,550,550,1.3588800430297852,0.5823050141334534,2.228489875793457,0.14531144499778748,0.23414143919944763,0.08403987437486649,0.027259400114417076,
1854,18,Fortune Cat,550,550,1.32027006149292,0.5770729780197144,1.908776044845581,0.14704443514347076,0.17861425876617432,0.11412815004587173,0.00924290157854557,
1855,18,Fortune Cat,550,550,1.116529941558838,0.5948770046234131,1.9217817783355713,0.14639411866664886,0.18426641821861267,0.10529210418462753,0.010647689923644066,
1856,18,Fortune Cat,550,550,1.1041500568389893,0.6401259899139404,1.9686921834945679,0.1512467861175537,0.19401487708091736,0.09912686794996262,0.011933042667806149,
1857,19,Dumbbell Curls,550,550,1.5127099752426147,0.6772550344467163,1.6765227317810059,0.10234440863132477,0.14161495864391327,0.077499620616436,0.019987614825367928,
1858,19,Dumbbell Curls,550,550,1.106660008430481,0.6524519920349121,1.6619820594787598,0.09674113243818283,0.13026376068592072,0.07588213682174683,0.017852742224931717,
1859,19,Dumbbell Curls,550,550,1.147170066833496,0.628682017326355,1.6558409929275513,0.09652788937091827,0.12839795649051666,0.07831072807312012,0.016783464699983597,
1860,20,Alternate Dumbbell Curls,550,550,1.2131999731063843,0.7141790390014648,1.6508772373199463,0.09602945297956467,0.13644082844257355,0.07761295884847641,0.015328587032854557,
1861,20,Alternate Dumbbell Curls,550,550,0.9645699858665466,0.7024320363998413,1.656575083732605,0.09488816559314728,0.13003237545490265,0.07652287185192108,0.01371911820024252,
1862,20,Alternate Dumbbell Curls,550,550,0.9358600378036499,0.670540988445282,1.635072946548462,0.0952252745628357,0.13072946667671204,0.07601241767406464,0.014549151994287968,
1863,21,Right-side Kettlebell Bent-over Row,550,550,0.9366400241851807,1.1118760108947754,1.656942367553711,0.08722047507762909,0.09945940971374512,0.07063131034374237,0.012383085675537586,
1864,21,Right-side Kettlebell Bent-over Row,550,550,1.024980068206787,1.2666029930114746,1.6620948314666748,0.08824410289525986,0.1269565224647522,0.07298029214143753,0.015147271566092968,
1865,21,Right-side Kettlebell Bent-over Row,550,550,0.9878300428390503,1.395393967628479,1.671781301498413,0.08919480443000793,0.12846922874450684,0.07656032592058182,0.017270896583795547,
1866,22,Wrist Joint Warm-up,550,534,1.1226500272750854,0.7239010334014893,1.6264039278030396,0.1044837161898613,0.11540292203426361,0.08874638378620148,0.007776828017085791,
1867,22,Wrist Joint Warm-up,550,550,0.9667699933052063,0.5529590249061584,1.6227610111236572,0.10435313731431961,0.1129174679517746,0.09717947989702225,0.0035113468766212463,
1868,22,Wrist Joint Warm-up,550,480,0.9796500205993652,0.6170110106468201,1.6216719150543213,0.1028611958026886,0.11335884034633636,0.08918655663728714,0.007147895637899637,
1869,23,Right-side Bent-over Tricep Extension With Resistance Band,550,550,0.9089200496673584,0.8668529987335205,1.62957763671875,0.08033860474824905,0.09902970492839813,0.06897333264350891,0.007500768639147282,
1870,23,Right-side Bent-over Tricep Extension With Resistance Band,550,550,0.7538300156593323,0.8781750202178955,1.6451101303100586,0.07636534422636032,0.09160971641540527,0.06454452872276306,0.00744135957211256,
1871,23,Right-side Bent-over Tricep Extension With Resistance Band,550,550,0.7315700054168701,0.8651119470596313,1.6500790119171143,0.07376251369714737,0.08938117325305939,0.06384573131799698,0.007512462791055441,
1872,24,Bent-over Dumbbell Tricep Extension,550,550,1.139430046081543,0.8394180536270142,1.6527327299118042,0.08209139853715897,0.13071566820144653,0.06618081033229828,0.017168812453746796,
1873,24,Bent-over Dumbbell Tricep Extension,550,550,1.0087100267410278,0.8650690317153931,1.642727255821228,0.0870051458477974,0.1423027068376541,0.07401014864444733,0.017463285475969315,
1874,24,Bent-over Dumbbell Tricep Extension,550,550,1.0158900022506714,0.8678939938545227,1.6335971355438232,0.08804073184728622,0.1374417245388031,0.0745481476187706,0.016971485689282417,
1875,25,Nod And Raise Head,550,550,1.2670199871063232,0.3463670015335083,1.781446099281311,0.12385772913694382,0.13528096675872803,0.09791147708892822,0.002156530972570181,
1876,25,Nod And Raise Head,550,550,1.1925699710845947,0.45959800481796265,1.8727467060089111,0.12235007435083389,0.1403355747461319,0.1019672080874443,0.002593413693830371,
1877,25,Nod And Raise Head,550,550,1.3994801044464111,0.33810901641845703,1.805711269378662,0.12507401406764984,0.14018367230892181,0.12165100127458572,0.00259204744361341,
1878,26,Two-way Head Turn,550,550,1.3454499244689941,0.29922500252723694,1.6211202144622803,0.09269169718027115,0.12440729886293411,0.0918983519077301,7.40140094421804e-05,
1879,26,Two-way Head Turn,550,550,0.8057399988174438,0.2845810055732727,1.6190178394317627,0.09259559214115143,0.09362047910690308,0.09175035357475281,9.256471821572632e-05,
1880,26,Two-way Head Turn,550,550,0.8742200136184692,0.2741149961948395,1.6195814609527588,0.09409327059984207,0.09551190584897995,0.0912298634648323,5.633087857859209e-05,
1881,27,Shrug And Sink The Shoulders,550,550,0.7920700311660767,0.300212025642395,1.6264305114746094,0.08904920518398285,0.09283027797937393,0.08637985587120056,0.00018282384553458542,
1882,27,Shrug And Sink The Shoulders,550,550,1.0016400814056396,0.3280259966850281,1.6293127536773682,0.09195791929960251,0.104688860476017,0.0869121104478836,0.00046454384573735297,
1883,27,Shrug And Sink The Shoulders,550,550,1.082200050354004,0.3372710049152374,1.632835865020752,0.09540080279111862,0.10805165767669678,0.08777192234992981,0.0009322423720732331,
1884,28,Four-way Nod Head,550,550,0.9778099656105042,0.2882930040359497,1.6226933002471924,0.09595339745283127,0.09963282197713852,0.09333197772502899,0.00015128419909160584,
1885,28,Four-way Nod Head,550,550,1.1436200141906738,0.2923929989337921,1.621520757675171,0.08630594611167908,0.11042985320091248,0.08324531465768814,0.001087890355847776,
1886,28,Four-way Nod Head,550,550,1.1032600402832031,0.3201940059661865,1.6287262439727783,0.0859062448143959,0.10740447789430618,0.08272194862365723,0.001183856395073235,
1887,29,Lying Alternate Upper-half Leg Raise,550,550,1.1319600343704224,1.6968450546264648,1.7373080253601074,0.176611989736557,0.23699213564395905,0.08749891817569733,0.06819774210453033,
1888,29,Lying Alternate Upper-half Leg Raise,550,550,0.9478000402450562,1.731147050857544,1.7283086776733398,0.16907033324241638,0.26435762643814087,0.0884372815489769,0.064037024974823,
1889,29,Lying Alternate Upper-half Leg Raise,550,550,1.0030399560928345,1.7518240213394165,1.706366777420044,0.18145550787448883,0.2991507947444916,0.09053228795528412,0.08808869868516922,
1890,30,Half Roll Back,550,550,0.9826200008392334,1.3245970010757446,1.7002604007720947,0.13830004632472992,0.20787951350212097,0.08536853641271591,0.02301037311553955,
1891,30,Half Roll Back,550,550,0.9445600509643555,1.1679599285125732,1.7217919826507568,0.15055280923843384,0.209783673286438,0.08623255044221878,0.020262086763978004,
1892,30,Half Roll Back,550,550,1.0237900018692017,1.1336159706115723,1.7213053703308105,0.16929440200328827,0.22521623969078064,0.08724241703748703,0.027602119371294975,
1893,31,Kneeling Right-side Torso Twist,550,550,0.7777000069618225,1.5211830139160156,1.6573090553283691,0.22226406633853912,0.28287747502326965,0.08276688307523727,0.03261818736791611,
1894,31,Kneeling Right-side Torso Twist,550,550,0.8032400012016296,1.5395710468292236,1.6731206178665161,0.21285177767276764,0.2736224830150604,0.07862145453691483,0.03623206540942192,
1895,31,Kneeling Right-side Torso Twist,550,550,0.8319399952888489,1.4427989721298218,1.7020437717437744,0.19090843200683594,0.250108540058136,0.07941123098134995,0.037660740315914154,
1896,32,Left-side Knee Raise And Abdominal Muscles Contract,550,550,1.362879991531372,0.49827802181243896,2.2273917198181152,0.13579495251178741,0.1650954633951187,0.08586128801107407,0.014690359123051167,
1897,32,Left-side Knee Raise And Abdominal Muscles Contract,550,550,1.4800400733947754,0.43683499097824097,2.236387014389038,0.1363004446029663,0.16711172461509705,0.09466156363487244,0.013114561326801777,
1898,32,Left-side Knee Raise And Abdominal Muscles Contract,550,550,1.3810899257659912,0.48982998728752136,2.2454164028167725,0.13713572919368744,0.1671368032693863,0.09065751731395721,0.014377031475305557,
1899,33,Kneeling Right Leg Backward Stretch,550,550,1.0183000564575195,1.7717700004577637,1.6499398946762085,0.23027510941028595,0.26334521174430847,0.08307710289955139,0.04109768569469452,
1900,33,Kneeling Right Leg Backward Stretch,550,550,0.9179099798202515,1.7264469861984253,1.6570525169372559,0.26077038049697876,0.2880854904651642,0.08121301978826523,0.02583881840109825,
1901,33,Kneeling Right Leg Backward Stretch,550,550,0.9096699953079224,1.7494900226593018,1.6472442150115967,0.24467548727989197,0.27996817231178284,0.08254187554121017,0.03945911303162575,
1902,34,Kneeling Right Arm Raise,550,550,0.9045499563217163,1.9255409240722656,1.6833875179290771,0.24439674615859985,0.29400068521499634,0.08512581884860992,0.035207781940698624,
1903,34,Kneeling Right Arm Raise,550,550,0.7838900089263916,1.9798319339752197,1.6709797382354736,0.23226097226142883,0.2830362319946289,0.07960513234138489,0.03965376690030098,
1904,34,Kneeling Right Arm Raise,550,550,0.7601699829101562,1.8954319953918457,1.6658692359924316,0.2224263846874237,0.2624889314174652,0.07615458220243454,0.03314602002501488,
1905,35,Shoulder Bridge,550,550,1.1108999252319336,1.4658089876174927,1.7384629249572754,0.22401435673236847,0.2686964273452759,0.08405392616987228,0.05276472866535187,
1906,35,Shoulder Bridge,550,550,1.0704500675201416,1.7428748607635498,1.7450742721557617,0.19749006628990173,0.28881776332855225,0.09222317487001419,0.0720226913690567,
1907,35,Shoulder Bridge,550,550,1.2089600563049316,1.707211971282959,1.7341551780700684,0.20743873715400696,0.29789015650749207,0.08927032351493835,0.0679391399025917,
1908,36,Prone Press-ups,550,550,1.120959997177124,1.8168060779571533,1.6611909866333008,0.2782081365585327,0.3435059189796448,0.08983375877141953,0.051064494997262955,
1909,36,Prone Press-ups,550,550,1.043429970741272,1.8578840494155884,1.7037250995635986,0.28401002287864685,0.3484354615211487,0.08033785223960876,0.05228961631655693,
1910,36,Prone Press-ups,550,550,1.1335599422454834,1.88058602809906,1.6953473091125488,0.319347620010376,0.39991655945777893,0.08052188903093338,0.059759706258773804,
1911,37,Bent-over Torso Rotation,550,550,1.2278599739074707,0.7218079566955566,1.6407302618026733,0.07596603035926819,0.11430490761995316,0.06675874441862106,0.005497374571859837,
1912,37,Bent-over Torso Rotation,550,550,0.935539960861206,0.7684100270271301,1.6489778757095337,0.07793556898832321,0.0987737849354744,0.069656141102314,0.006645327899605036,
1913,37,Bent-over Torso Rotation,550,550,0.911579966545105,0.7178759574890137,1.6545917987823486,0.08109483122825623,0.09818267077207565,0.07207848131656647,0.0071221329271793365,
1914,38,Lying Arm Pull,550,550,1.0826599597930908,2.2324459552764893,1.7374050617218018,0.24213306605815887,0.29986611008644104,0.09027310460805893,0.0848093256354332,
1915,38,Lying Arm Pull,550,550,1.6657899618148804,2.2430899143218994,1.7589716911315918,0.24785466492176056,0.30085498094558716,0.09069137275218964,0.08045758306980133,
1916,38,Lying Arm Pull,550,550,1.6868999004364014,2.2406768798828125,1.7341892719268799,0.22720012068748474,0.284127801656723,0.08827297389507294,0.08230593055486679,
1917,39,Prone Press Up With Torso Rotation,550,550,0.9614800214767456,1.9392390251159668,1.6845121383666992,0.2698993384838104,0.3696579337120056,0.07797542959451675,0.07205847650766373,
1918,39,Prone Press Up With Torso Rotation,550,550,0.9564799666404724,1.957810878753662,1.6618252992630005,0.24080005288124084,0.3453831970691681,0.07592401653528214,0.08035293966531754,
1919,39,Prone Press Up With Torso Rotation,550,550,0.9849900007247925,1.8862390518188477,1.6713284254074097,0.3218681216239929,0.38621786236763,0.08146502077579498,0.040615640580654144,
1920,40,Breaststroke Push-ups,550,550,1.0856599807739258,2.299777030944824,1.652223825454712,0.3461450934410095,0.4956419765949249,0.0875316709280014,0.05987169221043587,
1921,40,Breaststroke Push-ups,550,550,1.2562799453735352,2.319729804992676,1.6773813962936401,0.3297988176345825,0.49206867814064026,0.0812511220574379,0.07432542741298676,
1922,40,Breaststroke Push-ups,550,550,1.0098199844360352,2.3203139305114746,1.6538610458374023,0.30782172083854675,0.4897751808166504,0.08193753659725189,0.06423411518335342,
1923,41,Sit-ups,550,550,1.0632799863815308,2.433104991912842,1.7306569814682007,0.22278136014938354,0.3102118670940399,0.09480374306440353,0.10636454820632935,
1924,41,Sit-ups,550,550,1.045490026473999,2.3065619468688965,1.7540394067764282,0.19320990145206451,0.2872803211212158,0.09733099490404129,0.11437482386827469,
1925,41,Sit-ups,550,550,1.1486300230026245,2.385054111480713,1.7706663608551025,0.18594563007354736,0.2955317497253418,0.08632151037454605,0.10669928044080734,
1926,42,Side-lying Left Leg Forward Raise,550,550,1.1610100269317627,1.7402780055999756,1.7522785663604736,0.18229156732559204,0.21712559461593628,0.08701947331428528,0.05966958403587341,
1927,42,Side-lying Left Leg Forward Raise,550,550,1.1461899280548096,1.806257963180542,1.741469144821167,0.19382667541503906,0.24654553830623627,0.09100461006164551,0.06666657328605652,
1928,42,Side-lying Left Leg Forward Raise,550,550,1.1633800268173218,1.7304480075836182,1.7303833961486816,0.19787223637104034,0.2576422393321991,0.0902232676744461,0.07615038752555847,
1929,43,Right Leg Reverse Lunge,550,550,0.91839998960495,1.0952329635620117,1.6974623203277588,0.0861806571483612,0.11064653843641281,0.0736132338643074,0.018766604363918304,
1930,43,Right Leg Reverse Lunge,550,550,0.979170024394989,1.1620930433273315,1.695260763168335,0.0860946774482727,0.1061118096113205,0.0718885138630867,0.020307613536715508,
1931,43,Right Leg Reverse Lunge,550,550,1.0417499542236328,1.172766923904419,1.7008306980133057,0.08668866008520126,0.10059105604887009,0.07507742941379547,0.021638276055455208,
1932,44,Kneeling Left Knee Lift,550,550,0.9169399738311768,1.5902209281921387,1.6526775360107422,0.24889834225177765,0.28504136204719543,0.0832425132393837,0.03393348678946495,
1933,44,Kneeling Left Knee Lift,550,550,0.8481400012969971,1.56631600856781,1.639808177947998,0.22547338902950287,0.2622503638267517,0.076956607401371,0.03887017071247101,
1934,44,Kneeling Left Knee Lift,550,550,0.9529399871826172,1.4654840230941772,1.6428649425506592,0.25328928232192993,0.28736960887908936,0.08442620933055878,0.034306831657886505,
1935,45,Alternate Reverse Lunge,550,550,0.9661300182342529,1.1942330598831177,1.6796810626983643,0.08710376918315887,0.09907210618257523,0.07882294803857803,0.020054928958415985,
1936,45,Alternate Reverse Lunge,550,550,0.9739999771118164,1.1922329664230347,1.6955952644348145,0.08767641335725784,0.09955151379108429,0.07875106483697891,0.023006029427051544,
1937,45,Alternate Reverse Lunge,550,550,0.9807800054550171,1.1773560047149658,1.6835739612579346,0.08717694133520126,0.09930837899446487,0.08177440613508224,0.02231159247457981,
1938,46,Side-lying Right Leg Backward Kick,550,550,1.2357900142669678,2.015202045440674,1.6876068115234375,0.18548007309436798,0.3074983060359955,0.08958732336759567,0.07897303253412247,
1939,46,Side-lying Right Leg Backward Kick,550,550,1.2135300636291504,1.9659130573272705,1.7290505170822144,0.1800534874200821,0.25920403003692627,0.08895474672317505,0.07453834265470505,
1940,46,Side-lying Right Leg Backward Kick,550,550,1.235859990119934,1.9027169942855835,1.718095064163208,0.16777551174163818,0.24876795709133148,0.08765025436878204,0.08339142054319382,
1941,47,Left Leg Lunge With Knee Lift,550,550,1.2885899543762207,1.5131919384002686,1.6730406284332275,0.08917517960071564,0.11942078918218613,0.07075762748718262,0.01864464208483696,
1942,47,Left Leg Lunge With Knee Lift,550,550,1.2775800228118896,1.4619389772415161,1.697364091873169,0.08501818031072617,0.11794095486402512,0.06940677762031555,0.020319532603025436,
1943,47,Left Leg Lunge With Knee Lift,550,550,1.2206199169158936,1.4886739253997803,1.6925039291381836,0.084623321890831,0.11485223472118378,0.0689234510064125,0.02069268748164177,
1944,48,Sumo Squat,550,550,1.1588200330734253,0.6603969931602478,1.7264436483383179,0.10028768330812454,0.12548953294754028,0.08127816766500473,0.014398745261132717,
1945,48,Sumo Squat,550,550,0.983299970626831,0.7315160036087036,1.6682960987091064,0.09822630137205124,0.1219419315457344,0.07860129326581955,0.014579172246158123,
1946,48,Sumo Squat,550,550,0.9983700513839722,0.6711810231208801,1.687391757965088,0.10037536174058914,0.12222576141357422,0.08387187868356705,0.014015504159033298,
1947,49,Straight Leg Calf Raise,550,550,0.9279600381851196,0.3568049967288971,1.6962132453918457,0.08709322661161423,0.09945647418498993,0.08492006361484528,0.0009706429555080831,
1948,49,Straight Leg Calf Raise,550,523,0.9692000150680542,0.508201003074646,1.704805612564087,0.08950796723365784,0.09712358564138412,0.084984190762043,0.0027986885979771614,
1949,49,Straight Leg Calf Raise,550,550,0.8886799812316895,0.4947260022163391,1.6967768669128418,0.08962060511112213,0.09755196422338486,0.08638634532690048,0.0024346120189875364,
1950,50,Squat Jump,550,550,1.338479995727539,1.1645900011062622,1.773923397064209,0.11161157488822937,0.15550734102725983,0.08046303689479828,0.02545754797756672,
1951,50,Squat Jump,550,550,1.5486900806427002,1.170585036277771,1.763031005859375,0.11687519401311874,0.1557709276676178,0.08100369572639465,0.02858763374388218,
1952,50,Squat Jump,550,550,1.3645100593566895,1.236946940422058,1.7686537504196167,0.11495595425367355,0.15072014927864075,0.08569338917732239,0.028654489666223526,
1953,51,Squat With Alternate Knee Lift,550,550,1.3598499298095703,0.8195539712905884,1.6790122985839844,0.0865032896399498,0.12460789084434509,0.07125267386436462,0.01849103346467018,
1954,51,Squat With Alternate Knee Lift,550,550,1.043429970741272,0.7591130137443542,1.7015035152435303,0.08760847896337509,0.1188129186630249,0.0750277042388916,0.022230707108974457,
1955,51,Squat With Alternate Knee Lift,550,550,0.9861500263214111,0.7878919839859009,1.7158252000808716,0.09244967252016068,0.11861544102430344,0.07732181996107101,0.02299506776034832,
1956,52,Standing Alternate Butt Kick,550,550,1.066789984703064,0.8629209995269775,1.6252647638320923,0.0820656344294548,0.09420135617256165,0.06834468245506287,0.008333094418048859,
1957,52,Standing Alternate Butt Kick,550,550,1.0587799549102783,0.9373220205307007,1.631030559539795,0.08555459976196289,0.0939812883734703,0.07378337532281876,0.00861375778913498,
1958,52,Standing Alternate Butt Kick,550,550,0.9879500269889832,0.9608069658279419,1.635502576828003,0.08413282781839371,0.09669751673936844,0.06782586127519608,0.007323029916733503,
1959,53,Knee Warm-up,550,550,0.7919700145721436,0.623420000076294,1.6671135425567627,0.07558386027812958,0.09339047223329544,0.06712551414966583,0.006180231459438801,
1960,53,Knee Warm-up,550,550,0.7663400173187256,0.7086689472198486,1.6849223375320435,0.07822088152170181,0.09905633330345154,0.06667377799749374,0.006677062716335058,
1961,53,Knee Warm-up,550,550,0.7861999869346619,0.6569130420684814,1.6962041854858398,0.07683473080396652,0.0951588973402977,0.06521926075220108,0.006194716319441795,
1962,54,Butt Kicks,550,512,1.2521600723266602,0.890254020690918,1.7572226524353027,0.08016327023506165,0.11192143708467484,0.05771394819021225,0.011485643684864044,
1963,54,Butt Kicks,550,520,1.2925200462341309,1.3065540790557861,1.773101568222046,0.09333223104476929,0.14269889891147614,0.05809492617845535,0.02318575419485569,
1964,54,Butt Kicks,550,511,1.2900700569152832,1.4133830070495605,1.787536859512329,0.09423776715993881,0.16599522531032562,0.059321727603673935,0.023865001276135445,
1965,55,Jump Left and Right,550,550,1.1713500022888184,0.8235650062561035,1.7751460075378418,0.10358316451311111,0.13773863017559052,0.08182541280984879,0.011830075643956661,
1966,55,Jump Left and Right,550,474,0.9516000151634216,0.735135018825531,1.7953147888183594,0.10137034952640533,0.12450691312551498,0.08638310432434082,0.011132044717669487,
1967,55,Jump Left and Right,550,489,0.9440300464630127,0.7867500185966492,1.7872544527053833,0.10108595341444016,0.1224428191781044,0.08580711483955383,0.010902298614382744,
1968,56,Jumping Jacks,550,473,1.743749976158142,0.7355780005455017,2.292527914047241,0.16782034933567047,0.2986313998699188,0.07831026613712311,0.0388813242316246,
1969,56,Jumping Jacks,550,466,1.8473600149154663,0.6718260049819946,2.3286218643188477,0.15940850973129272,0.2691503167152405,0.07872305810451508,0.038969941437244415,
1970,56,Jumping Jacks,550,452,1.790679931640625,0.7656919956207275,2.3299224376678467,0.16752944886684418,0.28558114171028137,0.08224014937877655,0.04259270429611206,
1971,57,High Knee,550,474,0.9346200227737427,1.5187150239944458,1.783933162689209,0.11338413506746292,0.20042981207370758,0.07923524081707001,0.03328200429677963,
1972,57,High Knee,550,530,0.9361699819564819,1.319133996963501,1.7919988632202148,0.10244905948638916,0.14941106736660004,0.07509853690862656,0.025606807321310043,
1973,57,High Knee,550,449,1.0229899883270264,1.160722017288208,1.7864763736724854,0.0899704247713089,0.11532881110906601,0.07420093566179276,0.015880580991506577,
1974,58,Clap Jacks,550,550,1.8474299907684326,1.5472259521484375,1.8734395503997803,0.15269233286380768,0.19630159437656403,0.09368830919265747,0.03199507296085358,
1975,58,Clap Jacks,550,477,1.8478200435638428,1.2473430633544922,1.9854776859283447,0.1594879925251007,0.21935909986495972,0.09160522371530533,0.03409235551953316,
1976,58,Clap Jacks,550,527,1.825779914855957,1.3803319931030273,1.9118530750274658,0.1519378423690796,0.19201545417308807,0.09772875159978867,0.03239380195736885,
1977,59,Run In Place With Arm Swing,550,451,0.8727500438690186,0.7940300107002258,1.7032723426818848,0.09283915162086487,0.10129839181900024,0.08352036029100418,0.005571119487285614,
1978,59,Run In Place With Arm Swing,550,440,0.9142500162124634,0.8601440191268921,1.7369987964630127,0.08835603296756744,0.09579431265592575,0.07773295789957047,0.0068045733496546745,
1979,59,Run In Place With Arm Swing,550,464,0.8989700078964233,0.9049350023269653,1.6885368824005127,0.08742302656173706,0.09732162952423096,0.07977229356765747,0.006451306864619255,
1980,0,Svend Press,550,550,1.2797000408172607,0.9922380447387695,1.6424708366394043,0.11798066645860672,0.14533162117004395,0.07706284523010254,0.020435869693756104,
1981,0,Svend Press,550,550,1.2690999507904053,0.9963909387588501,1.6527953147888184,0.11986200511455536,0.15049713850021362,0.08054956793785095,0.021227814257144928,
1982,0,Svend Press,550,550,1.2086199522018433,0.9911310076713562,1.6318063735961914,0.11860504001379013,0.14722828567028046,0.07992756366729736,0.021304018795490265,
1983,1,Kneeling Push-ups,550,550,1.180769920349121,1.600208044052124,1.6344969272613525,0.34165772795677185,0.44139984250068665,0.08832390606403351,0.04386487975716591,
1984,1,Kneeling Push-ups,550,550,1.0435500144958496,1.6241350173950195,1.6402747631072998,0.31860506534576416,0.4158521890640259,0.08224260061979294,0.045678120106458664,
1985,1,Kneeling Push-ups,550,550,1.0062799453735352,1.6312299966812134,1.6319212913513184,0.3436899185180664,0.4374813735485077,0.0920172855257988,0.05206523835659027,
1986,2,Standing Straight-arm Chest Press With Resistance Band,550,550,1.692229986190796,0.9951390027999878,1.6607764959335327,0.1567395180463791,0.18910227715969086,0.09430015087127686,0.01928095705807209,
1987,2,Standing Straight-arm Chest Press With Resistance Band,550,550,1.683019995689392,0.9318159818649292,1.608959436416626,0.1574615240097046,0.18366415798664093,0.11387216299772263,0.01798904500901699,
1988,2,Standing Straight-arm Chest Press With Resistance Band,550,550,1.6862399578094482,0.8650679588317871,1.6055392026901245,0.15643246471881866,0.18237552046775818,0.119328573346138,0.017584683373570442,
1989,3,Small Dumbbell Floor Flies,550,550,1.7353399991989136,1.9840319156646729,1.711151123046875,0.19815540313720703,0.3323880136013031,0.09183569252490997,0.0637703388929367,
1990,3,Small Dumbbell Floor Flies,550,550,1.7204699516296387,1.8212350606918335,1.7207896709442139,0.20772401988506317,0.293611079454422,0.09069769084453583,0.06109181046485901,
1991,3,Small Dumbbell Floor Flies,550,550,1.733389973640442,1.9166890382766724,1.7330222129821777,0.2080826312303543,0.3334909677505493,0.09431560337543488,0.06526581197977066,
1992,4,Chest Fly,550,550,1.0720100402832031,1.0000180006027222,2.0810976028442383,0.14684416353702545,0.16126595437526703,0.10210709273815155,0.02938051149249077,
1993,4,Chest Fly,550,550,1.0648400783538818,0.9972530007362366,2.104175090789795,0.14400579035282135,0.16757945716381073,0.10007960349321365,0.02795025147497654,
1994,4,Chest Fly,550,550,1.166140079498291,1.059594988822937,2.0777029991149902,0.14520934224128723,0.16786842048168182,0.09091362357139587,0.02869696356356144,
1995,5,Push-ups,550,443,1.2445100545883179,1.606335997581482,1.742341160774231,0.2785674035549164,0.4017057418823242,0.0915457233786583,0.07497208565473557,
1996,5,Push-ups,550,471,1.198889970779419,1.5947880744934082,1.7558331489562988,0.24883213639259338,0.3539075255393982,0.08662386238574982,0.07061310112476349,
1997,5,Push-ups,550,499,1.1499099731445312,1.6328599452972412,1.7255265712738037,0.2674548625946045,0.3697018325328827,0.08830412477254868,0.0613899789750576,
1998,6,Bent-over W-shape Stretch,550,550,1.470139980316162,0.6013150215148926,1.619875192642212,0.10604071617126465,0.13709285855293274,0.07279011607170105,0.011431843042373657,
1999,6,Bent-over W-shape Stretch,550,550,1.4561799764633179,0.5287370085716248,1.6273643970489502,0.10427950322628021,0.13739466667175293,0.0730363056063652,0.01222448330372572,
2000,6,Bent-over W-shape Stretch,550,550,1.4163100719451904,0.5797510147094727,1.6286513805389404,0.10536841303110123,0.1372685581445694,0.07650294154882431,0.011507125571370125,
2001,7,Bent-over Y-shape Stretch,550,550,1.1997599601745605,1.0879709720611572,1.820074200630188,0.12283860892057419,0.17194172739982605,0.0795617327094078,0.025907929986715317,
2002,7,Bent-over Y-shape Stretch,550,550,1.0569400787353516,1.0416369438171387,1.85719633102417,0.11831731349229813,0.16580916941165924,0.08004584163427353,0.026559950783848763,
2003,7,Bent-over Y-shape Stretch,550,550,1.116320013999939,1.0262190103530884,1.8112164735794067,0.11922641843557358,0.17192773520946503,0.07962258905172348,0.025600427761673927,
2004,8,Bent-over A-shape Stretch,550,550,1.1211700439453125,1.0307220220565796,1.6209831237792969,0.09064116328954697,0.10841106623411179,0.0806175172328949,0.013086662627756596,
2005,8,Bent-over A-shape Stretch,550,550,0.8910800218582153,1.030663013458252,1.6186470985412598,0.08780717849731445,0.0970410630106926,0.07834283262491226,0.013074596412479877,
2006,8,Bent-over A-shape Stretch,550,550,0.8924400210380554,1.012910008430481,1.625333309173584,0.08908938616514206,0.09907948970794678,0.08089566975831985,0.011257633566856384,
2007,9,Squat With Arm Lift,550,550,1.5972800254821777,0.6900730133056641,1.6763204336166382,0.14455285668373108,0.16778308153152466,0.09333872050046921,0.041852373629808426,
2008,9,Squat With Arm Lift,550,550,1.5244300365447998,0.6696600317955017,1.6947660446166992,0.14329098165035248,0.16295455396175385,0.10338251292705536,0.04493698477745056,
2009,9,Squat With Arm Lift,550,550,1.505429983139038,0.7209789752960205,1.6802663803100586,0.1428280472755432,0.16281960904598236,0.09405580163002014,0.0455053336918354,
2010,10,Breaststroke Arm Pull,550,550,1.7095799446105957,2.3017609119415283,1.7052490711212158,0.4249928891658783,0.6415451765060425,0.09373768419027328,0.07531867921352386,
2011,10,Breaststroke Arm Pull,550,550,1.708630084991455,2.3140530586242676,1.7122464179992676,0.4754592180252075,0.6973468065261841,0.093660868704319,0.07688572257757187,
2012,10,Breaststroke Arm Pull,550,550,1.7172000408172607,2.3043789863586426,1.6574766635894775,0.48163607716560364,0.7010329365730286,0.10230856388807297,0.0793585330247879,
2013,11,Prone Y-shape Stretch,550,550,1.18818998336792,2.310075044631958,1.6844233274459839,0.4833008944988251,0.6056099534034729,0.09024154394865036,0.06454446166753769,
2014,11,Prone Y-shape Stretch,550,550,1.2517800331115723,2.2719669342041016,1.681268334388733,0.4977583885192871,0.6262850165367126,0.10255292803049088,0.0731210932135582,
2015,11,Prone Y-shape Stretch,550,550,1.1050300598144531,2.313735008239746,1.7294248342514038,0.4020375609397888,0.6371098756790161,0.08370454609394073,0.11877520382404327,
2016,12,Lateral Raise Forward Circles,550,550,1.7097599506378174,0.7147300243377686,1.9064594507217407,0.1795312464237213,0.21706418693065643,0.10229874402284622,0.009875115938484669,
2017,12,Lateral Raise Forward Circles,550,468,1.7200400829315186,0.9127470254898071,1.9094533920288086,0.1602015644311905,0.21777285635471344,0.0853709802031517,0.01614621840417385,
2018,12,Lateral Raise Forward Circles,550,510,1.7239699363708496,0.8888019919395447,1.9168670177459717,0.15782096982002258,0.21912412345409393,0.08409532904624939,0.018284717574715614,
2019,13,Lateral Raise Backward Circles,550,425,1.70756995677948,0.7873129844665527,1.9371747970581055,0.17202459275722504,0.2227437049150467,0.09506864845752716,0.013963505625724792,
2020,13,Lateral Raise Backward Circles,550,458,1.729949951171875,0.6634190082550049,2.019430160522461,0.17851974070072174,0.22693537175655365,0.09821289032697678,0.015180735848844051,
2021,13,Lateral Raise Backward Circles,550,432,1.7394099235534668,0.7922049760818481,2.0232067108154297,0.17477627098560333,0.22950515151023865,0.09431450814008713,0.01725723035633564,
2022,14,Lying Shoulder Joint Upward Round,550,550,1.737280011177063,2.3229219913482666,1.7015074491500854,0.22654904425144196,0.31109991669654846,0.09071395546197891,0.07681398838758469,
2023,14,Lying Shoulder Joint Upward Round,550,550,1.7372499704360962,2.2588579654693604,1.7395294904708862,0.2186013162136078,0.28908970952033997,0.10229844599962234,0.07993695884943008,
2024,14,Lying Shoulder Joint Upward Round,550,550,1.7379800081253052,2.2899889945983887,1.7601951360702515,0.24035394191741943,0.3331897258758545,0.09101488441228867,0.08052940666675568,
2025,15,Lying Shoulder Joint Downward Round,550,550,1.7261899709701538,2.3422889709472656,1.7110618352890015,0.23054912686347961,0.3126836121082306,0.09409815818071365,0.07881134003400803,
2026,15,Lying Shoulder Joint Downward Round,550,550,1.736840009689331,2.479604959487915,1.7529191970825195,0.2428705394268036,0.36957043409347534,0.09485295414924622,0.08379413932561874,
2027,15,Lying Shoulder Joint Downward Round,550,550,1.7473900318145752,2.320312023162842,1.7418427467346191,0.24292539060115814,0.36024636030197144,0.09027878195047379,0.08154141157865524,
2028,16,Bare-handed Full Lateral Raise,550,550,1.746999979019165,0.45294201374053955,2.1999106407165527,0.175572007894516,0.24063801765441895,0.08432754129171371,0.03652211278676987,
2029,16,Bare-handed Full Lateral Raise,550,550,1.7582800388336182,0.3527100086212158,2.2203712463378906,0.1680394560098648,0.23830416798591614,0.08234206587076187,0.03640655428171158,
2030,16,Bare-handed Full Lateral Raise,550,550,1.7491300106048584,0.3173760175704956,2.2060844898223877,0.1627398133277893,0.2331351488828659,0.08285754173994064,0.03520823270082474,
2031,17,Bare-handed Cuban Press,550,550,1.3126800060272217,0.5366619825363159,2.2100698947906494,0.1578785628080368,0.23934206366539001,0.08172804862260818,0.027528075501322746,
2032,17,Bare-handed Cuban Press,550,550,1.165369987487793,0.5524539947509766,2.1899337768554688,0.14987388253211975,0.23079825937747955,0.08227936178445816,0.026501130312681198,
2033,17,Bare-handed Cuban Press,550,550,1.3304799795150757,0.5793769955635071,2.199315071105957,0.15507501363754272,0.23169444501399994,0.08166535198688507,0.026550594717264175,
2034,18,Fortune Cat,550,550,1.5696699619293213,0.6018890142440796,1.8804693222045898,0.15302737057209015,0.18597938120365143,0.10776574164628983,0.008924045599997044,
2035,18,Fortune Cat,550,550,1.4308500289916992,0.5848820209503174,1.8906373977661133,0.15470671653747559,0.1878294050693512,0.10663538426160812,0.009137877263128757,
2036,18,Fortune Cat,550,550,1.4207700490951538,0.5840799808502197,1.9032402038574219,0.15394936501979828,0.18684983253479004,0.11597663909196854,0.009898814372718334,
2037,19,Dumbbell Curls,550,550,1.3103699684143066,0.7888720035552979,1.6257638931274414,0.10715573281049728,0.18238088488578796,0.08707863092422485,0.020011872053146362,
2038,19,Dumbbell Curls,550,550,1.2193400859832764,0.7218090295791626,1.625063419342041,0.10574401170015335,0.16890664398670197,0.07914070785045624,0.01977221667766571,
2039,19,Dumbbell Curls,550,550,1.286639928817749,0.8105370402336121,1.6194056272506714,0.10604748874902725,0.1860903948545456,0.08129598945379257,0.0203489288687706,
2040,20,Alternate Dumbbell Curls,550,550,1.277400016784668,1.0313830375671387,1.6505028009414673,0.1056901216506958,0.2698412537574768,0.08535538613796234,0.022628096863627434,
2041,20,Alternate Dumbbell Curls,550,550,1.1041500568389893,0.8906369805335999,1.6587984561920166,0.09914302825927734,0.17775392532348633,0.07966994494199753,0.017459826543927193,
2042,20,Alternate Dumbbell Curls,550,550,0.9583100080490112,0.8630880117416382,1.623445749282837,0.09906330704689026,0.17140358686447144,0.07939384132623672,0.01799912564456463,
2043,21,Right-side Kettlebell Bent-over Row,550,542,1.0776500701904297,1.148048996925354,1.6909286975860596,0.11437129229307175,0.17266018688678741,0.0841764360666275,0.018335293978452682,
2044,21,Right-side Kettlebell Bent-over Row,550,537,1.0252699851989746,1.275907039642334,1.6949524879455566,0.11319853365421295,0.16093572974205017,0.08814843744039536,0.017382388934493065,
2045,21,Right-side Kettlebell Bent-over Row,550,519,1.1553599834442139,1.3404760360717773,1.6410267353057861,0.1062590703368187,0.14846885204315186,0.08797663450241089,0.01680569350719452,
2046,22,Wrist Joint Warm-up,550,407,1.0948200225830078,0.4065229892730713,1.610262155532837,0.10518140345811844,0.11159443110227585,0.08284453302621841,0.00896251667290926,
2047,22,Wrist Joint Warm-up,550,406,1.0739400386810303,0.45004498958587646,1.5939573049545288,0.10542774945497513,0.11425191164016724,0.08336907625198364,0.008541325107216835,
2048,22,Wrist Joint Warm-up,550,411,1.1666799783706665,0.4529680013656616,1.599406123161316,0.1063046082854271,0.11228642612695694,0.08806053549051285,0.008295057341456413,
2049,23,Right-side Bent-over Tricep Extension With Resistance Band,550,550,1.4327900409698486,0.8728440403938293,1.6021380424499512,0.08472546935081482,0.13185325264930725,0.06807878613471985,0.009978123940527439,
2050,23,Right-side Bent-over Tricep Extension With Resistance Band,550,542,1.1919599771499634,0.9041440486907959,1.6192584037780762,0.08581770211458206,0.11362481117248535,0.0702885091304779,0.009510909207165241,
2051,23,Right-side Bent-over Tricep Extension With Resistance Band,550,483,1.2485599517822266,0.810699999332428,1.6201512813568115,0.08422376960515976,0.11631634831428528,0.06976897269487381,0.008564507588744164,
2052,24,Bent-over Dumbbell Tricep Extension,550,550,1.1998200416564941,1.064113974571228,1.627974033355713,0.08900044858455658,0.1938038021326065,0.07479554414749146,0.01633734628558159,
2053,24,Bent-over Dumbbell Tricep Extension,550,550,0.8636399507522583,1.0474560260772705,1.6276164054870605,0.09141003340482712,0.16855759918689728,0.07587140053510666,0.01855255663394928,
2054,24,Bent-over Dumbbell Tricep Extension,550,550,0.883870005607605,1.020906925201416,1.6402500867843628,0.09475011378526688,0.17392069101333618,0.07684621959924698,0.020732246339321136,
2055,25,Nod And Raise Head,550,550,1.1582399606704712,0.37424999475479126,1.7572290897369385,0.10967858135700226,0.12844862043857574,0.09632742404937744,0.010465619154274464,
2056,25,Nod And Raise Head,550,550,1.1535300016403198,0.3937389850616455,1.766129493713379,0.11267458647489548,0.11788716912269592,0.10662418603897095,0.0038459671195596457,
2057,25,Nod And Raise Head,550,550,1.2025299072265625,0.48596101999282837,1.758288860321045,0.11357096582651138,0.11654014885425568,0.10503092408180237,0.00406269496306777,
2058,26,Two-way Head Turn,550,550,1.2202000617980957,0.314642995595932,1.6085896492004395,0.08821797370910645,0.11262359470129013,0.08433276414871216,0.0012405177112668753,
2059,26,Two-way Head Turn,550,550,1.2707200050354004,0.2995299994945526,1.6034653186798096,0.0875302255153656,0.11818462610244751,0.08361061662435532,0.0014280803734436631,
2060,26,Two-way Head Turn,550,550,1.2880799770355225,0.3116070032119751,1.6014775037765503,0.08732423931360245,0.119510717689991,0.08386572450399399,0.001242372440174222,
2061,27,Shrug And Sink The Shoulders,550,550,1.3155100345611572,0.35457101464271545,1.618337631225586,0.08694593608379364,0.12142492830753326,0.08316683769226074,0.0013227681629359722,
2062,27,Shrug And Sink The Shoulders,550,530,1.2638700008392334,0.36593300104141235,1.6121158599853516,0.08963565528392792,0.11713216453790665,0.08302340656518936,0.0023417859338223934,
2063,27,Shrug And Sink The Shoulders,550,474,1.2621099948883057,0.2964610159397125,1.6145415306091309,0.08998087793588638,0.11831844598054886,0.08326008170843124,0.002253578044474125,
2064,28,Four-way Nod Head,550,550,1.20986008644104,0.28428900241851807,1.6085200309753418,0.1095578670501709,0.11299584805965424,0.10582183301448822,0.00021278085478115827,
2065,28,Four-way Nod Head,550,550,1.0365999937057495,0.28473401069641113,1.6011351346969604,0.09969045966863632,0.10304705053567886,0.09724707156419754,0.000180911403731443,
2066,28,Four-way Nod Head,550,550,1.2582499980926514,0.29519301652908325,1.6019151210784912,0.09099165350198746,0.11665590852499008,0.08484159409999847,0.000765311939176172,
2067,29,Lying Alternate Upper-half Leg Raise,550,550,1.285170078277588,1.806344985961914,1.750291347503662,0.2206524908542633,0.3694392740726471,0.0881950706243515,0.06979484111070633,
2068,29,Lying Alternate Upper-half Leg Raise,550,550,1.1720999479293823,1.928713083267212,1.6986920833587646,0.1946159154176712,0.3692511022090912,0.08866100013256073,0.0916425883769989,
2069,29,Lying Alternate Upper-half Leg Raise,550,550,1.1937201023101807,1.7265369892120361,1.7183592319488525,0.20669516921043396,0.36075618863105774,0.08756275475025177,0.08529458194971085,
2070,30,Half Roll Back,550,550,1.018380045890808,1.4731990098953247,1.7113687992095947,0.17625044286251068,0.27181655168533325,0.08634313941001892,0.03351469710469246,
2071,30,Half Roll Back,550,550,1.1991299390792847,1.4691450595855713,1.7385773658752441,0.1953197717666626,0.2862807512283325,0.08967883139848709,0.039822690188884735,
2072,30,Half Roll Back,550,550,0.9806100130081177,1.4157590866088867,1.755410075187683,0.21375969052314758,0.2827719748020172,0.09125491231679916,0.04261098429560661,
2073,31,Kneeling Right-side Torso Twist,550,550,1.1092100143432617,1.341040015220642,1.6478652954101562,0.18150043487548828,0.24468155205249786,0.08081284910440445,0.029763154685497284,
2074,31,Kneeling Right-side Torso Twist,550,550,0.9811199903488159,1.2872459888458252,1.649765968322754,0.17355568706989288,0.22482460737228394,0.08247102051973343,0.02701359987258911,
2075,31,Kneeling Right-side Torso Twist,550,550,0.8087700009346008,1.2581140995025635,1.651198148727417,0.1676926463842392,0.21330693364143372,0.0826883390545845,0.024163855239748955,
2076,32,Left-side Knee Raise And Abdominal Muscles Contract,550,492,1.3176499605178833,0.721161961555481,2.187375783920288,0.12261233478784561,0.16500943899154663,0.08575226366519928,0.020969050005078316,
2077,32,Left-side Knee Raise And Abdominal Muscles Contract,550,446,1.2810699939727783,0.78171706199646,2.2073733806610107,0.11776610463857651,0.15730606019496918,0.08320271968841553,0.02047218568623066,
2078,32,Left-side Knee Raise And Abdominal Muscles Contract,550,442,1.214750051498413,0.8352839946746826,2.178213596343994,0.12020695954561234,0.1602582037448883,0.0825820118188858,0.020875273272395134,
2079,33,Kneeling Right Leg Backward Stretch,550,550,1.1375999450683594,1.5704290866851807,1.687016487121582,0.22251054644584656,0.2487480640411377,0.08901342749595642,0.033427704125642776,
2080,33,Kneeling Right Leg Backward Stretch,550,550,1.0658800601959229,1.6294019222259521,1.7159863710403442,0.24242059886455536,0.26560279726982117,0.09371651709079742,0.027553202584385872,
2081,33,Kneeling Right Leg Backward Stretch,550,550,1.0534400939941406,1.6019749641418457,1.7539174556732178,0.22469037771224976,0.25138628482818604,0.08973496407270432,0.03212663158774376,
2082,34,Kneeling Right Arm Raise,550,550,1.1909699440002441,1.8085300922393799,1.6759454011917114,0.2256607711315155,0.263107031583786,0.09144598990678787,0.03291298449039459,
2083,34,Kneeling Right Arm Raise,550,550,1.0616799592971802,1.7807559967041016,1.6625218391418457,0.2028709352016449,0.2376498430967331,0.07942340523004532,0.03606819733977318,
2084,34,Kneeling Right Arm Raise,550,550,1.1220300197601318,1.7743359804153442,1.657267689704895,0.21917733550071716,0.26070109009742737,0.08888155221939087,0.03612688556313515,
2085,35,Shoulder Bridge,550,550,1.1320099830627441,1.8951671123504639,1.7411103248596191,0.22816485166549683,0.3460024893283844,0.08769521862268448,0.0663897693157196,
2086,35,Shoulder Bridge,550,550,1.3120100498199463,1.8249620199203491,1.714487910270691,0.20500534772872925,0.3125157356262207,0.08916814625263214,0.07660622894763947,
2087,35,Shoulder Bridge,550,550,1.0746099948883057,1.910634994506836,1.7215455770492554,0.20131637156009674,0.3322085440158844,0.09192907810211182,0.0699305534362793,
2088,36,Prone Press-ups,550,550,1.0991599559783936,2.109380006790161,1.7069953680038452,0.2985250651836395,0.4496823251247406,0.07815268635749817,0.053624242544174194,
2089,36,Prone Press-ups,550,550,1.093209981918335,2.1951069831848145,1.6830241680145264,0.3016575574874878,0.445406436920166,0.0845537930727005,0.07328671216964722,
2090,36,Prone Press-ups,550,550,1.0074599981307983,2.21002197265625,1.6793360710144043,0.29006513953208923,0.4203546345233917,0.08269849419593811,0.08570492267608643,
2091,37,Bent-over Torso Rotation,550,550,1.2383300065994263,0.7568809986114502,1.6141135692596436,0.07935365289449692,0.11516139656305313,0.07379771769046783,0.005622181110084057,
2092,37,Bent-over Torso Rotation,550,550,1.0991899967193604,0.7320169806480408,1.618615984916687,0.07861580699682236,0.10526733100414276,0.07015066593885422,0.00455564446747303,
2093,37,Bent-over Torso Rotation,550,550,1.0086500644683838,0.7466540336608887,1.622355341911316,0.08290593326091766,0.10264535993337631,0.0762084499001503,0.004718967247754335,
2094,38,Lying Arm Pull,550,550,1.429029941558838,2.2750470638275146,1.7212393283843994,0.22223006188869476,0.27060630917549133,0.09266180545091629,0.0827161967754364,
2095,38,Lying Arm Pull,550,550,1.1420700550079346,2.3493728637695312,1.7134369611740112,0.23732660710811615,0.3047054409980774,0.09117760509252548,0.07753569632768631,
2096,38,Lying Arm Pull,550,550,1.1036100387573242,2.3669638633728027,1.7387139797210693,0.23772504925727844,0.3145431876182556,0.09123795479536057,0.08080276101827621,
2097,39,Prone Press Up With Torso Rotation,550,550,1.1613199710845947,1.8993589878082275,1.731522798538208,0.41304466128349304,0.5559036135673523,0.08804970234632492,0.07841417193412781,
2098,39,Prone Press Up With Torso Rotation,550,550,1.201449990272522,1.914139986038208,1.6865622997283936,0.34393250942230225,0.43857285380363464,0.08759234845638275,0.05487692356109619,
2099,39,Prone Press Up With Torso Rotation,550,550,1.0258300304412842,1.89267897605896,1.7079792022705078,0.3954046368598938,0.5034606456756592,0.09093372523784637,0.05313709005713463,
2100,40,Breaststroke Push-ups,550,550,1.230910062789917,2.3172788619995117,1.6528478860855103,0.5038520097732544,0.7054643034934998,0.09999345242977142,0.07963822036981583,
2101,40,Breaststroke Push-ups,550,550,1.0822299718856812,2.322489023208618,1.705681562423706,0.4650539755821228,0.6359727382659912,0.09286579489707947,0.06902763247489929,
2102,40,Breaststroke Push-ups,550,550,1.1722500324249268,2.3124840259552,1.7360388040542603,0.4526655673980713,0.6365671753883362,0.09397964179515839,0.07838285714387894,
2103,41,Sit-ups,550,550,1.084089994430542,2.3702521324157715,1.7327501773834229,0.1988920271396637,0.289930522441864,0.08765269070863724,0.08113470673561096,
2104,41,Sit-ups,550,550,1.09538996219635,2.354562997817993,1.7421473264694214,0.23960743844509125,0.3827632963657379,0.09184620529413223,0.09025848656892776,
2105,41,Sit-ups,550,550,1.077340006828308,2.3382089138031006,1.7601745128631592,0.21221978962421417,0.320334792137146,0.08620182424783707,0.08662337064743042,
2106,42,Side-lying Left Leg Forward Raise,550,550,1.2492499351501465,1.9879939556121826,1.752178430557251,0.2533136010169983,0.3351501524448395,0.10013340413570404,0.07643511146306992,
2107,42,Side-lying Left Leg Forward Raise,550,550,1.139680027961731,1.945971965789795,1.7872068881988525,0.2823241055011749,0.36179253458976746,0.099310964345932,0.05609862133860588,
2108,42,Side-lying Left Leg Forward Raise,550,550,1.0809999704360962,1.9777660369873047,1.8120906352996826,0.2627200186252594,0.3380442261695862,0.09483971446752548,0.05651111528277397,
2109,43,Right Leg Reverse Lunge,550,550,1.1810400485992432,1.2648550271987915,1.712812066078186,0.0874561071395874,0.1090022549033165,0.0750105232000351,0.018303854390978813,
2110,43,Right Leg Reverse Lunge,550,550,1.0724899768829346,1.1432960033416748,1.74932861328125,0.08678469061851501,0.10418291389942169,0.07515852153301239,0.020095063373446465,
2111,43,Right Leg Reverse Lunge,550,550,1.1734000444412231,1.2379390001296997,1.7010321617126465,0.0856175348162651,0.11104074120521545,0.07276706397533417,0.019812127575278282,
2112,44,Kneeling Left Knee Lift,550,550,1.2707600593566895,1.6605250835418701,1.6392738819122314,0.28154686093330383,0.3151979446411133,0.09199198335409164,0.03458084166049957,
2113,44,Kneeling Left Knee Lift,550,550,1.1136200428009033,1.4358060359954834,1.659749984741211,0.24342235922813416,0.27409401535987854,0.08970184624195099,0.032252237200737,
2114,44,Kneeling Left Knee Lift,550,550,1.069309949874878,1.4145739078521729,1.6522679328918457,0.25368937849998474,0.2921052575111389,0.08750703930854797,0.036391690373420715,
2115,45,Alternate Reverse Lunge,550,550,1.1658799648284912,1.2436679601669312,1.6914887428283691,0.08848948776721954,0.1113988608121872,0.07286061346530914,0.021556079387664795,
2116,45,Alternate Reverse Lunge,550,550,1.0642900466918945,1.2306039333343506,1.6816308498382568,0.09014616161584854,0.10543663799762726,0.07764437049627304,0.021955344825983047,
2117,45,Alternate Reverse Lunge,550,550,1.1948399543762207,1.1974890232086182,1.6730159521102905,0.0852312296628952,0.11569181829690933,0.0780714899301529,0.021054770797491074,
2118,46,Side-lying Right Leg Backward Kick,550,550,1.4277100563049316,1.9684489965438843,1.7516841888427734,0.20545756816864014,0.24753783643245697,0.09155387431383133,0.05548757687211037,
2119,46,Side-lying Right Leg Backward Kick,550,550,1.2504600286483765,2.0391180515289307,1.7749829292297363,0.20786455273628235,0.30360615253448486,0.09863749891519547,0.07102186977863312,
2120,46,Side-lying Right Leg Backward Kick,550,550,1.3113800287246704,1.8667370080947876,1.7738194465637207,0.1847187727689743,0.27157604694366455,0.09164697676897049,0.07114880532026291,
2121,47,Left Leg Lunge With Knee Lift,550,550,1.2143800258636475,1.3625249862670898,1.697196364402771,0.08515394479036331,0.11472932249307632,0.06957100331783295,0.013642774894833565,
2122,47,Left Leg Lunge With Knee Lift,550,550,1.2620500326156616,1.3291770219802856,1.7009966373443604,0.09554953873157501,0.11246396601200104,0.07816344499588013,0.013757170177996159,
2123,47,Left Leg Lunge With Knee Lift,550,550,1.3061000108718872,1.3846739530563354,1.71406090259552,0.08604075014591217,0.1206330731511116,0.0689377412199974,0.015350764617323875,
2124,48,Sumo Squat,550,550,1.150089979171753,0.5522029995918274,1.6676106452941895,0.09513106197118759,0.1111428439617157,0.08021717518568039,0.01568552292883396,
2125,48,Sumo Squat,550,550,1.0658900737762451,0.5947329998016357,1.6775572299957275,0.10135063529014587,0.11385205388069153,0.08867935836315155,0.01492591667920351,
2126,48,Sumo Squat,550,550,1.1017600297927856,0.6332869529724121,1.6625423431396484,0.1047738790512085,0.11832942813634872,0.09103196114301682,0.013537788763642311,
2127,49,Straight Leg Calf Raise,550,495,1.3213200569152832,0.40637701749801636,1.695521354675293,0.09340382367372513,0.1153959259390831,0.08529183268547058,0.0038761417381465435,
2128,49,Straight Leg Calf Raise,550,413,1.273590087890625,0.46738797426223755,1.6952362060546875,0.09441445767879486,0.11216007173061371,0.0855938196182251,0.004019171465188265,
2129,49,Straight Leg Calf Raise,550,395,1.271939992904663,0.4048730134963989,1.6971533298492432,0.09407621622085571,0.11064109951257706,0.08667658269405365,0.003763914806768298,
2130,50,Squat Jump,550,505,1.4131300449371338,1.4223610162734985,1.8721576929092407,0.11431571841239929,0.13865327835083008,0.08832608908414841,0.03119807504117489,
2131,50,Squat Jump,550,487,1.3628300428390503,1.3105659484863281,1.8810944557189941,0.11770830303430557,0.14395751059055328,0.0899820476770401,0.031011778861284256,
2132,50,Squat Jump,550,478,1.2663999795913696,1.3955059051513672,1.8335177898406982,0.12370789051055908,0.16625836491584778,0.08763527870178223,0.030332602560520172,
2133,51,Squat With Alternate Knee Lift,550,550,1.22038996219635,0.8572660088539124,1.6554577350616455,0.09984803199768066,0.12954913079738617,0.0744873434305191,0.020179862156510353,
2134,51,Squat With Alternate Knee Lift,550,550,1.1164100170135498,0.8236910104751587,1.6534430980682373,0.09266611933708191,0.11403968930244446,0.07547544687986374,0.018822088837623596,
2135,51,Squat With Alternate Knee Lift,550,550,1.1300100088119507,0.823947012424469,1.6655075550079346,0.0952117070555687,0.12351460754871368,0.06984834372997284,0.017630809918045998,
2136,52,Standing Alternate Butt Kick,550,550,1.2098000049591064,0.7282310128211975,1.6321349143981934,0.09271405637264252,0.11322156339883804,0.06805285811424255,0.007654585875570774,
2137,52,Standing Alternate Butt Kick,550,550,1.0839900970458984,0.723691999912262,1.6229459047317505,0.08610539138317108,0.10464870184659958,0.06864537298679352,0.0067694042809307575,
2138,52,Standing Alternate Butt Kick,550,550,1.1104099750518799,0.7596700191497803,1.6242685317993164,0.08598744869232178,0.10339166969060898,0.06894096732139587,0.006401717197149992,
2139,53,Knee Warm-up,550,550,1.2768900394439697,0.6746549606323242,1.6286988258361816,0.07641573250293732,0.11824296414852142,0.06539533287286758,0.007388319820165634,
2140,53,Knee Warm-up,550,550,1.3001899719238281,0.6452889442443848,1.6581614017486572,0.07947911322116852,0.1200862005352974,0.06491349637508392,0.01018514484167099,
2141,53,Knee Warm-up,550,550,1.2797200679779053,0.61490398645401,1.6561182737350464,0.08505899459123611,0.11845070868730545,0.06888575106859207,0.011019640602171421,
2142,54,Butt Kicks,550,408,1.2483700513839722,1.0159169435501099,1.7256081104278564,0.09154845029115677,0.1235477477312088,0.059317588806152344,0.01617915742099285,
2143,54,Butt Kicks,550,450,1.1541500091552734,1.126803994178772,1.7457480430603027,0.10093675553798676,0.13817289471626282,0.060425255447626114,0.021965038031339645,
2144,54,Butt Kicks,550,492,1.232159972190857,1.4105250835418701,1.7474298477172852,0.1319403201341629,0.2298208624124527,0.0628143921494484,0.035959839820861816,
2145,55,Jump Left and Right,550,492,1.3121399879455566,0.7434380054473877,1.7873649597167969,0.10702298581600189,0.137968510389328,0.08244507759809494,0.013483338057994843,
2146,55,Jump Left and Right,550,522,1.4419900178909302,0.6425759792327881,1.7729125022888184,0.09887086600065231,0.12638826668262482,0.07996068149805069,0.011557036079466343,
2147,55,Jump Left and Right,550,504,1.2497000694274902,0.6277480125427246,1.769601583480835,0.09520290046930313,0.1117788702249527,0.07961859554052353,0.010097842663526535,
2148,56,Jumping Jacks,550,442,1.6427700519561768,0.6246340274810791,2.2083301544189453,0.15018051862716675,0.23277397453784943,0.07530231773853302,0.03011544607579708,
2149,56,Jumping Jacks,550,450,1.712499976158142,0.6935480237007141,2.215749502182007,0.14175157248973846,0.22782555222511292,0.07715673744678497,0.02768602780997753,
2150,56,Jumping Jacks,550,461,1.6183500289916992,0.656406044960022,2.1753921508789062,0.14725251495838165,0.23353052139282227,0.07552491873502731,0.027264798060059547,
2151,57,High Knee,550,497,1.1402299404144287,1.1264300346374512,1.7616214752197266,0.10283824801445007,0.1296384632587433,0.07831623405218124,0.022610491141676903,
2152,57,High Knee,550,481,1.3775500059127808,1.229315996170044,1.7662677764892578,0.09623505175113678,0.1412118375301361,0.07231922447681427,0.02162700891494751,
2153,57,High Knee,550,522,1.3376100063323975,1.1562130451202393,1.7606985569000244,0.09419016540050507,0.12179934233427048,0.07848159223794937,0.013863028027117252,
2154,58,Clap Jacks,550,398,1.8374099731445312,1.1823670864105225,1.7990241050720215,0.1392030268907547,0.18094992637634277,0.08010651916265488,0.029658902436494827,
2155,58,Clap Jacks,550,387,1.7583000659942627,1.30617094039917,1.7967193126678467,0.14214715361595154,0.18111112713813782,0.08200927078723907,0.031574513763189316,
2156,58,Clap Jacks,550,389,1.802459955215454,1.2663120031356812,1.7956018447875977,0.1492050290107727,0.1946527361869812,0.08250480145215988,0.029143864288926125,
2157,59,Run In Place With Arm Swing,550,453,1.2864199876785278,0.8771840333938599,1.685650110244751,0.09475534409284592,0.1138349249958992,0.07862639427185059,0.007888197898864746,
2158,59,Run In Place With Arm Swing,550,425,1.3109099864959717,0.7354379892349243,1.6625301837921143,0.09321814775466919,0.11528807133436203,0.0817328616976738,0.005455392878502607,
2159,59,Run In Place With Arm Swing,550,412,1.3229600191116333,0.6916769742965698,1.6672961711883545,0.09156925976276398,0.1149686798453331,0.0807071104645729,0.005428933538496494,
