idx,frame_dir,model_id,person_id,action_id,repeat_id,label,total_frames,action_name,split,original_idx,augmentation_type
7200,M001P002A001R001_AUG000,1,2,10000,1,0,300,Svend Press (aug 0),train,0,aug_0
7201,M001P002A001R001_AUG001,1,2,10001,1,0,300,Svend Press (aug 1),train,0,aug_1
7202,M001P002A001R002_AUG000,1,2,10002,2,0,300,Svend Press (aug 0),train,1,aug_0
7203,M001P002A001R002_AUG001,1,2,10003,2,0,300,Svend Press (aug 1),train,1,aug_1
7204,M001P002A001R003_AUG000,1,2,10004,3,0,300,Svend Press (aug 0),train,2,aug_0
7205,M001P002A001R003_AUG001,1,2,10005,3,0,300,Svend Press (aug 1),train,2,aug_1
7206,M001P002A002R001_AUG000,1,2,10006,1,1,300,Kneeling Push-ups (aug 0),train,3,aug_0
7207,M001P002A002R001_AUG001,1,2,10007,1,1,300,Kneeling Push-ups (aug 1),train,3,aug_1
7208,M001P002A002R002_AUG000,1,2,10008,2,1,300,Kneeling Push-ups (aug 0),train,4,aug_0
7209,M001P002A002R002_AUG001,1,2,10009,2,1,300,Kneeling Push-ups (aug 1),train,4,aug_1
7210,M001P002A002R003_AUG000,1,2,10010,3,1,300,Kneeling Push-ups (aug 0),train,5,aug_0
7211,M001P002A002R003_AUG001,1,2,10011,3,1,300,Kneeling Push-ups (aug 1),train,5,aug_1
7212,M001P002A003R001_AUG000,1,2,10012,1,2,300,Standing Straight-arm Chest Press With Resistance Band (aug 0),train,6,aug_0
7213,M001P002A003R001_AUG001,1,2,10013,1,2,300,Standing Straight-arm Chest Press With Resistance Band (aug 1),train,6,aug_1
7214,M001P002A003R002_AUG000,1,2,10014,2,2,300,Standing Straight-arm Chest Press With Resistance Band (aug 0),train,7,aug_0
7215,M001P002A003R002_AUG001,1,2,10015,2,2,300,Standing Straight-arm Chest Press With Resistance Band (aug 1),train,7,aug_1
7216,M001P002A003R003_AUG000,1,2,10016,3,2,300,Standing Straight-arm Chest Press With Resistance Band (aug 0),train,8,aug_0
7217,M001P002A003R003_AUG001,1,2,10017,3,2,300,Standing Straight-arm Chest Press With Resistance Band (aug 1),train,8,aug_1
7218,M001P002A004R001_AUG000,1,2,10018,1,3,300,Small Dumbbell Floor Flies (aug 0),train,9,aug_0
7219,M001P002A004R001_AUG001,1,2,10019,1,3,300,Small Dumbbell Floor Flies (aug 1),train,9,aug_1
7220,M001P002A004R002_AUG000,1,2,10020,2,3,300,Small Dumbbell Floor Flies (aug 0),train,10,aug_0
7221,M001P002A004R002_AUG001,1,2,10021,2,3,300,Small Dumbbell Floor Flies (aug 1),train,10,aug_1
7222,M001P002A004R003_AUG000,1,2,10022,3,3,300,Small Dumbbell Floor Flies (aug 0),train,11,aug_0
7223,M001P002A004R003_AUG001,1,2,10023,3,3,300,Small Dumbbell Floor Flies (aug 1),train,11,aug_1
7224,M001P002A005R001_AUG000,1,2,10024,1,4,300,Chest Fly (aug 0),train,12,aug_0
7225,M001P002A005R001_AUG001,1,2,10025,1,4,300,Chest Fly (aug 1),train,12,aug_1
7226,M001P002A005R002_AUG000,1,2,10026,2,4,300,Chest Fly (aug 0),train,13,aug_0
7227,M001P002A005R002_AUG001,1,2,10027,2,4,300,Chest Fly (aug 1),train,13,aug_1
7228,M001P002A005R003_AUG000,1,2,10028,3,4,300,Chest Fly (aug 0),train,14,aug_0
7229,M001P002A005R003_AUG001,1,2,10029,3,4,300,Chest Fly (aug 1),train,14,aug_1
7230,M001P002A006R001_AUG000,1,2,10030,1,5,300,Push-ups (aug 0),train,15,aug_0
7231,M001P002A006R001_AUG001,1,2,10031,1,5,300,Push-ups (aug 1),train,15,aug_1
7232,M001P002A006R002_AUG000,1,2,10032,2,5,300,Push-ups (aug 0),train,16,aug_0
7233,M001P002A006R002_AUG001,1,2,10033,2,5,300,Push-ups (aug 1),train,16,aug_1
7234,M001P002A006R003_AUG000,1,2,10034,3,5,300,Push-ups (aug 0),train,17,aug_0
7235,M001P002A006R003_AUG001,1,2,10035,3,5,300,Push-ups (aug 1),train,17,aug_1
7236,M001P002A007R001_AUG000,1,2,10036,1,6,300,Bent-over W-shape Stretch (aug 0),train,18,aug_0
7237,M001P002A007R001_AUG001,1,2,10037,1,6,300,Bent-over W-shape Stretch (aug 1),train,18,aug_1
7238,M001P002A007R002_AUG000,1,2,10038,2,6,300,Bent-over W-shape Stretch (aug 0),train,19,aug_0
7239,M001P002A007R002_AUG001,1,2,10039,2,6,300,Bent-over W-shape Stretch (aug 1),train,19,aug_1
7240,M001P002A007R003_AUG000,1,2,10040,3,6,300,Bent-over W-shape Stretch (aug 0),train,20,aug_0
7241,M001P002A007R003_AUG001,1,2,10041,3,6,300,Bent-over W-shape Stretch (aug 1),train,20,aug_1
7242,M001P002A008R001_AUG000,1,2,10042,1,7,300,Bent-over Y-shape Stretch (aug 0),train,21,aug_0
7243,M001P002A008R001_AUG001,1,2,10043,1,7,300,Bent-over Y-shape Stretch (aug 1),train,21,aug_1
7244,M001P002A008R002_AUG000,1,2,10044,2,7,300,Bent-over Y-shape Stretch (aug 0),train,22,aug_0
7245,M001P002A008R002_AUG001,1,2,10045,2,7,300,Bent-over Y-shape Stretch (aug 1),train,22,aug_1
7246,M001P002A008R003_AUG000,1,2,10046,3,7,300,Bent-over Y-shape Stretch (aug 0),train,23,aug_0
7247,M001P002A008R003_AUG001,1,2,10047,3,7,300,Bent-over Y-shape Stretch (aug 1),train,23,aug_1
7248,M001P002A009R001_AUG000,1,2,10048,1,8,300,Bent-over A-shape Stretch (aug 0),train,24,aug_0
7249,M001P002A009R001_AUG001,1,2,10049,1,8,300,Bent-over A-shape Stretch (aug 1),train,24,aug_1
7250,M001P002A009R002_AUG000,1,2,10050,2,8,300,Bent-over A-shape Stretch (aug 0),train,25,aug_0
7251,M001P002A009R002_AUG001,1,2,10051,2,8,300,Bent-over A-shape Stretch (aug 1),train,25,aug_1
7252,M001P002A009R003_AUG000,1,2,10052,3,8,300,Bent-over A-shape Stretch (aug 0),train,26,aug_0
7253,M001P002A009R003_AUG001,1,2,10053,3,8,300,Bent-over A-shape Stretch (aug 1),train,26,aug_1
7254,M001P002A010R001_AUG000,1,2,10054,1,9,300,Squat With Arm Lift (aug 0),train,27,aug_0
7255,M001P002A010R001_AUG001,1,2,10055,1,9,300,Squat With Arm Lift (aug 1),train,27,aug_1
7256,M001P002A010R002_AUG000,1,2,10056,2,9,300,Squat With Arm Lift (aug 0),train,28,aug_0
7257,M001P002A010R002_AUG001,1,2,10057,2,9,300,Squat With Arm Lift (aug 1),train,28,aug_1
7258,M001P002A010R003_AUG000,1,2,10058,3,9,300,Squat With Arm Lift (aug 0),train,29,aug_0
7259,M001P002A010R003_AUG001,1,2,10059,3,9,300,Squat With Arm Lift (aug 1),train,29,aug_1
7260,M001P002A011R001_AUG000,1,2,10060,1,10,300,Breaststroke Arm Pull (aug 0),train,30,aug_0
7261,M001P002A011R001_AUG001,1,2,10061,1,10,300,Breaststroke Arm Pull (aug 1),train,30,aug_1
7262,M001P002A011R002_AUG000,1,2,10062,2,10,300,Breaststroke Arm Pull (aug 0),train,31,aug_0
7263,M001P002A011R002_AUG001,1,2,10063,2,10,300,Breaststroke Arm Pull (aug 1),train,31,aug_1
7264,M001P002A011R003_AUG000,1,2,10064,3,10,300,Breaststroke Arm Pull (aug 0),train,32,aug_0
7265,M001P002A011R003_AUG001,1,2,10065,3,10,300,Breaststroke Arm Pull (aug 1),train,32,aug_1
7266,M001P002A012R001_AUG000,1,2,10066,1,11,300,Prone Y-shape Stretch (aug 0),train,33,aug_0
7267,M001P002A012R001_AUG001,1,2,10067,1,11,300,Prone Y-shape Stretch (aug 1),train,33,aug_1
7268,M001P002A012R002_AUG000,1,2,10068,2,11,300,Prone Y-shape Stretch (aug 0),train,34,aug_0
7269,M001P002A012R002_AUG001,1,2,10069,2,11,300,Prone Y-shape Stretch (aug 1),train,34,aug_1
7270,M001P002A012R003_AUG000,1,2,10070,3,11,300,Prone Y-shape Stretch (aug 0),train,35,aug_0
7271,M001P002A012R003_AUG001,1,2,10071,3,11,300,Prone Y-shape Stretch (aug 1),train,35,aug_1
7272,M001P002A013R001_AUG000,1,2,10072,1,12,300,Lateral Raise Forward Circles (aug 0),train,36,aug_0
7273,M001P002A013R001_AUG001,1,2,10073,1,12,300,Lateral Raise Forward Circles (aug 1),train,36,aug_1
7274,M001P002A013R002_AUG000,1,2,10074,2,12,300,Lateral Raise Forward Circles (aug 0),train,37,aug_0
7275,M001P002A013R002_AUG001,1,2,10075,2,12,300,Lateral Raise Forward Circles (aug 1),train,37,aug_1
7276,M001P002A013R003_AUG000,1,2,10076,3,12,300,Lateral Raise Forward Circles (aug 0),train,38,aug_0
7277,M001P002A013R003_AUG001,1,2,10077,3,12,300,Lateral Raise Forward Circles (aug 1),train,38,aug_1
7278,M001P002A014R001_AUG000,1,2,10078,1,13,300,Lateral Raise Backward Circles (aug 0),train,39,aug_0
7279,M001P002A014R001_AUG001,1,2,10079,1,13,300,Lateral Raise Backward Circles (aug 1),train,39,aug_1
7280,M001P002A014R002_AUG000,1,2,10080,2,13,300,Lateral Raise Backward Circles (aug 0),train,40,aug_0
7281,M001P002A014R002_AUG001,1,2,10081,2,13,300,Lateral Raise Backward Circles (aug 1),train,40,aug_1
7282,M001P002A014R003_AUG000,1,2,10082,3,13,300,Lateral Raise Backward Circles (aug 0),train,41,aug_0
7283,M001P002A014R003_AUG001,1,2,10083,3,13,300,Lateral Raise Backward Circles (aug 1),train,41,aug_1
7284,M001P002A015R001_AUG000,1,2,10084,1,14,300,Lying Shoulder Joint Upward Round (aug 0),train,42,aug_0
7285,M001P002A015R001_AUG001,1,2,10085,1,14,300,Lying Shoulder Joint Upward Round (aug 1),train,42,aug_1
7286,M001P002A015R002_AUG000,1,2,10086,2,14,300,Lying Shoulder Joint Upward Round (aug 0),train,43,aug_0
7287,M001P002A015R002_AUG001,1,2,10087,2,14,300,Lying Shoulder Joint Upward Round (aug 1),train,43,aug_1
7288,M001P002A015R003_AUG000,1,2,10088,3,14,300,Lying Shoulder Joint Upward Round (aug 0),train,44,aug_0
7289,M001P002A015R003_AUG001,1,2,10089,3,14,300,Lying Shoulder Joint Upward Round (aug 1),train,44,aug_1
7290,M001P002A016R001_AUG000,1,2,10090,1,15,300,Lying Shoulder Joint Downward Round (aug 0),train,45,aug_0
7291,M001P002A016R001_AUG001,1,2,10091,1,15,300,Lying Shoulder Joint Downward Round (aug 1),train,45,aug_1
7292,M001P002A016R002_AUG000,1,2,10092,2,15,300,Lying Shoulder Joint Downward Round (aug 0),train,46,aug_0
7293,M001P002A016R002_AUG001,1,2,10093,2,15,300,Lying Shoulder Joint Downward Round (aug 1),train,46,aug_1
7294,M001P002A016R003_AUG000,1,2,10094,3,15,300,Lying Shoulder Joint Downward Round (aug 0),train,47,aug_0
7295,M001P002A016R003_AUG001,1,2,10095,3,15,300,Lying Shoulder Joint Downward Round (aug 1),train,47,aug_1
7296,M001P002A017R001_AUG000,1,2,10096,1,16,300,Bare-handed Full Lateral Raise (aug 0),train,48,aug_0
7297,M001P002A017R001_AUG001,1,2,10097,1,16,300,Bare-handed Full Lateral Raise (aug 1),train,48,aug_1
7298,M001P002A017R002_AUG000,1,2,10098,2,16,300,Bare-handed Full Lateral Raise (aug 0),train,49,aug_0
7299,M001P002A017R002_AUG001,1,2,10099,2,16,300,Bare-handed Full Lateral Raise (aug 1),train,49,aug_1
7300,M001P002A017R003_AUG000,1,2,10100,3,16,300,Bare-handed Full Lateral Raise (aug 0),train,50,aug_0
7301,M001P002A017R003_AUG001,1,2,10101,3,16,300,Bare-handed Full Lateral Raise (aug 1),train,50,aug_1
7302,M001P002A018R001_AUG000,1,2,10102,1,17,300,Bare-handed Cuban Press (aug 0),train,51,aug_0
7303,M001P002A018R001_AUG001,1,2,10103,1,17,300,Bare-handed Cuban Press (aug 1),train,51,aug_1
7304,M001P002A018R002_AUG000,1,2,10104,2,17,300,Bare-handed Cuban Press (aug 0),train,52,aug_0
7305,M001P002A018R002_AUG001,1,2,10105,2,17,300,Bare-handed Cuban Press (aug 1),train,52,aug_1
7306,M001P002A018R003_AUG000,1,2,10106,3,17,300,Bare-handed Cuban Press (aug 0),train,53,aug_0
7307,M001P002A018R003_AUG001,1,2,10107,3,17,300,Bare-handed Cuban Press (aug 1),train,53,aug_1
7308,M001P002A019R001_AUG000,1,2,10108,1,18,300,Fortune Cat (aug 0),train,54,aug_0
7309,M001P002A019R001_AUG001,1,2,10109,1,18,300,Fortune Cat (aug 1),train,54,aug_1
7310,M001P002A019R002_AUG000,1,2,10110,2,18,300,Fortune Cat (aug 0),train,55,aug_0
7311,M001P002A019R002_AUG001,1,2,10111,2,18,300,Fortune Cat (aug 1),train,55,aug_1
7312,M001P002A019R003_AUG000,1,2,10112,3,18,300,Fortune Cat (aug 0),train,56,aug_0
7313,M001P002A019R003_AUG001,1,2,10113,3,18,300,Fortune Cat (aug 1),train,56,aug_1
7314,M001P002A020R001_AUG000,1,2,10114,1,19,300,Dumbbell Curls (aug 0),train,57,aug_0
7315,M001P002A020R001_AUG001,1,2,10115,1,19,300,Dumbbell Curls (aug 1),train,57,aug_1
7316,M001P002A020R002_AUG000,1,2,10116,2,19,300,Dumbbell Curls (aug 0),train,58,aug_0
7317,M001P002A020R002_AUG001,1,2,10117,2,19,300,Dumbbell Curls (aug 1),train,58,aug_1
7318,M001P002A020R003_AUG000,1,2,10118,3,19,300,Dumbbell Curls (aug 0),train,59,aug_0
7319,M001P002A020R003_AUG001,1,2,10119,3,19,300,Dumbbell Curls (aug 1),train,59,aug_1
7320,M001P002A021R001_AUG000,1,2,10120,1,20,300,Alternate Dumbbell Curls (aug 0),train,60,aug_0
7321,M001P002A021R001_AUG001,1,2,10121,1,20,300,Alternate Dumbbell Curls (aug 1),train,60,aug_1
7322,M001P002A021R002_AUG000,1,2,10122,2,20,300,Alternate Dumbbell Curls (aug 0),train,61,aug_0
7323,M001P002A021R002_AUG001,1,2,10123,2,20,300,Alternate Dumbbell Curls (aug 1),train,61,aug_1
7324,M001P002A021R003_AUG000,1,2,10124,3,20,300,Alternate Dumbbell Curls (aug 0),train,62,aug_0
7325,M001P002A021R003_AUG001,1,2,10125,3,20,300,Alternate Dumbbell Curls (aug 1),train,62,aug_1
7326,M001P002A022R001_AUG000,1,2,10126,1,21,300,Right-side Kettlebell Bent-over Row (aug 0),train,63,aug_0
7327,M001P002A022R001_AUG001,1,2,10127,1,21,300,Right-side Kettlebell Bent-over Row (aug 1),train,63,aug_1
7328,M001P002A022R002_AUG000,1,2,10128,2,21,300,Right-side Kettlebell Bent-over Row (aug 0),train,64,aug_0
7329,M001P002A022R002_AUG001,1,2,10129,2,21,300,Right-side Kettlebell Bent-over Row (aug 1),train,64,aug_1
7330,M001P002A022R003_AUG000,1,2,10130,3,21,300,Right-side Kettlebell Bent-over Row (aug 0),train,65,aug_0
7331,M001P002A022R003_AUG001,1,2,10131,3,21,300,Right-side Kettlebell Bent-over Row (aug 1),train,65,aug_1
7332,M001P002A023R001_AUG000,1,2,10132,1,22,300,Wrist Joint Warm-up (aug 0),train,66,aug_0
7333,M001P002A023R001_AUG001,1,2,10133,1,22,300,Wrist Joint Warm-up (aug 1),train,66,aug_1
7334,M001P002A023R002_AUG000,1,2,10134,2,22,300,Wrist Joint Warm-up (aug 0),train,67,aug_0
7335,M001P002A023R002_AUG001,1,2,10135,2,22,300,Wrist Joint Warm-up (aug 1),train,67,aug_1
7336,M001P002A023R003_AUG000,1,2,10136,3,22,300,Wrist Joint Warm-up (aug 0),train,68,aug_0
7337,M001P002A023R003_AUG001,1,2,10137,3,22,300,Wrist Joint Warm-up (aug 1),train,68,aug_1
7338,M001P002A024R001_AUG000,1,2,10138,1,23,300,Right-side Bent-over Tricep Extension With Resistance Band (aug 0),train,69,aug_0
7339,M001P002A024R001_AUG001,1,2,10139,1,23,300,Right-side Bent-over Tricep Extension With Resistance Band (aug 1),train,69,aug_1
7340,M001P002A024R002_AUG000,1,2,10140,2,23,300,Right-side Bent-over Tricep Extension With Resistance Band (aug 0),train,70,aug_0
7341,M001P002A024R002_AUG001,1,2,10141,2,23,300,Right-side Bent-over Tricep Extension With Resistance Band (aug 1),train,70,aug_1
7342,M001P002A024R003_AUG000,1,2,10142,3,23,300,Right-side Bent-over Tricep Extension With Resistance Band (aug 0),train,71,aug_0
7343,M001P002A024R003_AUG001,1,2,10143,3,23,300,Right-side Bent-over Tricep Extension With Resistance Band (aug 1),train,71,aug_1
7344,M001P002A025R001_AUG000,1,2,10144,1,24,300,Bent-over Dumbbell Tricep Extension (aug 0),train,72,aug_0
7345,M001P002A025R001_AUG001,1,2,10145,1,24,300,Bent-over Dumbbell Tricep Extension (aug 1),train,72,aug_1
7346,M001P002A025R002_AUG000,1,2,10146,2,24,300,Bent-over Dumbbell Tricep Extension (aug 0),train,73,aug_0
7347,M001P002A025R002_AUG001,1,2,10147,2,24,300,Bent-over Dumbbell Tricep Extension (aug 1),train,73,aug_1
7348,M001P002A025R003_AUG000,1,2,10148,3,24,300,Bent-over Dumbbell Tricep Extension (aug 0),train,74,aug_0
7349,M001P002A025R003_AUG001,1,2,10149,3,24,300,Bent-over Dumbbell Tricep Extension (aug 1),train,74,aug_1
7350,M001P002A026R001_AUG000,1,2,10150,1,25,300,Nod And Raise Head (aug 0),train,75,aug_0
7351,M001P002A026R001_AUG001,1,2,10151,1,25,300,Nod And Raise Head (aug 1),train,75,aug_1
7352,M001P002A026R002_AUG000,1,2,10152,2,25,300,Nod And Raise Head (aug 0),train,76,aug_0
7353,M001P002A026R002_AUG001,1,2,10153,2,25,300,Nod And Raise Head (aug 1),train,76,aug_1
7354,M001P002A026R003_AUG000,1,2,10154,3,25,300,Nod And Raise Head (aug 0),train,77,aug_0
7355,M001P002A026R003_AUG001,1,2,10155,3,25,300,Nod And Raise Head (aug 1),train,77,aug_1
7356,M001P002A027R001_AUG000,1,2,10156,1,26,300,Two-way Head Turn (aug 0),train,78,aug_0
7357,M001P002A027R001_AUG001,1,2,10157,1,26,300,Two-way Head Turn (aug 1),train,78,aug_1
7358,M001P002A027R002_AUG000,1,2,10158,2,26,300,Two-way Head Turn (aug 0),train,79,aug_0
7359,M001P002A027R002_AUG001,1,2,10159,2,26,300,Two-way Head Turn (aug 1),train,79,aug_1
7360,M001P002A027R003_AUG000,1,2,10160,3,26,300,Two-way Head Turn (aug 0),train,80,aug_0
7361,M001P002A027R003_AUG001,1,2,10161,3,26,300,Two-way Head Turn (aug 1),train,80,aug_1
7362,M001P002A028R001_AUG000,1,2,10162,1,27,300,Shrug And Sink The Shoulders (aug 0),train,81,aug_0
7363,M001P002A028R001_AUG001,1,2,10163,1,27,300,Shrug And Sink The Shoulders (aug 1),train,81,aug_1
7364,M001P002A028R002_AUG000,1,2,10164,2,27,300,Shrug And Sink The Shoulders (aug 0),train,82,aug_0
7365,M001P002A028R002_AUG001,1,2,10165,2,27,300,Shrug And Sink The Shoulders (aug 1),train,82,aug_1
7366,M001P002A028R003_AUG000,1,2,10166,3,27,300,Shrug And Sink The Shoulders (aug 0),train,83,aug_0
7367,M001P002A028R003_AUG001,1,2,10167,3,27,300,Shrug And Sink The Shoulders (aug 1),train,83,aug_1
7368,M001P002A029R001_AUG000,1,2,10168,1,28,300,Four-way Nod Head (aug 0),train,84,aug_0
7369,M001P002A029R001_AUG001,1,2,10169,1,28,300,Four-way Nod Head (aug 1),train,84,aug_1
7370,M001P002A029R002_AUG000,1,2,10170,2,28,300,Four-way Nod Head (aug 0),train,85,aug_0
7371,M001P002A029R002_AUG001,1,2,10171,2,28,300,Four-way Nod Head (aug 1),train,85,aug_1
7372,M001P002A029R003_AUG000,1,2,10172,3,28,300,Four-way Nod Head (aug 0),train,86,aug_0
7373,M001P002A029R003_AUG001,1,2,10173,3,28,300,Four-way Nod Head (aug 1),train,86,aug_1
7374,M001P002A030R001_AUG000,1,2,10174,1,29,300,Lying Alternate Upper-half Leg Raise (aug 0),train,87,aug_0
7375,M001P002A030R001_AUG001,1,2,10175,1,29,300,Lying Alternate Upper-half Leg Raise (aug 1),train,87,aug_1
7376,M001P002A030R002_AUG000,1,2,10176,2,29,300,Lying Alternate Upper-half Leg Raise (aug 0),train,88,aug_0
7377,M001P002A030R002_AUG001,1,2,10177,2,29,300,Lying Alternate Upper-half Leg Raise (aug 1),train,88,aug_1
7378,M001P002A030R003_AUG000,1,2,10178,3,29,300,Lying Alternate Upper-half Leg Raise (aug 0),train,89,aug_0
7379,M001P002A030R003_AUG001,1,2,10179,3,29,300,Lying Alternate Upper-half Leg Raise (aug 1),train,89,aug_1
7380,M001P002A031R001_AUG000,1,2,10180,1,30,300,Half Roll Back (aug 0),train,90,aug_0
7381,M001P002A031R001_AUG001,1,2,10181,1,30,300,Half Roll Back (aug 1),train,90,aug_1
7382,M001P002A031R002_AUG000,1,2,10182,2,30,300,Half Roll Back (aug 0),train,91,aug_0
7383,M001P002A031R002_AUG001,1,2,10183,2,30,300,Half Roll Back (aug 1),train,91,aug_1
7384,M001P002A031R003_AUG000,1,2,10184,3,30,300,Half Roll Back (aug 0),train,92,aug_0
7385,M001P002A031R003_AUG001,1,2,10185,3,30,300,Half Roll Back (aug 1),train,92,aug_1
7386,M001P002A032R001_AUG000,1,2,10186,1,31,300,Kneeling Right-side Torso Twist (aug 0),train,93,aug_0
7387,M001P002A032R001_AUG001,1,2,10187,1,31,300,Kneeling Right-side Torso Twist (aug 1),train,93,aug_1
7388,M001P002A032R002_AUG000,1,2,10188,2,31,300,Kneeling Right-side Torso Twist (aug 0),train,94,aug_0
7389,M001P002A032R002_AUG001,1,2,10189,2,31,300,Kneeling Right-side Torso Twist (aug 1),train,94,aug_1
7390,M001P002A032R003_AUG000,1,2,10190,3,31,300,Kneeling Right-side Torso Twist (aug 0),train,95,aug_0
7391,M001P002A032R003_AUG001,1,2,10191,3,31,300,Kneeling Right-side Torso Twist (aug 1),train,95,aug_1
7392,M001P002A033R001_AUG000,1,2,10192,1,32,300,Left-side Knee Raise And Abdominal Muscles Contract (aug 0),train,96,aug_0
7393,M001P002A033R001_AUG001,1,2,10193,1,32,300,Left-side Knee Raise And Abdominal Muscles Contract (aug 1),train,96,aug_1
7394,M001P002A033R002_AUG000,1,2,10194,2,32,300,Left-side Knee Raise And Abdominal Muscles Contract (aug 0),train,97,aug_0
7395,M001P002A033R002_AUG001,1,2,10195,2,32,300,Left-side Knee Raise And Abdominal Muscles Contract (aug 1),train,97,aug_1
7396,M001P002A033R003_AUG000,1,2,10196,3,32,300,Left-side Knee Raise And Abdominal Muscles Contract (aug 0),train,98,aug_0
7397,M001P002A033R003_AUG001,1,2,10197,3,32,300,Left-side Knee Raise And Abdominal Muscles Contract (aug 1),train,98,aug_1
7398,M001P002A034R001_AUG000,1,2,10198,1,33,300,Kneeling Right Leg Backward Stretch (aug 0),train,99,aug_0
7399,M001P002A034R001_AUG001,1,2,10199,1,33,300,Kneeling Right Leg Backward Stretch (aug 1),train,99,aug_1
7400,M001P002A034R002_AUG000,1,2,10200,2,33,300,Kneeling Right Leg Backward Stretch (aug 0),train,100,aug_0
7401,M001P002A034R002_AUG001,1,2,10201,2,33,300,Kneeling Right Leg Backward Stretch (aug 1),train,100,aug_1
7402,M001P002A034R003_AUG000,1,2,10202,3,33,300,Kneeling Right Leg Backward Stretch (aug 0),train,101,aug_0
7403,M001P002A034R003_AUG001,1,2,10203,3,33,300,Kneeling Right Leg Backward Stretch (aug 1),train,101,aug_1
7404,M001P002A035R001_AUG000,1,2,10204,1,34,300,Kneeling Right Arm Raise (aug 0),train,102,aug_0
7405,M001P002A035R001_AUG001,1,2,10205,1,34,300,Kneeling Right Arm Raise (aug 1),train,102,aug_1
7406,M001P002A035R002_AUG000,1,2,10206,2,34,300,Kneeling Right Arm Raise (aug 0),train,103,aug_0
7407,M001P002A035R002_AUG001,1,2,10207,2,34,300,Kneeling Right Arm Raise (aug 1),train,103,aug_1
7408,M001P002A035R003_AUG000,1,2,10208,3,34,300,Kneeling Right Arm Raise (aug 0),train,104,aug_0
7409,M001P002A035R003_AUG001,1,2,10209,3,34,300,Kneeling Right Arm Raise (aug 1),train,104,aug_1
7410,M001P002A036R001_AUG000,1,2,10210,1,35,300,Shoulder Bridge (aug 0),train,105,aug_0
7411,M001P002A036R001_AUG001,1,2,10211,1,35,300,Shoulder Bridge (aug 1),train,105,aug_1
7412,M001P002A036R002_AUG000,1,2,10212,2,35,300,Shoulder Bridge (aug 0),train,106,aug_0
7413,M001P002A036R002_AUG001,1,2,10213,2,35,300,Shoulder Bridge (aug 1),train,106,aug_1
7414,M001P002A036R003_AUG000,1,2,10214,3,35,300,Shoulder Bridge (aug 0),train,107,aug_0
7415,M001P002A036R003_AUG001,1,2,10215,3,35,300,Shoulder Bridge (aug 1),train,107,aug_1
7416,M001P002A037R001_AUG000,1,2,10216,1,36,300,Prone Press-ups (aug 0),train,108,aug_0
7417,M001P002A037R001_AUG001,1,2,10217,1,36,300,Prone Press-ups (aug 1),train,108,aug_1
7418,M001P002A037R002_AUG000,1,2,10218,2,36,300,Prone Press-ups (aug 0),train,109,aug_0
7419,M001P002A037R002_AUG001,1,2,10219,2,36,300,Prone Press-ups (aug 1),train,109,aug_1
7420,M001P002A037R003_AUG000,1,2,10220,3,36,300,Prone Press-ups (aug 0),train,110,aug_0
7421,M001P002A037R003_AUG001,1,2,10221,3,36,300,Prone Press-ups (aug 1),train,110,aug_1
7422,M001P002A038R001_AUG000,1,2,10222,1,37,300,Bent-over Torso Rotation (aug 0),train,111,aug_0
7423,M001P002A038R001_AUG001,1,2,10223,1,37,300,Bent-over Torso Rotation (aug 1),train,111,aug_1
7424,M001P002A038R002_AUG000,1,2,10224,2,37,300,Bent-over Torso Rotation (aug 0),train,112,aug_0
7425,M001P002A038R002_AUG001,1,2,10225,2,37,300,Bent-over Torso Rotation (aug 1),train,112,aug_1
7426,M001P002A038R003_AUG000,1,2,10226,3,37,300,Bent-over Torso Rotation (aug 0),train,113,aug_0
7427,M001P002A038R003_AUG001,1,2,10227,3,37,300,Bent-over Torso Rotation (aug 1),train,113,aug_1
7428,M001P002A039R001_AUG000,1,2,10228,1,38,300,Lying Arm Pull (aug 0),train,114,aug_0
7429,M001P002A039R001_AUG001,1,2,10229,1,38,300,Lying Arm Pull (aug 1),train,114,aug_1
7430,M001P002A039R002_AUG000,1,2,10230,2,38,300,Lying Arm Pull (aug 0),train,115,aug_0
7431,M001P002A039R002_AUG001,1,2,10231,2,38,300,Lying Arm Pull (aug 1),train,115,aug_1
7432,M001P002A039R003_AUG000,1,2,10232,3,38,300,Lying Arm Pull (aug 0),train,116,aug_0
7433,M001P002A039R003_AUG001,1,2,10233,3,38,300,Lying Arm Pull (aug 1),train,116,aug_1
7434,M001P002A040R001_AUG000,1,2,10234,1,39,300,Prone Press Up With Torso Rotation (aug 0),train,117,aug_0
7435,M001P002A040R001_AUG001,1,2,10235,1,39,300,Prone Press Up With Torso Rotation (aug 1),train,117,aug_1
7436,M001P002A040R002_AUG000,1,2,10236,2,39,300,Prone Press Up With Torso Rotation (aug 0),train,118,aug_0
7437,M001P002A040R002_AUG001,1,2,10237,2,39,300,Prone Press Up With Torso Rotation (aug 1),train,118,aug_1
7438,M001P002A040R003_AUG000,1,2,10238,3,39,300,Prone Press Up With Torso Rotation (aug 0),train,119,aug_0
7439,M001P002A040R003_AUG001,1,2,10239,3,39,300,Prone Press Up With Torso Rotation (aug 1),train,119,aug_1
7440,M001P002A041R001_AUG000,1,2,10240,1,40,300,Breaststroke Push-ups (aug 0),train,120,aug_0
7441,M001P002A041R001_AUG001,1,2,10241,1,40,300,Breaststroke Push-ups (aug 1),train,120,aug_1
7442,M001P002A041R002_AUG000,1,2,10242,2,40,300,Breaststroke Push-ups (aug 0),train,121,aug_0
7443,M001P002A041R002_AUG001,1,2,10243,2,40,300,Breaststroke Push-ups (aug 1),train,121,aug_1
7444,M001P002A041R003_AUG000,1,2,10244,3,40,300,Breaststroke Push-ups (aug 0),train,122,aug_0
7445,M001P002A041R003_AUG001,1,2,10245,3,40,300,Breaststroke Push-ups (aug 1),train,122,aug_1
7446,M001P002A042R001_AUG000,1,2,10246,1,41,300,Sit-ups (aug 0),train,123,aug_0
7447,M001P002A042R001_AUG001,1,2,10247,1,41,300,Sit-ups (aug 1),train,123,aug_1
7448,M001P002A042R002_AUG000,1,2,10248,2,41,300,Sit-ups (aug 0),train,124,aug_0
7449,M001P002A042R002_AUG001,1,2,10249,2,41,300,Sit-ups (aug 1),train,124,aug_1
7450,M001P002A042R003_AUG000,1,2,10250,3,41,300,Sit-ups (aug 0),train,125,aug_0
7451,M001P002A042R003_AUG001,1,2,10251,3,41,300,Sit-ups (aug 1),train,125,aug_1
7452,M001P002A043R001_AUG000,1,2,10252,1,42,300,Side-lying Left Leg Forward Raise (aug 0),train,126,aug_0
7453,M001P002A043R001_AUG001,1,2,10253,1,42,300,Side-lying Left Leg Forward Raise (aug 1),train,126,aug_1
7454,M001P002A043R002_AUG000,1,2,10254,2,42,300,Side-lying Left Leg Forward Raise (aug 0),train,127,aug_0
7455,M001P002A043R002_AUG001,1,2,10255,2,42,300,Side-lying Left Leg Forward Raise (aug 1),train,127,aug_1
7456,M001P002A043R003_AUG000,1,2,10256,3,42,300,Side-lying Left Leg Forward Raise (aug 0),train,128,aug_0
7457,M001P002A043R003_AUG001,1,2,10257,3,42,300,Side-lying Left Leg Forward Raise (aug 1),train,128,aug_1
7458,M001P002A044R001_AUG000,1,2,10258,1,43,300,Right Leg Reverse Lunge (aug 0),train,129,aug_0
7459,M001P002A044R001_AUG001,1,2,10259,1,43,300,Right Leg Reverse Lunge (aug 1),train,129,aug_1
7460,M001P002A044R002_AUG000,1,2,10260,2,43,300,Right Leg Reverse Lunge (aug 0),train,130,aug_0
7461,M001P002A044R002_AUG001,1,2,10261,2,43,300,Right Leg Reverse Lunge (aug 1),train,130,aug_1
7462,M001P002A044R003_AUG000,1,2,10262,3,43,300,Right Leg Reverse Lunge (aug 0),train,131,aug_0
7463,M001P002A044R003_AUG001,1,2,10263,3,43,300,Right Leg Reverse Lunge (aug 1),train,131,aug_1
7464,M001P002A045R001_AUG000,1,2,10264,1,44,300,Kneeling Left Knee Lift (aug 0),train,132,aug_0
7465,M001P002A045R001_AUG001,1,2,10265,1,44,300,Kneeling Left Knee Lift (aug 1),train,132,aug_1
7466,M001P002A045R002_AUG000,1,2,10266,2,44,300,Kneeling Left Knee Lift (aug 0),train,133,aug_0
7467,M001P002A045R002_AUG001,1,2,10267,2,44,300,Kneeling Left Knee Lift (aug 1),train,133,aug_1
7468,M001P002A045R003_AUG000,1,2,10268,3,44,300,Kneeling Left Knee Lift (aug 0),train,134,aug_0
7469,M001P002A045R003_AUG001,1,2,10269,3,44,300,Kneeling Left Knee Lift (aug 1),train,134,aug_1
7470,M001P002A046R001_AUG000,1,2,10270,1,45,300,Alternate Reverse Lunge (aug 0),train,135,aug_0
7471,M001P002A046R001_AUG001,1,2,10271,1,45,300,Alternate Reverse Lunge (aug 1),train,135,aug_1
7472,M001P002A046R002_AUG000,1,2,10272,2,45,300,Alternate Reverse Lunge (aug 0),train,136,aug_0
7473,M001P002A046R002_AUG001,1,2,10273,2,45,300,Alternate Reverse Lunge (aug 1),train,136,aug_1
7474,M001P002A046R003_AUG000,1,2,10274,3,45,300,Alternate Reverse Lunge (aug 0),train,137,aug_0
7475,M001P002A046R003_AUG001,1,2,10275,3,45,300,Alternate Reverse Lunge (aug 1),train,137,aug_1
7476,M001P002A047R001_AUG000,1,2,10276,1,46,300,Side-lying Right Leg Backward Kick (aug 0),train,138,aug_0
7477,M001P002A047R001_AUG001,1,2,10277,1,46,300,Side-lying Right Leg Backward Kick (aug 1),train,138,aug_1
7478,M001P002A047R002_AUG000,1,2,10278,2,46,300,Side-lying Right Leg Backward Kick (aug 0),train,139,aug_0
7479,M001P002A047R002_AUG001,1,2,10279,2,46,300,Side-lying Right Leg Backward Kick (aug 1),train,139,aug_1
7480,M001P002A047R003_AUG000,1,2,10280,3,46,300,Side-lying Right Leg Backward Kick (aug 0),train,140,aug_0
7481,M001P002A047R003_AUG001,1,2,10281,3,46,300,Side-lying Right Leg Backward Kick (aug 1),train,140,aug_1
7482,M001P002A048R001_AUG000,1,2,10282,1,47,300,Left Leg Lunge With Knee Lift (aug 0),train,141,aug_0
7483,M001P002A048R001_AUG001,1,2,10283,1,47,300,Left Leg Lunge With Knee Lift (aug 1),train,141,aug_1
7484,M001P002A048R002_AUG000,1,2,10284,2,47,300,Left Leg Lunge With Knee Lift (aug 0),train,142,aug_0
7485,M001P002A048R002_AUG001,1,2,10285,2,47,300,Left Leg Lunge With Knee Lift (aug 1),train,142,aug_1
7486,M001P002A048R003_AUG000,1,2,10286,3,47,300,Left Leg Lunge With Knee Lift (aug 0),train,143,aug_0
7487,M001P002A048R003_AUG001,1,2,10287,3,47,300,Left Leg Lunge With Knee Lift (aug 1),train,143,aug_1
7488,M001P002A049R001_AUG000,1,2,10288,1,48,300,Sumo Squat (aug 0),train,144,aug_0
7489,M001P002A049R001_AUG001,1,2,10289,1,48,300,Sumo Squat (aug 1),train,144,aug_1
7490,M001P002A049R002_AUG000,1,2,10290,2,48,300,Sumo Squat (aug 0),train,145,aug_0
7491,M001P002A049R002_AUG001,1,2,10291,2,48,300,Sumo Squat (aug 1),train,145,aug_1
7492,M001P002A049R003_AUG000,1,2,10292,3,48,300,Sumo Squat (aug 0),train,146,aug_0
7493,M001P002A049R003_AUG001,1,2,10293,3,48,300,Sumo Squat (aug 1),train,146,aug_1
7494,M001P002A050R001_AUG000,1,2,10294,1,49,300,Straight Leg Calf Raise (aug 0),train,147,aug_0
7495,M001P002A050R001_AUG001,1,2,10295,1,49,300,Straight Leg Calf Raise (aug 1),train,147,aug_1
7496,M001P002A050R002_AUG000,1,2,10296,2,49,300,Straight Leg Calf Raise (aug 0),train,148,aug_0
7497,M001P002A050R002_AUG001,1,2,10297,2,49,300,Straight Leg Calf Raise (aug 1),train,148,aug_1
7498,M001P002A050R003_AUG000,1,2,10298,3,49,300,Straight Leg Calf Raise (aug 0),train,149,aug_0
7499,M001P002A050R003_AUG001,1,2,10299,3,49,300,Straight Leg Calf Raise (aug 1),train,149,aug_1
7500,M001P002A051R001_AUG000,1,2,10300,1,50,300,Squat Jump (aug 0),train,150,aug_0
7501,M001P002A051R001_AUG001,1,2,10301,1,50,300,Squat Jump (aug 1),train,150,aug_1
7502,M001P002A051R002_AUG000,1,2,10302,2,50,300,Squat Jump (aug 0),train,151,aug_0
7503,M001P002A051R002_AUG001,1,2,10303,2,50,300,Squat Jump (aug 1),train,151,aug_1
7504,M001P002A051R003_AUG000,1,2,10304,3,50,300,Squat Jump (aug 0),train,152,aug_0
7505,M001P002A051R003_AUG001,1,2,10305,3,50,300,Squat Jump (aug 1),train,152,aug_1
7506,M001P002A052R001_AUG000,1,2,10306,1,51,300,Squat With Alternate Knee Lift (aug 0),train,153,aug_0
7507,M001P002A052R001_AUG001,1,2,10307,1,51,300,Squat With Alternate Knee Lift (aug 1),train,153,aug_1
7508,M001P002A052R002_AUG000,1,2,10308,2,51,300,Squat With Alternate Knee Lift (aug 0),train,154,aug_0
7509,M001P002A052R002_AUG001,1,2,10309,2,51,300,Squat With Alternate Knee Lift (aug 1),train,154,aug_1
7510,M001P002A052R003_AUG000,1,2,10310,3,51,300,Squat With Alternate Knee Lift (aug 0),train,155,aug_0
7511,M001P002A052R003_AUG001,1,2,10311,3,51,300,Squat With Alternate Knee Lift (aug 1),train,155,aug_1
7512,M001P002A053R001_AUG000,1,2,10312,1,52,300,Standing Alternate Butt Kick (aug 0),train,156,aug_0
7513,M001P002A053R001_AUG001,1,2,10313,1,52,300,Standing Alternate Butt Kick (aug 1),train,156,aug_1
7514,M001P002A053R002_AUG000,1,2,10314,2,52,300,Standing Alternate Butt Kick (aug 0),train,157,aug_0
7515,M001P002A053R002_AUG001,1,2,10315,2,52,300,Standing Alternate Butt Kick (aug 1),train,157,aug_1
7516,M001P002A053R003_AUG000,1,2,10316,3,52,300,Standing Alternate Butt Kick (aug 0),train,158,aug_0
7517,M001P002A053R003_AUG001,1,2,10317,3,52,300,Standing Alternate Butt Kick (aug 1),train,158,aug_1
7518,M001P002A054R001_AUG000,1,2,10318,1,53,300,Knee Warm-up (aug 0),train,159,aug_0
7519,M001P002A054R001_AUG001,1,2,10319,1,53,300,Knee Warm-up (aug 1),train,159,aug_1
7520,M001P002A054R002_AUG000,1,2,10320,2,53,300,Knee Warm-up (aug 0),train,160,aug_0
7521,M001P002A054R002_AUG001,1,2,10321,2,53,300,Knee Warm-up (aug 1),train,160,aug_1
7522,M001P002A054R003_AUG000,1,2,10322,3,53,300,Knee Warm-up (aug 0),train,161,aug_0
7523,M001P002A054R003_AUG001,1,2,10323,3,53,300,Knee Warm-up (aug 1),train,161,aug_1
7524,M001P002A055R001_AUG000,1,2,10324,1,54,300,Butt Kicks (aug 0),train,162,aug_0
7525,M001P002A055R001_AUG001,1,2,10325,1,54,300,Butt Kicks (aug 1),train,162,aug_1
7526,M001P002A055R002_AUG000,1,2,10326,2,54,300,Butt Kicks (aug 0),train,163,aug_0
7527,M001P002A055R002_AUG001,1,2,10327,2,54,300,Butt Kicks (aug 1),train,163,aug_1
7528,M001P002A055R003_AUG000,1,2,10328,3,54,300,Butt Kicks (aug 0),train,164,aug_0
7529,M001P002A055R003_AUG001,1,2,10329,3,54,300,Butt Kicks (aug 1),train,164,aug_1
7530,M001P002A056R001_AUG000,1,2,10330,1,55,300,Jump Left and Right (aug 0),train,165,aug_0
7531,M001P002A056R001_AUG001,1,2,10331,1,55,300,Jump Left and Right (aug 1),train,165,aug_1
7532,M001P002A056R002_AUG000,1,2,10332,2,55,300,Jump Left and Right (aug 0),train,166,aug_0
7533,M001P002A056R002_AUG001,1,2,10333,2,55,300,Jump Left and Right (aug 1),train,166,aug_1
7534,M001P002A056R003_AUG000,1,2,10334,3,55,300,Jump Left and Right (aug 0),train,167,aug_0
7535,M001P002A056R003_AUG001,1,2,10335,3,55,300,Jump Left and Right (aug 1),train,167,aug_1
7536,M001P002A057R001_AUG000,1,2,10336,1,56,300,Jumping Jacks (aug 0),train,168,aug_0
7537,M001P002A057R001_AUG001,1,2,10337,1,56,300,Jumping Jacks (aug 1),train,168,aug_1
7538,M001P002A057R002_AUG000,1,2,10338,2,56,300,Jumping Jacks (aug 0),train,169,aug_0
7539,M001P002A057R002_AUG001,1,2,10339,2,56,300,Jumping Jacks (aug 1),train,169,aug_1
7540,M001P002A057R003_AUG000,1,2,10340,3,56,300,Jumping Jacks (aug 0),train,170,aug_0
7541,M001P002A057R003_AUG001,1,2,10341,3,56,300,Jumping Jacks (aug 1),train,170,aug_1
7542,M001P002A058R001_AUG000,1,2,10342,1,57,300,High Knee (aug 0),train,171,aug_0
7543,M001P002A058R001_AUG001,1,2,10343,1,57,300,High Knee (aug 1),train,171,aug_1
7544,M001P002A058R002_AUG000,1,2,10344,2,57,300,High Knee (aug 0),train,172,aug_0
7545,M001P002A058R002_AUG001,1,2,10345,2,57,300,High Knee (aug 1),train,172,aug_1
7546,M001P002A058R003_AUG000,1,2,10346,3,57,300,High Knee (aug 0),train,173,aug_0
7547,M001P002A058R003_AUG001,1,2,10347,3,57,300,High Knee (aug 1),train,173,aug_1
7548,M001P002A059R001_AUG000,1,2,10348,1,58,300,Clap Jacks (aug 0),train,174,aug_0
7549,M001P002A059R001_AUG001,1,2,10349,1,58,300,Clap Jacks (aug 1),train,174,aug_1
7550,M001P002A059R002_AUG000,1,2,10350,2,58,300,Clap Jacks (aug 0),train,175,aug_0
7551,M001P002A059R002_AUG001,1,2,10351,2,58,300,Clap Jacks (aug 1),train,175,aug_1
7552,M001P002A059R003_AUG000,1,2,10352,3,58,300,Clap Jacks (aug 0),train,176,aug_0
7553,M001P002A059R003_AUG001,1,2,10353,3,58,300,Clap Jacks (aug 1),train,176,aug_1
7554,M001P002A060R001_AUG000,1,2,10354,1,59,300,Run In Place With Arm Swing (aug 0),train,177,aug_0
7555,M001P002A060R001_AUG001,1,2,10355,1,59,300,Run In Place With Arm Swing (aug 1),train,177,aug_1
7556,M001P002A060R002_AUG000,1,2,10356,2,59,300,Run In Place With Arm Swing (aug 0),train,178,aug_0
7557,M001P002A060R002_AUG001,1,2,10357,2,59,300,Run In Place With Arm Swing (aug 1),train,178,aug_1
7558,M001P002A060R003_AUG000,1,2,10358,3,59,300,Run In Place With Arm Swing (aug 0),train,179,aug_0
7559,M001P002A060R003_AUG001,1,2,10359,3,59,300,Run In Place With Arm Swing (aug 1),train,179,aug_1
7560,M001P003A001R001_AUG000,1,3,10360,1,0,300,Svend Press (aug 0),train,180,aug_0
7561,M001P003A001R001_AUG001,1,3,10361,1,0,300,Svend Press (aug 1),train,180,aug_1
7562,M001P003A001R002_AUG000,1,3,10362,2,0,300,Svend Press (aug 0),train,181,aug_0
7563,M001P003A001R002_AUG001,1,3,10363,2,0,300,Svend Press (aug 1),train,181,aug_1
7564,M001P003A001R003_AUG000,1,3,10364,3,0,300,Svend Press (aug 0),train,182,aug_0
7565,M001P003A001R003_AUG001,1,3,10365,3,0,300,Svend Press (aug 1),train,182,aug_1
7566,M001P003A002R001_AUG000,1,3,10366,1,1,300,Kneeling Push-ups (aug 0),train,183,aug_0
7567,M001P003A002R001_AUG001,1,3,10367,1,1,300,Kneeling Push-ups (aug 1),train,183,aug_1
7568,M001P003A002R002_AUG000,1,3,10368,2,1,300,Kneeling Push-ups (aug 0),train,184,aug_0
7569,M001P003A002R002_AUG001,1,3,10369,2,1,300,Kneeling Push-ups (aug 1),train,184,aug_1
7570,M001P003A002R003_AUG000,1,3,10370,3,1,300,Kneeling Push-ups (aug 0),train,185,aug_0
7571,M001P003A002R003_AUG001,1,3,10371,3,1,300,Kneeling Push-ups (aug 1),train,185,aug_1
7572,M001P003A003R001_AUG000,1,3,10372,1,2,300,Standing Straight-arm Chest Press With Resistance Band (aug 0),train,186,aug_0
7573,M001P003A003R001_AUG001,1,3,10373,1,2,300,Standing Straight-arm Chest Press With Resistance Band (aug 1),train,186,aug_1
7574,M001P003A003R002_AUG000,1,3,10374,2,2,300,Standing Straight-arm Chest Press With Resistance Band (aug 0),train,187,aug_0
7575,M001P003A003R002_AUG001,1,3,10375,2,2,300,Standing Straight-arm Chest Press With Resistance Band (aug 1),train,187,aug_1
7576,M001P003A003R003_AUG000,1,3,10376,3,2,300,Standing Straight-arm Chest Press With Resistance Band (aug 0),train,188,aug_0
7577,M001P003A003R003_AUG001,1,3,10377,3,2,300,Standing Straight-arm Chest Press With Resistance Band (aug 1),train,188,aug_1
7578,M001P003A004R001_AUG000,1,3,10378,1,3,300,Small Dumbbell Floor Flies (aug 0),train,189,aug_0
7579,M001P003A004R001_AUG001,1,3,10379,1,3,300,Small Dumbbell Floor Flies (aug 1),train,189,aug_1
7580,M001P003A004R002_AUG000,1,3,10380,2,3,300,Small Dumbbell Floor Flies (aug 0),train,190,aug_0
7581,M001P003A004R002_AUG001,1,3,10381,2,3,300,Small Dumbbell Floor Flies (aug 1),train,190,aug_1
7582,M001P003A004R003_AUG000,1,3,10382,3,3,300,Small Dumbbell Floor Flies (aug 0),train,191,aug_0
7583,M001P003A004R003_AUG001,1,3,10383,3,3,300,Small Dumbbell Floor Flies (aug 1),train,191,aug_1
7584,M001P003A005R001_AUG000,1,3,10384,1,4,300,Chest Fly (aug 0),train,192,aug_0
7585,M001P003A005R001_AUG001,1,3,10385,1,4,300,Chest Fly (aug 1),train,192,aug_1
7586,M001P003A005R002_AUG000,1,3,10386,2,4,300,Chest Fly (aug 0),train,193,aug_0
7587,M001P003A005R002_AUG001,1,3,10387,2,4,300,Chest Fly (aug 1),train,193,aug_1
7588,M001P003A005R003_AUG000,1,3,10388,3,4,300,Chest Fly (aug 0),train,194,aug_0
7589,M001P003A005R003_AUG001,1,3,10389,3,4,300,Chest Fly (aug 1),train,194,aug_1
7590,M001P003A006R001_AUG000,1,3,10390,1,5,300,Push-ups (aug 0),train,195,aug_0
7591,M001P003A006R001_AUG001,1,3,10391,1,5,300,Push-ups (aug 1),train,195,aug_1
7592,M001P003A006R002_AUG000,1,3,10392,2,5,300,Push-ups (aug 0),train,196,aug_0
7593,M001P003A006R002_AUG001,1,3,10393,2,5,300,Push-ups (aug 1),train,196,aug_1
7594,M001P003A006R003_AUG000,1,3,10394,3,5,300,Push-ups (aug 0),train,197,aug_0
7595,M001P003A006R003_AUG001,1,3,10395,3,5,300,Push-ups (aug 1),train,197,aug_1
7596,M001P003A007R001_AUG000,1,3,10396,1,6,300,Bent-over W-shape Stretch (aug 0),train,198,aug_0
7597,M001P003A007R001_AUG001,1,3,10397,1,6,300,Bent-over W-shape Stretch (aug 1),train,198,aug_1
7598,M001P003A007R002_AUG000,1,3,10398,2,6,300,Bent-over W-shape Stretch (aug 0),train,199,aug_0
7599,M001P003A007R002_AUG001,1,3,10399,2,6,300,Bent-over W-shape Stretch (aug 1),train,199,aug_1
7600,M001P003A007R003_AUG000,1,3,10400,3,6,300,Bent-over W-shape Stretch (aug 0),train,200,aug_0
7601,M001P003A007R003_AUG001,1,3,10401,3,6,300,Bent-over W-shape Stretch (aug 1),train,200,aug_1
7602,M001P003A008R001_AUG000,1,3,10402,1,7,300,Bent-over Y-shape Stretch (aug 0),train,201,aug_0
7603,M001P003A008R001_AUG001,1,3,10403,1,7,300,Bent-over Y-shape Stretch (aug 1),train,201,aug_1
7604,M001P003A008R002_AUG000,1,3,10404,2,7,300,Bent-over Y-shape Stretch (aug 0),train,202,aug_0
7605,M001P003A008R002_AUG001,1,3,10405,2,7,300,Bent-over Y-shape Stretch (aug 1),train,202,aug_1
7606,M001P003A008R003_AUG000,1,3,10406,3,7,300,Bent-over Y-shape Stretch (aug 0),train,203,aug_0
7607,M001P003A008R003_AUG001,1,3,10407,3,7,300,Bent-over Y-shape Stretch (aug 1),train,203,aug_1
7608,M001P003A009R001_AUG000,1,3,10408,1,8,300,Bent-over A-shape Stretch (aug 0),train,204,aug_0
7609,M001P003A009R001_AUG001,1,3,10409,1,8,300,Bent-over A-shape Stretch (aug 1),train,204,aug_1
7610,M001P003A009R002_AUG000,1,3,10410,2,8,300,Bent-over A-shape Stretch (aug 0),train,205,aug_0
7611,M001P003A009R002_AUG001,1,3,10411,2,8,300,Bent-over A-shape Stretch (aug 1),train,205,aug_1
7612,M001P003A009R003_AUG000,1,3,10412,3,8,300,Bent-over A-shape Stretch (aug 0),train,206,aug_0
7613,M001P003A009R003_AUG001,1,3,10413,3,8,300,Bent-over A-shape Stretch (aug 1),train,206,aug_1
7614,M001P003A010R001_AUG000,1,3,10414,1,9,300,Squat With Arm Lift (aug 0),train,207,aug_0
7615,M001P003A010R001_AUG001,1,3,10415,1,9,300,Squat With Arm Lift (aug 1),train,207,aug_1
7616,M001P003A010R002_AUG000,1,3,10416,2,9,300,Squat With Arm Lift (aug 0),train,208,aug_0
7617,M001P003A010R002_AUG001,1,3,10417,2,9,300,Squat With Arm Lift (aug 1),train,208,aug_1
7618,M001P003A010R003_AUG000,1,3,10418,3,9,300,Squat With Arm Lift (aug 0),train,209,aug_0
7619,M001P003A010R003_AUG001,1,3,10419,3,9,300,Squat With Arm Lift (aug 1),train,209,aug_1
7620,M001P003A011R001_AUG000,1,3,10420,1,10,300,Breaststroke Arm Pull (aug 0),train,210,aug_0
7621,M001P003A011R001_AUG001,1,3,10421,1,10,300,Breaststroke Arm Pull (aug 1),train,210,aug_1
7622,M001P003A011R002_AUG000,1,3,10422,2,10,300,Breaststroke Arm Pull (aug 0),train,211,aug_0
7623,M001P003A011R002_AUG001,1,3,10423,2,10,300,Breaststroke Arm Pull (aug 1),train,211,aug_1
7624,M001P003A011R003_AUG000,1,3,10424,3,10,300,Breaststroke Arm Pull (aug 0),train,212,aug_0
7625,M001P003A011R003_AUG001,1,3,10425,3,10,300,Breaststroke Arm Pull (aug 1),train,212,aug_1
7626,M001P003A012R001_AUG000,1,3,10426,1,11,300,Prone Y-shape Stretch (aug 0),train,213,aug_0
7627,M001P003A012R001_AUG001,1,3,10427,1,11,300,Prone Y-shape Stretch (aug 1),train,213,aug_1
7628,M001P003A012R002_AUG000,1,3,10428,2,11,300,Prone Y-shape Stretch (aug 0),train,214,aug_0
7629,M001P003A012R002_AUG001,1,3,10429,2,11,300,Prone Y-shape Stretch (aug 1),train,214,aug_1
7630,M001P003A012R003_AUG000,1,3,10430,3,11,300,Prone Y-shape Stretch (aug 0),train,215,aug_0
7631,M001P003A012R003_AUG001,1,3,10431,3,11,300,Prone Y-shape Stretch (aug 1),train,215,aug_1
7632,M001P003A013R001_AUG000,1,3,10432,1,12,300,Lateral Raise Forward Circles (aug 0),train,216,aug_0
7633,M001P003A013R001_AUG001,1,3,10433,1,12,300,Lateral Raise Forward Circles (aug 1),train,216,aug_1
7634,M001P003A013R002_AUG000,1,3,10434,2,12,300,Lateral Raise Forward Circles (aug 0),train,217,aug_0
7635,M001P003A013R002_AUG001,1,3,10435,2,12,300,Lateral Raise Forward Circles (aug 1),train,217,aug_1
7636,M001P003A013R003_AUG000,1,3,10436,3,12,300,Lateral Raise Forward Circles (aug 0),train,218,aug_0
7637,M001P003A013R003_AUG001,1,3,10437,3,12,300,Lateral Raise Forward Circles (aug 1),train,218,aug_1
7638,M001P003A014R001_AUG000,1,3,10438,1,13,300,Lateral Raise Backward Circles (aug 0),train,219,aug_0
7639,M001P003A014R001_AUG001,1,3,10439,1,13,300,Lateral Raise Backward Circles (aug 1),train,219,aug_1
7640,M001P003A014R002_AUG000,1,3,10440,2,13,300,Lateral Raise Backward Circles (aug 0),train,220,aug_0
7641,M001P003A014R002_AUG001,1,3,10441,2,13,300,Lateral Raise Backward Circles (aug 1),train,220,aug_1
7642,M001P003A014R003_AUG000,1,3,10442,3,13,300,Lateral Raise Backward Circles (aug 0),train,221,aug_0
7643,M001P003A014R003_AUG001,1,3,10443,3,13,300,Lateral Raise Backward Circles (aug 1),train,221,aug_1
7644,M001P003A015R001_AUG000,1,3,10444,1,14,300,Lying Shoulder Joint Upward Round (aug 0),train,222,aug_0
7645,M001P003A015R001_AUG001,1,3,10445,1,14,300,Lying Shoulder Joint Upward Round (aug 1),train,222,aug_1
7646,M001P003A015R002_AUG000,1,3,10446,2,14,300,Lying Shoulder Joint Upward Round (aug 0),train,223,aug_0
7647,M001P003A015R002_AUG001,1,3,10447,2,14,300,Lying Shoulder Joint Upward Round (aug 1),train,223,aug_1
7648,M001P003A015R003_AUG000,1,3,10448,3,14,300,Lying Shoulder Joint Upward Round (aug 0),train,224,aug_0
7649,M001P003A015R003_AUG001,1,3,10449,3,14,300,Lying Shoulder Joint Upward Round (aug 1),train,224,aug_1
7650,M001P003A016R001_AUG000,1,3,10450,1,15,300,Lying Shoulder Joint Downward Round (aug 0),train,225,aug_0
7651,M001P003A016R001_AUG001,1,3,10451,1,15,300,Lying Shoulder Joint Downward Round (aug 1),train,225,aug_1
7652,M001P003A016R002_AUG000,1,3,10452,2,15,300,Lying Shoulder Joint Downward Round (aug 0),train,226,aug_0
7653,M001P003A016R002_AUG001,1,3,10453,2,15,300,Lying Shoulder Joint Downward Round (aug 1),train,226,aug_1
7654,M001P003A016R003_AUG000,1,3,10454,3,15,300,Lying Shoulder Joint Downward Round (aug 0),train,227,aug_0
7655,M001P003A016R003_AUG001,1,3,10455,3,15,300,Lying Shoulder Joint Downward Round (aug 1),train,227,aug_1
7656,M001P003A017R001_AUG000,1,3,10456,1,16,300,Bare-handed Full Lateral Raise (aug 0),train,228,aug_0
7657,M001P003A017R001_AUG001,1,3,10457,1,16,300,Bare-handed Full Lateral Raise (aug 1),train,228,aug_1
7658,M001P003A017R002_AUG000,1,3,10458,2,16,300,Bare-handed Full Lateral Raise (aug 0),train,229,aug_0
7659,M001P003A017R002_AUG001,1,3,10459,2,16,300,Bare-handed Full Lateral Raise (aug 1),train,229,aug_1
7660,M001P003A017R003_AUG000,1,3,10460,3,16,300,Bare-handed Full Lateral Raise (aug 0),train,230,aug_0
7661,M001P003A017R003_AUG001,1,3,10461,3,16,300,Bare-handed Full Lateral Raise (aug 1),train,230,aug_1
7662,M001P003A018R001_AUG000,1,3,10462,1,17,300,Bare-handed Cuban Press (aug 0),train,231,aug_0
7663,M001P003A018R001_AUG001,1,3,10463,1,17,300,Bare-handed Cuban Press (aug 1),train,231,aug_1
7664,M001P003A018R002_AUG000,1,3,10464,2,17,300,Bare-handed Cuban Press (aug 0),train,232,aug_0
7665,M001P003A018R002_AUG001,1,3,10465,2,17,300,Bare-handed Cuban Press (aug 1),train,232,aug_1
7666,M001P003A018R003_AUG000,1,3,10466,3,17,300,Bare-handed Cuban Press (aug 0),train,233,aug_0
7667,M001P003A018R003_AUG001,1,3,10467,3,17,300,Bare-handed Cuban Press (aug 1),train,233,aug_1
7668,M001P003A019R001_AUG000,1,3,10468,1,18,300,Fortune Cat (aug 0),train,234,aug_0
7669,M001P003A019R001_AUG001,1,3,10469,1,18,300,Fortune Cat (aug 1),train,234,aug_1
7670,M001P003A019R002_AUG000,1,3,10470,2,18,300,Fortune Cat (aug 0),train,235,aug_0
7671,M001P003A019R002_AUG001,1,3,10471,2,18,300,Fortune Cat (aug 1),train,235,aug_1
7672,M001P003A019R003_AUG000,1,3,10472,3,18,300,Fortune Cat (aug 0),train,236,aug_0
7673,M001P003A019R003_AUG001,1,3,10473,3,18,300,Fortune Cat (aug 1),train,236,aug_1
7674,M001P003A020R001_AUG000,1,3,10474,1,19,300,Dumbbell Curls (aug 0),train,237,aug_0
7675,M001P003A020R001_AUG001,1,3,10475,1,19,300,Dumbbell Curls (aug 1),train,237,aug_1
7676,M001P003A020R002_AUG000,1,3,10476,2,19,300,Dumbbell Curls (aug 0),train,238,aug_0
7677,M001P003A020R002_AUG001,1,3,10477,2,19,300,Dumbbell Curls (aug 1),train,238,aug_1
7678,M001P003A020R003_AUG000,1,3,10478,3,19,300,Dumbbell Curls (aug 0),train,239,aug_0
7679,M001P003A020R003_AUG001,1,3,10479,3,19,300,Dumbbell Curls (aug 1),train,239,aug_1
7680,M001P003A021R001_AUG000,1,3,10480,1,20,300,Alternate Dumbbell Curls (aug 0),train,240,aug_0
7681,M001P003A021R001_AUG001,1,3,10481,1,20,300,Alternate Dumbbell Curls (aug 1),train,240,aug_1
7682,M001P003A021R002_AUG000,1,3,10482,2,20,300,Alternate Dumbbell Curls (aug 0),train,241,aug_0
7683,M001P003A021R002_AUG001,1,3,10483,2,20,300,Alternate Dumbbell Curls (aug 1),train,241,aug_1
7684,M001P003A021R003_AUG000,1,3,10484,3,20,300,Alternate Dumbbell Curls (aug 0),train,242,aug_0
7685,M001P003A021R003_AUG001,1,3,10485,3,20,300,Alternate Dumbbell Curls (aug 1),train,242,aug_1
7686,M001P003A022R001_AUG000,1,3,10486,1,21,300,Right-side Kettlebell Bent-over Row (aug 0),train,243,aug_0
7687,M001P003A022R001_AUG001,1,3,10487,1,21,300,Right-side Kettlebell Bent-over Row (aug 1),train,243,aug_1
7688,M001P003A022R002_AUG000,1,3,10488,2,21,300,Right-side Kettlebell Bent-over Row (aug 0),train,244,aug_0
7689,M001P003A022R002_AUG001,1,3,10489,2,21,300,Right-side Kettlebell Bent-over Row (aug 1),train,244,aug_1
7690,M001P003A022R003_AUG000,1,3,10490,3,21,300,Right-side Kettlebell Bent-over Row (aug 0),train,245,aug_0
7691,M001P003A022R003_AUG001,1,3,10491,3,21,300,Right-side Kettlebell Bent-over Row (aug 1),train,245,aug_1
7692,M001P003A023R001_AUG000,1,3,10492,1,22,300,Wrist Joint Warm-up (aug 0),train,246,aug_0
7693,M001P003A023R001_AUG001,1,3,10493,1,22,300,Wrist Joint Warm-up (aug 1),train,246,aug_1
7694,M001P003A023R002_AUG000,1,3,10494,2,22,300,Wrist Joint Warm-up (aug 0),train,247,aug_0
7695,M001P003A023R002_AUG001,1,3,10495,2,22,300,Wrist Joint Warm-up (aug 1),train,247,aug_1
7696,M001P003A023R003_AUG000,1,3,10496,3,22,300,Wrist Joint Warm-up (aug 0),train,248,aug_0
7697,M001P003A023R003_AUG001,1,3,10497,3,22,300,Wrist Joint Warm-up (aug 1),train,248,aug_1
7698,M001P003A024R001_AUG000,1,3,10498,1,23,300,Right-side Bent-over Tricep Extension With Resistance Band (aug 0),train,249,aug_0
7699,M001P003A024R001_AUG001,1,3,10499,1,23,300,Right-side Bent-over Tricep Extension With Resistance Band (aug 1),train,249,aug_1
7700,M001P003A024R002_AUG000,1,3,10500,2,23,300,Right-side Bent-over Tricep Extension With Resistance Band (aug 0),train,250,aug_0
7701,M001P003A024R002_AUG001,1,3,10501,2,23,300,Right-side Bent-over Tricep Extension With Resistance Band (aug 1),train,250,aug_1
7702,M001P003A024R003_AUG000,1,3,10502,3,23,300,Right-side Bent-over Tricep Extension With Resistance Band (aug 0),train,251,aug_0
7703,M001P003A024R003_AUG001,1,3,10503,3,23,300,Right-side Bent-over Tricep Extension With Resistance Band (aug 1),train,251,aug_1
7704,M001P003A025R001_AUG000,1,3,10504,1,24,300,Bent-over Dumbbell Tricep Extension (aug 0),train,252,aug_0
7705,M001P003A025R001_AUG001,1,3,10505,1,24,300,Bent-over Dumbbell Tricep Extension (aug 1),train,252,aug_1
7706,M001P003A025R002_AUG000,1,3,10506,2,24,300,Bent-over Dumbbell Tricep Extension (aug 0),train,253,aug_0
7707,M001P003A025R002_AUG001,1,3,10507,2,24,300,Bent-over Dumbbell Tricep Extension (aug 1),train,253,aug_1
7708,M001P003A025R003_AUG000,1,3,10508,3,24,300,Bent-over Dumbbell Tricep Extension (aug 0),train,254,aug_0
7709,M001P003A025R003_AUG001,1,3,10509,3,24,300,Bent-over Dumbbell Tricep Extension (aug 1),train,254,aug_1
7710,M001P003A026R001_AUG000,1,3,10510,1,25,300,Nod And Raise Head (aug 0),train,255,aug_0
7711,M001P003A026R001_AUG001,1,3,10511,1,25,300,Nod And Raise Head (aug 1),train,255,aug_1
7712,M001P003A026R002_AUG000,1,3,10512,2,25,300,Nod And Raise Head (aug 0),train,256,aug_0
7713,M001P003A026R002_AUG001,1,3,10513,2,25,300,Nod And Raise Head (aug 1),train,256,aug_1
7714,M001P003A026R003_AUG000,1,3,10514,3,25,300,Nod And Raise Head (aug 0),train,257,aug_0
7715,M001P003A026R003_AUG001,1,3,10515,3,25,300,Nod And Raise Head (aug 1),train,257,aug_1
7716,M001P003A027R001_AUG000,1,3,10516,1,26,300,Two-way Head Turn (aug 0),train,258,aug_0
7717,M001P003A027R001_AUG001,1,3,10517,1,26,300,Two-way Head Turn (aug 1),train,258,aug_1
7718,M001P003A027R002_AUG000,1,3,10518,2,26,300,Two-way Head Turn (aug 0),train,259,aug_0
7719,M001P003A027R002_AUG001,1,3,10519,2,26,300,Two-way Head Turn (aug 1),train,259,aug_1
7720,M001P003A027R003_AUG000,1,3,10520,3,26,300,Two-way Head Turn (aug 0),train,260,aug_0
7721,M001P003A027R003_AUG001,1,3,10521,3,26,300,Two-way Head Turn (aug 1),train,260,aug_1
7722,M001P003A028R001_AUG000,1,3,10522,1,27,300,Shrug And Sink The Shoulders (aug 0),train,261,aug_0
7723,M001P003A028R001_AUG001,1,3,10523,1,27,300,Shrug And Sink The Shoulders (aug 1),train,261,aug_1
7724,M001P003A028R002_AUG000,1,3,10524,2,27,300,Shrug And Sink The Shoulders (aug 0),train,262,aug_0
7725,M001P003A028R002_AUG001,1,3,10525,2,27,300,Shrug And Sink The Shoulders (aug 1),train,262,aug_1
7726,M001P003A028R003_AUG000,1,3,10526,3,27,300,Shrug And Sink The Shoulders (aug 0),train,263,aug_0
7727,M001P003A028R003_AUG001,1,3,10527,3,27,300,Shrug And Sink The Shoulders (aug 1),train,263,aug_1
7728,M001P003A029R001_AUG000,1,3,10528,1,28,300,Four-way Nod Head (aug 0),train,264,aug_0
7729,M001P003A029R001_AUG001,1,3,10529,1,28,300,Four-way Nod Head (aug 1),train,264,aug_1
7730,M001P003A029R002_AUG000,1,3,10530,2,28,300,Four-way Nod Head (aug 0),train,265,aug_0
7731,M001P003A029R002_AUG001,1,3,10531,2,28,300,Four-way Nod Head (aug 1),train,265,aug_1
7732,M001P003A029R003_AUG000,1,3,10532,3,28,300,Four-way Nod Head (aug 0),train,266,aug_0
7733,M001P003A029R003_AUG001,1,3,10533,3,28,300,Four-way Nod Head (aug 1),train,266,aug_1
7734,M001P003A030R001_AUG000,1,3,10534,1,29,300,Lying Alternate Upper-half Leg Raise (aug 0),train,267,aug_0
7735,M001P003A030R001_AUG001,1,3,10535,1,29,300,Lying Alternate Upper-half Leg Raise (aug 1),train,267,aug_1
7736,M001P003A030R002_AUG000,1,3,10536,2,29,300,Lying Alternate Upper-half Leg Raise (aug 0),train,268,aug_0
7737,M001P003A030R002_AUG001,1,3,10537,2,29,300,Lying Alternate Upper-half Leg Raise (aug 1),train,268,aug_1
7738,M001P003A030R003_AUG000,1,3,10538,3,29,300,Lying Alternate Upper-half Leg Raise (aug 0),train,269,aug_0
7739,M001P003A030R003_AUG001,1,3,10539,3,29,300,Lying Alternate Upper-half Leg Raise (aug 1),train,269,aug_1
7740,M001P003A031R001_AUG000,1,3,10540,1,30,300,Half Roll Back (aug 0),train,270,aug_0
7741,M001P003A031R001_AUG001,1,3,10541,1,30,300,Half Roll Back (aug 1),train,270,aug_1
7742,M001P003A031R002_AUG000,1,3,10542,2,30,300,Half Roll Back (aug 0),train,271,aug_0
7743,M001P003A031R002_AUG001,1,3,10543,2,30,300,Half Roll Back (aug 1),train,271,aug_1
7744,M001P003A031R003_AUG000,1,3,10544,3,30,300,Half Roll Back (aug 0),train,272,aug_0
7745,M001P003A031R003_AUG001,1,3,10545,3,30,300,Half Roll Back (aug 1),train,272,aug_1
7746,M001P003A032R001_AUG000,1,3,10546,1,31,300,Kneeling Right-side Torso Twist (aug 0),train,273,aug_0
7747,M001P003A032R001_AUG001,1,3,10547,1,31,300,Kneeling Right-side Torso Twist (aug 1),train,273,aug_1
7748,M001P003A032R002_AUG000,1,3,10548,2,31,300,Kneeling Right-side Torso Twist (aug 0),train,274,aug_0
7749,M001P003A032R002_AUG001,1,3,10549,2,31,300,Kneeling Right-side Torso Twist (aug 1),train,274,aug_1
7750,M001P003A032R003_AUG000,1,3,10550,3,31,300,Kneeling Right-side Torso Twist (aug 0),train,275,aug_0
7751,M001P003A032R003_AUG001,1,3,10551,3,31,300,Kneeling Right-side Torso Twist (aug 1),train,275,aug_1
7752,M001P003A033R001_AUG000,1,3,10552,1,32,300,Left-side Knee Raise And Abdominal Muscles Contract (aug 0),train,276,aug_0
7753,M001P003A033R001_AUG001,1,3,10553,1,32,300,Left-side Knee Raise And Abdominal Muscles Contract (aug 1),train,276,aug_1
7754,M001P003A033R002_AUG000,1,3,10554,2,32,300,Left-side Knee Raise And Abdominal Muscles Contract (aug 0),train,277,aug_0
7755,M001P003A033R002_AUG001,1,3,10555,2,32,300,Left-side Knee Raise And Abdominal Muscles Contract (aug 1),train,277,aug_1
7756,M001P003A033R003_AUG000,1,3,10556,3,32,300,Left-side Knee Raise And Abdominal Muscles Contract (aug 0),train,278,aug_0
7757,M001P003A033R003_AUG001,1,3,10557,3,32,300,Left-side Knee Raise And Abdominal Muscles Contract (aug 1),train,278,aug_1
7758,M001P003A034R001_AUG000,1,3,10558,1,33,300,Kneeling Right Leg Backward Stretch (aug 0),train,279,aug_0
7759,M001P003A034R001_AUG001,1,3,10559,1,33,300,Kneeling Right Leg Backward Stretch (aug 1),train,279,aug_1
7760,M001P003A034R002_AUG000,1,3,10560,2,33,300,Kneeling Right Leg Backward Stretch (aug 0),train,280,aug_0
7761,M001P003A034R002_AUG001,1,3,10561,2,33,300,Kneeling Right Leg Backward Stretch (aug 1),train,280,aug_1
7762,M001P003A034R003_AUG000,1,3,10562,3,33,300,Kneeling Right Leg Backward Stretch (aug 0),train,281,aug_0
7763,M001P003A034R003_AUG001,1,3,10563,3,33,300,Kneeling Right Leg Backward Stretch (aug 1),train,281,aug_1
7764,M001P003A035R001_AUG000,1,3,10564,1,34,300,Kneeling Right Arm Raise (aug 0),train,282,aug_0
7765,M001P003A035R001_AUG001,1,3,10565,1,34,300,Kneeling Right Arm Raise (aug 1),train,282,aug_1
7766,M001P003A035R002_AUG000,1,3,10566,2,34,300,Kneeling Right Arm Raise (aug 0),train,283,aug_0
7767,M001P003A035R002_AUG001,1,3,10567,2,34,300,Kneeling Right Arm Raise (aug 1),train,283,aug_1
7768,M001P003A035R003_AUG000,1,3,10568,3,34,300,Kneeling Right Arm Raise (aug 0),train,284,aug_0
7769,M001P003A035R003_AUG001,1,3,10569,3,34,300,Kneeling Right Arm Raise (aug 1),train,284,aug_1
7770,M001P003A036R001_AUG000,1,3,10570,1,35,300,Shoulder Bridge (aug 0),train,285,aug_0
7771,M001P003A036R001_AUG001,1,3,10571,1,35,300,Shoulder Bridge (aug 1),train,285,aug_1
7772,M001P003A036R002_AUG000,1,3,10572,2,35,300,Shoulder Bridge (aug 0),train,286,aug_0
7773,M001P003A036R002_AUG001,1,3,10573,2,35,300,Shoulder Bridge (aug 1),train,286,aug_1
7774,M001P003A036R003_AUG000,1,3,10574,3,35,300,Shoulder Bridge (aug 0),train,287,aug_0
7775,M001P003A036R003_AUG001,1,3,10575,3,35,300,Shoulder Bridge (aug 1),train,287,aug_1
7776,M001P003A037R001_AUG000,1,3,10576,1,36,300,Prone Press-ups (aug 0),train,288,aug_0
7777,M001P003A037R001_AUG001,1,3,10577,1,36,300,Prone Press-ups (aug 1),train,288,aug_1
7778,M001P003A037R002_AUG000,1,3,10578,2,36,300,Prone Press-ups (aug 0),train,289,aug_0
7779,M001P003A037R002_AUG001,1,3,10579,2,36,300,Prone Press-ups (aug 1),train,289,aug_1
7780,M001P003A037R003_AUG000,1,3,10580,3,36,300,Prone Press-ups (aug 0),train,290,aug_0
7781,M001P003A037R003_AUG001,1,3,10581,3,36,300,Prone Press-ups (aug 1),train,290,aug_1
7782,M001P003A038R001_AUG000,1,3,10582,1,37,300,Bent-over Torso Rotation (aug 0),train,291,aug_0
7783,M001P003A038R001_AUG001,1,3,10583,1,37,300,Bent-over Torso Rotation (aug 1),train,291,aug_1
7784,M001P003A038R002_AUG000,1,3,10584,2,37,300,Bent-over Torso Rotation (aug 0),train,292,aug_0
7785,M001P003A038R002_AUG001,1,3,10585,2,37,300,Bent-over Torso Rotation (aug 1),train,292,aug_1
7786,M001P003A038R003_AUG000,1,3,10586,3,37,300,Bent-over Torso Rotation (aug 0),train,293,aug_0
7787,M001P003A038R003_AUG001,1,3,10587,3,37,300,Bent-over Torso Rotation (aug 1),train,293,aug_1
7788,M001P003A039R001_AUG000,1,3,10588,1,38,300,Lying Arm Pull (aug 0),train,294,aug_0
7789,M001P003A039R001_AUG001,1,3,10589,1,38,300,Lying Arm Pull (aug 1),train,294,aug_1
7790,M001P003A039R002_AUG000,1,3,10590,2,38,300,Lying Arm Pull (aug 0),train,295,aug_0
7791,M001P003A039R002_AUG001,1,3,10591,2,38,300,Lying Arm Pull (aug 1),train,295,aug_1
7792,M001P003A039R003_AUG000,1,3,10592,3,38,300,Lying Arm Pull (aug 0),train,296,aug_0
7793,M001P003A039R003_AUG001,1,3,10593,3,38,300,Lying Arm Pull (aug 1),train,296,aug_1
7794,M001P003A040R001_AUG000,1,3,10594,1,39,300,Prone Press Up With Torso Rotation (aug 0),train,297,aug_0
7795,M001P003A040R001_AUG001,1,3,10595,1,39,300,Prone Press Up With Torso Rotation (aug 1),train,297,aug_1
7796,M001P003A040R002_AUG000,1,3,10596,2,39,300,Prone Press Up With Torso Rotation (aug 0),train,298,aug_0
7797,M001P003A040R002_AUG001,1,3,10597,2,39,300,Prone Press Up With Torso Rotation (aug 1),train,298,aug_1
7798,M001P003A040R003_AUG000,1,3,10598,3,39,300,Prone Press Up With Torso Rotation (aug 0),train,299,aug_0
7799,M001P003A040R003_AUG001,1,3,10599,3,39,300,Prone Press Up With Torso Rotation (aug 1),train,299,aug_1
7800,M001P003A041R001_AUG000,1,3,10600,1,40,300,Breaststroke Push-ups (aug 0),train,300,aug_0
7801,M001P003A041R001_AUG001,1,3,10601,1,40,300,Breaststroke Push-ups (aug 1),train,300,aug_1
7802,M001P003A041R002_AUG000,1,3,10602,2,40,300,Breaststroke Push-ups (aug 0),train,301,aug_0
7803,M001P003A041R002_AUG001,1,3,10603,2,40,300,Breaststroke Push-ups (aug 1),train,301,aug_1
7804,M001P003A041R003_AUG000,1,3,10604,3,40,300,Breaststroke Push-ups (aug 0),train,302,aug_0
7805,M001P003A041R003_AUG001,1,3,10605,3,40,300,Breaststroke Push-ups (aug 1),train,302,aug_1
7806,M001P003A042R001_AUG000,1,3,10606,1,41,300,Sit-ups (aug 0),train,303,aug_0
7807,M001P003A042R001_AUG001,1,3,10607,1,41,300,Sit-ups (aug 1),train,303,aug_1
7808,M001P003A042R002_AUG000,1,3,10608,2,41,300,Sit-ups (aug 0),train,304,aug_0
7809,M001P003A042R002_AUG001,1,3,10609,2,41,300,Sit-ups (aug 1),train,304,aug_1
7810,M001P003A042R003_AUG000,1,3,10610,3,41,300,Sit-ups (aug 0),train,305,aug_0
7811,M001P003A042R003_AUG001,1,3,10611,3,41,300,Sit-ups (aug 1),train,305,aug_1
7812,M001P003A043R001_AUG000,1,3,10612,1,42,300,Side-lying Left Leg Forward Raise (aug 0),train,306,aug_0
7813,M001P003A043R001_AUG001,1,3,10613,1,42,300,Side-lying Left Leg Forward Raise (aug 1),train,306,aug_1
7814,M001P003A043R002_AUG000,1,3,10614,2,42,300,Side-lying Left Leg Forward Raise (aug 0),train,307,aug_0
7815,M001P003A043R002_AUG001,1,3,10615,2,42,300,Side-lying Left Leg Forward Raise (aug 1),train,307,aug_1
7816,M001P003A043R003_AUG000,1,3,10616,3,42,300,Side-lying Left Leg Forward Raise (aug 0),train,308,aug_0
7817,M001P003A043R003_AUG001,1,3,10617,3,42,300,Side-lying Left Leg Forward Raise (aug 1),train,308,aug_1
7818,M001P003A044R001_AUG000,1,3,10618,1,43,300,Right Leg Reverse Lunge (aug 0),train,309,aug_0
7819,M001P003A044R001_AUG001,1,3,10619,1,43,300,Right Leg Reverse Lunge (aug 1),train,309,aug_1
7820,M001P003A044R002_AUG000,1,3,10620,2,43,300,Right Leg Reverse Lunge (aug 0),train,310,aug_0
7821,M001P003A044R002_AUG001,1,3,10621,2,43,300,Right Leg Reverse Lunge (aug 1),train,310,aug_1
7822,M001P003A044R003_AUG000,1,3,10622,3,43,300,Right Leg Reverse Lunge (aug 0),train,311,aug_0
7823,M001P003A044R003_AUG001,1,3,10623,3,43,300,Right Leg Reverse Lunge (aug 1),train,311,aug_1
7824,M001P003A045R001_AUG000,1,3,10624,1,44,300,Kneeling Left Knee Lift (aug 0),train,312,aug_0
7825,M001P003A045R001_AUG001,1,3,10625,1,44,300,Kneeling Left Knee Lift (aug 1),train,312,aug_1
7826,M001P003A045R002_AUG000,1,3,10626,2,44,300,Kneeling Left Knee Lift (aug 0),train,313,aug_0
7827,M001P003A045R002_AUG001,1,3,10627,2,44,300,Kneeling Left Knee Lift (aug 1),train,313,aug_1
7828,M001P003A045R003_AUG000,1,3,10628,3,44,300,Kneeling Left Knee Lift (aug 0),train,314,aug_0
7829,M001P003A045R003_AUG001,1,3,10629,3,44,300,Kneeling Left Knee Lift (aug 1),train,314,aug_1
7830,M001P003A046R001_AUG000,1,3,10630,1,45,300,Alternate Reverse Lunge (aug 0),train,315,aug_0
7831,M001P003A046R001_AUG001,1,3,10631,1,45,300,Alternate Reverse Lunge (aug 1),train,315,aug_1
7832,M001P003A046R002_AUG000,1,3,10632,2,45,300,Alternate Reverse Lunge (aug 0),train,316,aug_0
7833,M001P003A046R002_AUG001,1,3,10633,2,45,300,Alternate Reverse Lunge (aug 1),train,316,aug_1
7834,M001P003A046R003_AUG000,1,3,10634,3,45,300,Alternate Reverse Lunge (aug 0),train,317,aug_0
7835,M001P003A046R003_AUG001,1,3,10635,3,45,300,Alternate Reverse Lunge (aug 1),train,317,aug_1
7836,M001P003A047R001_AUG000,1,3,10636,1,46,300,Side-lying Right Leg Backward Kick (aug 0),train,318,aug_0
7837,M001P003A047R001_AUG001,1,3,10637,1,46,300,Side-lying Right Leg Backward Kick (aug 1),train,318,aug_1
7838,M001P003A047R002_AUG000,1,3,10638,2,46,300,Side-lying Right Leg Backward Kick (aug 0),train,319,aug_0
7839,M001P003A047R002_AUG001,1,3,10639,2,46,300,Side-lying Right Leg Backward Kick (aug 1),train,319,aug_1
7840,M001P003A047R003_AUG000,1,3,10640,3,46,300,Side-lying Right Leg Backward Kick (aug 0),train,320,aug_0
7841,M001P003A047R003_AUG001,1,3,10641,3,46,300,Side-lying Right Leg Backward Kick (aug 1),train,320,aug_1
7842,M001P003A048R001_AUG000,1,3,10642,1,47,300,Left Leg Lunge With Knee Lift (aug 0),train,321,aug_0
7843,M001P003A048R001_AUG001,1,3,10643,1,47,300,Left Leg Lunge With Knee Lift (aug 1),train,321,aug_1
7844,M001P003A048R002_AUG000,1,3,10644,2,47,300,Left Leg Lunge With Knee Lift (aug 0),train,322,aug_0
7845,M001P003A048R002_AUG001,1,3,10645,2,47,300,Left Leg Lunge With Knee Lift (aug 1),train,322,aug_1
7846,M001P003A048R003_AUG000,1,3,10646,3,47,300,Left Leg Lunge With Knee Lift (aug 0),train,323,aug_0
7847,M001P003A048R003_AUG001,1,3,10647,3,47,300,Left Leg Lunge With Knee Lift (aug 1),train,323,aug_1
7848,M001P003A049R001_AUG000,1,3,10648,1,48,300,Sumo Squat (aug 0),train,324,aug_0
7849,M001P003A049R001_AUG001,1,3,10649,1,48,300,Sumo Squat (aug 1),train,324,aug_1
7850,M001P003A049R002_AUG000,1,3,10650,2,48,300,Sumo Squat (aug 0),train,325,aug_0
7851,M001P003A049R002_AUG001,1,3,10651,2,48,300,Sumo Squat (aug 1),train,325,aug_1
7852,M001P003A049R003_AUG000,1,3,10652,3,48,300,Sumo Squat (aug 0),train,326,aug_0
7853,M001P003A049R003_AUG001,1,3,10653,3,48,300,Sumo Squat (aug 1),train,326,aug_1
7854,M001P003A050R001_AUG000,1,3,10654,1,49,300,Straight Leg Calf Raise (aug 0),train,327,aug_0
7855,M001P003A050R001_AUG001,1,3,10655,1,49,300,Straight Leg Calf Raise (aug 1),train,327,aug_1
7856,M001P003A050R002_AUG000,1,3,10656,2,49,300,Straight Leg Calf Raise (aug 0),train,328,aug_0
7857,M001P003A050R002_AUG001,1,3,10657,2,49,300,Straight Leg Calf Raise (aug 1),train,328,aug_1
7858,M001P003A050R003_AUG000,1,3,10658,3,49,300,Straight Leg Calf Raise (aug 0),train,329,aug_0
7859,M001P003A050R003_AUG001,1,3,10659,3,49,300,Straight Leg Calf Raise (aug 1),train,329,aug_1
7860,M001P003A051R001_AUG000,1,3,10660,1,50,300,Squat Jump (aug 0),train,330,aug_0
7861,M001P003A051R001_AUG001,1,3,10661,1,50,300,Squat Jump (aug 1),train,330,aug_1
7862,M001P003A051R002_AUG000,1,3,10662,2,50,300,Squat Jump (aug 0),train,331,aug_0
7863,M001P003A051R002_AUG001,1,3,10663,2,50,300,Squat Jump (aug 1),train,331,aug_1
7864,M001P003A051R003_AUG000,1,3,10664,3,50,300,Squat Jump (aug 0),train,332,aug_0
7865,M001P003A051R003_AUG001,1,3,10665,3,50,300,Squat Jump (aug 1),train,332,aug_1
7866,M001P003A052R001_AUG000,1,3,10666,1,51,300,Squat With Alternate Knee Lift (aug 0),train,333,aug_0
7867,M001P003A052R001_AUG001,1,3,10667,1,51,300,Squat With Alternate Knee Lift (aug 1),train,333,aug_1
7868,M001P003A052R002_AUG000,1,3,10668,2,51,300,Squat With Alternate Knee Lift (aug 0),train,334,aug_0
7869,M001P003A052R002_AUG001,1,3,10669,2,51,300,Squat With Alternate Knee Lift (aug 1),train,334,aug_1
7870,M001P003A052R003_AUG000,1,3,10670,3,51,300,Squat With Alternate Knee Lift (aug 0),train,335,aug_0
7871,M001P003A052R003_AUG001,1,3,10671,3,51,300,Squat With Alternate Knee Lift (aug 1),train,335,aug_1
7872,M001P003A053R001_AUG000,1,3,10672,1,52,300,Standing Alternate Butt Kick (aug 0),train,336,aug_0
7873,M001P003A053R001_AUG001,1,3,10673,1,52,300,Standing Alternate Butt Kick (aug 1),train,336,aug_1
7874,M001P003A053R002_AUG000,1,3,10674,2,52,300,Standing Alternate Butt Kick (aug 0),train,337,aug_0
7875,M001P003A053R002_AUG001,1,3,10675,2,52,300,Standing Alternate Butt Kick (aug 1),train,337,aug_1
7876,M001P003A053R003_AUG000,1,3,10676,3,52,300,Standing Alternate Butt Kick (aug 0),train,338,aug_0
7877,M001P003A053R003_AUG001,1,3,10677,3,52,300,Standing Alternate Butt Kick (aug 1),train,338,aug_1
7878,M001P003A054R001_AUG000,1,3,10678,1,53,300,Knee Warm-up (aug 0),train,339,aug_0
7879,M001P003A054R001_AUG001,1,3,10679,1,53,300,Knee Warm-up (aug 1),train,339,aug_1
7880,M001P003A054R002_AUG000,1,3,10680,2,53,300,Knee Warm-up (aug 0),train,340,aug_0
7881,M001P003A054R002_AUG001,1,3,10681,2,53,300,Knee Warm-up (aug 1),train,340,aug_1
7882,M001P003A054R003_AUG000,1,3,10682,3,53,300,Knee Warm-up (aug 0),train,341,aug_0
7883,M001P003A054R003_AUG001,1,3,10683,3,53,300,Knee Warm-up (aug 1),train,341,aug_1
7884,M001P003A055R001_AUG000,1,3,10684,1,54,300,Butt Kicks (aug 0),train,342,aug_0
7885,M001P003A055R001_AUG001,1,3,10685,1,54,300,Butt Kicks (aug 1),train,342,aug_1
7886,M001P003A055R002_AUG000,1,3,10686,2,54,300,Butt Kicks (aug 0),train,343,aug_0
7887,M001P003A055R002_AUG001,1,3,10687,2,54,300,Butt Kicks (aug 1),train,343,aug_1
7888,M001P003A055R003_AUG000,1,3,10688,3,54,300,Butt Kicks (aug 0),train,344,aug_0
7889,M001P003A055R003_AUG001,1,3,10689,3,54,300,Butt Kicks (aug 1),train,344,aug_1
7890,M001P003A056R001_AUG000,1,3,10690,1,55,300,Jump Left and Right (aug 0),train,345,aug_0
7891,M001P003A056R001_AUG001,1,3,10691,1,55,300,Jump Left and Right (aug 1),train,345,aug_1
7892,M001P003A056R002_AUG000,1,3,10692,2,55,300,Jump Left and Right (aug 0),train,346,aug_0
7893,M001P003A056R002_AUG001,1,3,10693,2,55,300,Jump Left and Right (aug 1),train,346,aug_1
7894,M001P003A056R003_AUG000,1,3,10694,3,55,300,Jump Left and Right (aug 0),train,347,aug_0
7895,M001P003A056R003_AUG001,1,3,10695,3,55,300,Jump Left and Right (aug 1),train,347,aug_1
7896,M001P003A057R001_AUG000,1,3,10696,1,56,300,Jumping Jacks (aug 0),train,348,aug_0
7897,M001P003A057R001_AUG001,1,3,10697,1,56,300,Jumping Jacks (aug 1),train,348,aug_1
7898,M001P003A057R002_AUG000,1,3,10698,2,56,300,Jumping Jacks (aug 0),train,349,aug_0
7899,M001P003A057R002_AUG001,1,3,10699,2,56,300,Jumping Jacks (aug 1),train,349,aug_1
7900,M001P003A057R003_AUG000,1,3,10700,3,56,300,Jumping Jacks (aug 0),train,350,aug_0
7901,M001P003A057R003_AUG001,1,3,10701,3,56,300,Jumping Jacks (aug 1),train,350,aug_1
7902,M001P003A058R001_AUG000,1,3,10702,1,57,300,High Knee (aug 0),train,351,aug_0
7903,M001P003A058R001_AUG001,1,3,10703,1,57,300,High Knee (aug 1),train,351,aug_1
7904,M001P003A058R002_AUG000,1,3,10704,2,57,300,High Knee (aug 0),train,352,aug_0
7905,M001P003A058R002_AUG001,1,3,10705,2,57,300,High Knee (aug 1),train,352,aug_1
7906,M001P003A058R003_AUG000,1,3,10706,3,57,300,High Knee (aug 0),train,353,aug_0
7907,M001P003A058R003_AUG001,1,3,10707,3,57,300,High Knee (aug 1),train,353,aug_1
7908,M001P003A059R001_AUG000,1,3,10708,1,58,300,Clap Jacks (aug 0),train,354,aug_0
7909,M001P003A059R001_AUG001,1,3,10709,1,58,300,Clap Jacks (aug 1),train,354,aug_1
7910,M001P003A059R002_AUG000,1,3,10710,2,58,300,Clap Jacks (aug 0),train,355,aug_0
7911,M001P003A059R002_AUG001,1,3,10711,2,58,300,Clap Jacks (aug 1),train,355,aug_1
7912,M001P003A059R003_AUG000,1,3,10712,3,58,300,Clap Jacks (aug 0),train,356,aug_0
7913,M001P003A059R003_AUG001,1,3,10713,3,58,300,Clap Jacks (aug 1),train,356,aug_1
7914,M001P003A060R001_AUG000,1,3,10714,1,59,300,Run In Place With Arm Swing (aug 0),train,357,aug_0
7915,M001P003A060R001_AUG001,1,3,10715,1,59,300,Run In Place With Arm Swing (aug 1),train,357,aug_1
7916,M001P003A060R002_AUG000,1,3,10716,2,59,300,Run In Place With Arm Swing (aug 0),train,358,aug_0
7917,M001P003A060R002_AUG001,1,3,10717,2,59,300,Run In Place With Arm Swing (aug 1),train,358,aug_1
7918,M001P003A060R003_AUG000,1,3,10718,3,59,300,Run In Place With Arm Swing (aug 0),train,359,aug_0
7919,M001P003A060R003_AUG001,1,3,10719,3,59,300,Run In Place With Arm Swing (aug 1),train,359,aug_1
7920,M001P004A001R001_AUG000,1,4,10720,1,0,300,Svend Press (aug 0),train,360,aug_0
7921,M001P004A001R001_AUG001,1,4,10721,1,0,300,Svend Press (aug 1),train,360,aug_1
7922,M001P004A001R002_AUG000,1,4,10722,2,0,300,Svend Press (aug 0),train,361,aug_0
7923,M001P004A001R002_AUG001,1,4,10723,2,0,300,Svend Press (aug 1),train,361,aug_1
7924,M001P004A001R003_AUG000,1,4,10724,3,0,300,Svend Press (aug 0),train,362,aug_0
7925,M001P004A001R003_AUG001,1,4,10725,3,0,300,Svend Press (aug 1),train,362,aug_1
7926,M001P004A002R001_AUG000,1,4,10726,1,1,300,Kneeling Push-ups (aug 0),train,363,aug_0
7927,M001P004A002R001_AUG001,1,4,10727,1,1,300,Kneeling Push-ups (aug 1),train,363,aug_1
7928,M001P004A002R002_AUG000,1,4,10728,2,1,300,Kneeling Push-ups (aug 0),train,364,aug_0
7929,M001P004A002R002_AUG001,1,4,10729,2,1,300,Kneeling Push-ups (aug 1),train,364,aug_1
7930,M001P004A002R003_AUG000,1,4,10730,3,1,300,Kneeling Push-ups (aug 0),train,365,aug_0
7931,M001P004A002R003_AUG001,1,4,10731,3,1,300,Kneeling Push-ups (aug 1),train,365,aug_1
7932,M001P004A003R001_AUG000,1,4,10732,1,2,300,Standing Straight-arm Chest Press With Resistance Band (aug 0),train,366,aug_0
7933,M001P004A003R001_AUG001,1,4,10733,1,2,300,Standing Straight-arm Chest Press With Resistance Band (aug 1),train,366,aug_1
7934,M001P004A003R002_AUG000,1,4,10734,2,2,300,Standing Straight-arm Chest Press With Resistance Band (aug 0),train,367,aug_0
7935,M001P004A003R002_AUG001,1,4,10735,2,2,300,Standing Straight-arm Chest Press With Resistance Band (aug 1),train,367,aug_1
7936,M001P004A003R003_AUG000,1,4,10736,3,2,300,Standing Straight-arm Chest Press With Resistance Band (aug 0),train,368,aug_0
7937,M001P004A003R003_AUG001,1,4,10737,3,2,300,Standing Straight-arm Chest Press With Resistance Band (aug 1),train,368,aug_1
7938,M001P004A004R001_AUG000,1,4,10738,1,3,300,Small Dumbbell Floor Flies (aug 0),train,369,aug_0
7939,M001P004A004R001_AUG001,1,4,10739,1,3,300,Small Dumbbell Floor Flies (aug 1),train,369,aug_1
7940,M001P004A004R002_AUG000,1,4,10740,2,3,300,Small Dumbbell Floor Flies (aug 0),train,370,aug_0
7941,M001P004A004R002_AUG001,1,4,10741,2,3,300,Small Dumbbell Floor Flies (aug 1),train,370,aug_1
7942,M001P004A004R003_AUG000,1,4,10742,3,3,300,Small Dumbbell Floor Flies (aug 0),train,371,aug_0
7943,M001P004A004R003_AUG001,1,4,10743,3,3,300,Small Dumbbell Floor Flies (aug 1),train,371,aug_1
7944,M001P004A005R001_AUG000,1,4,10744,1,4,300,Chest Fly (aug 0),train,372,aug_0
7945,M001P004A005R001_AUG001,1,4,10745,1,4,300,Chest Fly (aug 1),train,372,aug_1
7946,M001P004A005R002_AUG000,1,4,10746,2,4,300,Chest Fly (aug 0),train,373,aug_0
7947,M001P004A005R002_AUG001,1,4,10747,2,4,300,Chest Fly (aug 1),train,373,aug_1
7948,M001P004A005R003_AUG000,1,4,10748,3,4,300,Chest Fly (aug 0),train,374,aug_0
7949,M001P004A005R003_AUG001,1,4,10749,3,4,300,Chest Fly (aug 1),train,374,aug_1
7950,M001P004A006R001_AUG000,1,4,10750,1,5,300,Push-ups (aug 0),train,375,aug_0
7951,M001P004A006R001_AUG001,1,4,10751,1,5,300,Push-ups (aug 1),train,375,aug_1
7952,M001P004A006R002_AUG000,1,4,10752,2,5,300,Push-ups (aug 0),train,376,aug_0
7953,M001P004A006R002_AUG001,1,4,10753,2,5,300,Push-ups (aug 1),train,376,aug_1
7954,M001P004A006R003_AUG000,1,4,10754,3,5,300,Push-ups (aug 0),train,377,aug_0
7955,M001P004A006R003_AUG001,1,4,10755,3,5,300,Push-ups (aug 1),train,377,aug_1
7956,M001P004A007R001_AUG000,1,4,10756,1,6,300,Bent-over W-shape Stretch (aug 0),train,378,aug_0
7957,M001P004A007R001_AUG001,1,4,10757,1,6,300,Bent-over W-shape Stretch (aug 1),train,378,aug_1
7958,M001P004A007R002_AUG000,1,4,10758,2,6,300,Bent-over W-shape Stretch (aug 0),train,379,aug_0
7959,M001P004A007R002_AUG001,1,4,10759,2,6,300,Bent-over W-shape Stretch (aug 1),train,379,aug_1
7960,M001P004A007R003_AUG000,1,4,10760,3,6,300,Bent-over W-shape Stretch (aug 0),train,380,aug_0
7961,M001P004A007R003_AUG001,1,4,10761,3,6,300,Bent-over W-shape Stretch (aug 1),train,380,aug_1
7962,M001P004A008R001_AUG000,1,4,10762,1,7,300,Bent-over Y-shape Stretch (aug 0),train,381,aug_0
7963,M001P004A008R001_AUG001,1,4,10763,1,7,300,Bent-over Y-shape Stretch (aug 1),train,381,aug_1
7964,M001P004A008R002_AUG000,1,4,10764,2,7,300,Bent-over Y-shape Stretch (aug 0),train,382,aug_0
7965,M001P004A008R002_AUG001,1,4,10765,2,7,300,Bent-over Y-shape Stretch (aug 1),train,382,aug_1
7966,M001P004A008R003_AUG000,1,4,10766,3,7,300,Bent-over Y-shape Stretch (aug 0),train,383,aug_0
7967,M001P004A008R003_AUG001,1,4,10767,3,7,300,Bent-over Y-shape Stretch (aug 1),train,383,aug_1
7968,M001P004A009R001_AUG000,1,4,10768,1,8,300,Bent-over A-shape Stretch (aug 0),train,384,aug_0
7969,M001P004A009R001_AUG001,1,4,10769,1,8,300,Bent-over A-shape Stretch (aug 1),train,384,aug_1
7970,M001P004A009R002_AUG000,1,4,10770,2,8,300,Bent-over A-shape Stretch (aug 0),train,385,aug_0
7971,M001P004A009R002_AUG001,1,4,10771,2,8,300,Bent-over A-shape Stretch (aug 1),train,385,aug_1
7972,M001P004A009R003_AUG000,1,4,10772,3,8,300,Bent-over A-shape Stretch (aug 0),train,386,aug_0
7973,M001P004A009R003_AUG001,1,4,10773,3,8,300,Bent-over A-shape Stretch (aug 1),train,386,aug_1
7974,M001P004A010R001_AUG000,1,4,10774,1,9,300,Squat With Arm Lift (aug 0),train,387,aug_0
7975,M001P004A010R001_AUG001,1,4,10775,1,9,300,Squat With Arm Lift (aug 1),train,387,aug_1
7976,M001P004A010R002_AUG000,1,4,10776,2,9,300,Squat With Arm Lift (aug 0),train,388,aug_0
7977,M001P004A010R002_AUG001,1,4,10777,2,9,300,Squat With Arm Lift (aug 1),train,388,aug_1
7978,M001P004A010R003_AUG000,1,4,10778,3,9,300,Squat With Arm Lift (aug 0),train,389,aug_0
7979,M001P004A010R003_AUG001,1,4,10779,3,9,300,Squat With Arm Lift (aug 1),train,389,aug_1
7980,M001P004A011R001_AUG000,1,4,10780,1,10,300,Breaststroke Arm Pull (aug 0),train,390,aug_0
7981,M001P004A011R001_AUG001,1,4,10781,1,10,300,Breaststroke Arm Pull (aug 1),train,390,aug_1
7982,M001P004A011R002_AUG000,1,4,10782,2,10,300,Breaststroke Arm Pull (aug 0),train,391,aug_0
7983,M001P004A011R002_AUG001,1,4,10783,2,10,300,Breaststroke Arm Pull (aug 1),train,391,aug_1
7984,M001P004A011R003_AUG000,1,4,10784,3,10,300,Breaststroke Arm Pull (aug 0),train,392,aug_0
7985,M001P004A011R003_AUG001,1,4,10785,3,10,300,Breaststroke Arm Pull (aug 1),train,392,aug_1
7986,M001P004A012R001_AUG000,1,4,10786,1,11,300,Prone Y-shape Stretch (aug 0),train,393,aug_0
7987,M001P004A012R001_AUG001,1,4,10787,1,11,300,Prone Y-shape Stretch (aug 1),train,393,aug_1
7988,M001P004A012R002_AUG000,1,4,10788,2,11,300,Prone Y-shape Stretch (aug 0),train,394,aug_0
7989,M001P004A012R002_AUG001,1,4,10789,2,11,300,Prone Y-shape Stretch (aug 1),train,394,aug_1
7990,M001P004A012R003_AUG000,1,4,10790,3,11,300,Prone Y-shape Stretch (aug 0),train,395,aug_0
7991,M001P004A012R003_AUG001,1,4,10791,3,11,300,Prone Y-shape Stretch (aug 1),train,395,aug_1
7992,M001P004A013R001_AUG000,1,4,10792,1,12,300,Lateral Raise Forward Circles (aug 0),train,396,aug_0
7993,M001P004A013R001_AUG001,1,4,10793,1,12,300,Lateral Raise Forward Circles (aug 1),train,396,aug_1
7994,M001P004A013R002_AUG000,1,4,10794,2,12,300,Lateral Raise Forward Circles (aug 0),train,397,aug_0
7995,M001P004A013R002_AUG001,1,4,10795,2,12,300,Lateral Raise Forward Circles (aug 1),train,397,aug_1
7996,M001P004A013R003_AUG000,1,4,10796,3,12,300,Lateral Raise Forward Circles (aug 0),train,398,aug_0
7997,M001P004A013R003_AUG001,1,4,10797,3,12,300,Lateral Raise Forward Circles (aug 1),train,398,aug_1
7998,M001P004A014R001_AUG000,1,4,10798,1,13,300,Lateral Raise Backward Circles (aug 0),train,399,aug_0
7999,M001P004A014R001_AUG001,1,4,10799,1,13,300,Lateral Raise Backward Circles (aug 1),train,399,aug_1
8000,M001P004A014R002_AUG000,1,4,10800,2,13,300,Lateral Raise Backward Circles (aug 0),train,400,aug_0
8001,M001P004A014R002_AUG001,1,4,10801,2,13,300,Lateral Raise Backward Circles (aug 1),train,400,aug_1
8002,M001P004A014R003_AUG000,1,4,10802,3,13,300,Lateral Raise Backward Circles (aug 0),train,401,aug_0
8003,M001P004A014R003_AUG001,1,4,10803,3,13,300,Lateral Raise Backward Circles (aug 1),train,401,aug_1
8004,M001P004A015R001_AUG000,1,4,10804,1,14,300,Lying Shoulder Joint Upward Round (aug 0),train,402,aug_0
8005,M001P004A015R001_AUG001,1,4,10805,1,14,300,Lying Shoulder Joint Upward Round (aug 1),train,402,aug_1
8006,M001P004A015R002_AUG000,1,4,10806,2,14,300,Lying Shoulder Joint Upward Round (aug 0),train,403,aug_0
8007,M001P004A015R002_AUG001,1,4,10807,2,14,300,Lying Shoulder Joint Upward Round (aug 1),train,403,aug_1
8008,M001P004A015R003_AUG000,1,4,10808,3,14,300,Lying Shoulder Joint Upward Round (aug 0),train,404,aug_0
8009,M001P004A015R003_AUG001,1,4,10809,3,14,300,Lying Shoulder Joint Upward Round (aug 1),train,404,aug_1
8010,M001P004A016R001_AUG000,1,4,10810,1,15,300,Lying Shoulder Joint Downward Round (aug 0),train,405,aug_0
8011,M001P004A016R001_AUG001,1,4,10811,1,15,300,Lying Shoulder Joint Downward Round (aug 1),train,405,aug_1
8012,M001P004A016R002_AUG000,1,4,10812,2,15,300,Lying Shoulder Joint Downward Round (aug 0),train,406,aug_0
8013,M001P004A016R002_AUG001,1,4,10813,2,15,300,Lying Shoulder Joint Downward Round (aug 1),train,406,aug_1
8014,M001P004A016R003_AUG000,1,4,10814,3,15,300,Lying Shoulder Joint Downward Round (aug 0),train,407,aug_0
8015,M001P004A016R003_AUG001,1,4,10815,3,15,300,Lying Shoulder Joint Downward Round (aug 1),train,407,aug_1
8016,M001P004A017R001_AUG000,1,4,10816,1,16,300,Bare-handed Full Lateral Raise (aug 0),train,408,aug_0
8017,M001P004A017R001_AUG001,1,4,10817,1,16,300,Bare-handed Full Lateral Raise (aug 1),train,408,aug_1
8018,M001P004A017R002_AUG000,1,4,10818,2,16,300,Bare-handed Full Lateral Raise (aug 0),train,409,aug_0
8019,M001P004A017R002_AUG001,1,4,10819,2,16,300,Bare-handed Full Lateral Raise (aug 1),train,409,aug_1
8020,M001P004A017R003_AUG000,1,4,10820,3,16,300,Bare-handed Full Lateral Raise (aug 0),train,410,aug_0
8021,M001P004A017R003_AUG001,1,4,10821,3,16,300,Bare-handed Full Lateral Raise (aug 1),train,410,aug_1
8022,M001P004A018R001_AUG000,1,4,10822,1,17,300,Bare-handed Cuban Press (aug 0),train,411,aug_0
8023,M001P004A018R001_AUG001,1,4,10823,1,17,300,Bare-handed Cuban Press (aug 1),train,411,aug_1
8024,M001P004A018R002_AUG000,1,4,10824,2,17,300,Bare-handed Cuban Press (aug 0),train,412,aug_0
8025,M001P004A018R002_AUG001,1,4,10825,2,17,300,Bare-handed Cuban Press (aug 1),train,412,aug_1
8026,M001P004A018R003_AUG000,1,4,10826,3,17,300,Bare-handed Cuban Press (aug 0),train,413,aug_0
8027,M001P004A018R003_AUG001,1,4,10827,3,17,300,Bare-handed Cuban Press (aug 1),train,413,aug_1
8028,M001P004A019R001_AUG000,1,4,10828,1,18,300,Fortune Cat (aug 0),train,414,aug_0
8029,M001P004A019R001_AUG001,1,4,10829,1,18,300,Fortune Cat (aug 1),train,414,aug_1
8030,M001P004A019R002_AUG000,1,4,10830,2,18,300,Fortune Cat (aug 0),train,415,aug_0
8031,M001P004A019R002_AUG001,1,4,10831,2,18,300,Fortune Cat (aug 1),train,415,aug_1
8032,M001P004A019R003_AUG000,1,4,10832,3,18,300,Fortune Cat (aug 0),train,416,aug_0
8033,M001P004A019R003_AUG001,1,4,10833,3,18,300,Fortune Cat (aug 1),train,416,aug_1
8034,M001P004A020R001_AUG000,1,4,10834,1,19,300,Dumbbell Curls (aug 0),train,417,aug_0
8035,M001P004A020R001_AUG001,1,4,10835,1,19,300,Dumbbell Curls (aug 1),train,417,aug_1
8036,M001P004A020R002_AUG000,1,4,10836,2,19,300,Dumbbell Curls (aug 0),train,418,aug_0
8037,M001P004A020R002_AUG001,1,4,10837,2,19,300,Dumbbell Curls (aug 1),train,418,aug_1
8038,M001P004A020R003_AUG000,1,4,10838,3,19,300,Dumbbell Curls (aug 0),train,419,aug_0
8039,M001P004A020R003_AUG001,1,4,10839,3,19,300,Dumbbell Curls (aug 1),train,419,aug_1
8040,M001P004A021R001_AUG000,1,4,10840,1,20,300,Alternate Dumbbell Curls (aug 0),train,420,aug_0
8041,M001P004A021R001_AUG001,1,4,10841,1,20,300,Alternate Dumbbell Curls (aug 1),train,420,aug_1
8042,M001P004A021R002_AUG000,1,4,10842,2,20,300,Alternate Dumbbell Curls (aug 0),train,421,aug_0
8043,M001P004A021R002_AUG001,1,4,10843,2,20,300,Alternate Dumbbell Curls (aug 1),train,421,aug_1
8044,M001P004A021R003_AUG000,1,4,10844,3,20,300,Alternate Dumbbell Curls (aug 0),train,422,aug_0
8045,M001P004A021R003_AUG001,1,4,10845,3,20,300,Alternate Dumbbell Curls (aug 1),train,422,aug_1
8046,M001P004A022R001_AUG000,1,4,10846,1,21,300,Right-side Kettlebell Bent-over Row (aug 0),train,423,aug_0
8047,M001P004A022R001_AUG001,1,4,10847,1,21,300,Right-side Kettlebell Bent-over Row (aug 1),train,423,aug_1
8048,M001P004A022R002_AUG000,1,4,10848,2,21,300,Right-side Kettlebell Bent-over Row (aug 0),train,424,aug_0
8049,M001P004A022R002_AUG001,1,4,10849,2,21,300,Right-side Kettlebell Bent-over Row (aug 1),train,424,aug_1
8050,M001P004A022R003_AUG000,1,4,10850,3,21,300,Right-side Kettlebell Bent-over Row (aug 0),train,425,aug_0
8051,M001P004A022R003_AUG001,1,4,10851,3,21,300,Right-side Kettlebell Bent-over Row (aug 1),train,425,aug_1
8052,M001P004A023R001_AUG000,1,4,10852,1,22,300,Wrist Joint Warm-up (aug 0),train,426,aug_0
8053,M001P004A023R001_AUG001,1,4,10853,1,22,300,Wrist Joint Warm-up (aug 1),train,426,aug_1
8054,M001P004A023R002_AUG000,1,4,10854,2,22,300,Wrist Joint Warm-up (aug 0),train,427,aug_0
8055,M001P004A023R002_AUG001,1,4,10855,2,22,300,Wrist Joint Warm-up (aug 1),train,427,aug_1
8056,M001P004A023R003_AUG000,1,4,10856,3,22,300,Wrist Joint Warm-up (aug 0),train,428,aug_0
8057,M001P004A023R003_AUG001,1,4,10857,3,22,300,Wrist Joint Warm-up (aug 1),train,428,aug_1
8058,M001P004A024R001_AUG000,1,4,10858,1,23,300,Right-side Bent-over Tricep Extension With Resistance Band (aug 0),train,429,aug_0
8059,M001P004A024R001_AUG001,1,4,10859,1,23,300,Right-side Bent-over Tricep Extension With Resistance Band (aug 1),train,429,aug_1
8060,M001P004A024R002_AUG000,1,4,10860,2,23,300,Right-side Bent-over Tricep Extension With Resistance Band (aug 0),train,430,aug_0
8061,M001P004A024R002_AUG001,1,4,10861,2,23,300,Right-side Bent-over Tricep Extension With Resistance Band (aug 1),train,430,aug_1
8062,M001P004A024R003_AUG000,1,4,10862,3,23,300,Right-side Bent-over Tricep Extension With Resistance Band (aug 0),train,431,aug_0
8063,M001P004A024R003_AUG001,1,4,10863,3,23,300,Right-side Bent-over Tricep Extension With Resistance Band (aug 1),train,431,aug_1
8064,M001P004A025R001_AUG000,1,4,10864,1,24,300,Bent-over Dumbbell Tricep Extension (aug 0),train,432,aug_0
8065,M001P004A025R001_AUG001,1,4,10865,1,24,300,Bent-over Dumbbell Tricep Extension (aug 1),train,432,aug_1
8066,M001P004A025R002_AUG000,1,4,10866,2,24,300,Bent-over Dumbbell Tricep Extension (aug 0),train,433,aug_0
8067,M001P004A025R002_AUG001,1,4,10867,2,24,300,Bent-over Dumbbell Tricep Extension (aug 1),train,433,aug_1
8068,M001P004A025R003_AUG000,1,4,10868,3,24,300,Bent-over Dumbbell Tricep Extension (aug 0),train,434,aug_0
8069,M001P004A025R003_AUG001,1,4,10869,3,24,300,Bent-over Dumbbell Tricep Extension (aug 1),train,434,aug_1
8070,M001P004A026R001_AUG000,1,4,10870,1,25,300,Nod And Raise Head (aug 0),train,435,aug_0
8071,M001P004A026R001_AUG001,1,4,10871,1,25,300,Nod And Raise Head (aug 1),train,435,aug_1
8072,M001P004A026R002_AUG000,1,4,10872,2,25,300,Nod And Raise Head (aug 0),train,436,aug_0
8073,M001P004A026R002_AUG001,1,4,10873,2,25,300,Nod And Raise Head (aug 1),train,436,aug_1
8074,M001P004A026R003_AUG000,1,4,10874,3,25,300,Nod And Raise Head (aug 0),train,437,aug_0
8075,M001P004A026R003_AUG001,1,4,10875,3,25,300,Nod And Raise Head (aug 1),train,437,aug_1
8076,M001P004A027R001_AUG000,1,4,10876,1,26,300,Two-way Head Turn (aug 0),train,438,aug_0
8077,M001P004A027R001_AUG001,1,4,10877,1,26,300,Two-way Head Turn (aug 1),train,438,aug_1
8078,M001P004A027R002_AUG000,1,4,10878,2,26,300,Two-way Head Turn (aug 0),train,439,aug_0
8079,M001P004A027R002_AUG001,1,4,10879,2,26,300,Two-way Head Turn (aug 1),train,439,aug_1
8080,M001P004A027R003_AUG000,1,4,10880,3,26,300,Two-way Head Turn (aug 0),train,440,aug_0
8081,M001P004A027R003_AUG001,1,4,10881,3,26,300,Two-way Head Turn (aug 1),train,440,aug_1
8082,M001P004A028R001_AUG000,1,4,10882,1,27,300,Shrug And Sink The Shoulders (aug 0),train,441,aug_0
8083,M001P004A028R001_AUG001,1,4,10883,1,27,300,Shrug And Sink The Shoulders (aug 1),train,441,aug_1
8084,M001P004A028R002_AUG000,1,4,10884,2,27,300,Shrug And Sink The Shoulders (aug 0),train,442,aug_0
8085,M001P004A028R002_AUG001,1,4,10885,2,27,300,Shrug And Sink The Shoulders (aug 1),train,442,aug_1
8086,M001P004A028R003_AUG000,1,4,10886,3,27,300,Shrug And Sink The Shoulders (aug 0),train,443,aug_0
8087,M001P004A028R003_AUG001,1,4,10887,3,27,300,Shrug And Sink The Shoulders (aug 1),train,443,aug_1
8088,M001P004A029R001_AUG000,1,4,10888,1,28,300,Four-way Nod Head (aug 0),train,444,aug_0
8089,M001P004A029R001_AUG001,1,4,10889,1,28,300,Four-way Nod Head (aug 1),train,444,aug_1
8090,M001P004A029R002_AUG000,1,4,10890,2,28,300,Four-way Nod Head (aug 0),train,445,aug_0
8091,M001P004A029R002_AUG001,1,4,10891,2,28,300,Four-way Nod Head (aug 1),train,445,aug_1
8092,M001P004A029R003_AUG000,1,4,10892,3,28,300,Four-way Nod Head (aug 0),train,446,aug_0
8093,M001P004A029R003_AUG001,1,4,10893,3,28,300,Four-way Nod Head (aug 1),train,446,aug_1
8094,M001P004A030R001_AUG000,1,4,10894,1,29,300,Lying Alternate Upper-half Leg Raise (aug 0),train,447,aug_0
8095,M001P004A030R001_AUG001,1,4,10895,1,29,300,Lying Alternate Upper-half Leg Raise (aug 1),train,447,aug_1
8096,M001P004A030R002_AUG000,1,4,10896,2,29,300,Lying Alternate Upper-half Leg Raise (aug 0),train,448,aug_0
8097,M001P004A030R002_AUG001,1,4,10897,2,29,300,Lying Alternate Upper-half Leg Raise (aug 1),train,448,aug_1
8098,M001P004A030R003_AUG000,1,4,10898,3,29,300,Lying Alternate Upper-half Leg Raise (aug 0),train,449,aug_0
8099,M001P004A030R003_AUG001,1,4,10899,3,29,300,Lying Alternate Upper-half Leg Raise (aug 1),train,449,aug_1
8100,M001P004A031R001_AUG000,1,4,10900,1,30,300,Half Roll Back (aug 0),train,450,aug_0
8101,M001P004A031R001_AUG001,1,4,10901,1,30,300,Half Roll Back (aug 1),train,450,aug_1
8102,M001P004A031R002_AUG000,1,4,10902,2,30,300,Half Roll Back (aug 0),train,451,aug_0
8103,M001P004A031R002_AUG001,1,4,10903,2,30,300,Half Roll Back (aug 1),train,451,aug_1
8104,M001P004A031R003_AUG000,1,4,10904,3,30,300,Half Roll Back (aug 0),train,452,aug_0
8105,M001P004A031R003_AUG001,1,4,10905,3,30,300,Half Roll Back (aug 1),train,452,aug_1
8106,M001P004A032R001_AUG000,1,4,10906,1,31,300,Kneeling Right-side Torso Twist (aug 0),train,453,aug_0
8107,M001P004A032R001_AUG001,1,4,10907,1,31,300,Kneeling Right-side Torso Twist (aug 1),train,453,aug_1
8108,M001P004A032R002_AUG000,1,4,10908,2,31,300,Kneeling Right-side Torso Twist (aug 0),train,454,aug_0
8109,M001P004A032R002_AUG001,1,4,10909,2,31,300,Kneeling Right-side Torso Twist (aug 1),train,454,aug_1
8110,M001P004A032R003_AUG000,1,4,10910,3,31,300,Kneeling Right-side Torso Twist (aug 0),train,455,aug_0
8111,M001P004A032R003_AUG001,1,4,10911,3,31,300,Kneeling Right-side Torso Twist (aug 1),train,455,aug_1
8112,M001P004A033R001_AUG000,1,4,10912,1,32,300,Left-side Knee Raise And Abdominal Muscles Contract (aug 0),train,456,aug_0
8113,M001P004A033R001_AUG001,1,4,10913,1,32,300,Left-side Knee Raise And Abdominal Muscles Contract (aug 1),train,456,aug_1
8114,M001P004A033R002_AUG000,1,4,10914,2,32,300,Left-side Knee Raise And Abdominal Muscles Contract (aug 0),train,457,aug_0
8115,M001P004A033R002_AUG001,1,4,10915,2,32,300,Left-side Knee Raise And Abdominal Muscles Contract (aug 1),train,457,aug_1
8116,M001P004A033R003_AUG000,1,4,10916,3,32,300,Left-side Knee Raise And Abdominal Muscles Contract (aug 0),train,458,aug_0
8117,M001P004A033R003_AUG001,1,4,10917,3,32,300,Left-side Knee Raise And Abdominal Muscles Contract (aug 1),train,458,aug_1
8118,M001P004A034R001_AUG000,1,4,10918,1,33,300,Kneeling Right Leg Backward Stretch (aug 0),train,459,aug_0
8119,M001P004A034R001_AUG001,1,4,10919,1,33,300,Kneeling Right Leg Backward Stretch (aug 1),train,459,aug_1
8120,M001P004A034R002_AUG000,1,4,10920,2,33,300,Kneeling Right Leg Backward Stretch (aug 0),train,460,aug_0
8121,M001P004A034R002_AUG001,1,4,10921,2,33,300,Kneeling Right Leg Backward Stretch (aug 1),train,460,aug_1
8122,M001P004A034R003_AUG000,1,4,10922,3,33,300,Kneeling Right Leg Backward Stretch (aug 0),train,461,aug_0
8123,M001P004A034R003_AUG001,1,4,10923,3,33,300,Kneeling Right Leg Backward Stretch (aug 1),train,461,aug_1
8124,M001P004A035R001_AUG000,1,4,10924,1,34,300,Kneeling Right Arm Raise (aug 0),train,462,aug_0
8125,M001P004A035R001_AUG001,1,4,10925,1,34,300,Kneeling Right Arm Raise (aug 1),train,462,aug_1
8126,M001P004A035R002_AUG000,1,4,10926,2,34,300,Kneeling Right Arm Raise (aug 0),train,463,aug_0
8127,M001P004A035R002_AUG001,1,4,10927,2,34,300,Kneeling Right Arm Raise (aug 1),train,463,aug_1
8128,M001P004A035R003_AUG000,1,4,10928,3,34,300,Kneeling Right Arm Raise (aug 0),train,464,aug_0
8129,M001P004A035R003_AUG001,1,4,10929,3,34,300,Kneeling Right Arm Raise (aug 1),train,464,aug_1
8130,M001P004A036R001_AUG000,1,4,10930,1,35,300,Shoulder Bridge (aug 0),train,465,aug_0
8131,M001P004A036R001_AUG001,1,4,10931,1,35,300,Shoulder Bridge (aug 1),train,465,aug_1
8132,M001P004A036R002_AUG000,1,4,10932,2,35,300,Shoulder Bridge (aug 0),train,466,aug_0
8133,M001P004A036R002_AUG001,1,4,10933,2,35,300,Shoulder Bridge (aug 1),train,466,aug_1
8134,M001P004A036R003_AUG000,1,4,10934,3,35,300,Shoulder Bridge (aug 0),train,467,aug_0
8135,M001P004A036R003_AUG001,1,4,10935,3,35,300,Shoulder Bridge (aug 1),train,467,aug_1
8136,M001P004A037R001_AUG000,1,4,10936,1,36,300,Prone Press-ups (aug 0),train,468,aug_0
8137,M001P004A037R001_AUG001,1,4,10937,1,36,300,Prone Press-ups (aug 1),train,468,aug_1
8138,M001P004A037R002_AUG000,1,4,10938,2,36,300,Prone Press-ups (aug 0),train,469,aug_0
8139,M001P004A037R002_AUG001,1,4,10939,2,36,300,Prone Press-ups (aug 1),train,469,aug_1
8140,M001P004A037R003_AUG000,1,4,10940,3,36,300,Prone Press-ups (aug 0),train,470,aug_0
8141,M001P004A037R003_AUG001,1,4,10941,3,36,300,Prone Press-ups (aug 1),train,470,aug_1
8142,M001P004A038R001_AUG000,1,4,10942,1,37,300,Bent-over Torso Rotation (aug 0),train,471,aug_0
8143,M001P004A038R001_AUG001,1,4,10943,1,37,300,Bent-over Torso Rotation (aug 1),train,471,aug_1
8144,M001P004A038R002_AUG000,1,4,10944,2,37,300,Bent-over Torso Rotation (aug 0),train,472,aug_0
8145,M001P004A038R002_AUG001,1,4,10945,2,37,300,Bent-over Torso Rotation (aug 1),train,472,aug_1
8146,M001P004A038R003_AUG000,1,4,10946,3,37,300,Bent-over Torso Rotation (aug 0),train,473,aug_0
8147,M001P004A038R003_AUG001,1,4,10947,3,37,300,Bent-over Torso Rotation (aug 1),train,473,aug_1
8148,M001P004A039R001_AUG000,1,4,10948,1,38,300,Lying Arm Pull (aug 0),train,474,aug_0
8149,M001P004A039R001_AUG001,1,4,10949,1,38,300,Lying Arm Pull (aug 1),train,474,aug_1
8150,M001P004A039R002_AUG000,1,4,10950,2,38,300,Lying Arm Pull (aug 0),train,475,aug_0
8151,M001P004A039R002_AUG001,1,4,10951,2,38,300,Lying Arm Pull (aug 1),train,475,aug_1
8152,M001P004A039R003_AUG000,1,4,10952,3,38,300,Lying Arm Pull (aug 0),train,476,aug_0
8153,M001P004A039R003_AUG001,1,4,10953,3,38,300,Lying Arm Pull (aug 1),train,476,aug_1
8154,M001P004A040R001_AUG000,1,4,10954,1,39,300,Prone Press Up With Torso Rotation (aug 0),train,477,aug_0
8155,M001P004A040R001_AUG001,1,4,10955,1,39,300,Prone Press Up With Torso Rotation (aug 1),train,477,aug_1
8156,M001P004A040R002_AUG000,1,4,10956,2,39,300,Prone Press Up With Torso Rotation (aug 0),train,478,aug_0
8157,M001P004A040R002_AUG001,1,4,10957,2,39,300,Prone Press Up With Torso Rotation (aug 1),train,478,aug_1
8158,M001P004A040R003_AUG000,1,4,10958,3,39,300,Prone Press Up With Torso Rotation (aug 0),train,479,aug_0
8159,M001P004A040R003_AUG001,1,4,10959,3,39,300,Prone Press Up With Torso Rotation (aug 1),train,479,aug_1
8160,M001P004A041R001_AUG000,1,4,10960,1,40,300,Breaststroke Push-ups (aug 0),train,480,aug_0
8161,M001P004A041R001_AUG001,1,4,10961,1,40,300,Breaststroke Push-ups (aug 1),train,480,aug_1
8162,M001P004A041R002_AUG000,1,4,10962,2,40,300,Breaststroke Push-ups (aug 0),train,481,aug_0
8163,M001P004A041R002_AUG001,1,4,10963,2,40,300,Breaststroke Push-ups (aug 1),train,481,aug_1
8164,M001P004A041R003_AUG000,1,4,10964,3,40,300,Breaststroke Push-ups (aug 0),train,482,aug_0
8165,M001P004A041R003_AUG001,1,4,10965,3,40,300,Breaststroke Push-ups (aug 1),train,482,aug_1
8166,M001P004A042R001_AUG000,1,4,10966,1,41,300,Sit-ups (aug 0),train,483,aug_0
8167,M001P004A042R001_AUG001,1,4,10967,1,41,300,Sit-ups (aug 1),train,483,aug_1
8168,M001P004A042R002_AUG000,1,4,10968,2,41,300,Sit-ups (aug 0),train,484,aug_0
8169,M001P004A042R002_AUG001,1,4,10969,2,41,300,Sit-ups (aug 1),train,484,aug_1
8170,M001P004A042R003_AUG000,1,4,10970,3,41,300,Sit-ups (aug 0),train,485,aug_0
8171,M001P004A042R003_AUG001,1,4,10971,3,41,300,Sit-ups (aug 1),train,485,aug_1
8172,M001P004A043R001_AUG000,1,4,10972,1,42,300,Side-lying Left Leg Forward Raise (aug 0),train,486,aug_0
8173,M001P004A043R001_AUG001,1,4,10973,1,42,300,Side-lying Left Leg Forward Raise (aug 1),train,486,aug_1
8174,M001P004A043R002_AUG000,1,4,10974,2,42,300,Side-lying Left Leg Forward Raise (aug 0),train,487,aug_0
8175,M001P004A043R002_AUG001,1,4,10975,2,42,300,Side-lying Left Leg Forward Raise (aug 1),train,487,aug_1
8176,M001P004A043R003_AUG000,1,4,10976,3,42,300,Side-lying Left Leg Forward Raise (aug 0),train,488,aug_0
8177,M001P004A043R003_AUG001,1,4,10977,3,42,300,Side-lying Left Leg Forward Raise (aug 1),train,488,aug_1
8178,M001P004A044R001_AUG000,1,4,10978,1,43,300,Right Leg Reverse Lunge (aug 0),train,489,aug_0
8179,M001P004A044R001_AUG001,1,4,10979,1,43,300,Right Leg Reverse Lunge (aug 1),train,489,aug_1
8180,M001P004A044R002_AUG000,1,4,10980,2,43,300,Right Leg Reverse Lunge (aug 0),train,490,aug_0
8181,M001P004A044R002_AUG001,1,4,10981,2,43,300,Right Leg Reverse Lunge (aug 1),train,490,aug_1
8182,M001P004A044R003_AUG000,1,4,10982,3,43,300,Right Leg Reverse Lunge (aug 0),train,491,aug_0
8183,M001P004A044R003_AUG001,1,4,10983,3,43,300,Right Leg Reverse Lunge (aug 1),train,491,aug_1
8184,M001P004A045R001_AUG000,1,4,10984,1,44,300,Kneeling Left Knee Lift (aug 0),train,492,aug_0
8185,M001P004A045R001_AUG001,1,4,10985,1,44,300,Kneeling Left Knee Lift (aug 1),train,492,aug_1
8186,M001P004A045R002_AUG000,1,4,10986,2,44,300,Kneeling Left Knee Lift (aug 0),train,493,aug_0
8187,M001P004A045R002_AUG001,1,4,10987,2,44,300,Kneeling Left Knee Lift (aug 1),train,493,aug_1
8188,M001P004A045R003_AUG000,1,4,10988,3,44,300,Kneeling Left Knee Lift (aug 0),train,494,aug_0
8189,M001P004A045R003_AUG001,1,4,10989,3,44,300,Kneeling Left Knee Lift (aug 1),train,494,aug_1
8190,M001P004A046R001_AUG000,1,4,10990,1,45,300,Alternate Reverse Lunge (aug 0),train,495,aug_0
8191,M001P004A046R001_AUG001,1,4,10991,1,45,300,Alternate Reverse Lunge (aug 1),train,495,aug_1
8192,M001P004A046R002_AUG000,1,4,10992,2,45,300,Alternate Reverse Lunge (aug 0),train,496,aug_0
8193,M001P004A046R002_AUG001,1,4,10993,2,45,300,Alternate Reverse Lunge (aug 1),train,496,aug_1
8194,M001P004A046R003_AUG000,1,4,10994,3,45,300,Alternate Reverse Lunge (aug 0),train,497,aug_0
8195,M001P004A046R003_AUG001,1,4,10995,3,45,300,Alternate Reverse Lunge (aug 1),train,497,aug_1
8196,M001P004A047R001_AUG000,1,4,10996,1,46,300,Side-lying Right Leg Backward Kick (aug 0),train,498,aug_0
8197,M001P004A047R001_AUG001,1,4,10997,1,46,300,Side-lying Right Leg Backward Kick (aug 1),train,498,aug_1
8198,M001P004A047R002_AUG000,1,4,10998,2,46,300,Side-lying Right Leg Backward Kick (aug 0),train,499,aug_0
8199,M001P004A047R002_AUG001,1,4,10999,2,46,300,Side-lying Right Leg Backward Kick (aug 1),train,499,aug_1
8200,M001P004A047R003_AUG000,1,4,11000,3,46,300,Side-lying Right Leg Backward Kick (aug 0),train,500,aug_0
8201,M001P004A047R003_AUG001,1,4,11001,3,46,300,Side-lying Right Leg Backward Kick (aug 1),train,500,aug_1
8202,M001P004A048R001_AUG000,1,4,11002,1,47,300,Left Leg Lunge With Knee Lift (aug 0),train,501,aug_0
8203,M001P004A048R001_AUG001,1,4,11003,1,47,300,Left Leg Lunge With Knee Lift (aug 1),train,501,aug_1
8204,M001P004A048R002_AUG000,1,4,11004,2,47,300,Left Leg Lunge With Knee Lift (aug 0),train,502,aug_0
8205,M001P004A048R002_AUG001,1,4,11005,2,47,300,Left Leg Lunge With Knee Lift (aug 1),train,502,aug_1
8206,M001P004A048R003_AUG000,1,4,11006,3,47,300,Left Leg Lunge With Knee Lift (aug 0),train,503,aug_0
8207,M001P004A048R003_AUG001,1,4,11007,3,47,300,Left Leg Lunge With Knee Lift (aug 1),train,503,aug_1
8208,M001P004A049R001_AUG000,1,4,11008,1,48,300,Sumo Squat (aug 0),train,504,aug_0
8209,M001P004A049R001_AUG001,1,4,11009,1,48,300,Sumo Squat (aug 1),train,504,aug_1
8210,M001P004A049R002_AUG000,1,4,11010,2,48,300,Sumo Squat (aug 0),train,505,aug_0
8211,M001P004A049R002_AUG001,1,4,11011,2,48,300,Sumo Squat (aug 1),train,505,aug_1
8212,M001P004A049R003_AUG000,1,4,11012,3,48,300,Sumo Squat (aug 0),train,506,aug_0
8213,M001P004A049R003_AUG001,1,4,11013,3,48,300,Sumo Squat (aug 1),train,506,aug_1
8214,M001P004A050R001_AUG000,1,4,11014,1,49,300,Straight Leg Calf Raise (aug 0),train,507,aug_0
8215,M001P004A050R001_AUG001,1,4,11015,1,49,300,Straight Leg Calf Raise (aug 1),train,507,aug_1
8216,M001P004A050R002_AUG000,1,4,11016,2,49,300,Straight Leg Calf Raise (aug 0),train,508,aug_0
8217,M001P004A050R002_AUG001,1,4,11017,2,49,300,Straight Leg Calf Raise (aug 1),train,508,aug_1
8218,M001P004A050R003_AUG000,1,4,11018,3,49,300,Straight Leg Calf Raise (aug 0),train,509,aug_0
8219,M001P004A050R003_AUG001,1,4,11019,3,49,300,Straight Leg Calf Raise (aug 1),train,509,aug_1
8220,M001P004A051R001_AUG000,1,4,11020,1,50,300,Squat Jump (aug 0),train,510,aug_0
8221,M001P004A051R001_AUG001,1,4,11021,1,50,300,Squat Jump (aug 1),train,510,aug_1
8222,M001P004A051R002_AUG000,1,4,11022,2,50,300,Squat Jump (aug 0),train,511,aug_0
8223,M001P004A051R002_AUG001,1,4,11023,2,50,300,Squat Jump (aug 1),train,511,aug_1
8224,M001P004A051R003_AUG000,1,4,11024,3,50,300,Squat Jump (aug 0),train,512,aug_0
8225,M001P004A051R003_AUG001,1,4,11025,3,50,300,Squat Jump (aug 1),train,512,aug_1
8226,M001P004A052R001_AUG000,1,4,11026,1,51,300,Squat With Alternate Knee Lift (aug 0),train,513,aug_0
8227,M001P004A052R001_AUG001,1,4,11027,1,51,300,Squat With Alternate Knee Lift (aug 1),train,513,aug_1
8228,M001P004A052R002_AUG000,1,4,11028,2,51,300,Squat With Alternate Knee Lift (aug 0),train,514,aug_0
8229,M001P004A052R002_AUG001,1,4,11029,2,51,300,Squat With Alternate Knee Lift (aug 1),train,514,aug_1
8230,M001P004A052R003_AUG000,1,4,11030,3,51,300,Squat With Alternate Knee Lift (aug 0),train,515,aug_0
8231,M001P004A052R003_AUG001,1,4,11031,3,51,300,Squat With Alternate Knee Lift (aug 1),train,515,aug_1
8232,M001P004A053R001_AUG000,1,4,11032,1,52,300,Standing Alternate Butt Kick (aug 0),train,516,aug_0
8233,M001P004A053R001_AUG001,1,4,11033,1,52,300,Standing Alternate Butt Kick (aug 1),train,516,aug_1
8234,M001P004A053R002_AUG000,1,4,11034,2,52,300,Standing Alternate Butt Kick (aug 0),train,517,aug_0
8235,M001P004A053R002_AUG001,1,4,11035,2,52,300,Standing Alternate Butt Kick (aug 1),train,517,aug_1
8236,M001P004A053R003_AUG000,1,4,11036,3,52,300,Standing Alternate Butt Kick (aug 0),train,518,aug_0
8237,M001P004A053R003_AUG001,1,4,11037,3,52,300,Standing Alternate Butt Kick (aug 1),train,518,aug_1
8238,M001P004A054R001_AUG000,1,4,11038,1,53,300,Knee Warm-up (aug 0),train,519,aug_0
8239,M001P004A054R001_AUG001,1,4,11039,1,53,300,Knee Warm-up (aug 1),train,519,aug_1
8240,M001P004A054R002_AUG000,1,4,11040,2,53,300,Knee Warm-up (aug 0),train,520,aug_0
8241,M001P004A054R002_AUG001,1,4,11041,2,53,300,Knee Warm-up (aug 1),train,520,aug_1
8242,M001P004A054R003_AUG000,1,4,11042,3,53,300,Knee Warm-up (aug 0),train,521,aug_0
8243,M001P004A054R003_AUG001,1,4,11043,3,53,300,Knee Warm-up (aug 1),train,521,aug_1
8244,M001P004A055R001_AUG000,1,4,11044,1,54,300,Butt Kicks (aug 0),train,522,aug_0
8245,M001P004A055R001_AUG001,1,4,11045,1,54,300,Butt Kicks (aug 1),train,522,aug_1
8246,M001P004A055R002_AUG000,1,4,11046,2,54,300,Butt Kicks (aug 0),train,523,aug_0
8247,M001P004A055R002_AUG001,1,4,11047,2,54,300,Butt Kicks (aug 1),train,523,aug_1
8248,M001P004A055R003_AUG000,1,4,11048,3,54,300,Butt Kicks (aug 0),train,524,aug_0
8249,M001P004A055R003_AUG001,1,4,11049,3,54,300,Butt Kicks (aug 1),train,524,aug_1
8250,M001P004A056R001_AUG000,1,4,11050,1,55,300,Jump Left and Right (aug 0),train,525,aug_0
8251,M001P004A056R001_AUG001,1,4,11051,1,55,300,Jump Left and Right (aug 1),train,525,aug_1
8252,M001P004A056R002_AUG000,1,4,11052,2,55,300,Jump Left and Right (aug 0),train,526,aug_0
8253,M001P004A056R002_AUG001,1,4,11053,2,55,300,Jump Left and Right (aug 1),train,526,aug_1
8254,M001P004A056R003_AUG000,1,4,11054,3,55,300,Jump Left and Right (aug 0),train,527,aug_0
8255,M001P004A056R003_AUG001,1,4,11055,3,55,300,Jump Left and Right (aug 1),train,527,aug_1
8256,M001P004A057R001_AUG000,1,4,11056,1,56,300,Jumping Jacks (aug 0),train,528,aug_0
8257,M001P004A057R001_AUG001,1,4,11057,1,56,300,Jumping Jacks (aug 1),train,528,aug_1
8258,M001P004A057R002_AUG000,1,4,11058,2,56,300,Jumping Jacks (aug 0),train,529,aug_0
8259,M001P004A057R002_AUG001,1,4,11059,2,56,300,Jumping Jacks (aug 1),train,529,aug_1
8260,M001P004A057R003_AUG000,1,4,11060,3,56,300,Jumping Jacks (aug 0),train,530,aug_0
8261,M001P004A057R003_AUG001,1,4,11061,3,56,300,Jumping Jacks (aug 1),train,530,aug_1
8262,M001P004A058R001_AUG000,1,4,11062,1,57,300,High Knee (aug 0),train,531,aug_0
8263,M001P004A058R001_AUG001,1,4,11063,1,57,300,High Knee (aug 1),train,531,aug_1
8264,M001P004A058R002_AUG000,1,4,11064,2,57,300,High Knee (aug 0),train,532,aug_0
8265,M001P004A058R002_AUG001,1,4,11065,2,57,300,High Knee (aug 1),train,532,aug_1
8266,M001P004A058R003_AUG000,1,4,11066,3,57,300,High Knee (aug 0),train,533,aug_0
8267,M001P004A058R003_AUG001,1,4,11067,3,57,300,High Knee (aug 1),train,533,aug_1
8268,M001P004A059R001_AUG000,1,4,11068,1,58,300,Clap Jacks (aug 0),train,534,aug_0
8269,M001P004A059R001_AUG001,1,4,11069,1,58,300,Clap Jacks (aug 1),train,534,aug_1
8270,M001P004A059R002_AUG000,1,4,11070,2,58,300,Clap Jacks (aug 0),train,535,aug_0
8271,M001P004A059R002_AUG001,1,4,11071,2,58,300,Clap Jacks (aug 1),train,535,aug_1
8272,M001P004A059R003_AUG000,1,4,11072,3,58,300,Clap Jacks (aug 0),train,536,aug_0
8273,M001P004A059R003_AUG001,1,4,11073,3,58,300,Clap Jacks (aug 1),train,536,aug_1
8274,M001P004A060R001_AUG000,1,4,11074,1,59,300,Run In Place With Arm Swing (aug 0),train,537,aug_0
8275,M001P004A060R001_AUG001,1,4,11075,1,59,300,Run In Place With Arm Swing (aug 1),train,537,aug_1
8276,M001P004A060R002_AUG000,1,4,11076,2,59,300,Run In Place With Arm Swing (aug 0),train,538,aug_0
8277,M001P004A060R002_AUG001,1,4,11077,2,59,300,Run In Place With Arm Swing (aug 1),train,538,aug_1
8278,M001P004A060R003_AUG000,1,4,11078,3,59,300,Run In Place With Arm Swing (aug 0),train,539,aug_0
8279,M001P004A060R003_AUG001,1,4,11079,3,59,300,Run In Place With Arm Swing (aug 1),train,539,aug_1
8280,M001P006A001R001_AUG000,1,6,11080,1,0,300,Svend Press (aug 0),train,540,aug_0
8281,M001P006A001R001_AUG001,1,6,11081,1,0,300,Svend Press (aug 1),train,540,aug_1
8282,M001P006A001R002_AUG000,1,6,11082,2,0,300,Svend Press (aug 0),train,541,aug_0
8283,M001P006A001R002_AUG001,1,6,11083,2,0,300,Svend Press (aug 1),train,541,aug_1
8284,M001P006A001R003_AUG000,1,6,11084,3,0,300,Svend Press (aug 0),train,542,aug_0
8285,M001P006A001R003_AUG001,1,6,11085,3,0,300,Svend Press (aug 1),train,542,aug_1
8286,M001P006A002R001_AUG000,1,6,11086,1,1,300,Kneeling Push-ups (aug 0),train,543,aug_0
8287,M001P006A002R001_AUG001,1,6,11087,1,1,300,Kneeling Push-ups (aug 1),train,543,aug_1
8288,M001P006A002R002_AUG000,1,6,11088,2,1,300,Kneeling Push-ups (aug 0),train,544,aug_0
8289,M001P006A002R002_AUG001,1,6,11089,2,1,300,Kneeling Push-ups (aug 1),train,544,aug_1
8290,M001P006A002R003_AUG000,1,6,11090,3,1,300,Kneeling Push-ups (aug 0),train,545,aug_0
8291,M001P006A002R003_AUG001,1,6,11091,3,1,300,Kneeling Push-ups (aug 1),train,545,aug_1
8292,M001P006A003R001_AUG000,1,6,11092,1,2,300,Standing Straight-arm Chest Press With Resistance Band (aug 0),train,546,aug_0
8293,M001P006A003R001_AUG001,1,6,11093,1,2,300,Standing Straight-arm Chest Press With Resistance Band (aug 1),train,546,aug_1
8294,M001P006A003R002_AUG000,1,6,11094,2,2,300,Standing Straight-arm Chest Press With Resistance Band (aug 0),train,547,aug_0
8295,M001P006A003R002_AUG001,1,6,11095,2,2,300,Standing Straight-arm Chest Press With Resistance Band (aug 1),train,547,aug_1
8296,M001P006A003R003_AUG000,1,6,11096,3,2,300,Standing Straight-arm Chest Press With Resistance Band (aug 0),train,548,aug_0
8297,M001P006A003R003_AUG001,1,6,11097,3,2,300,Standing Straight-arm Chest Press With Resistance Band (aug 1),train,548,aug_1
8298,M001P006A004R001_AUG000,1,6,11098,1,3,300,Small Dumbbell Floor Flies (aug 0),train,549,aug_0
8299,M001P006A004R001_AUG001,1,6,11099,1,3,300,Small Dumbbell Floor Flies (aug 1),train,549,aug_1
8300,M001P006A004R002_AUG000,1,6,11100,2,3,300,Small Dumbbell Floor Flies (aug 0),train,550,aug_0
8301,M001P006A004R002_AUG001,1,6,11101,2,3,300,Small Dumbbell Floor Flies (aug 1),train,550,aug_1
8302,M001P006A004R003_AUG000,1,6,11102,3,3,300,Small Dumbbell Floor Flies (aug 0),train,551,aug_0
8303,M001P006A004R003_AUG001,1,6,11103,3,3,300,Small Dumbbell Floor Flies (aug 1),train,551,aug_1
8304,M001P006A005R001_AUG000,1,6,11104,1,4,300,Chest Fly (aug 0),train,552,aug_0
8305,M001P006A005R001_AUG001,1,6,11105,1,4,300,Chest Fly (aug 1),train,552,aug_1
8306,M001P006A005R002_AUG000,1,6,11106,2,4,300,Chest Fly (aug 0),train,553,aug_0
8307,M001P006A005R002_AUG001,1,6,11107,2,4,300,Chest Fly (aug 1),train,553,aug_1
8308,M001P006A005R003_AUG000,1,6,11108,3,4,300,Chest Fly (aug 0),train,554,aug_0
8309,M001P006A005R003_AUG001,1,6,11109,3,4,300,Chest Fly (aug 1),train,554,aug_1
8310,M001P006A006R001_AUG000,1,6,11110,1,5,300,Push-ups (aug 0),train,555,aug_0
8311,M001P006A006R001_AUG001,1,6,11111,1,5,300,Push-ups (aug 1),train,555,aug_1
8312,M001P006A006R002_AUG000,1,6,11112,2,5,300,Push-ups (aug 0),train,556,aug_0
8313,M001P006A006R002_AUG001,1,6,11113,2,5,300,Push-ups (aug 1),train,556,aug_1
8314,M001P006A006R003_AUG000,1,6,11114,3,5,300,Push-ups (aug 0),train,557,aug_0
8315,M001P006A006R003_AUG001,1,6,11115,3,5,300,Push-ups (aug 1),train,557,aug_1
8316,M001P006A007R001_AUG000,1,6,11116,1,6,300,Bent-over W-shape Stretch (aug 0),train,558,aug_0
8317,M001P006A007R001_AUG001,1,6,11117,1,6,300,Bent-over W-shape Stretch (aug 1),train,558,aug_1
8318,M001P006A007R002_AUG000,1,6,11118,2,6,300,Bent-over W-shape Stretch (aug 0),train,559,aug_0
8319,M001P006A007R002_AUG001,1,6,11119,2,6,300,Bent-over W-shape Stretch (aug 1),train,559,aug_1
8320,M001P006A007R003_AUG000,1,6,11120,3,6,300,Bent-over W-shape Stretch (aug 0),train,560,aug_0
8321,M001P006A007R003_AUG001,1,6,11121,3,6,300,Bent-over W-shape Stretch (aug 1),train,560,aug_1
8322,M001P006A008R001_AUG000,1,6,11122,1,7,300,Bent-over Y-shape Stretch (aug 0),train,561,aug_0
8323,M001P006A008R001_AUG001,1,6,11123,1,7,300,Bent-over Y-shape Stretch (aug 1),train,561,aug_1
8324,M001P006A008R002_AUG000,1,6,11124,2,7,300,Bent-over Y-shape Stretch (aug 0),train,562,aug_0
8325,M001P006A008R002_AUG001,1,6,11125,2,7,300,Bent-over Y-shape Stretch (aug 1),train,562,aug_1
8326,M001P006A008R003_AUG000,1,6,11126,3,7,300,Bent-over Y-shape Stretch (aug 0),train,563,aug_0
8327,M001P006A008R003_AUG001,1,6,11127,3,7,300,Bent-over Y-shape Stretch (aug 1),train,563,aug_1
8328,M001P006A009R001_AUG000,1,6,11128,1,8,300,Bent-over A-shape Stretch (aug 0),train,564,aug_0
8329,M001P006A009R001_AUG001,1,6,11129,1,8,300,Bent-over A-shape Stretch (aug 1),train,564,aug_1
8330,M001P006A009R002_AUG000,1,6,11130,2,8,300,Bent-over A-shape Stretch (aug 0),train,565,aug_0
8331,M001P006A009R002_AUG001,1,6,11131,2,8,300,Bent-over A-shape Stretch (aug 1),train,565,aug_1
8332,M001P006A009R003_AUG000,1,6,11132,3,8,300,Bent-over A-shape Stretch (aug 0),train,566,aug_0
8333,M001P006A009R003_AUG001,1,6,11133,3,8,300,Bent-over A-shape Stretch (aug 1),train,566,aug_1
8334,M001P006A010R001_AUG000,1,6,11134,1,9,300,Squat With Arm Lift (aug 0),train,567,aug_0
8335,M001P006A010R001_AUG001,1,6,11135,1,9,300,Squat With Arm Lift (aug 1),train,567,aug_1
8336,M001P006A010R002_AUG000,1,6,11136,2,9,300,Squat With Arm Lift (aug 0),train,568,aug_0
8337,M001P006A010R002_AUG001,1,6,11137,2,9,300,Squat With Arm Lift (aug 1),train,568,aug_1
8338,M001P006A010R003_AUG000,1,6,11138,3,9,300,Squat With Arm Lift (aug 0),train,569,aug_0
8339,M001P006A010R003_AUG001,1,6,11139,3,9,300,Squat With Arm Lift (aug 1),train,569,aug_1
8340,M001P006A011R001_AUG000,1,6,11140,1,10,300,Breaststroke Arm Pull (aug 0),train,570,aug_0
8341,M001P006A011R001_AUG001,1,6,11141,1,10,300,Breaststroke Arm Pull (aug 1),train,570,aug_1
8342,M001P006A011R002_AUG000,1,6,11142,2,10,300,Breaststroke Arm Pull (aug 0),train,571,aug_0
8343,M001P006A011R002_AUG001,1,6,11143,2,10,300,Breaststroke Arm Pull (aug 1),train,571,aug_1
8344,M001P006A011R003_AUG000,1,6,11144,3,10,300,Breaststroke Arm Pull (aug 0),train,572,aug_0
8345,M001P006A011R003_AUG001,1,6,11145,3,10,300,Breaststroke Arm Pull (aug 1),train,572,aug_1
8346,M001P006A012R001_AUG000,1,6,11146,1,11,300,Prone Y-shape Stretch (aug 0),train,573,aug_0
8347,M001P006A012R001_AUG001,1,6,11147,1,11,300,Prone Y-shape Stretch (aug 1),train,573,aug_1
8348,M001P006A012R002_AUG000,1,6,11148,2,11,300,Prone Y-shape Stretch (aug 0),train,574,aug_0
8349,M001P006A012R002_AUG001,1,6,11149,2,11,300,Prone Y-shape Stretch (aug 1),train,574,aug_1
8350,M001P006A012R003_AUG000,1,6,11150,3,11,300,Prone Y-shape Stretch (aug 0),train,575,aug_0
8351,M001P006A012R003_AUG001,1,6,11151,3,11,300,Prone Y-shape Stretch (aug 1),train,575,aug_1
8352,M001P006A013R001_AUG000,1,6,11152,1,12,300,Lateral Raise Forward Circles (aug 0),train,576,aug_0
8353,M001P006A013R001_AUG001,1,6,11153,1,12,300,Lateral Raise Forward Circles (aug 1),train,576,aug_1
8354,M001P006A013R002_AUG000,1,6,11154,2,12,300,Lateral Raise Forward Circles (aug 0),train,577,aug_0
8355,M001P006A013R002_AUG001,1,6,11155,2,12,300,Lateral Raise Forward Circles (aug 1),train,577,aug_1
8356,M001P006A013R003_AUG000,1,6,11156,3,12,300,Lateral Raise Forward Circles (aug 0),train,578,aug_0
8357,M001P006A013R003_AUG001,1,6,11157,3,12,300,Lateral Raise Forward Circles (aug 1),train,578,aug_1
8358,M001P006A014R001_AUG000,1,6,11158,1,13,300,Lateral Raise Backward Circles (aug 0),train,579,aug_0
8359,M001P006A014R001_AUG001,1,6,11159,1,13,300,Lateral Raise Backward Circles (aug 1),train,579,aug_1
8360,M001P006A014R002_AUG000,1,6,11160,2,13,300,Lateral Raise Backward Circles (aug 0),train,580,aug_0
8361,M001P006A014R002_AUG001,1,6,11161,2,13,300,Lateral Raise Backward Circles (aug 1),train,580,aug_1
8362,M001P006A014R003_AUG000,1,6,11162,3,13,300,Lateral Raise Backward Circles (aug 0),train,581,aug_0
8363,M001P006A014R003_AUG001,1,6,11163,3,13,300,Lateral Raise Backward Circles (aug 1),train,581,aug_1
8364,M001P006A015R001_AUG000,1,6,11164,1,14,300,Lying Shoulder Joint Upward Round (aug 0),train,582,aug_0
8365,M001P006A015R001_AUG001,1,6,11165,1,14,300,Lying Shoulder Joint Upward Round (aug 1),train,582,aug_1
8366,M001P006A015R002_AUG000,1,6,11166,2,14,300,Lying Shoulder Joint Upward Round (aug 0),train,583,aug_0
8367,M001P006A015R002_AUG001,1,6,11167,2,14,300,Lying Shoulder Joint Upward Round (aug 1),train,583,aug_1
8368,M001P006A015R003_AUG000,1,6,11168,3,14,300,Lying Shoulder Joint Upward Round (aug 0),train,584,aug_0
8369,M001P006A015R003_AUG001,1,6,11169,3,14,300,Lying Shoulder Joint Upward Round (aug 1),train,584,aug_1
8370,M001P006A016R001_AUG000,1,6,11170,1,15,300,Lying Shoulder Joint Downward Round (aug 0),train,585,aug_0
8371,M001P006A016R001_AUG001,1,6,11171,1,15,300,Lying Shoulder Joint Downward Round (aug 1),train,585,aug_1
8372,M001P006A016R002_AUG000,1,6,11172,2,15,300,Lying Shoulder Joint Downward Round (aug 0),train,586,aug_0
8373,M001P006A016R002_AUG001,1,6,11173,2,15,300,Lying Shoulder Joint Downward Round (aug 1),train,586,aug_1
8374,M001P006A016R003_AUG000,1,6,11174,3,15,300,Lying Shoulder Joint Downward Round (aug 0),train,587,aug_0
8375,M001P006A016R003_AUG001,1,6,11175,3,15,300,Lying Shoulder Joint Downward Round (aug 1),train,587,aug_1
8376,M001P006A017R001_AUG000,1,6,11176,1,16,300,Bare-handed Full Lateral Raise (aug 0),train,588,aug_0
8377,M001P006A017R001_AUG001,1,6,11177,1,16,300,Bare-handed Full Lateral Raise (aug 1),train,588,aug_1
8378,M001P006A017R002_AUG000,1,6,11178,2,16,300,Bare-handed Full Lateral Raise (aug 0),train,589,aug_0
8379,M001P006A017R002_AUG001,1,6,11179,2,16,300,Bare-handed Full Lateral Raise (aug 1),train,589,aug_1
8380,M001P006A017R003_AUG000,1,6,11180,3,16,300,Bare-handed Full Lateral Raise (aug 0),train,590,aug_0
8381,M001P006A017R003_AUG001,1,6,11181,3,16,300,Bare-handed Full Lateral Raise (aug 1),train,590,aug_1
8382,M001P006A018R001_AUG000,1,6,11182,1,17,300,Bare-handed Cuban Press (aug 0),train,591,aug_0
8383,M001P006A018R001_AUG001,1,6,11183,1,17,300,Bare-handed Cuban Press (aug 1),train,591,aug_1
8384,M001P006A018R002_AUG000,1,6,11184,2,17,300,Bare-handed Cuban Press (aug 0),train,592,aug_0
8385,M001P006A018R002_AUG001,1,6,11185,2,17,300,Bare-handed Cuban Press (aug 1),train,592,aug_1
8386,M001P006A018R003_AUG000,1,6,11186,3,17,300,Bare-handed Cuban Press (aug 0),train,593,aug_0
8387,M001P006A018R003_AUG001,1,6,11187,3,17,300,Bare-handed Cuban Press (aug 1),train,593,aug_1
8388,M001P006A019R001_AUG000,1,6,11188,1,18,300,Fortune Cat (aug 0),train,594,aug_0
8389,M001P006A019R001_AUG001,1,6,11189,1,18,300,Fortune Cat (aug 1),train,594,aug_1
8390,M001P006A019R002_AUG000,1,6,11190,2,18,300,Fortune Cat (aug 0),train,595,aug_0
8391,M001P006A019R002_AUG001,1,6,11191,2,18,300,Fortune Cat (aug 1),train,595,aug_1
8392,M001P006A019R003_AUG000,1,6,11192,3,18,300,Fortune Cat (aug 0),train,596,aug_0
8393,M001P006A019R003_AUG001,1,6,11193,3,18,300,Fortune Cat (aug 1),train,596,aug_1
8394,M001P006A020R001_AUG000,1,6,11194,1,19,300,Dumbbell Curls (aug 0),train,597,aug_0
8395,M001P006A020R001_AUG001,1,6,11195,1,19,300,Dumbbell Curls (aug 1),train,597,aug_1
8396,M001P006A020R002_AUG000,1,6,11196,2,19,300,Dumbbell Curls (aug 0),train,598,aug_0
8397,M001P006A020R002_AUG001,1,6,11197,2,19,300,Dumbbell Curls (aug 1),train,598,aug_1
8398,M001P006A020R003_AUG000,1,6,11198,3,19,300,Dumbbell Curls (aug 0),train,599,aug_0
8399,M001P006A020R003_AUG001,1,6,11199,3,19,300,Dumbbell Curls (aug 1),train,599,aug_1
8400,M001P006A021R001_AUG000,1,6,11200,1,20,300,Alternate Dumbbell Curls (aug 0),train,600,aug_0
8401,M001P006A021R001_AUG001,1,6,11201,1,20,300,Alternate Dumbbell Curls (aug 1),train,600,aug_1
8402,M001P006A021R002_AUG000,1,6,11202,2,20,300,Alternate Dumbbell Curls (aug 0),train,601,aug_0
8403,M001P006A021R002_AUG001,1,6,11203,2,20,300,Alternate Dumbbell Curls (aug 1),train,601,aug_1
8404,M001P006A021R003_AUG000,1,6,11204,3,20,300,Alternate Dumbbell Curls (aug 0),train,602,aug_0
8405,M001P006A021R003_AUG001,1,6,11205,3,20,300,Alternate Dumbbell Curls (aug 1),train,602,aug_1
8406,M001P006A022R001_AUG000,1,6,11206,1,21,300,Right-side Kettlebell Bent-over Row (aug 0),train,603,aug_0
8407,M001P006A022R001_AUG001,1,6,11207,1,21,300,Right-side Kettlebell Bent-over Row (aug 1),train,603,aug_1
8408,M001P006A022R002_AUG000,1,6,11208,2,21,300,Right-side Kettlebell Bent-over Row (aug 0),train,604,aug_0
8409,M001P006A022R002_AUG001,1,6,11209,2,21,300,Right-side Kettlebell Bent-over Row (aug 1),train,604,aug_1
8410,M001P006A022R003_AUG000,1,6,11210,3,21,300,Right-side Kettlebell Bent-over Row (aug 0),train,605,aug_0
8411,M001P006A022R003_AUG001,1,6,11211,3,21,300,Right-side Kettlebell Bent-over Row (aug 1),train,605,aug_1
8412,M001P006A023R001_AUG000,1,6,11212,1,22,300,Wrist Joint Warm-up (aug 0),train,606,aug_0
8413,M001P006A023R001_AUG001,1,6,11213,1,22,300,Wrist Joint Warm-up (aug 1),train,606,aug_1
8414,M001P006A023R002_AUG000,1,6,11214,2,22,300,Wrist Joint Warm-up (aug 0),train,607,aug_0
8415,M001P006A023R002_AUG001,1,6,11215,2,22,300,Wrist Joint Warm-up (aug 1),train,607,aug_1
8416,M001P006A023R003_AUG000,1,6,11216,3,22,300,Wrist Joint Warm-up (aug 0),train,608,aug_0
8417,M001P006A023R003_AUG001,1,6,11217,3,22,300,Wrist Joint Warm-up (aug 1),train,608,aug_1
8418,M001P006A024R001_AUG000,1,6,11218,1,23,300,Right-side Bent-over Tricep Extension With Resistance Band (aug 0),train,609,aug_0
8419,M001P006A024R001_AUG001,1,6,11219,1,23,300,Right-side Bent-over Tricep Extension With Resistance Band (aug 1),train,609,aug_1
8420,M001P006A024R002_AUG000,1,6,11220,2,23,300,Right-side Bent-over Tricep Extension With Resistance Band (aug 0),train,610,aug_0
8421,M001P006A024R002_AUG001,1,6,11221,2,23,300,Right-side Bent-over Tricep Extension With Resistance Band (aug 1),train,610,aug_1
8422,M001P006A024R003_AUG000,1,6,11222,3,23,300,Right-side Bent-over Tricep Extension With Resistance Band (aug 0),train,611,aug_0
8423,M001P006A024R003_AUG001,1,6,11223,3,23,300,Right-side Bent-over Tricep Extension With Resistance Band (aug 1),train,611,aug_1
8424,M001P006A025R001_AUG000,1,6,11224,1,24,300,Bent-over Dumbbell Tricep Extension (aug 0),train,612,aug_0
8425,M001P006A025R001_AUG001,1,6,11225,1,24,300,Bent-over Dumbbell Tricep Extension (aug 1),train,612,aug_1
8426,M001P006A025R002_AUG000,1,6,11226,2,24,300,Bent-over Dumbbell Tricep Extension (aug 0),train,613,aug_0
8427,M001P006A025R002_AUG001,1,6,11227,2,24,300,Bent-over Dumbbell Tricep Extension (aug 1),train,613,aug_1
8428,M001P006A025R003_AUG000,1,6,11228,3,24,300,Bent-over Dumbbell Tricep Extension (aug 0),train,614,aug_0
8429,M001P006A025R003_AUG001,1,6,11229,3,24,300,Bent-over Dumbbell Tricep Extension (aug 1),train,614,aug_1
8430,M001P006A026R001_AUG000,1,6,11230,1,25,300,Nod And Raise Head (aug 0),train,615,aug_0
8431,M001P006A026R001_AUG001,1,6,11231,1,25,300,Nod And Raise Head (aug 1),train,615,aug_1
8432,M001P006A026R002_AUG000,1,6,11232,2,25,300,Nod And Raise Head (aug 0),train,616,aug_0
8433,M001P006A026R002_AUG001,1,6,11233,2,25,300,Nod And Raise Head (aug 1),train,616,aug_1
8434,M001P006A026R003_AUG000,1,6,11234,3,25,300,Nod And Raise Head (aug 0),train,617,aug_0
8435,M001P006A026R003_AUG001,1,6,11235,3,25,300,Nod And Raise Head (aug 1),train,617,aug_1
8436,M001P006A027R001_AUG000,1,6,11236,1,26,300,Two-way Head Turn (aug 0),train,618,aug_0
8437,M001P006A027R001_AUG001,1,6,11237,1,26,300,Two-way Head Turn (aug 1),train,618,aug_1
8438,M001P006A027R002_AUG000,1,6,11238,2,26,300,Two-way Head Turn (aug 0),train,619,aug_0
8439,M001P006A027R002_AUG001,1,6,11239,2,26,300,Two-way Head Turn (aug 1),train,619,aug_1
8440,M001P006A027R003_AUG000,1,6,11240,3,26,300,Two-way Head Turn (aug 0),train,620,aug_0
8441,M001P006A027R003_AUG001,1,6,11241,3,26,300,Two-way Head Turn (aug 1),train,620,aug_1
8442,M001P006A028R001_AUG000,1,6,11242,1,27,300,Shrug And Sink The Shoulders (aug 0),train,621,aug_0
8443,M001P006A028R001_AUG001,1,6,11243,1,27,300,Shrug And Sink The Shoulders (aug 1),train,621,aug_1
8444,M001P006A028R002_AUG000,1,6,11244,2,27,300,Shrug And Sink The Shoulders (aug 0),train,622,aug_0
8445,M001P006A028R002_AUG001,1,6,11245,2,27,300,Shrug And Sink The Shoulders (aug 1),train,622,aug_1
8446,M001P006A028R003_AUG000,1,6,11246,3,27,300,Shrug And Sink The Shoulders (aug 0),train,623,aug_0
8447,M001P006A028R003_AUG001,1,6,11247,3,27,300,Shrug And Sink The Shoulders (aug 1),train,623,aug_1
8448,M001P006A029R001_AUG000,1,6,11248,1,28,300,Four-way Nod Head (aug 0),train,624,aug_0
8449,M001P006A029R001_AUG001,1,6,11249,1,28,300,Four-way Nod Head (aug 1),train,624,aug_1
8450,M001P006A029R002_AUG000,1,6,11250,2,28,300,Four-way Nod Head (aug 0),train,625,aug_0
8451,M001P006A029R002_AUG001,1,6,11251,2,28,300,Four-way Nod Head (aug 1),train,625,aug_1
8452,M001P006A029R003_AUG000,1,6,11252,3,28,300,Four-way Nod Head (aug 0),train,626,aug_0
8453,M001P006A029R003_AUG001,1,6,11253,3,28,300,Four-way Nod Head (aug 1),train,626,aug_1
8454,M001P006A030R001_AUG000,1,6,11254,1,29,300,Lying Alternate Upper-half Leg Raise (aug 0),train,627,aug_0
8455,M001P006A030R001_AUG001,1,6,11255,1,29,300,Lying Alternate Upper-half Leg Raise (aug 1),train,627,aug_1
8456,M001P006A030R002_AUG000,1,6,11256,2,29,300,Lying Alternate Upper-half Leg Raise (aug 0),train,628,aug_0
8457,M001P006A030R002_AUG001,1,6,11257,2,29,300,Lying Alternate Upper-half Leg Raise (aug 1),train,628,aug_1
8458,M001P006A030R003_AUG000,1,6,11258,3,29,300,Lying Alternate Upper-half Leg Raise (aug 0),train,629,aug_0
8459,M001P006A030R003_AUG001,1,6,11259,3,29,300,Lying Alternate Upper-half Leg Raise (aug 1),train,629,aug_1
8460,M001P006A031R001_AUG000,1,6,11260,1,30,300,Half Roll Back (aug 0),train,630,aug_0
8461,M001P006A031R001_AUG001,1,6,11261,1,30,300,Half Roll Back (aug 1),train,630,aug_1
8462,M001P006A031R002_AUG000,1,6,11262,2,30,300,Half Roll Back (aug 0),train,631,aug_0
8463,M001P006A031R002_AUG001,1,6,11263,2,30,300,Half Roll Back (aug 1),train,631,aug_1
8464,M001P006A031R003_AUG000,1,6,11264,3,30,300,Half Roll Back (aug 0),train,632,aug_0
8465,M001P006A031R003_AUG001,1,6,11265,3,30,300,Half Roll Back (aug 1),train,632,aug_1
8466,M001P006A032R001_AUG000,1,6,11266,1,31,300,Kneeling Right-side Torso Twist (aug 0),train,633,aug_0
8467,M001P006A032R001_AUG001,1,6,11267,1,31,300,Kneeling Right-side Torso Twist (aug 1),train,633,aug_1
8468,M001P006A032R002_AUG000,1,6,11268,2,31,300,Kneeling Right-side Torso Twist (aug 0),train,634,aug_0
8469,M001P006A032R002_AUG001,1,6,11269,2,31,300,Kneeling Right-side Torso Twist (aug 1),train,634,aug_1
8470,M001P006A032R003_AUG000,1,6,11270,3,31,300,Kneeling Right-side Torso Twist (aug 0),train,635,aug_0
8471,M001P006A032R003_AUG001,1,6,11271,3,31,300,Kneeling Right-side Torso Twist (aug 1),train,635,aug_1
8472,M001P006A033R001_AUG000,1,6,11272,1,32,300,Left-side Knee Raise And Abdominal Muscles Contract (aug 0),train,636,aug_0
8473,M001P006A033R001_AUG001,1,6,11273,1,32,300,Left-side Knee Raise And Abdominal Muscles Contract (aug 1),train,636,aug_1
8474,M001P006A033R002_AUG000,1,6,11274,2,32,300,Left-side Knee Raise And Abdominal Muscles Contract (aug 0),train,637,aug_0
8475,M001P006A033R002_AUG001,1,6,11275,2,32,300,Left-side Knee Raise And Abdominal Muscles Contract (aug 1),train,637,aug_1
8476,M001P006A033R003_AUG000,1,6,11276,3,32,300,Left-side Knee Raise And Abdominal Muscles Contract (aug 0),train,638,aug_0
8477,M001P006A033R003_AUG001,1,6,11277,3,32,300,Left-side Knee Raise And Abdominal Muscles Contract (aug 1),train,638,aug_1
8478,M001P006A034R001_AUG000,1,6,11278,1,33,300,Kneeling Right Leg Backward Stretch (aug 0),train,639,aug_0
8479,M001P006A034R001_AUG001,1,6,11279,1,33,300,Kneeling Right Leg Backward Stretch (aug 1),train,639,aug_1
8480,M001P006A034R002_AUG000,1,6,11280,2,33,300,Kneeling Right Leg Backward Stretch (aug 0),train,640,aug_0
8481,M001P006A034R002_AUG001,1,6,11281,2,33,300,Kneeling Right Leg Backward Stretch (aug 1),train,640,aug_1
8482,M001P006A034R003_AUG000,1,6,11282,3,33,300,Kneeling Right Leg Backward Stretch (aug 0),train,641,aug_0
8483,M001P006A034R003_AUG001,1,6,11283,3,33,300,Kneeling Right Leg Backward Stretch (aug 1),train,641,aug_1
8484,M001P006A035R001_AUG000,1,6,11284,1,34,300,Kneeling Right Arm Raise (aug 0),train,642,aug_0
8485,M001P006A035R001_AUG001,1,6,11285,1,34,300,Kneeling Right Arm Raise (aug 1),train,642,aug_1
8486,M001P006A035R002_AUG000,1,6,11286,2,34,300,Kneeling Right Arm Raise (aug 0),train,643,aug_0
8487,M001P006A035R002_AUG001,1,6,11287,2,34,300,Kneeling Right Arm Raise (aug 1),train,643,aug_1
8488,M001P006A035R003_AUG000,1,6,11288,3,34,300,Kneeling Right Arm Raise (aug 0),train,644,aug_0
8489,M001P006A035R003_AUG001,1,6,11289,3,34,300,Kneeling Right Arm Raise (aug 1),train,644,aug_1
8490,M001P006A036R001_AUG000,1,6,11290,1,35,300,Shoulder Bridge (aug 0),train,645,aug_0
8491,M001P006A036R001_AUG001,1,6,11291,1,35,300,Shoulder Bridge (aug 1),train,645,aug_1
8492,M001P006A036R002_AUG000,1,6,11292,2,35,300,Shoulder Bridge (aug 0),train,646,aug_0
8493,M001P006A036R002_AUG001,1,6,11293,2,35,300,Shoulder Bridge (aug 1),train,646,aug_1
8494,M001P006A036R003_AUG000,1,6,11294,3,35,300,Shoulder Bridge (aug 0),train,647,aug_0
8495,M001P006A036R003_AUG001,1,6,11295,3,35,300,Shoulder Bridge (aug 1),train,647,aug_1
8496,M001P006A037R001_AUG000,1,6,11296,1,36,300,Prone Press-ups (aug 0),train,648,aug_0
8497,M001P006A037R001_AUG001,1,6,11297,1,36,300,Prone Press-ups (aug 1),train,648,aug_1
8498,M001P006A037R002_AUG000,1,6,11298,2,36,300,Prone Press-ups (aug 0),train,649,aug_0
8499,M001P006A037R002_AUG001,1,6,11299,2,36,300,Prone Press-ups (aug 1),train,649,aug_1
8500,M001P006A037R003_AUG000,1,6,11300,3,36,300,Prone Press-ups (aug 0),train,650,aug_0
8501,M001P006A037R003_AUG001,1,6,11301,3,36,300,Prone Press-ups (aug 1),train,650,aug_1
8502,M001P006A038R001_AUG000,1,6,11302,1,37,300,Bent-over Torso Rotation (aug 0),train,651,aug_0
8503,M001P006A038R001_AUG001,1,6,11303,1,37,300,Bent-over Torso Rotation (aug 1),train,651,aug_1
8504,M001P006A038R002_AUG000,1,6,11304,2,37,300,Bent-over Torso Rotation (aug 0),train,652,aug_0
8505,M001P006A038R002_AUG001,1,6,11305,2,37,300,Bent-over Torso Rotation (aug 1),train,652,aug_1
8506,M001P006A038R003_AUG000,1,6,11306,3,37,300,Bent-over Torso Rotation (aug 0),train,653,aug_0
8507,M001P006A038R003_AUG001,1,6,11307,3,37,300,Bent-over Torso Rotation (aug 1),train,653,aug_1
8508,M001P006A039R001_AUG000,1,6,11308,1,38,300,Lying Arm Pull (aug 0),train,654,aug_0
8509,M001P006A039R001_AUG001,1,6,11309,1,38,300,Lying Arm Pull (aug 1),train,654,aug_1
8510,M001P006A039R002_AUG000,1,6,11310,2,38,300,Lying Arm Pull (aug 0),train,655,aug_0
8511,M001P006A039R002_AUG001,1,6,11311,2,38,300,Lying Arm Pull (aug 1),train,655,aug_1
8512,M001P006A039R003_AUG000,1,6,11312,3,38,300,Lying Arm Pull (aug 0),train,656,aug_0
8513,M001P006A039R003_AUG001,1,6,11313,3,38,300,Lying Arm Pull (aug 1),train,656,aug_1
8514,M001P006A040R001_AUG000,1,6,11314,1,39,300,Prone Press Up With Torso Rotation (aug 0),train,657,aug_0
8515,M001P006A040R001_AUG001,1,6,11315,1,39,300,Prone Press Up With Torso Rotation (aug 1),train,657,aug_1
8516,M001P006A040R002_AUG000,1,6,11316,2,39,300,Prone Press Up With Torso Rotation (aug 0),train,658,aug_0
8517,M001P006A040R002_AUG001,1,6,11317,2,39,300,Prone Press Up With Torso Rotation (aug 1),train,658,aug_1
8518,M001P006A040R003_AUG000,1,6,11318,3,39,300,Prone Press Up With Torso Rotation (aug 0),train,659,aug_0
8519,M001P006A040R003_AUG001,1,6,11319,3,39,300,Prone Press Up With Torso Rotation (aug 1),train,659,aug_1
8520,M001P006A041R001_AUG000,1,6,11320,1,40,300,Breaststroke Push-ups (aug 0),train,660,aug_0
8521,M001P006A041R001_AUG001,1,6,11321,1,40,300,Breaststroke Push-ups (aug 1),train,660,aug_1
8522,M001P006A041R002_AUG000,1,6,11322,2,40,300,Breaststroke Push-ups (aug 0),train,661,aug_0
8523,M001P006A041R002_AUG001,1,6,11323,2,40,300,Breaststroke Push-ups (aug 1),train,661,aug_1
8524,M001P006A041R003_AUG000,1,6,11324,3,40,300,Breaststroke Push-ups (aug 0),train,662,aug_0
8525,M001P006A041R003_AUG001,1,6,11325,3,40,300,Breaststroke Push-ups (aug 1),train,662,aug_1
8526,M001P006A042R001_AUG000,1,6,11326,1,41,300,Sit-ups (aug 0),train,663,aug_0
8527,M001P006A042R001_AUG001,1,6,11327,1,41,300,Sit-ups (aug 1),train,663,aug_1
8528,M001P006A042R002_AUG000,1,6,11328,2,41,300,Sit-ups (aug 0),train,664,aug_0
8529,M001P006A042R002_AUG001,1,6,11329,2,41,300,Sit-ups (aug 1),train,664,aug_1
8530,M001P006A042R003_AUG000,1,6,11330,3,41,300,Sit-ups (aug 0),train,665,aug_0
8531,M001P006A042R003_AUG001,1,6,11331,3,41,300,Sit-ups (aug 1),train,665,aug_1
8532,M001P006A043R001_AUG000,1,6,11332,1,42,300,Side-lying Left Leg Forward Raise (aug 0),train,666,aug_0
8533,M001P006A043R001_AUG001,1,6,11333,1,42,300,Side-lying Left Leg Forward Raise (aug 1),train,666,aug_1
8534,M001P006A043R002_AUG000,1,6,11334,2,42,300,Side-lying Left Leg Forward Raise (aug 0),train,667,aug_0
8535,M001P006A043R002_AUG001,1,6,11335,2,42,300,Side-lying Left Leg Forward Raise (aug 1),train,667,aug_1
8536,M001P006A043R003_AUG000,1,6,11336,3,42,300,Side-lying Left Leg Forward Raise (aug 0),train,668,aug_0
8537,M001P006A043R003_AUG001,1,6,11337,3,42,300,Side-lying Left Leg Forward Raise (aug 1),train,668,aug_1
8538,M001P006A044R001_AUG000,1,6,11338,1,43,300,Right Leg Reverse Lunge (aug 0),train,669,aug_0
8539,M001P006A044R001_AUG001,1,6,11339,1,43,300,Right Leg Reverse Lunge (aug 1),train,669,aug_1
8540,M001P006A044R002_AUG000,1,6,11340,2,43,300,Right Leg Reverse Lunge (aug 0),train,670,aug_0
8541,M001P006A044R002_AUG001,1,6,11341,2,43,300,Right Leg Reverse Lunge (aug 1),train,670,aug_1
8542,M001P006A044R003_AUG000,1,6,11342,3,43,300,Right Leg Reverse Lunge (aug 0),train,671,aug_0
8543,M001P006A044R003_AUG001,1,6,11343,3,43,300,Right Leg Reverse Lunge (aug 1),train,671,aug_1
8544,M001P006A045R001_AUG000,1,6,11344,1,44,300,Kneeling Left Knee Lift (aug 0),train,672,aug_0
8545,M001P006A045R001_AUG001,1,6,11345,1,44,300,Kneeling Left Knee Lift (aug 1),train,672,aug_1
8546,M001P006A045R002_AUG000,1,6,11346,2,44,300,Kneeling Left Knee Lift (aug 0),train,673,aug_0
8547,M001P006A045R002_AUG001,1,6,11347,2,44,300,Kneeling Left Knee Lift (aug 1),train,673,aug_1
8548,M001P006A045R003_AUG000,1,6,11348,3,44,300,Kneeling Left Knee Lift (aug 0),train,674,aug_0
8549,M001P006A045R003_AUG001,1,6,11349,3,44,300,Kneeling Left Knee Lift (aug 1),train,674,aug_1
8550,M001P006A046R001_AUG000,1,6,11350,1,45,300,Alternate Reverse Lunge (aug 0),train,675,aug_0
8551,M001P006A046R001_AUG001,1,6,11351,1,45,300,Alternate Reverse Lunge (aug 1),train,675,aug_1
8552,M001P006A046R002_AUG000,1,6,11352,2,45,300,Alternate Reverse Lunge (aug 0),train,676,aug_0
8553,M001P006A046R002_AUG001,1,6,11353,2,45,300,Alternate Reverse Lunge (aug 1),train,676,aug_1
8554,M001P006A046R003_AUG000,1,6,11354,3,45,300,Alternate Reverse Lunge (aug 0),train,677,aug_0
8555,M001P006A046R003_AUG001,1,6,11355,3,45,300,Alternate Reverse Lunge (aug 1),train,677,aug_1
8556,M001P006A047R001_AUG000,1,6,11356,1,46,300,Side-lying Right Leg Backward Kick (aug 0),train,678,aug_0
8557,M001P006A047R001_AUG001,1,6,11357,1,46,300,Side-lying Right Leg Backward Kick (aug 1),train,678,aug_1
8558,M001P006A047R002_AUG000,1,6,11358,2,46,300,Side-lying Right Leg Backward Kick (aug 0),train,679,aug_0
8559,M001P006A047R002_AUG001,1,6,11359,2,46,300,Side-lying Right Leg Backward Kick (aug 1),train,679,aug_1
8560,M001P006A047R003_AUG000,1,6,11360,3,46,300,Side-lying Right Leg Backward Kick (aug 0),train,680,aug_0
8561,M001P006A047R003_AUG001,1,6,11361,3,46,300,Side-lying Right Leg Backward Kick (aug 1),train,680,aug_1
8562,M001P006A048R001_AUG000,1,6,11362,1,47,300,Left Leg Lunge With Knee Lift (aug 0),train,681,aug_0
8563,M001P006A048R001_AUG001,1,6,11363,1,47,300,Left Leg Lunge With Knee Lift (aug 1),train,681,aug_1
8564,M001P006A048R002_AUG000,1,6,11364,2,47,300,Left Leg Lunge With Knee Lift (aug 0),train,682,aug_0
8565,M001P006A048R002_AUG001,1,6,11365,2,47,300,Left Leg Lunge With Knee Lift (aug 1),train,682,aug_1
8566,M001P006A048R003_AUG000,1,6,11366,3,47,300,Left Leg Lunge With Knee Lift (aug 0),train,683,aug_0
8567,M001P006A048R003_AUG001,1,6,11367,3,47,300,Left Leg Lunge With Knee Lift (aug 1),train,683,aug_1
8568,M001P006A049R001_AUG000,1,6,11368,1,48,300,Sumo Squat (aug 0),train,684,aug_0
8569,M001P006A049R001_AUG001,1,6,11369,1,48,300,Sumo Squat (aug 1),train,684,aug_1
8570,M001P006A049R002_AUG000,1,6,11370,2,48,300,Sumo Squat (aug 0),train,685,aug_0
8571,M001P006A049R002_AUG001,1,6,11371,2,48,300,Sumo Squat (aug 1),train,685,aug_1
8572,M001P006A049R003_AUG000,1,6,11372,3,48,300,Sumo Squat (aug 0),train,686,aug_0
8573,M001P006A049R003_AUG001,1,6,11373,3,48,300,Sumo Squat (aug 1),train,686,aug_1
8574,M001P006A050R001_AUG000,1,6,11374,1,49,300,Straight Leg Calf Raise (aug 0),train,687,aug_0
8575,M001P006A050R001_AUG001,1,6,11375,1,49,300,Straight Leg Calf Raise (aug 1),train,687,aug_1
8576,M001P006A050R002_AUG000,1,6,11376,2,49,300,Straight Leg Calf Raise (aug 0),train,688,aug_0
8577,M001P006A050R002_AUG001,1,6,11377,2,49,300,Straight Leg Calf Raise (aug 1),train,688,aug_1
8578,M001P006A050R003_AUG000,1,6,11378,3,49,300,Straight Leg Calf Raise (aug 0),train,689,aug_0
8579,M001P006A050R003_AUG001,1,6,11379,3,49,300,Straight Leg Calf Raise (aug 1),train,689,aug_1
8580,M001P006A051R001_AUG000,1,6,11380,1,50,300,Squat Jump (aug 0),train,690,aug_0
8581,M001P006A051R001_AUG001,1,6,11381,1,50,300,Squat Jump (aug 1),train,690,aug_1
8582,M001P006A051R002_AUG000,1,6,11382,2,50,300,Squat Jump (aug 0),train,691,aug_0
8583,M001P006A051R002_AUG001,1,6,11383,2,50,300,Squat Jump (aug 1),train,691,aug_1
8584,M001P006A051R003_AUG000,1,6,11384,3,50,300,Squat Jump (aug 0),train,692,aug_0
8585,M001P006A051R003_AUG001,1,6,11385,3,50,300,Squat Jump (aug 1),train,692,aug_1
8586,M001P006A052R001_AUG000,1,6,11386,1,51,300,Squat With Alternate Knee Lift (aug 0),train,693,aug_0
8587,M001P006A052R001_AUG001,1,6,11387,1,51,300,Squat With Alternate Knee Lift (aug 1),train,693,aug_1
8588,M001P006A052R002_AUG000,1,6,11388,2,51,300,Squat With Alternate Knee Lift (aug 0),train,694,aug_0
8589,M001P006A052R002_AUG001,1,6,11389,2,51,300,Squat With Alternate Knee Lift (aug 1),train,694,aug_1
8590,M001P006A052R003_AUG000,1,6,11390,3,51,300,Squat With Alternate Knee Lift (aug 0),train,695,aug_0
8591,M001P006A052R003_AUG001,1,6,11391,3,51,300,Squat With Alternate Knee Lift (aug 1),train,695,aug_1
8592,M001P006A053R001_AUG000,1,6,11392,1,52,300,Standing Alternate Butt Kick (aug 0),train,696,aug_0
8593,M001P006A053R001_AUG001,1,6,11393,1,52,300,Standing Alternate Butt Kick (aug 1),train,696,aug_1
8594,M001P006A053R002_AUG000,1,6,11394,2,52,300,Standing Alternate Butt Kick (aug 0),train,697,aug_0
8595,M001P006A053R002_AUG001,1,6,11395,2,52,300,Standing Alternate Butt Kick (aug 1),train,697,aug_1
8596,M001P006A053R003_AUG000,1,6,11396,3,52,300,Standing Alternate Butt Kick (aug 0),train,698,aug_0
8597,M001P006A053R003_AUG001,1,6,11397,3,52,300,Standing Alternate Butt Kick (aug 1),train,698,aug_1
8598,M001P006A054R001_AUG000,1,6,11398,1,53,300,Knee Warm-up (aug 0),train,699,aug_0
8599,M001P006A054R001_AUG001,1,6,11399,1,53,300,Knee Warm-up (aug 1),train,699,aug_1
8600,M001P006A054R002_AUG000,1,6,11400,2,53,300,Knee Warm-up (aug 0),train,700,aug_0
8601,M001P006A054R002_AUG001,1,6,11401,2,53,300,Knee Warm-up (aug 1),train,700,aug_1
8602,M001P006A054R003_AUG000,1,6,11402,3,53,300,Knee Warm-up (aug 0),train,701,aug_0
8603,M001P006A054R003_AUG001,1,6,11403,3,53,300,Knee Warm-up (aug 1),train,701,aug_1
8604,M001P006A055R001_AUG000,1,6,11404,1,54,300,Butt Kicks (aug 0),train,702,aug_0
8605,M001P006A055R001_AUG001,1,6,11405,1,54,300,Butt Kicks (aug 1),train,702,aug_1
8606,M001P006A055R002_AUG000,1,6,11406,2,54,300,Butt Kicks (aug 0),train,703,aug_0
8607,M001P006A055R002_AUG001,1,6,11407,2,54,300,Butt Kicks (aug 1),train,703,aug_1
8608,M001P006A055R003_AUG000,1,6,11408,3,54,300,Butt Kicks (aug 0),train,704,aug_0
8609,M001P006A055R003_AUG001,1,6,11409,3,54,300,Butt Kicks (aug 1),train,704,aug_1
8610,M001P006A056R001_AUG000,1,6,11410,1,55,300,Jump Left and Right (aug 0),train,705,aug_0
8611,M001P006A056R001_AUG001,1,6,11411,1,55,300,Jump Left and Right (aug 1),train,705,aug_1
8612,M001P006A056R002_AUG000,1,6,11412,2,55,300,Jump Left and Right (aug 0),train,706,aug_0
8613,M001P006A056R002_AUG001,1,6,11413,2,55,300,Jump Left and Right (aug 1),train,706,aug_1
8614,M001P006A056R003_AUG000,1,6,11414,3,55,300,Jump Left and Right (aug 0),train,707,aug_0
8615,M001P006A056R003_AUG001,1,6,11415,3,55,300,Jump Left and Right (aug 1),train,707,aug_1
8616,M001P006A057R001_AUG000,1,6,11416,1,56,300,Jumping Jacks (aug 0),train,708,aug_0
8617,M001P006A057R001_AUG001,1,6,11417,1,56,300,Jumping Jacks (aug 1),train,708,aug_1
8618,M001P006A057R002_AUG000,1,6,11418,2,56,300,Jumping Jacks (aug 0),train,709,aug_0
8619,M001P006A057R002_AUG001,1,6,11419,2,56,300,Jumping Jacks (aug 1),train,709,aug_1
8620,M001P006A057R003_AUG000,1,6,11420,3,56,300,Jumping Jacks (aug 0),train,710,aug_0
8621,M001P006A057R003_AUG001,1,6,11421,3,56,300,Jumping Jacks (aug 1),train,710,aug_1
8622,M001P006A058R001_AUG000,1,6,11422,1,57,300,High Knee (aug 0),train,711,aug_0
8623,M001P006A058R001_AUG001,1,6,11423,1,57,300,High Knee (aug 1),train,711,aug_1
8624,M001P006A058R002_AUG000,1,6,11424,2,57,300,High Knee (aug 0),train,712,aug_0
8625,M001P006A058R002_AUG001,1,6,11425,2,57,300,High Knee (aug 1),train,712,aug_1
8626,M001P006A058R003_AUG000,1,6,11426,3,57,300,High Knee (aug 0),train,713,aug_0
8627,M001P006A058R003_AUG001,1,6,11427,3,57,300,High Knee (aug 1),train,713,aug_1
8628,M001P006A059R001_AUG000,1,6,11428,1,58,300,Clap Jacks (aug 0),train,714,aug_0
8629,M001P006A059R001_AUG001,1,6,11429,1,58,300,Clap Jacks (aug 1),train,714,aug_1
8630,M001P006A059R002_AUG000,1,6,11430,2,58,300,Clap Jacks (aug 0),train,715,aug_0
8631,M001P006A059R002_AUG001,1,6,11431,2,58,300,Clap Jacks (aug 1),train,715,aug_1
8632,M001P006A059R003_AUG000,1,6,11432,3,58,300,Clap Jacks (aug 0),train,716,aug_0
8633,M001P006A059R003_AUG001,1,6,11433,3,58,300,Clap Jacks (aug 1),train,716,aug_1
8634,M001P006A060R001_AUG000,1,6,11434,1,59,300,Run In Place With Arm Swing (aug 0),train,717,aug_0
8635,M001P006A060R001_AUG001,1,6,11435,1,59,300,Run In Place With Arm Swing (aug 1),train,717,aug_1
8636,M001P006A060R002_AUG000,1,6,11436,2,59,300,Run In Place With Arm Swing (aug 0),train,718,aug_0
8637,M001P006A060R002_AUG001,1,6,11437,2,59,300,Run In Place With Arm Swing (aug 1),train,718,aug_1
8638,M001P006A060R003_AUG000,1,6,11438,3,59,300,Run In Place With Arm Swing (aug 0),train,719,aug_0
8639,M001P006A060R003_AUG001,1,6,11439,3,59,300,Run In Place With Arm Swing (aug 1),train,719,aug_1
8640,M001P007A001R001_AUG000,1,7,11440,1,0,300,Svend Press (aug 0),train,720,aug_0
8641,M001P007A001R001_AUG001,1,7,11441,1,0,300,Svend Press (aug 1),train,720,aug_1
8642,M001P007A001R002_AUG000,1,7,11442,2,0,300,Svend Press (aug 0),train,721,aug_0
8643,M001P007A001R002_AUG001,1,7,11443,2,0,300,Svend Press (aug 1),train,721,aug_1
8644,M001P007A001R003_AUG000,1,7,11444,3,0,300,Svend Press (aug 0),train,722,aug_0
8645,M001P007A001R003_AUG001,1,7,11445,3,0,300,Svend Press (aug 1),train,722,aug_1
8646,M001P007A002R001_AUG000,1,7,11446,1,1,300,Kneeling Push-ups (aug 0),train,723,aug_0
8647,M001P007A002R001_AUG001,1,7,11447,1,1,300,Kneeling Push-ups (aug 1),train,723,aug_1
8648,M001P007A002R002_AUG000,1,7,11448,2,1,300,Kneeling Push-ups (aug 0),train,724,aug_0
8649,M001P007A002R002_AUG001,1,7,11449,2,1,300,Kneeling Push-ups (aug 1),train,724,aug_1
8650,M001P007A002R003_AUG000,1,7,11450,3,1,300,Kneeling Push-ups (aug 0),train,725,aug_0
8651,M001P007A002R003_AUG001,1,7,11451,3,1,300,Kneeling Push-ups (aug 1),train,725,aug_1
8652,M001P007A003R001_AUG000,1,7,11452,1,2,300,Standing Straight-arm Chest Press With Resistance Band (aug 0),train,726,aug_0
8653,M001P007A003R001_AUG001,1,7,11453,1,2,300,Standing Straight-arm Chest Press With Resistance Band (aug 1),train,726,aug_1
8654,M001P007A003R002_AUG000,1,7,11454,2,2,300,Standing Straight-arm Chest Press With Resistance Band (aug 0),train,727,aug_0
8655,M001P007A003R002_AUG001,1,7,11455,2,2,300,Standing Straight-arm Chest Press With Resistance Band (aug 1),train,727,aug_1
8656,M001P007A003R003_AUG000,1,7,11456,3,2,300,Standing Straight-arm Chest Press With Resistance Band (aug 0),train,728,aug_0
8657,M001P007A003R003_AUG001,1,7,11457,3,2,300,Standing Straight-arm Chest Press With Resistance Band (aug 1),train,728,aug_1
8658,M001P007A004R001_AUG000,1,7,11458,1,3,300,Small Dumbbell Floor Flies (aug 0),train,729,aug_0
8659,M001P007A004R001_AUG001,1,7,11459,1,3,300,Small Dumbbell Floor Flies (aug 1),train,729,aug_1
8660,M001P007A004R002_AUG000,1,7,11460,2,3,300,Small Dumbbell Floor Flies (aug 0),train,730,aug_0
8661,M001P007A004R002_AUG001,1,7,11461,2,3,300,Small Dumbbell Floor Flies (aug 1),train,730,aug_1
8662,M001P007A004R003_AUG000,1,7,11462,3,3,300,Small Dumbbell Floor Flies (aug 0),train,731,aug_0
8663,M001P007A004R003_AUG001,1,7,11463,3,3,300,Small Dumbbell Floor Flies (aug 1),train,731,aug_1
8664,M001P007A005R001_AUG000,1,7,11464,1,4,300,Chest Fly (aug 0),train,732,aug_0
8665,M001P007A005R001_AUG001,1,7,11465,1,4,300,Chest Fly (aug 1),train,732,aug_1
8666,M001P007A005R002_AUG000,1,7,11466,2,4,300,Chest Fly (aug 0),train,733,aug_0
8667,M001P007A005R002_AUG001,1,7,11467,2,4,300,Chest Fly (aug 1),train,733,aug_1
8668,M001P007A005R003_AUG000,1,7,11468,3,4,300,Chest Fly (aug 0),train,734,aug_0
8669,M001P007A005R003_AUG001,1,7,11469,3,4,300,Chest Fly (aug 1),train,734,aug_1
8670,M001P007A006R001_AUG000,1,7,11470,1,5,300,Push-ups (aug 0),train,735,aug_0
8671,M001P007A006R001_AUG001,1,7,11471,1,5,300,Push-ups (aug 1),train,735,aug_1
8672,M001P007A006R002_AUG000,1,7,11472,2,5,300,Push-ups (aug 0),train,736,aug_0
8673,M001P007A006R002_AUG001,1,7,11473,2,5,300,Push-ups (aug 1),train,736,aug_1
8674,M001P007A006R003_AUG000,1,7,11474,3,5,300,Push-ups (aug 0),train,737,aug_0
8675,M001P007A006R003_AUG001,1,7,11475,3,5,300,Push-ups (aug 1),train,737,aug_1
8676,M001P007A007R001_AUG000,1,7,11476,1,6,300,Bent-over W-shape Stretch (aug 0),train,738,aug_0
8677,M001P007A007R001_AUG001,1,7,11477,1,6,300,Bent-over W-shape Stretch (aug 1),train,738,aug_1
8678,M001P007A007R002_AUG000,1,7,11478,2,6,300,Bent-over W-shape Stretch (aug 0),train,739,aug_0
8679,M001P007A007R002_AUG001,1,7,11479,2,6,300,Bent-over W-shape Stretch (aug 1),train,739,aug_1
8680,M001P007A007R003_AUG000,1,7,11480,3,6,300,Bent-over W-shape Stretch (aug 0),train,740,aug_0
8681,M001P007A007R003_AUG001,1,7,11481,3,6,300,Bent-over W-shape Stretch (aug 1),train,740,aug_1
8682,M001P007A008R001_AUG000,1,7,11482,1,7,300,Bent-over Y-shape Stretch (aug 0),train,741,aug_0
8683,M001P007A008R001_AUG001,1,7,11483,1,7,300,Bent-over Y-shape Stretch (aug 1),train,741,aug_1
8684,M001P007A008R002_AUG000,1,7,11484,2,7,300,Bent-over Y-shape Stretch (aug 0),train,742,aug_0
8685,M001P007A008R002_AUG001,1,7,11485,2,7,300,Bent-over Y-shape Stretch (aug 1),train,742,aug_1
8686,M001P007A008R003_AUG000,1,7,11486,3,7,300,Bent-over Y-shape Stretch (aug 0),train,743,aug_0
8687,M001P007A008R003_AUG001,1,7,11487,3,7,300,Bent-over Y-shape Stretch (aug 1),train,743,aug_1
8688,M001P007A009R001_AUG000,1,7,11488,1,8,300,Bent-over A-shape Stretch (aug 0),train,744,aug_0
8689,M001P007A009R001_AUG001,1,7,11489,1,8,300,Bent-over A-shape Stretch (aug 1),train,744,aug_1
8690,M001P007A009R002_AUG000,1,7,11490,2,8,300,Bent-over A-shape Stretch (aug 0),train,745,aug_0
8691,M001P007A009R002_AUG001,1,7,11491,2,8,300,Bent-over A-shape Stretch (aug 1),train,745,aug_1
8692,M001P007A009R003_AUG000,1,7,11492,3,8,300,Bent-over A-shape Stretch (aug 0),train,746,aug_0
8693,M001P007A009R003_AUG001,1,7,11493,3,8,300,Bent-over A-shape Stretch (aug 1),train,746,aug_1
8694,M001P007A010R001_AUG000,1,7,11494,1,9,300,Squat With Arm Lift (aug 0),train,747,aug_0
8695,M001P007A010R001_AUG001,1,7,11495,1,9,300,Squat With Arm Lift (aug 1),train,747,aug_1
8696,M001P007A010R002_AUG000,1,7,11496,2,9,300,Squat With Arm Lift (aug 0),train,748,aug_0
8697,M001P007A010R002_AUG001,1,7,11497,2,9,300,Squat With Arm Lift (aug 1),train,748,aug_1
8698,M001P007A010R003_AUG000,1,7,11498,3,9,300,Squat With Arm Lift (aug 0),train,749,aug_0
8699,M001P007A010R003_AUG001,1,7,11499,3,9,300,Squat With Arm Lift (aug 1),train,749,aug_1
8700,M001P007A011R001_AUG000,1,7,11500,1,10,300,Breaststroke Arm Pull (aug 0),train,750,aug_0
8701,M001P007A011R001_AUG001,1,7,11501,1,10,300,Breaststroke Arm Pull (aug 1),train,750,aug_1
8702,M001P007A011R002_AUG000,1,7,11502,2,10,300,Breaststroke Arm Pull (aug 0),train,751,aug_0
8703,M001P007A011R002_AUG001,1,7,11503,2,10,300,Breaststroke Arm Pull (aug 1),train,751,aug_1
8704,M001P007A011R003_AUG000,1,7,11504,3,10,300,Breaststroke Arm Pull (aug 0),train,752,aug_0
8705,M001P007A011R003_AUG001,1,7,11505,3,10,300,Breaststroke Arm Pull (aug 1),train,752,aug_1
8706,M001P007A012R001_AUG000,1,7,11506,1,11,300,Prone Y-shape Stretch (aug 0),train,753,aug_0
8707,M001P007A012R001_AUG001,1,7,11507,1,11,300,Prone Y-shape Stretch (aug 1),train,753,aug_1
8708,M001P007A012R002_AUG000,1,7,11508,2,11,300,Prone Y-shape Stretch (aug 0),train,754,aug_0
8709,M001P007A012R002_AUG001,1,7,11509,2,11,300,Prone Y-shape Stretch (aug 1),train,754,aug_1
8710,M001P007A012R003_AUG000,1,7,11510,3,11,300,Prone Y-shape Stretch (aug 0),train,755,aug_0
8711,M001P007A012R003_AUG001,1,7,11511,3,11,300,Prone Y-shape Stretch (aug 1),train,755,aug_1
8712,M001P007A013R001_AUG000,1,7,11512,1,12,300,Lateral Raise Forward Circles (aug 0),train,756,aug_0
8713,M001P007A013R001_AUG001,1,7,11513,1,12,300,Lateral Raise Forward Circles (aug 1),train,756,aug_1
8714,M001P007A013R002_AUG000,1,7,11514,2,12,300,Lateral Raise Forward Circles (aug 0),train,757,aug_0
8715,M001P007A013R002_AUG001,1,7,11515,2,12,300,Lateral Raise Forward Circles (aug 1),train,757,aug_1
8716,M001P007A013R003_AUG000,1,7,11516,3,12,300,Lateral Raise Forward Circles (aug 0),train,758,aug_0
8717,M001P007A013R003_AUG001,1,7,11517,3,12,300,Lateral Raise Forward Circles (aug 1),train,758,aug_1
8718,M001P007A014R001_AUG000,1,7,11518,1,13,300,Lateral Raise Backward Circles (aug 0),train,759,aug_0
8719,M001P007A014R001_AUG001,1,7,11519,1,13,300,Lateral Raise Backward Circles (aug 1),train,759,aug_1
8720,M001P007A014R002_AUG000,1,7,11520,2,13,300,Lateral Raise Backward Circles (aug 0),train,760,aug_0
8721,M001P007A014R002_AUG001,1,7,11521,2,13,300,Lateral Raise Backward Circles (aug 1),train,760,aug_1
8722,M001P007A014R003_AUG000,1,7,11522,3,13,300,Lateral Raise Backward Circles (aug 0),train,761,aug_0
8723,M001P007A014R003_AUG001,1,7,11523,3,13,300,Lateral Raise Backward Circles (aug 1),train,761,aug_1
8724,M001P007A015R001_AUG000,1,7,11524,1,14,300,Lying Shoulder Joint Upward Round (aug 0),train,762,aug_0
8725,M001P007A015R001_AUG001,1,7,11525,1,14,300,Lying Shoulder Joint Upward Round (aug 1),train,762,aug_1
8726,M001P007A015R002_AUG000,1,7,11526,2,14,300,Lying Shoulder Joint Upward Round (aug 0),train,763,aug_0
8727,M001P007A015R002_AUG001,1,7,11527,2,14,300,Lying Shoulder Joint Upward Round (aug 1),train,763,aug_1
8728,M001P007A015R003_AUG000,1,7,11528,3,14,300,Lying Shoulder Joint Upward Round (aug 0),train,764,aug_0
8729,M001P007A015R003_AUG001,1,7,11529,3,14,300,Lying Shoulder Joint Upward Round (aug 1),train,764,aug_1
8730,M001P007A016R001_AUG000,1,7,11530,1,15,300,Lying Shoulder Joint Downward Round (aug 0),train,765,aug_0
8731,M001P007A016R001_AUG001,1,7,11531,1,15,300,Lying Shoulder Joint Downward Round (aug 1),train,765,aug_1
8732,M001P007A016R002_AUG000,1,7,11532,2,15,300,Lying Shoulder Joint Downward Round (aug 0),train,766,aug_0
8733,M001P007A016R002_AUG001,1,7,11533,2,15,300,Lying Shoulder Joint Downward Round (aug 1),train,766,aug_1
8734,M001P007A016R003_AUG000,1,7,11534,3,15,300,Lying Shoulder Joint Downward Round (aug 0),train,767,aug_0
8735,M001P007A016R003_AUG001,1,7,11535,3,15,300,Lying Shoulder Joint Downward Round (aug 1),train,767,aug_1
8736,M001P007A017R001_AUG000,1,7,11536,1,16,300,Bare-handed Full Lateral Raise (aug 0),train,768,aug_0
8737,M001P007A017R001_AUG001,1,7,11537,1,16,300,Bare-handed Full Lateral Raise (aug 1),train,768,aug_1
8738,M001P007A017R002_AUG000,1,7,11538,2,16,300,Bare-handed Full Lateral Raise (aug 0),train,769,aug_0
8739,M001P007A017R002_AUG001,1,7,11539,2,16,300,Bare-handed Full Lateral Raise (aug 1),train,769,aug_1
8740,M001P007A017R003_AUG000,1,7,11540,3,16,300,Bare-handed Full Lateral Raise (aug 0),train,770,aug_0
8741,M001P007A017R003_AUG001,1,7,11541,3,16,300,Bare-handed Full Lateral Raise (aug 1),train,770,aug_1
8742,M001P007A018R001_AUG000,1,7,11542,1,17,300,Bare-handed Cuban Press (aug 0),train,771,aug_0
8743,M001P007A018R001_AUG001,1,7,11543,1,17,300,Bare-handed Cuban Press (aug 1),train,771,aug_1
8744,M001P007A018R002_AUG000,1,7,11544,2,17,300,Bare-handed Cuban Press (aug 0),train,772,aug_0
8745,M001P007A018R002_AUG001,1,7,11545,2,17,300,Bare-handed Cuban Press (aug 1),train,772,aug_1
8746,M001P007A018R003_AUG000,1,7,11546,3,17,300,Bare-handed Cuban Press (aug 0),train,773,aug_0
8747,M001P007A018R003_AUG001,1,7,11547,3,17,300,Bare-handed Cuban Press (aug 1),train,773,aug_1
8748,M001P007A019R001_AUG000,1,7,11548,1,18,300,Fortune Cat (aug 0),train,774,aug_0
8749,M001P007A019R001_AUG001,1,7,11549,1,18,300,Fortune Cat (aug 1),train,774,aug_1
8750,M001P007A019R002_AUG000,1,7,11550,2,18,300,Fortune Cat (aug 0),train,775,aug_0
8751,M001P007A019R002_AUG001,1,7,11551,2,18,300,Fortune Cat (aug 1),train,775,aug_1
8752,M001P007A019R003_AUG000,1,7,11552,3,18,300,Fortune Cat (aug 0),train,776,aug_0
8753,M001P007A019R003_AUG001,1,7,11553,3,18,300,Fortune Cat (aug 1),train,776,aug_1
8754,M001P007A020R001_AUG000,1,7,11554,1,19,300,Dumbbell Curls (aug 0),train,777,aug_0
8755,M001P007A020R001_AUG001,1,7,11555,1,19,300,Dumbbell Curls (aug 1),train,777,aug_1
8756,M001P007A020R002_AUG000,1,7,11556,2,19,300,Dumbbell Curls (aug 0),train,778,aug_0
8757,M001P007A020R002_AUG001,1,7,11557,2,19,300,Dumbbell Curls (aug 1),train,778,aug_1
8758,M001P007A020R003_AUG000,1,7,11558,3,19,300,Dumbbell Curls (aug 0),train,779,aug_0
8759,M001P007A020R003_AUG001,1,7,11559,3,19,300,Dumbbell Curls (aug 1),train,779,aug_1
8760,M001P007A021R001_AUG000,1,7,11560,1,20,300,Alternate Dumbbell Curls (aug 0),train,780,aug_0
8761,M001P007A021R001_AUG001,1,7,11561,1,20,300,Alternate Dumbbell Curls (aug 1),train,780,aug_1
8762,M001P007A021R002_AUG000,1,7,11562,2,20,300,Alternate Dumbbell Curls (aug 0),train,781,aug_0
8763,M001P007A021R002_AUG001,1,7,11563,2,20,300,Alternate Dumbbell Curls (aug 1),train,781,aug_1
8764,M001P007A021R003_AUG000,1,7,11564,3,20,300,Alternate Dumbbell Curls (aug 0),train,782,aug_0
8765,M001P007A021R003_AUG001,1,7,11565,3,20,300,Alternate Dumbbell Curls (aug 1),train,782,aug_1
8766,M001P007A022R001_AUG000,1,7,11566,1,21,300,Right-side Kettlebell Bent-over Row (aug 0),train,783,aug_0
8767,M001P007A022R001_AUG001,1,7,11567,1,21,300,Right-side Kettlebell Bent-over Row (aug 1),train,783,aug_1
8768,M001P007A022R002_AUG000,1,7,11568,2,21,300,Right-side Kettlebell Bent-over Row (aug 0),train,784,aug_0
8769,M001P007A022R002_AUG001,1,7,11569,2,21,300,Right-side Kettlebell Bent-over Row (aug 1),train,784,aug_1
8770,M001P007A022R003_AUG000,1,7,11570,3,21,300,Right-side Kettlebell Bent-over Row (aug 0),train,785,aug_0
8771,M001P007A022R003_AUG001,1,7,11571,3,21,300,Right-side Kettlebell Bent-over Row (aug 1),train,785,aug_1
8772,M001P007A023R001_AUG000,1,7,11572,1,22,300,Wrist Joint Warm-up (aug 0),train,786,aug_0
8773,M001P007A023R001_AUG001,1,7,11573,1,22,300,Wrist Joint Warm-up (aug 1),train,786,aug_1
8774,M001P007A023R002_AUG000,1,7,11574,2,22,300,Wrist Joint Warm-up (aug 0),train,787,aug_0
8775,M001P007A023R002_AUG001,1,7,11575,2,22,300,Wrist Joint Warm-up (aug 1),train,787,aug_1
8776,M001P007A023R003_AUG000,1,7,11576,3,22,300,Wrist Joint Warm-up (aug 0),train,788,aug_0
8777,M001P007A023R003_AUG001,1,7,11577,3,22,300,Wrist Joint Warm-up (aug 1),train,788,aug_1
8778,M001P007A024R001_AUG000,1,7,11578,1,23,300,Right-side Bent-over Tricep Extension With Resistance Band (aug 0),train,789,aug_0
8779,M001P007A024R001_AUG001,1,7,11579,1,23,300,Right-side Bent-over Tricep Extension With Resistance Band (aug 1),train,789,aug_1
8780,M001P007A024R002_AUG000,1,7,11580,2,23,300,Right-side Bent-over Tricep Extension With Resistance Band (aug 0),train,790,aug_0
8781,M001P007A024R002_AUG001,1,7,11581,2,23,300,Right-side Bent-over Tricep Extension With Resistance Band (aug 1),train,790,aug_1
8782,M001P007A024R003_AUG000,1,7,11582,3,23,300,Right-side Bent-over Tricep Extension With Resistance Band (aug 0),train,791,aug_0
8783,M001P007A024R003_AUG001,1,7,11583,3,23,300,Right-side Bent-over Tricep Extension With Resistance Band (aug 1),train,791,aug_1
8784,M001P007A025R001_AUG000,1,7,11584,1,24,300,Bent-over Dumbbell Tricep Extension (aug 0),train,792,aug_0
8785,M001P007A025R001_AUG001,1,7,11585,1,24,300,Bent-over Dumbbell Tricep Extension (aug 1),train,792,aug_1
8786,M001P007A025R002_AUG000,1,7,11586,2,24,300,Bent-over Dumbbell Tricep Extension (aug 0),train,793,aug_0
8787,M001P007A025R002_AUG001,1,7,11587,2,24,300,Bent-over Dumbbell Tricep Extension (aug 1),train,793,aug_1
8788,M001P007A025R003_AUG000,1,7,11588,3,24,300,Bent-over Dumbbell Tricep Extension (aug 0),train,794,aug_0
8789,M001P007A025R003_AUG001,1,7,11589,3,24,300,Bent-over Dumbbell Tricep Extension (aug 1),train,794,aug_1
8790,M001P007A026R001_AUG000,1,7,11590,1,25,300,Nod And Raise Head (aug 0),train,795,aug_0
8791,M001P007A026R001_AUG001,1,7,11591,1,25,300,Nod And Raise Head (aug 1),train,795,aug_1
8792,M001P007A026R002_AUG000,1,7,11592,2,25,300,Nod And Raise Head (aug 0),train,796,aug_0
8793,M001P007A026R002_AUG001,1,7,11593,2,25,300,Nod And Raise Head (aug 1),train,796,aug_1
8794,M001P007A026R003_AUG000,1,7,11594,3,25,300,Nod And Raise Head (aug 0),train,797,aug_0
8795,M001P007A026R003_AUG001,1,7,11595,3,25,300,Nod And Raise Head (aug 1),train,797,aug_1
8796,M001P007A027R001_AUG000,1,7,11596,1,26,300,Two-way Head Turn (aug 0),train,798,aug_0
8797,M001P007A027R001_AUG001,1,7,11597,1,26,300,Two-way Head Turn (aug 1),train,798,aug_1
8798,M001P007A027R002_AUG000,1,7,11598,2,26,300,Two-way Head Turn (aug 0),train,799,aug_0
8799,M001P007A027R002_AUG001,1,7,11599,2,26,300,Two-way Head Turn (aug 1),train,799,aug_1
8800,M001P007A027R003_AUG000,1,7,11600,3,26,300,Two-way Head Turn (aug 0),train,800,aug_0
8801,M001P007A027R003_AUG001,1,7,11601,3,26,300,Two-way Head Turn (aug 1),train,800,aug_1
8802,M001P007A028R001_AUG000,1,7,11602,1,27,300,Shrug And Sink The Shoulders (aug 0),train,801,aug_0
8803,M001P007A028R001_AUG001,1,7,11603,1,27,300,Shrug And Sink The Shoulders (aug 1),train,801,aug_1
8804,M001P007A028R002_AUG000,1,7,11604,2,27,300,Shrug And Sink The Shoulders (aug 0),train,802,aug_0
8805,M001P007A028R002_AUG001,1,7,11605,2,27,300,Shrug And Sink The Shoulders (aug 1),train,802,aug_1
8806,M001P007A028R003_AUG000,1,7,11606,3,27,300,Shrug And Sink The Shoulders (aug 0),train,803,aug_0
8807,M001P007A028R003_AUG001,1,7,11607,3,27,300,Shrug And Sink The Shoulders (aug 1),train,803,aug_1
8808,M001P007A029R001_AUG000,1,7,11608,1,28,300,Four-way Nod Head (aug 0),train,804,aug_0
8809,M001P007A029R001_AUG001,1,7,11609,1,28,300,Four-way Nod Head (aug 1),train,804,aug_1
8810,M001P007A029R002_AUG000,1,7,11610,2,28,300,Four-way Nod Head (aug 0),train,805,aug_0
8811,M001P007A029R002_AUG001,1,7,11611,2,28,300,Four-way Nod Head (aug 1),train,805,aug_1
8812,M001P007A029R003_AUG000,1,7,11612,3,28,300,Four-way Nod Head (aug 0),train,806,aug_0
8813,M001P007A029R003_AUG001,1,7,11613,3,28,300,Four-way Nod Head (aug 1),train,806,aug_1
8814,M001P007A030R001_AUG000,1,7,11614,1,29,300,Lying Alternate Upper-half Leg Raise (aug 0),train,807,aug_0
8815,M001P007A030R001_AUG001,1,7,11615,1,29,300,Lying Alternate Upper-half Leg Raise (aug 1),train,807,aug_1
8816,M001P007A030R002_AUG000,1,7,11616,2,29,300,Lying Alternate Upper-half Leg Raise (aug 0),train,808,aug_0
8817,M001P007A030R002_AUG001,1,7,11617,2,29,300,Lying Alternate Upper-half Leg Raise (aug 1),train,808,aug_1
8818,M001P007A030R003_AUG000,1,7,11618,3,29,300,Lying Alternate Upper-half Leg Raise (aug 0),train,809,aug_0
8819,M001P007A030R003_AUG001,1,7,11619,3,29,300,Lying Alternate Upper-half Leg Raise (aug 1),train,809,aug_1
8820,M001P007A031R001_AUG000,1,7,11620,1,30,300,Half Roll Back (aug 0),train,810,aug_0
8821,M001P007A031R001_AUG001,1,7,11621,1,30,300,Half Roll Back (aug 1),train,810,aug_1
8822,M001P007A031R002_AUG000,1,7,11622,2,30,300,Half Roll Back (aug 0),train,811,aug_0
8823,M001P007A031R002_AUG001,1,7,11623,2,30,300,Half Roll Back (aug 1),train,811,aug_1
8824,M001P007A031R003_AUG000,1,7,11624,3,30,300,Half Roll Back (aug 0),train,812,aug_0
8825,M001P007A031R003_AUG001,1,7,11625,3,30,300,Half Roll Back (aug 1),train,812,aug_1
8826,M001P007A032R001_AUG000,1,7,11626,1,31,300,Kneeling Right-side Torso Twist (aug 0),train,813,aug_0
8827,M001P007A032R001_AUG001,1,7,11627,1,31,300,Kneeling Right-side Torso Twist (aug 1),train,813,aug_1
8828,M001P007A032R002_AUG000,1,7,11628,2,31,300,Kneeling Right-side Torso Twist (aug 0),train,814,aug_0
8829,M001P007A032R002_AUG001,1,7,11629,2,31,300,Kneeling Right-side Torso Twist (aug 1),train,814,aug_1
8830,M001P007A032R003_AUG000,1,7,11630,3,31,300,Kneeling Right-side Torso Twist (aug 0),train,815,aug_0
8831,M001P007A032R003_AUG001,1,7,11631,3,31,300,Kneeling Right-side Torso Twist (aug 1),train,815,aug_1
8832,M001P007A033R001_AUG000,1,7,11632,1,32,300,Left-side Knee Raise And Abdominal Muscles Contract (aug 0),train,816,aug_0
8833,M001P007A033R001_AUG001,1,7,11633,1,32,300,Left-side Knee Raise And Abdominal Muscles Contract (aug 1),train,816,aug_1
8834,M001P007A033R002_AUG000,1,7,11634,2,32,300,Left-side Knee Raise And Abdominal Muscles Contract (aug 0),train,817,aug_0
8835,M001P007A033R002_AUG001,1,7,11635,2,32,300,Left-side Knee Raise And Abdominal Muscles Contract (aug 1),train,817,aug_1
8836,M001P007A033R003_AUG000,1,7,11636,3,32,300,Left-side Knee Raise And Abdominal Muscles Contract (aug 0),train,818,aug_0
8837,M001P007A033R003_AUG001,1,7,11637,3,32,300,Left-side Knee Raise And Abdominal Muscles Contract (aug 1),train,818,aug_1
8838,M001P007A034R001_AUG000,1,7,11638,1,33,300,Kneeling Right Leg Backward Stretch (aug 0),train,819,aug_0
8839,M001P007A034R001_AUG001,1,7,11639,1,33,300,Kneeling Right Leg Backward Stretch (aug 1),train,819,aug_1
8840,M001P007A034R002_AUG000,1,7,11640,2,33,300,Kneeling Right Leg Backward Stretch (aug 0),train,820,aug_0
8841,M001P007A034R002_AUG001,1,7,11641,2,33,300,Kneeling Right Leg Backward Stretch (aug 1),train,820,aug_1
8842,M001P007A034R003_AUG000,1,7,11642,3,33,300,Kneeling Right Leg Backward Stretch (aug 0),train,821,aug_0
8843,M001P007A034R003_AUG001,1,7,11643,3,33,300,Kneeling Right Leg Backward Stretch (aug 1),train,821,aug_1
8844,M001P007A035R001_AUG000,1,7,11644,1,34,300,Kneeling Right Arm Raise (aug 0),train,822,aug_0
8845,M001P007A035R001_AUG001,1,7,11645,1,34,300,Kneeling Right Arm Raise (aug 1),train,822,aug_1
8846,M001P007A035R002_AUG000,1,7,11646,2,34,300,Kneeling Right Arm Raise (aug 0),train,823,aug_0
8847,M001P007A035R002_AUG001,1,7,11647,2,34,300,Kneeling Right Arm Raise (aug 1),train,823,aug_1
8848,M001P007A035R003_AUG000,1,7,11648,3,34,300,Kneeling Right Arm Raise (aug 0),train,824,aug_0
8849,M001P007A035R003_AUG001,1,7,11649,3,34,300,Kneeling Right Arm Raise (aug 1),train,824,aug_1
8850,M001P007A036R001_AUG000,1,7,11650,1,35,300,Shoulder Bridge (aug 0),train,825,aug_0
8851,M001P007A036R001_AUG001,1,7,11651,1,35,300,Shoulder Bridge (aug 1),train,825,aug_1
8852,M001P007A036R002_AUG000,1,7,11652,2,35,300,Shoulder Bridge (aug 0),train,826,aug_0
8853,M001P007A036R002_AUG001,1,7,11653,2,35,300,Shoulder Bridge (aug 1),train,826,aug_1
8854,M001P007A036R003_AUG000,1,7,11654,3,35,300,Shoulder Bridge (aug 0),train,827,aug_0
8855,M001P007A036R003_AUG001,1,7,11655,3,35,300,Shoulder Bridge (aug 1),train,827,aug_1
8856,M001P007A037R001_AUG000,1,7,11656,1,36,300,Prone Press-ups (aug 0),train,828,aug_0
8857,M001P007A037R001_AUG001,1,7,11657,1,36,300,Prone Press-ups (aug 1),train,828,aug_1
8858,M001P007A037R002_AUG000,1,7,11658,2,36,300,Prone Press-ups (aug 0),train,829,aug_0
8859,M001P007A037R002_AUG001,1,7,11659,2,36,300,Prone Press-ups (aug 1),train,829,aug_1
8860,M001P007A037R003_AUG000,1,7,11660,3,36,300,Prone Press-ups (aug 0),train,830,aug_0
8861,M001P007A037R003_AUG001,1,7,11661,3,36,300,Prone Press-ups (aug 1),train,830,aug_1
8862,M001P007A038R001_AUG000,1,7,11662,1,37,300,Bent-over Torso Rotation (aug 0),train,831,aug_0
8863,M001P007A038R001_AUG001,1,7,11663,1,37,300,Bent-over Torso Rotation (aug 1),train,831,aug_1
8864,M001P007A038R002_AUG000,1,7,11664,2,37,300,Bent-over Torso Rotation (aug 0),train,832,aug_0
8865,M001P007A038R002_AUG001,1,7,11665,2,37,300,Bent-over Torso Rotation (aug 1),train,832,aug_1
8866,M001P007A038R003_AUG000,1,7,11666,3,37,300,Bent-over Torso Rotation (aug 0),train,833,aug_0
8867,M001P007A038R003_AUG001,1,7,11667,3,37,300,Bent-over Torso Rotation (aug 1),train,833,aug_1
8868,M001P007A039R001_AUG000,1,7,11668,1,38,300,Lying Arm Pull (aug 0),train,834,aug_0
8869,M001P007A039R001_AUG001,1,7,11669,1,38,300,Lying Arm Pull (aug 1),train,834,aug_1
8870,M001P007A039R002_AUG000,1,7,11670,2,38,300,Lying Arm Pull (aug 0),train,835,aug_0
8871,M001P007A039R002_AUG001,1,7,11671,2,38,300,Lying Arm Pull (aug 1),train,835,aug_1
8872,M001P007A039R003_AUG000,1,7,11672,3,38,300,Lying Arm Pull (aug 0),train,836,aug_0
8873,M001P007A039R003_AUG001,1,7,11673,3,38,300,Lying Arm Pull (aug 1),train,836,aug_1
8874,M001P007A040R001_AUG000,1,7,11674,1,39,300,Prone Press Up With Torso Rotation (aug 0),train,837,aug_0
8875,M001P007A040R001_AUG001,1,7,11675,1,39,300,Prone Press Up With Torso Rotation (aug 1),train,837,aug_1
8876,M001P007A040R002_AUG000,1,7,11676,2,39,300,Prone Press Up With Torso Rotation (aug 0),train,838,aug_0
8877,M001P007A040R002_AUG001,1,7,11677,2,39,300,Prone Press Up With Torso Rotation (aug 1),train,838,aug_1
8878,M001P007A040R003_AUG000,1,7,11678,3,39,300,Prone Press Up With Torso Rotation (aug 0),train,839,aug_0
8879,M001P007A040R003_AUG001,1,7,11679,3,39,300,Prone Press Up With Torso Rotation (aug 1),train,839,aug_1
8880,M001P007A041R001_AUG000,1,7,11680,1,40,300,Breaststroke Push-ups (aug 0),train,840,aug_0
8881,M001P007A041R001_AUG001,1,7,11681,1,40,300,Breaststroke Push-ups (aug 1),train,840,aug_1
8882,M001P007A041R002_AUG000,1,7,11682,2,40,300,Breaststroke Push-ups (aug 0),train,841,aug_0
8883,M001P007A041R002_AUG001,1,7,11683,2,40,300,Breaststroke Push-ups (aug 1),train,841,aug_1
8884,M001P007A041R003_AUG000,1,7,11684,3,40,300,Breaststroke Push-ups (aug 0),train,842,aug_0
8885,M001P007A041R003_AUG001,1,7,11685,3,40,300,Breaststroke Push-ups (aug 1),train,842,aug_1
8886,M001P007A042R001_AUG000,1,7,11686,1,41,300,Sit-ups (aug 0),train,843,aug_0
8887,M001P007A042R001_AUG001,1,7,11687,1,41,300,Sit-ups (aug 1),train,843,aug_1
8888,M001P007A042R002_AUG000,1,7,11688,2,41,300,Sit-ups (aug 0),train,844,aug_0
8889,M001P007A042R002_AUG001,1,7,11689,2,41,300,Sit-ups (aug 1),train,844,aug_1
8890,M001P007A042R003_AUG000,1,7,11690,3,41,300,Sit-ups (aug 0),train,845,aug_0
8891,M001P007A042R003_AUG001,1,7,11691,3,41,300,Sit-ups (aug 1),train,845,aug_1
8892,M001P007A043R001_AUG000,1,7,11692,1,42,300,Side-lying Left Leg Forward Raise (aug 0),train,846,aug_0
8893,M001P007A043R001_AUG001,1,7,11693,1,42,300,Side-lying Left Leg Forward Raise (aug 1),train,846,aug_1
8894,M001P007A043R002_AUG000,1,7,11694,2,42,300,Side-lying Left Leg Forward Raise (aug 0),train,847,aug_0
8895,M001P007A043R002_AUG001,1,7,11695,2,42,300,Side-lying Left Leg Forward Raise (aug 1),train,847,aug_1
8896,M001P007A043R003_AUG000,1,7,11696,3,42,300,Side-lying Left Leg Forward Raise (aug 0),train,848,aug_0
8897,M001P007A043R003_AUG001,1,7,11697,3,42,300,Side-lying Left Leg Forward Raise (aug 1),train,848,aug_1
8898,M001P007A044R001_AUG000,1,7,11698,1,43,300,Right Leg Reverse Lunge (aug 0),train,849,aug_0
8899,M001P007A044R001_AUG001,1,7,11699,1,43,300,Right Leg Reverse Lunge (aug 1),train,849,aug_1
8900,M001P007A044R002_AUG000,1,7,11700,2,43,300,Right Leg Reverse Lunge (aug 0),train,850,aug_0
8901,M001P007A044R002_AUG001,1,7,11701,2,43,300,Right Leg Reverse Lunge (aug 1),train,850,aug_1
8902,M001P007A044R003_AUG000,1,7,11702,3,43,300,Right Leg Reverse Lunge (aug 0),train,851,aug_0
8903,M001P007A044R003_AUG001,1,7,11703,3,43,300,Right Leg Reverse Lunge (aug 1),train,851,aug_1
8904,M001P007A045R001_AUG000,1,7,11704,1,44,300,Kneeling Left Knee Lift (aug 0),train,852,aug_0
8905,M001P007A045R001_AUG001,1,7,11705,1,44,300,Kneeling Left Knee Lift (aug 1),train,852,aug_1
8906,M001P007A045R002_AUG000,1,7,11706,2,44,300,Kneeling Left Knee Lift (aug 0),train,853,aug_0
8907,M001P007A045R002_AUG001,1,7,11707,2,44,300,Kneeling Left Knee Lift (aug 1),train,853,aug_1
8908,M001P007A045R003_AUG000,1,7,11708,3,44,300,Kneeling Left Knee Lift (aug 0),train,854,aug_0
8909,M001P007A045R003_AUG001,1,7,11709,3,44,300,Kneeling Left Knee Lift (aug 1),train,854,aug_1
8910,M001P007A046R001_AUG000,1,7,11710,1,45,300,Alternate Reverse Lunge (aug 0),train,855,aug_0
8911,M001P007A046R001_AUG001,1,7,11711,1,45,300,Alternate Reverse Lunge (aug 1),train,855,aug_1
8912,M001P007A046R002_AUG000,1,7,11712,2,45,300,Alternate Reverse Lunge (aug 0),train,856,aug_0
8913,M001P007A046R002_AUG001,1,7,11713,2,45,300,Alternate Reverse Lunge (aug 1),train,856,aug_1
8914,M001P007A046R003_AUG000,1,7,11714,3,45,300,Alternate Reverse Lunge (aug 0),train,857,aug_0
8915,M001P007A046R003_AUG001,1,7,11715,3,45,300,Alternate Reverse Lunge (aug 1),train,857,aug_1
8916,M001P007A047R001_AUG000,1,7,11716,1,46,300,Side-lying Right Leg Backward Kick (aug 0),train,858,aug_0
8917,M001P007A047R001_AUG001,1,7,11717,1,46,300,Side-lying Right Leg Backward Kick (aug 1),train,858,aug_1
8918,M001P007A047R002_AUG000,1,7,11718,2,46,300,Side-lying Right Leg Backward Kick (aug 0),train,859,aug_0
8919,M001P007A047R002_AUG001,1,7,11719,2,46,300,Side-lying Right Leg Backward Kick (aug 1),train,859,aug_1
8920,M001P007A047R003_AUG000,1,7,11720,3,46,300,Side-lying Right Leg Backward Kick (aug 0),train,860,aug_0
8921,M001P007A047R003_AUG001,1,7,11721,3,46,300,Side-lying Right Leg Backward Kick (aug 1),train,860,aug_1
8922,M001P007A048R001_AUG000,1,7,11722,1,47,300,Left Leg Lunge With Knee Lift (aug 0),train,861,aug_0
8923,M001P007A048R001_AUG001,1,7,11723,1,47,300,Left Leg Lunge With Knee Lift (aug 1),train,861,aug_1
8924,M001P007A048R002_AUG000,1,7,11724,2,47,300,Left Leg Lunge With Knee Lift (aug 0),train,862,aug_0
8925,M001P007A048R002_AUG001,1,7,11725,2,47,300,Left Leg Lunge With Knee Lift (aug 1),train,862,aug_1
8926,M001P007A048R003_AUG000,1,7,11726,3,47,300,Left Leg Lunge With Knee Lift (aug 0),train,863,aug_0
8927,M001P007A048R003_AUG001,1,7,11727,3,47,300,Left Leg Lunge With Knee Lift (aug 1),train,863,aug_1
8928,M001P007A049R001_AUG000,1,7,11728,1,48,300,Sumo Squat (aug 0),train,864,aug_0
8929,M001P007A049R001_AUG001,1,7,11729,1,48,300,Sumo Squat (aug 1),train,864,aug_1
8930,M001P007A049R002_AUG000,1,7,11730,2,48,300,Sumo Squat (aug 0),train,865,aug_0
8931,M001P007A049R002_AUG001,1,7,11731,2,48,300,Sumo Squat (aug 1),train,865,aug_1
8932,M001P007A049R003_AUG000,1,7,11732,3,48,300,Sumo Squat (aug 0),train,866,aug_0
8933,M001P007A049R003_AUG001,1,7,11733,3,48,300,Sumo Squat (aug 1),train,866,aug_1
8934,M001P007A050R001_AUG000,1,7,11734,1,49,300,Straight Leg Calf Raise (aug 0),train,867,aug_0
8935,M001P007A050R001_AUG001,1,7,11735,1,49,300,Straight Leg Calf Raise (aug 1),train,867,aug_1
8936,M001P007A050R002_AUG000,1,7,11736,2,49,300,Straight Leg Calf Raise (aug 0),train,868,aug_0
8937,M001P007A050R002_AUG001,1,7,11737,2,49,300,Straight Leg Calf Raise (aug 1),train,868,aug_1
8938,M001P007A050R003_AUG000,1,7,11738,3,49,300,Straight Leg Calf Raise (aug 0),train,869,aug_0
8939,M001P007A050R003_AUG001,1,7,11739,3,49,300,Straight Leg Calf Raise (aug 1),train,869,aug_1
8940,M001P007A051R001_AUG000,1,7,11740,1,50,300,Squat Jump (aug 0),train,870,aug_0
8941,M001P007A051R001_AUG001,1,7,11741,1,50,300,Squat Jump (aug 1),train,870,aug_1
8942,M001P007A051R002_AUG000,1,7,11742,2,50,300,Squat Jump (aug 0),train,871,aug_0
8943,M001P007A051R002_AUG001,1,7,11743,2,50,300,Squat Jump (aug 1),train,871,aug_1
8944,M001P007A051R003_AUG000,1,7,11744,3,50,300,Squat Jump (aug 0),train,872,aug_0
8945,M001P007A051R003_AUG001,1,7,11745,3,50,300,Squat Jump (aug 1),train,872,aug_1
8946,M001P007A052R001_AUG000,1,7,11746,1,51,300,Squat With Alternate Knee Lift (aug 0),train,873,aug_0
8947,M001P007A052R001_AUG001,1,7,11747,1,51,300,Squat With Alternate Knee Lift (aug 1),train,873,aug_1
8948,M001P007A052R002_AUG000,1,7,11748,2,51,300,Squat With Alternate Knee Lift (aug 0),train,874,aug_0
8949,M001P007A052R002_AUG001,1,7,11749,2,51,300,Squat With Alternate Knee Lift (aug 1),train,874,aug_1
8950,M001P007A052R003_AUG000,1,7,11750,3,51,300,Squat With Alternate Knee Lift (aug 0),train,875,aug_0
8951,M001P007A052R003_AUG001,1,7,11751,3,51,300,Squat With Alternate Knee Lift (aug 1),train,875,aug_1
8952,M001P007A053R001_AUG000,1,7,11752,1,52,300,Standing Alternate Butt Kick (aug 0),train,876,aug_0
8953,M001P007A053R001_AUG001,1,7,11753,1,52,300,Standing Alternate Butt Kick (aug 1),train,876,aug_1
8954,M001P007A053R002_AUG000,1,7,11754,2,52,300,Standing Alternate Butt Kick (aug 0),train,877,aug_0
8955,M001P007A053R002_AUG001,1,7,11755,2,52,300,Standing Alternate Butt Kick (aug 1),train,877,aug_1
8956,M001P007A053R003_AUG000,1,7,11756,3,52,300,Standing Alternate Butt Kick (aug 0),train,878,aug_0
8957,M001P007A053R003_AUG001,1,7,11757,3,52,300,Standing Alternate Butt Kick (aug 1),train,878,aug_1
8958,M001P007A054R001_AUG000,1,7,11758,1,53,300,Knee Warm-up (aug 0),train,879,aug_0
8959,M001P007A054R001_AUG001,1,7,11759,1,53,300,Knee Warm-up (aug 1),train,879,aug_1
8960,M001P007A054R002_AUG000,1,7,11760,2,53,300,Knee Warm-up (aug 0),train,880,aug_0
8961,M001P007A054R002_AUG001,1,7,11761,2,53,300,Knee Warm-up (aug 1),train,880,aug_1
8962,M001P007A054R003_AUG000,1,7,11762,3,53,300,Knee Warm-up (aug 0),train,881,aug_0
8963,M001P007A054R003_AUG001,1,7,11763,3,53,300,Knee Warm-up (aug 1),train,881,aug_1
8964,M001P007A055R001_AUG000,1,7,11764,1,54,300,Butt Kicks (aug 0),train,882,aug_0
8965,M001P007A055R001_AUG001,1,7,11765,1,54,300,Butt Kicks (aug 1),train,882,aug_1
8966,M001P007A055R002_AUG000,1,7,11766,2,54,300,Butt Kicks (aug 0),train,883,aug_0
8967,M001P007A055R002_AUG001,1,7,11767,2,54,300,Butt Kicks (aug 1),train,883,aug_1
8968,M001P007A055R003_AUG000,1,7,11768,3,54,300,Butt Kicks (aug 0),train,884,aug_0
8969,M001P007A055R003_AUG001,1,7,11769,3,54,300,Butt Kicks (aug 1),train,884,aug_1
8970,M001P007A056R001_AUG000,1,7,11770,1,55,300,Jump Left and Right (aug 0),train,885,aug_0
8971,M001P007A056R001_AUG001,1,7,11771,1,55,300,Jump Left and Right (aug 1),train,885,aug_1
8972,M001P007A056R002_AUG000,1,7,11772,2,55,300,Jump Left and Right (aug 0),train,886,aug_0
8973,M001P007A056R002_AUG001,1,7,11773,2,55,300,Jump Left and Right (aug 1),train,886,aug_1
8974,M001P007A056R003_AUG000,1,7,11774,3,55,300,Jump Left and Right (aug 0),train,887,aug_0
8975,M001P007A056R003_AUG001,1,7,11775,3,55,300,Jump Left and Right (aug 1),train,887,aug_1
8976,M001P007A057R001_AUG000,1,7,11776,1,56,300,Jumping Jacks (aug 0),train,888,aug_0
8977,M001P007A057R001_AUG001,1,7,11777,1,56,300,Jumping Jacks (aug 1),train,888,aug_1
8978,M001P007A057R002_AUG000,1,7,11778,2,56,300,Jumping Jacks (aug 0),train,889,aug_0
8979,M001P007A057R002_AUG001,1,7,11779,2,56,300,Jumping Jacks (aug 1),train,889,aug_1
8980,M001P007A057R003_AUG000,1,7,11780,3,56,300,Jumping Jacks (aug 0),train,890,aug_0
8981,M001P007A057R003_AUG001,1,7,11781,3,56,300,Jumping Jacks (aug 1),train,890,aug_1
8982,M001P007A058R001_AUG000,1,7,11782,1,57,300,High Knee (aug 0),train,891,aug_0
8983,M001P007A058R001_AUG001,1,7,11783,1,57,300,High Knee (aug 1),train,891,aug_1
8984,M001P007A058R002_AUG000,1,7,11784,2,57,300,High Knee (aug 0),train,892,aug_0
8985,M001P007A058R002_AUG001,1,7,11785,2,57,300,High Knee (aug 1),train,892,aug_1
8986,M001P007A058R003_AUG000,1,7,11786,3,57,300,High Knee (aug 0),train,893,aug_0
8987,M001P007A058R003_AUG001,1,7,11787,3,57,300,High Knee (aug 1),train,893,aug_1
8988,M001P007A059R001_AUG000,1,7,11788,1,58,300,Clap Jacks (aug 0),train,894,aug_0
8989,M001P007A059R001_AUG001,1,7,11789,1,58,300,Clap Jacks (aug 1),train,894,aug_1
8990,M001P007A059R002_AUG000,1,7,11790,2,58,300,Clap Jacks (aug 0),train,895,aug_0
8991,M001P007A059R002_AUG001,1,7,11791,2,58,300,Clap Jacks (aug 1),train,895,aug_1
8992,M001P007A059R003_AUG000,1,7,11792,3,58,300,Clap Jacks (aug 0),train,896,aug_0
8993,M001P007A059R003_AUG001,1,7,11793,3,58,300,Clap Jacks (aug 1),train,896,aug_1
8994,M001P007A060R001_AUG000,1,7,11794,1,59,300,Run In Place With Arm Swing (aug 0),train,897,aug_0
8995,M001P007A060R001_AUG001,1,7,11795,1,59,300,Run In Place With Arm Swing (aug 1),train,897,aug_1
8996,M001P007A060R002_AUG000,1,7,11796,2,59,300,Run In Place With Arm Swing (aug 0),train,898,aug_0
8997,M001P007A060R002_AUG001,1,7,11797,2,59,300,Run In Place With Arm Swing (aug 1),train,898,aug_1
8998,M001P007A060R003_AUG000,1,7,11798,3,59,300,Run In Place With Arm Swing (aug 0),train,899,aug_0
8999,M001P007A060R003_AUG001,1,7,11799,3,59,300,Run In Place With Arm Swing (aug 1),train,899,aug_1
9000,M001P008A001R001_AUG000,1,8,11800,1,0,300,Svend Press (aug 0),train,900,aug_0
9001,M001P008A001R001_AUG001,1,8,11801,1,0,300,Svend Press (aug 1),train,900,aug_1
9002,M001P008A001R002_AUG000,1,8,11802,2,0,300,Svend Press (aug 0),train,901,aug_0
9003,M001P008A001R002_AUG001,1,8,11803,2,0,300,Svend Press (aug 1),train,901,aug_1
9004,M001P008A001R003_AUG000,1,8,11804,3,0,300,Svend Press (aug 0),train,902,aug_0
9005,M001P008A001R003_AUG001,1,8,11805,3,0,300,Svend Press (aug 1),train,902,aug_1
9006,M001P008A002R001_AUG000,1,8,11806,1,1,300,Kneeling Push-ups (aug 0),train,903,aug_0
9007,M001P008A002R001_AUG001,1,8,11807,1,1,300,Kneeling Push-ups (aug 1),train,903,aug_1
9008,M001P008A002R002_AUG000,1,8,11808,2,1,300,Kneeling Push-ups (aug 0),train,904,aug_0
9009,M001P008A002R002_AUG001,1,8,11809,2,1,300,Kneeling Push-ups (aug 1),train,904,aug_1
9010,M001P008A002R003_AUG000,1,8,11810,3,1,300,Kneeling Push-ups (aug 0),train,905,aug_0
9011,M001P008A002R003_AUG001,1,8,11811,3,1,300,Kneeling Push-ups (aug 1),train,905,aug_1
9012,M001P008A003R001_AUG000,1,8,11812,1,2,300,Standing Straight-arm Chest Press With Resistance Band (aug 0),train,906,aug_0
9013,M001P008A003R001_AUG001,1,8,11813,1,2,300,Standing Straight-arm Chest Press With Resistance Band (aug 1),train,906,aug_1
9014,M001P008A003R002_AUG000,1,8,11814,2,2,300,Standing Straight-arm Chest Press With Resistance Band (aug 0),train,907,aug_0
9015,M001P008A003R002_AUG001,1,8,11815,2,2,300,Standing Straight-arm Chest Press With Resistance Band (aug 1),train,907,aug_1
9016,M001P008A003R003_AUG000,1,8,11816,3,2,300,Standing Straight-arm Chest Press With Resistance Band (aug 0),train,908,aug_0
9017,M001P008A003R003_AUG001,1,8,11817,3,2,300,Standing Straight-arm Chest Press With Resistance Band (aug 1),train,908,aug_1
9018,M001P008A004R001_AUG000,1,8,11818,1,3,300,Small Dumbbell Floor Flies (aug 0),train,909,aug_0
9019,M001P008A004R001_AUG001,1,8,11819,1,3,300,Small Dumbbell Floor Flies (aug 1),train,909,aug_1
9020,M001P008A004R002_AUG000,1,8,11820,2,3,300,Small Dumbbell Floor Flies (aug 0),train,910,aug_0
9021,M001P008A004R002_AUG001,1,8,11821,2,3,300,Small Dumbbell Floor Flies (aug 1),train,910,aug_1
9022,M001P008A004R003_AUG000,1,8,11822,3,3,300,Small Dumbbell Floor Flies (aug 0),train,911,aug_0
9023,M001P008A004R003_AUG001,1,8,11823,3,3,300,Small Dumbbell Floor Flies (aug 1),train,911,aug_1
9024,M001P008A005R001_AUG000,1,8,11824,1,4,300,Chest Fly (aug 0),train,912,aug_0
9025,M001P008A005R001_AUG001,1,8,11825,1,4,300,Chest Fly (aug 1),train,912,aug_1
9026,M001P008A005R002_AUG000,1,8,11826,2,4,300,Chest Fly (aug 0),train,913,aug_0
9027,M001P008A005R002_AUG001,1,8,11827,2,4,300,Chest Fly (aug 1),train,913,aug_1
9028,M001P008A005R003_AUG000,1,8,11828,3,4,300,Chest Fly (aug 0),train,914,aug_0
9029,M001P008A005R003_AUG001,1,8,11829,3,4,300,Chest Fly (aug 1),train,914,aug_1
9030,M001P008A006R001_AUG000,1,8,11830,1,5,300,Push-ups (aug 0),train,915,aug_0
9031,M001P008A006R001_AUG001,1,8,11831,1,5,300,Push-ups (aug 1),train,915,aug_1
9032,M001P008A006R002_AUG000,1,8,11832,2,5,300,Push-ups (aug 0),train,916,aug_0
9033,M001P008A006R002_AUG001,1,8,11833,2,5,300,Push-ups (aug 1),train,916,aug_1
9034,M001P008A006R003_AUG000,1,8,11834,3,5,300,Push-ups (aug 0),train,917,aug_0
9035,M001P008A006R003_AUG001,1,8,11835,3,5,300,Push-ups (aug 1),train,917,aug_1
9036,M001P008A007R001_AUG000,1,8,11836,1,6,300,Bent-over W-shape Stretch (aug 0),train,918,aug_0
9037,M001P008A007R001_AUG001,1,8,11837,1,6,300,Bent-over W-shape Stretch (aug 1),train,918,aug_1
9038,M001P008A007R002_AUG000,1,8,11838,2,6,300,Bent-over W-shape Stretch (aug 0),train,919,aug_0
9039,M001P008A007R002_AUG001,1,8,11839,2,6,300,Bent-over W-shape Stretch (aug 1),train,919,aug_1
9040,M001P008A007R003_AUG000,1,8,11840,3,6,300,Bent-over W-shape Stretch (aug 0),train,920,aug_0
9041,M001P008A007R003_AUG001,1,8,11841,3,6,300,Bent-over W-shape Stretch (aug 1),train,920,aug_1
9042,M001P008A008R001_AUG000,1,8,11842,1,7,300,Bent-over Y-shape Stretch (aug 0),train,921,aug_0
9043,M001P008A008R001_AUG001,1,8,11843,1,7,300,Bent-over Y-shape Stretch (aug 1),train,921,aug_1
9044,M001P008A008R002_AUG000,1,8,11844,2,7,300,Bent-over Y-shape Stretch (aug 0),train,922,aug_0
9045,M001P008A008R002_AUG001,1,8,11845,2,7,300,Bent-over Y-shape Stretch (aug 1),train,922,aug_1
9046,M001P008A008R003_AUG000,1,8,11846,3,7,300,Bent-over Y-shape Stretch (aug 0),train,923,aug_0
9047,M001P008A008R003_AUG001,1,8,11847,3,7,300,Bent-over Y-shape Stretch (aug 1),train,923,aug_1
9048,M001P008A009R001_AUG000,1,8,11848,1,8,300,Bent-over A-shape Stretch (aug 0),train,924,aug_0
9049,M001P008A009R001_AUG001,1,8,11849,1,8,300,Bent-over A-shape Stretch (aug 1),train,924,aug_1
9050,M001P008A009R002_AUG000,1,8,11850,2,8,300,Bent-over A-shape Stretch (aug 0),train,925,aug_0
9051,M001P008A009R002_AUG001,1,8,11851,2,8,300,Bent-over A-shape Stretch (aug 1),train,925,aug_1
9052,M001P008A009R003_AUG000,1,8,11852,3,8,300,Bent-over A-shape Stretch (aug 0),train,926,aug_0
9053,M001P008A009R003_AUG001,1,8,11853,3,8,300,Bent-over A-shape Stretch (aug 1),train,926,aug_1
9054,M001P008A010R001_AUG000,1,8,11854,1,9,300,Squat With Arm Lift (aug 0),train,927,aug_0
9055,M001P008A010R001_AUG001,1,8,11855,1,9,300,Squat With Arm Lift (aug 1),train,927,aug_1
9056,M001P008A010R002_AUG000,1,8,11856,2,9,300,Squat With Arm Lift (aug 0),train,928,aug_0
9057,M001P008A010R002_AUG001,1,8,11857,2,9,300,Squat With Arm Lift (aug 1),train,928,aug_1
9058,M001P008A010R003_AUG000,1,8,11858,3,9,300,Squat With Arm Lift (aug 0),train,929,aug_0
9059,M001P008A010R003_AUG001,1,8,11859,3,9,300,Squat With Arm Lift (aug 1),train,929,aug_1
9060,M001P008A011R001_AUG000,1,8,11860,1,10,300,Breaststroke Arm Pull (aug 0),train,930,aug_0
9061,M001P008A011R001_AUG001,1,8,11861,1,10,300,Breaststroke Arm Pull (aug 1),train,930,aug_1
9062,M001P008A011R002_AUG000,1,8,11862,2,10,300,Breaststroke Arm Pull (aug 0),train,931,aug_0
9063,M001P008A011R002_AUG001,1,8,11863,2,10,300,Breaststroke Arm Pull (aug 1),train,931,aug_1
9064,M001P008A011R003_AUG000,1,8,11864,3,10,300,Breaststroke Arm Pull (aug 0),train,932,aug_0
9065,M001P008A011R003_AUG001,1,8,11865,3,10,300,Breaststroke Arm Pull (aug 1),train,932,aug_1
9066,M001P008A012R001_AUG000,1,8,11866,1,11,300,Prone Y-shape Stretch (aug 0),train,933,aug_0
9067,M001P008A012R001_AUG001,1,8,11867,1,11,300,Prone Y-shape Stretch (aug 1),train,933,aug_1
9068,M001P008A012R002_AUG000,1,8,11868,2,11,300,Prone Y-shape Stretch (aug 0),train,934,aug_0
9069,M001P008A012R002_AUG001,1,8,11869,2,11,300,Prone Y-shape Stretch (aug 1),train,934,aug_1
9070,M001P008A012R003_AUG000,1,8,11870,3,11,300,Prone Y-shape Stretch (aug 0),train,935,aug_0
9071,M001P008A012R003_AUG001,1,8,11871,3,11,300,Prone Y-shape Stretch (aug 1),train,935,aug_1
9072,M001P008A013R001_AUG000,1,8,11872,1,12,300,Lateral Raise Forward Circles (aug 0),train,936,aug_0
9073,M001P008A013R001_AUG001,1,8,11873,1,12,300,Lateral Raise Forward Circles (aug 1),train,936,aug_1
9074,M001P008A013R002_AUG000,1,8,11874,2,12,300,Lateral Raise Forward Circles (aug 0),train,937,aug_0
9075,M001P008A013R002_AUG001,1,8,11875,2,12,300,Lateral Raise Forward Circles (aug 1),train,937,aug_1
9076,M001P008A013R003_AUG000,1,8,11876,3,12,300,Lateral Raise Forward Circles (aug 0),train,938,aug_0
9077,M001P008A013R003_AUG001,1,8,11877,3,12,300,Lateral Raise Forward Circles (aug 1),train,938,aug_1
9078,M001P008A014R001_AUG000,1,8,11878,1,13,300,Lateral Raise Backward Circles (aug 0),train,939,aug_0
9079,M001P008A014R001_AUG001,1,8,11879,1,13,300,Lateral Raise Backward Circles (aug 1),train,939,aug_1
9080,M001P008A014R002_AUG000,1,8,11880,2,13,300,Lateral Raise Backward Circles (aug 0),train,940,aug_0
9081,M001P008A014R002_AUG001,1,8,11881,2,13,300,Lateral Raise Backward Circles (aug 1),train,940,aug_1
9082,M001P008A014R003_AUG000,1,8,11882,3,13,300,Lateral Raise Backward Circles (aug 0),train,941,aug_0
9083,M001P008A014R003_AUG001,1,8,11883,3,13,300,Lateral Raise Backward Circles (aug 1),train,941,aug_1
9084,M001P008A015R001_AUG000,1,8,11884,1,14,300,Lying Shoulder Joint Upward Round (aug 0),train,942,aug_0
9085,M001P008A015R001_AUG001,1,8,11885,1,14,300,Lying Shoulder Joint Upward Round (aug 1),train,942,aug_1
9086,M001P008A015R002_AUG000,1,8,11886,2,14,300,Lying Shoulder Joint Upward Round (aug 0),train,943,aug_0
9087,M001P008A015R002_AUG001,1,8,11887,2,14,300,Lying Shoulder Joint Upward Round (aug 1),train,943,aug_1
9088,M001P008A015R003_AUG000,1,8,11888,3,14,300,Lying Shoulder Joint Upward Round (aug 0),train,944,aug_0
9089,M001P008A015R003_AUG001,1,8,11889,3,14,300,Lying Shoulder Joint Upward Round (aug 1),train,944,aug_1
9090,M001P008A016R001_AUG000,1,8,11890,1,15,300,Lying Shoulder Joint Downward Round (aug 0),train,945,aug_0
9091,M001P008A016R001_AUG001,1,8,11891,1,15,300,Lying Shoulder Joint Downward Round (aug 1),train,945,aug_1
9092,M001P008A016R002_AUG000,1,8,11892,2,15,300,Lying Shoulder Joint Downward Round (aug 0),train,946,aug_0
9093,M001P008A016R002_AUG001,1,8,11893,2,15,300,Lying Shoulder Joint Downward Round (aug 1),train,946,aug_1
9094,M001P008A016R003_AUG000,1,8,11894,3,15,300,Lying Shoulder Joint Downward Round (aug 0),train,947,aug_0
9095,M001P008A016R003_AUG001,1,8,11895,3,15,300,Lying Shoulder Joint Downward Round (aug 1),train,947,aug_1
9096,M001P008A017R001_AUG000,1,8,11896,1,16,300,Bare-handed Full Lateral Raise (aug 0),train,948,aug_0
9097,M001P008A017R001_AUG001,1,8,11897,1,16,300,Bare-handed Full Lateral Raise (aug 1),train,948,aug_1
9098,M001P008A017R002_AUG000,1,8,11898,2,16,300,Bare-handed Full Lateral Raise (aug 0),train,949,aug_0
9099,M001P008A017R002_AUG001,1,8,11899,2,16,300,Bare-handed Full Lateral Raise (aug 1),train,949,aug_1
9100,M001P008A017R003_AUG000,1,8,11900,3,16,300,Bare-handed Full Lateral Raise (aug 0),train,950,aug_0
9101,M001P008A017R003_AUG001,1,8,11901,3,16,300,Bare-handed Full Lateral Raise (aug 1),train,950,aug_1
9102,M001P008A018R001_AUG000,1,8,11902,1,17,300,Bare-handed Cuban Press (aug 0),train,951,aug_0
9103,M001P008A018R001_AUG001,1,8,11903,1,17,300,Bare-handed Cuban Press (aug 1),train,951,aug_1
9104,M001P008A018R002_AUG000,1,8,11904,2,17,300,Bare-handed Cuban Press (aug 0),train,952,aug_0
9105,M001P008A018R002_AUG001,1,8,11905,2,17,300,Bare-handed Cuban Press (aug 1),train,952,aug_1
9106,M001P008A018R003_AUG000,1,8,11906,3,17,300,Bare-handed Cuban Press (aug 0),train,953,aug_0
9107,M001P008A018R003_AUG001,1,8,11907,3,17,300,Bare-handed Cuban Press (aug 1),train,953,aug_1
9108,M001P008A019R001_AUG000,1,8,11908,1,18,300,Fortune Cat (aug 0),train,954,aug_0
9109,M001P008A019R001_AUG001,1,8,11909,1,18,300,Fortune Cat (aug 1),train,954,aug_1
9110,M001P008A019R002_AUG000,1,8,11910,2,18,300,Fortune Cat (aug 0),train,955,aug_0
9111,M001P008A019R002_AUG001,1,8,11911,2,18,300,Fortune Cat (aug 1),train,955,aug_1
9112,M001P008A019R003_AUG000,1,8,11912,3,18,300,Fortune Cat (aug 0),train,956,aug_0
9113,M001P008A019R003_AUG001,1,8,11913,3,18,300,Fortune Cat (aug 1),train,956,aug_1
9114,M001P008A020R001_AUG000,1,8,11914,1,19,300,Dumbbell Curls (aug 0),train,957,aug_0
9115,M001P008A020R001_AUG001,1,8,11915,1,19,300,Dumbbell Curls (aug 1),train,957,aug_1
9116,M001P008A020R002_AUG000,1,8,11916,2,19,300,Dumbbell Curls (aug 0),train,958,aug_0
9117,M001P008A020R002_AUG001,1,8,11917,2,19,300,Dumbbell Curls (aug 1),train,958,aug_1
9118,M001P008A020R003_AUG000,1,8,11918,3,19,300,Dumbbell Curls (aug 0),train,959,aug_0
9119,M001P008A020R003_AUG001,1,8,11919,3,19,300,Dumbbell Curls (aug 1),train,959,aug_1
9120,M001P008A021R001_AUG000,1,8,11920,1,20,300,Alternate Dumbbell Curls (aug 0),train,960,aug_0
9121,M001P008A021R001_AUG001,1,8,11921,1,20,300,Alternate Dumbbell Curls (aug 1),train,960,aug_1
9122,M001P008A021R002_AUG000,1,8,11922,2,20,300,Alternate Dumbbell Curls (aug 0),train,961,aug_0
9123,M001P008A021R002_AUG001,1,8,11923,2,20,300,Alternate Dumbbell Curls (aug 1),train,961,aug_1
9124,M001P008A021R003_AUG000,1,8,11924,3,20,300,Alternate Dumbbell Curls (aug 0),train,962,aug_0
9125,M001P008A021R003_AUG001,1,8,11925,3,20,300,Alternate Dumbbell Curls (aug 1),train,962,aug_1
9126,M001P008A022R001_AUG000,1,8,11926,1,21,300,Right-side Kettlebell Bent-over Row (aug 0),train,963,aug_0
9127,M001P008A022R001_AUG001,1,8,11927,1,21,300,Right-side Kettlebell Bent-over Row (aug 1),train,963,aug_1
9128,M001P008A022R002_AUG000,1,8,11928,2,21,300,Right-side Kettlebell Bent-over Row (aug 0),train,964,aug_0
9129,M001P008A022R002_AUG001,1,8,11929,2,21,300,Right-side Kettlebell Bent-over Row (aug 1),train,964,aug_1
9130,M001P008A022R003_AUG000,1,8,11930,3,21,300,Right-side Kettlebell Bent-over Row (aug 0),train,965,aug_0
9131,M001P008A022R003_AUG001,1,8,11931,3,21,300,Right-side Kettlebell Bent-over Row (aug 1),train,965,aug_1
9132,M001P008A023R001_AUG000,1,8,11932,1,22,300,Wrist Joint Warm-up (aug 0),train,966,aug_0
9133,M001P008A023R001_AUG001,1,8,11933,1,22,300,Wrist Joint Warm-up (aug 1),train,966,aug_1
9134,M001P008A023R002_AUG000,1,8,11934,2,22,300,Wrist Joint Warm-up (aug 0),train,967,aug_0
9135,M001P008A023R002_AUG001,1,8,11935,2,22,300,Wrist Joint Warm-up (aug 1),train,967,aug_1
9136,M001P008A023R003_AUG000,1,8,11936,3,22,300,Wrist Joint Warm-up (aug 0),train,968,aug_0
9137,M001P008A023R003_AUG001,1,8,11937,3,22,300,Wrist Joint Warm-up (aug 1),train,968,aug_1
9138,M001P008A024R001_AUG000,1,8,11938,1,23,300,Right-side Bent-over Tricep Extension With Resistance Band (aug 0),train,969,aug_0
9139,M001P008A024R001_AUG001,1,8,11939,1,23,300,Right-side Bent-over Tricep Extension With Resistance Band (aug 1),train,969,aug_1
9140,M001P008A024R002_AUG000,1,8,11940,2,23,300,Right-side Bent-over Tricep Extension With Resistance Band (aug 0),train,970,aug_0
9141,M001P008A024R002_AUG001,1,8,11941,2,23,300,Right-side Bent-over Tricep Extension With Resistance Band (aug 1),train,970,aug_1
9142,M001P008A024R003_AUG000,1,8,11942,3,23,300,Right-side Bent-over Tricep Extension With Resistance Band (aug 0),train,971,aug_0
9143,M001P008A024R003_AUG001,1,8,11943,3,23,300,Right-side Bent-over Tricep Extension With Resistance Band (aug 1),train,971,aug_1
9144,M001P008A025R001_AUG000,1,8,11944,1,24,300,Bent-over Dumbbell Tricep Extension (aug 0),train,972,aug_0
9145,M001P008A025R001_AUG001,1,8,11945,1,24,300,Bent-over Dumbbell Tricep Extension (aug 1),train,972,aug_1
9146,M001P008A025R002_AUG000,1,8,11946,2,24,300,Bent-over Dumbbell Tricep Extension (aug 0),train,973,aug_0
9147,M001P008A025R002_AUG001,1,8,11947,2,24,300,Bent-over Dumbbell Tricep Extension (aug 1),train,973,aug_1
9148,M001P008A025R003_AUG000,1,8,11948,3,24,300,Bent-over Dumbbell Tricep Extension (aug 0),train,974,aug_0
9149,M001P008A025R003_AUG001,1,8,11949,3,24,300,Bent-over Dumbbell Tricep Extension (aug 1),train,974,aug_1
9150,M001P008A026R001_AUG000,1,8,11950,1,25,300,Nod And Raise Head (aug 0),train,975,aug_0
9151,M001P008A026R001_AUG001,1,8,11951,1,25,300,Nod And Raise Head (aug 1),train,975,aug_1
9152,M001P008A026R002_AUG000,1,8,11952,2,25,300,Nod And Raise Head (aug 0),train,976,aug_0
9153,M001P008A026R002_AUG001,1,8,11953,2,25,300,Nod And Raise Head (aug 1),train,976,aug_1
9154,M001P008A026R003_AUG000,1,8,11954,3,25,300,Nod And Raise Head (aug 0),train,977,aug_0
9155,M001P008A026R003_AUG001,1,8,11955,3,25,300,Nod And Raise Head (aug 1),train,977,aug_1
9156,M001P008A027R001_AUG000,1,8,11956,1,26,300,Two-way Head Turn (aug 0),train,978,aug_0
9157,M001P008A027R001_AUG001,1,8,11957,1,26,300,Two-way Head Turn (aug 1),train,978,aug_1
9158,M001P008A027R002_AUG000,1,8,11958,2,26,300,Two-way Head Turn (aug 0),train,979,aug_0
9159,M001P008A027R002_AUG001,1,8,11959,2,26,300,Two-way Head Turn (aug 1),train,979,aug_1
9160,M001P008A027R003_AUG000,1,8,11960,3,26,300,Two-way Head Turn (aug 0),train,980,aug_0
9161,M001P008A027R003_AUG001,1,8,11961,3,26,300,Two-way Head Turn (aug 1),train,980,aug_1
9162,M001P008A028R001_AUG000,1,8,11962,1,27,300,Shrug And Sink The Shoulders (aug 0),train,981,aug_0
9163,M001P008A028R001_AUG001,1,8,11963,1,27,300,Shrug And Sink The Shoulders (aug 1),train,981,aug_1
9164,M001P008A028R002_AUG000,1,8,11964,2,27,300,Shrug And Sink The Shoulders (aug 0),train,982,aug_0
9165,M001P008A028R002_AUG001,1,8,11965,2,27,300,Shrug And Sink The Shoulders (aug 1),train,982,aug_1
9166,M001P008A028R003_AUG000,1,8,11966,3,27,300,Shrug And Sink The Shoulders (aug 0),train,983,aug_0
9167,M001P008A028R003_AUG001,1,8,11967,3,27,300,Shrug And Sink The Shoulders (aug 1),train,983,aug_1
9168,M001P008A029R001_AUG000,1,8,11968,1,28,300,Four-way Nod Head (aug 0),train,984,aug_0
9169,M001P008A029R001_AUG001,1,8,11969,1,28,300,Four-way Nod Head (aug 1),train,984,aug_1
9170,M001P008A029R002_AUG000,1,8,11970,2,28,300,Four-way Nod Head (aug 0),train,985,aug_0
9171,M001P008A029R002_AUG001,1,8,11971,2,28,300,Four-way Nod Head (aug 1),train,985,aug_1
9172,M001P008A029R003_AUG000,1,8,11972,3,28,300,Four-way Nod Head (aug 0),train,986,aug_0
9173,M001P008A029R003_AUG001,1,8,11973,3,28,300,Four-way Nod Head (aug 1),train,986,aug_1
9174,M001P008A030R001_AUG000,1,8,11974,1,29,300,Lying Alternate Upper-half Leg Raise (aug 0),train,987,aug_0
9175,M001P008A030R001_AUG001,1,8,11975,1,29,300,Lying Alternate Upper-half Leg Raise (aug 1),train,987,aug_1
9176,M001P008A030R002_AUG000,1,8,11976,2,29,300,Lying Alternate Upper-half Leg Raise (aug 0),train,988,aug_0
9177,M001P008A030R002_AUG001,1,8,11977,2,29,300,Lying Alternate Upper-half Leg Raise (aug 1),train,988,aug_1
9178,M001P008A030R003_AUG000,1,8,11978,3,29,300,Lying Alternate Upper-half Leg Raise (aug 0),train,989,aug_0
9179,M001P008A030R003_AUG001,1,8,11979,3,29,300,Lying Alternate Upper-half Leg Raise (aug 1),train,989,aug_1
9180,M001P008A031R001_AUG000,1,8,11980,1,30,300,Half Roll Back (aug 0),train,990,aug_0
9181,M001P008A031R001_AUG001,1,8,11981,1,30,300,Half Roll Back (aug 1),train,990,aug_1
9182,M001P008A031R002_AUG000,1,8,11982,2,30,300,Half Roll Back (aug 0),train,991,aug_0
9183,M001P008A031R002_AUG001,1,8,11983,2,30,300,Half Roll Back (aug 1),train,991,aug_1
9184,M001P008A031R003_AUG000,1,8,11984,3,30,300,Half Roll Back (aug 0),train,992,aug_0
9185,M001P008A031R003_AUG001,1,8,11985,3,30,300,Half Roll Back (aug 1),train,992,aug_1
9186,M001P008A032R001_AUG000,1,8,11986,1,31,300,Kneeling Right-side Torso Twist (aug 0),train,993,aug_0
9187,M001P008A032R001_AUG001,1,8,11987,1,31,300,Kneeling Right-side Torso Twist (aug 1),train,993,aug_1
9188,M001P008A032R002_AUG000,1,8,11988,2,31,300,Kneeling Right-side Torso Twist (aug 0),train,994,aug_0
9189,M001P008A032R002_AUG001,1,8,11989,2,31,300,Kneeling Right-side Torso Twist (aug 1),train,994,aug_1
9190,M001P008A032R003_AUG000,1,8,11990,3,31,300,Kneeling Right-side Torso Twist (aug 0),train,995,aug_0
9191,M001P008A032R003_AUG001,1,8,11991,3,31,300,Kneeling Right-side Torso Twist (aug 1),train,995,aug_1
9192,M001P008A033R001_AUG000,1,8,11992,1,32,300,Left-side Knee Raise And Abdominal Muscles Contract (aug 0),train,996,aug_0
9193,M001P008A033R001_AUG001,1,8,11993,1,32,300,Left-side Knee Raise And Abdominal Muscles Contract (aug 1),train,996,aug_1
9194,M001P008A033R002_AUG000,1,8,11994,2,32,300,Left-side Knee Raise And Abdominal Muscles Contract (aug 0),train,997,aug_0
9195,M001P008A033R002_AUG001,1,8,11995,2,32,300,Left-side Knee Raise And Abdominal Muscles Contract (aug 1),train,997,aug_1
9196,M001P008A033R003_AUG000,1,8,11996,3,32,300,Left-side Knee Raise And Abdominal Muscles Contract (aug 0),train,998,aug_0
9197,M001P008A033R003_AUG001,1,8,11997,3,32,300,Left-side Knee Raise And Abdominal Muscles Contract (aug 1),train,998,aug_1
9198,M001P008A034R001_AUG000,1,8,11998,1,33,300,Kneeling Right Leg Backward Stretch (aug 0),train,999,aug_0
9199,M001P008A034R001_AUG001,1,8,11999,1,33,300,Kneeling Right Leg Backward Stretch (aug 1),train,999,aug_1
9200,M001P008A034R002_AUG000,1,8,12000,2,33,300,Kneeling Right Leg Backward Stretch (aug 0),train,1000,aug_0
9201,M001P008A034R002_AUG001,1,8,12001,2,33,300,Kneeling Right Leg Backward Stretch (aug 1),train,1000,aug_1
9202,M001P008A034R003_AUG000,1,8,12002,3,33,300,Kneeling Right Leg Backward Stretch (aug 0),train,1001,aug_0
9203,M001P008A034R003_AUG001,1,8,12003,3,33,300,Kneeling Right Leg Backward Stretch (aug 1),train,1001,aug_1
9204,M001P008A035R001_AUG000,1,8,12004,1,34,300,Kneeling Right Arm Raise (aug 0),train,1002,aug_0
9205,M001P008A035R001_AUG001,1,8,12005,1,34,300,Kneeling Right Arm Raise (aug 1),train,1002,aug_1
9206,M001P008A035R002_AUG000,1,8,12006,2,34,300,Kneeling Right Arm Raise (aug 0),train,1003,aug_0
9207,M001P008A035R002_AUG001,1,8,12007,2,34,300,Kneeling Right Arm Raise (aug 1),train,1003,aug_1
9208,M001P008A035R003_AUG000,1,8,12008,3,34,300,Kneeling Right Arm Raise (aug 0),train,1004,aug_0
9209,M001P008A035R003_AUG001,1,8,12009,3,34,300,Kneeling Right Arm Raise (aug 1),train,1004,aug_1
9210,M001P008A036R001_AUG000,1,8,12010,1,35,300,Shoulder Bridge (aug 0),train,1005,aug_0
9211,M001P008A036R001_AUG001,1,8,12011,1,35,300,Shoulder Bridge (aug 1),train,1005,aug_1
9212,M001P008A036R002_AUG000,1,8,12012,2,35,300,Shoulder Bridge (aug 0),train,1006,aug_0
9213,M001P008A036R002_AUG001,1,8,12013,2,35,300,Shoulder Bridge (aug 1),train,1006,aug_1
9214,M001P008A036R003_AUG000,1,8,12014,3,35,300,Shoulder Bridge (aug 0),train,1007,aug_0
9215,M001P008A036R003_AUG001,1,8,12015,3,35,300,Shoulder Bridge (aug 1),train,1007,aug_1
9216,M001P008A037R001_AUG000,1,8,12016,1,36,300,Prone Press-ups (aug 0),train,1008,aug_0
9217,M001P008A037R001_AUG001,1,8,12017,1,36,300,Prone Press-ups (aug 1),train,1008,aug_1
9218,M001P008A037R002_AUG000,1,8,12018,2,36,300,Prone Press-ups (aug 0),train,1009,aug_0
9219,M001P008A037R002_AUG001,1,8,12019,2,36,300,Prone Press-ups (aug 1),train,1009,aug_1
9220,M001P008A037R003_AUG000,1,8,12020,3,36,300,Prone Press-ups (aug 0),train,1010,aug_0
9221,M001P008A037R003_AUG001,1,8,12021,3,36,300,Prone Press-ups (aug 1),train,1010,aug_1
9222,M001P008A038R001_AUG000,1,8,12022,1,37,300,Bent-over Torso Rotation (aug 0),train,1011,aug_0
9223,M001P008A038R001_AUG001,1,8,12023,1,37,300,Bent-over Torso Rotation (aug 1),train,1011,aug_1
9224,M001P008A038R002_AUG000,1,8,12024,2,37,300,Bent-over Torso Rotation (aug 0),train,1012,aug_0
9225,M001P008A038R002_AUG001,1,8,12025,2,37,300,Bent-over Torso Rotation (aug 1),train,1012,aug_1
9226,M001P008A038R003_AUG000,1,8,12026,3,37,300,Bent-over Torso Rotation (aug 0),train,1013,aug_0
9227,M001P008A038R003_AUG001,1,8,12027,3,37,300,Bent-over Torso Rotation (aug 1),train,1013,aug_1
9228,M001P008A039R001_AUG000,1,8,12028,1,38,300,Lying Arm Pull (aug 0),train,1014,aug_0
9229,M001P008A039R001_AUG001,1,8,12029,1,38,300,Lying Arm Pull (aug 1),train,1014,aug_1
9230,M001P008A039R002_AUG000,1,8,12030,2,38,300,Lying Arm Pull (aug 0),train,1015,aug_0
9231,M001P008A039R002_AUG001,1,8,12031,2,38,300,Lying Arm Pull (aug 1),train,1015,aug_1
9232,M001P008A039R003_AUG000,1,8,12032,3,38,300,Lying Arm Pull (aug 0),train,1016,aug_0
9233,M001P008A039R003_AUG001,1,8,12033,3,38,300,Lying Arm Pull (aug 1),train,1016,aug_1
9234,M001P008A040R001_AUG000,1,8,12034,1,39,300,Prone Press Up With Torso Rotation (aug 0),train,1017,aug_0
9235,M001P008A040R001_AUG001,1,8,12035,1,39,300,Prone Press Up With Torso Rotation (aug 1),train,1017,aug_1
9236,M001P008A040R002_AUG000,1,8,12036,2,39,300,Prone Press Up With Torso Rotation (aug 0),train,1018,aug_0
9237,M001P008A040R002_AUG001,1,8,12037,2,39,300,Prone Press Up With Torso Rotation (aug 1),train,1018,aug_1
9238,M001P008A040R003_AUG000,1,8,12038,3,39,300,Prone Press Up With Torso Rotation (aug 0),train,1019,aug_0
9239,M001P008A040R003_AUG001,1,8,12039,3,39,300,Prone Press Up With Torso Rotation (aug 1),train,1019,aug_1
9240,M001P008A041R001_AUG000,1,8,12040,1,40,300,Breaststroke Push-ups (aug 0),train,1020,aug_0
9241,M001P008A041R001_AUG001,1,8,12041,1,40,300,Breaststroke Push-ups (aug 1),train,1020,aug_1
9242,M001P008A041R002_AUG000,1,8,12042,2,40,300,Breaststroke Push-ups (aug 0),train,1021,aug_0
9243,M001P008A041R002_AUG001,1,8,12043,2,40,300,Breaststroke Push-ups (aug 1),train,1021,aug_1
9244,M001P008A041R003_AUG000,1,8,12044,3,40,300,Breaststroke Push-ups (aug 0),train,1022,aug_0
9245,M001P008A041R003_AUG001,1,8,12045,3,40,300,Breaststroke Push-ups (aug 1),train,1022,aug_1
9246,M001P008A042R001_AUG000,1,8,12046,1,41,300,Sit-ups (aug 0),train,1023,aug_0
9247,M001P008A042R001_AUG001,1,8,12047,1,41,300,Sit-ups (aug 1),train,1023,aug_1
9248,M001P008A042R002_AUG000,1,8,12048,2,41,300,Sit-ups (aug 0),train,1024,aug_0
9249,M001P008A042R002_AUG001,1,8,12049,2,41,300,Sit-ups (aug 1),train,1024,aug_1
9250,M001P008A042R003_AUG000,1,8,12050,3,41,300,Sit-ups (aug 0),train,1025,aug_0
9251,M001P008A042R003_AUG001,1,8,12051,3,41,300,Sit-ups (aug 1),train,1025,aug_1
9252,M001P008A043R001_AUG000,1,8,12052,1,42,300,Side-lying Left Leg Forward Raise (aug 0),train,1026,aug_0
9253,M001P008A043R001_AUG001,1,8,12053,1,42,300,Side-lying Left Leg Forward Raise (aug 1),train,1026,aug_1
9254,M001P008A043R002_AUG000,1,8,12054,2,42,300,Side-lying Left Leg Forward Raise (aug 0),train,1027,aug_0
9255,M001P008A043R002_AUG001,1,8,12055,2,42,300,Side-lying Left Leg Forward Raise (aug 1),train,1027,aug_1
9256,M001P008A043R003_AUG000,1,8,12056,3,42,300,Side-lying Left Leg Forward Raise (aug 0),train,1028,aug_0
9257,M001P008A043R003_AUG001,1,8,12057,3,42,300,Side-lying Left Leg Forward Raise (aug 1),train,1028,aug_1
9258,M001P008A044R001_AUG000,1,8,12058,1,43,300,Right Leg Reverse Lunge (aug 0),train,1029,aug_0
9259,M001P008A044R001_AUG001,1,8,12059,1,43,300,Right Leg Reverse Lunge (aug 1),train,1029,aug_1
9260,M001P008A044R002_AUG000,1,8,12060,2,43,300,Right Leg Reverse Lunge (aug 0),train,1030,aug_0
9261,M001P008A044R002_AUG001,1,8,12061,2,43,300,Right Leg Reverse Lunge (aug 1),train,1030,aug_1
9262,M001P008A044R003_AUG000,1,8,12062,3,43,300,Right Leg Reverse Lunge (aug 0),train,1031,aug_0
9263,M001P008A044R003_AUG001,1,8,12063,3,43,300,Right Leg Reverse Lunge (aug 1),train,1031,aug_1
9264,M001P008A045R001_AUG000,1,8,12064,1,44,300,Kneeling Left Knee Lift (aug 0),train,1032,aug_0
9265,M001P008A045R001_AUG001,1,8,12065,1,44,300,Kneeling Left Knee Lift (aug 1),train,1032,aug_1
9266,M001P008A045R002_AUG000,1,8,12066,2,44,300,Kneeling Left Knee Lift (aug 0),train,1033,aug_0
9267,M001P008A045R002_AUG001,1,8,12067,2,44,300,Kneeling Left Knee Lift (aug 1),train,1033,aug_1
9268,M001P008A045R003_AUG000,1,8,12068,3,44,300,Kneeling Left Knee Lift (aug 0),train,1034,aug_0
9269,M001P008A045R003_AUG001,1,8,12069,3,44,300,Kneeling Left Knee Lift (aug 1),train,1034,aug_1
9270,M001P008A046R001_AUG000,1,8,12070,1,45,300,Alternate Reverse Lunge (aug 0),train,1035,aug_0
9271,M001P008A046R001_AUG001,1,8,12071,1,45,300,Alternate Reverse Lunge (aug 1),train,1035,aug_1
9272,M001P008A046R002_AUG000,1,8,12072,2,45,300,Alternate Reverse Lunge (aug 0),train,1036,aug_0
9273,M001P008A046R002_AUG001,1,8,12073,2,45,300,Alternate Reverse Lunge (aug 1),train,1036,aug_1
9274,M001P008A046R003_AUG000,1,8,12074,3,45,300,Alternate Reverse Lunge (aug 0),train,1037,aug_0
9275,M001P008A046R003_AUG001,1,8,12075,3,45,300,Alternate Reverse Lunge (aug 1),train,1037,aug_1
9276,M001P008A047R001_AUG000,1,8,12076,1,46,300,Side-lying Right Leg Backward Kick (aug 0),train,1038,aug_0
9277,M001P008A047R001_AUG001,1,8,12077,1,46,300,Side-lying Right Leg Backward Kick (aug 1),train,1038,aug_1
9278,M001P008A047R002_AUG000,1,8,12078,2,46,300,Side-lying Right Leg Backward Kick (aug 0),train,1039,aug_0
9279,M001P008A047R002_AUG001,1,8,12079,2,46,300,Side-lying Right Leg Backward Kick (aug 1),train,1039,aug_1
9280,M001P008A047R003_AUG000,1,8,12080,3,46,300,Side-lying Right Leg Backward Kick (aug 0),train,1040,aug_0
9281,M001P008A047R003_AUG001,1,8,12081,3,46,300,Side-lying Right Leg Backward Kick (aug 1),train,1040,aug_1
9282,M001P008A048R001_AUG000,1,8,12082,1,47,300,Left Leg Lunge With Knee Lift (aug 0),train,1041,aug_0
9283,M001P008A048R001_AUG001,1,8,12083,1,47,300,Left Leg Lunge With Knee Lift (aug 1),train,1041,aug_1
9284,M001P008A048R002_AUG000,1,8,12084,2,47,300,Left Leg Lunge With Knee Lift (aug 0),train,1042,aug_0
9285,M001P008A048R002_AUG001,1,8,12085,2,47,300,Left Leg Lunge With Knee Lift (aug 1),train,1042,aug_1
9286,M001P008A048R003_AUG000,1,8,12086,3,47,300,Left Leg Lunge With Knee Lift (aug 0),train,1043,aug_0
9287,M001P008A048R003_AUG001,1,8,12087,3,47,300,Left Leg Lunge With Knee Lift (aug 1),train,1043,aug_1
9288,M001P008A049R001_AUG000,1,8,12088,1,48,300,Sumo Squat (aug 0),train,1044,aug_0
9289,M001P008A049R001_AUG001,1,8,12089,1,48,300,Sumo Squat (aug 1),train,1044,aug_1
9290,M001P008A049R002_AUG000,1,8,12090,2,48,300,Sumo Squat (aug 0),train,1045,aug_0
9291,M001P008A049R002_AUG001,1,8,12091,2,48,300,Sumo Squat (aug 1),train,1045,aug_1
9292,M001P008A049R003_AUG000,1,8,12092,3,48,300,Sumo Squat (aug 0),train,1046,aug_0
9293,M001P008A049R003_AUG001,1,8,12093,3,48,300,Sumo Squat (aug 1),train,1046,aug_1
9294,M001P008A050R001_AUG000,1,8,12094,1,49,300,Straight Leg Calf Raise (aug 0),train,1047,aug_0
9295,M001P008A050R001_AUG001,1,8,12095,1,49,300,Straight Leg Calf Raise (aug 1),train,1047,aug_1
9296,M001P008A050R002_AUG000,1,8,12096,2,49,300,Straight Leg Calf Raise (aug 0),train,1048,aug_0
9297,M001P008A050R002_AUG001,1,8,12097,2,49,300,Straight Leg Calf Raise (aug 1),train,1048,aug_1
9298,M001P008A050R003_AUG000,1,8,12098,3,49,300,Straight Leg Calf Raise (aug 0),train,1049,aug_0
9299,M001P008A050R003_AUG001,1,8,12099,3,49,300,Straight Leg Calf Raise (aug 1),train,1049,aug_1
9300,M001P008A051R001_AUG000,1,8,12100,1,50,300,Squat Jump (aug 0),train,1050,aug_0
9301,M001P008A051R001_AUG001,1,8,12101,1,50,300,Squat Jump (aug 1),train,1050,aug_1
9302,M001P008A051R002_AUG000,1,8,12102,2,50,300,Squat Jump (aug 0),train,1051,aug_0
9303,M001P008A051R002_AUG001,1,8,12103,2,50,300,Squat Jump (aug 1),train,1051,aug_1
9304,M001P008A051R003_AUG000,1,8,12104,3,50,300,Squat Jump (aug 0),train,1052,aug_0
9305,M001P008A051R003_AUG001,1,8,12105,3,50,300,Squat Jump (aug 1),train,1052,aug_1
9306,M001P008A052R001_AUG000,1,8,12106,1,51,300,Squat With Alternate Knee Lift (aug 0),train,1053,aug_0
9307,M001P008A052R001_AUG001,1,8,12107,1,51,300,Squat With Alternate Knee Lift (aug 1),train,1053,aug_1
9308,M001P008A052R002_AUG000,1,8,12108,2,51,300,Squat With Alternate Knee Lift (aug 0),train,1054,aug_0
9309,M001P008A052R002_AUG001,1,8,12109,2,51,300,Squat With Alternate Knee Lift (aug 1),train,1054,aug_1
9310,M001P008A052R003_AUG000,1,8,12110,3,51,300,Squat With Alternate Knee Lift (aug 0),train,1055,aug_0
9311,M001P008A052R003_AUG001,1,8,12111,3,51,300,Squat With Alternate Knee Lift (aug 1),train,1055,aug_1
9312,M001P008A053R001_AUG000,1,8,12112,1,52,300,Standing Alternate Butt Kick (aug 0),train,1056,aug_0
9313,M001P008A053R001_AUG001,1,8,12113,1,52,300,Standing Alternate Butt Kick (aug 1),train,1056,aug_1
9314,M001P008A053R002_AUG000,1,8,12114,2,52,300,Standing Alternate Butt Kick (aug 0),train,1057,aug_0
9315,M001P008A053R002_AUG001,1,8,12115,2,52,300,Standing Alternate Butt Kick (aug 1),train,1057,aug_1
9316,M001P008A053R003_AUG000,1,8,12116,3,52,300,Standing Alternate Butt Kick (aug 0),train,1058,aug_0
9317,M001P008A053R003_AUG001,1,8,12117,3,52,300,Standing Alternate Butt Kick (aug 1),train,1058,aug_1
9318,M001P008A054R001_AUG000,1,8,12118,1,53,300,Knee Warm-up (aug 0),train,1059,aug_0
9319,M001P008A054R001_AUG001,1,8,12119,1,53,300,Knee Warm-up (aug 1),train,1059,aug_1
9320,M001P008A054R002_AUG000,1,8,12120,2,53,300,Knee Warm-up (aug 0),train,1060,aug_0
9321,M001P008A054R002_AUG001,1,8,12121,2,53,300,Knee Warm-up (aug 1),train,1060,aug_1
9322,M001P008A054R003_AUG000,1,8,12122,3,53,300,Knee Warm-up (aug 0),train,1061,aug_0
9323,M001P008A054R003_AUG001,1,8,12123,3,53,300,Knee Warm-up (aug 1),train,1061,aug_1
9324,M001P008A055R001_AUG000,1,8,12124,1,54,300,Butt Kicks (aug 0),train,1062,aug_0
9325,M001P008A055R001_AUG001,1,8,12125,1,54,300,Butt Kicks (aug 1),train,1062,aug_1
9326,M001P008A055R002_AUG000,1,8,12126,2,54,300,Butt Kicks (aug 0),train,1063,aug_0
9327,M001P008A055R002_AUG001,1,8,12127,2,54,300,Butt Kicks (aug 1),train,1063,aug_1
9328,M001P008A055R003_AUG000,1,8,12128,3,54,300,Butt Kicks (aug 0),train,1064,aug_0
9329,M001P008A055R003_AUG001,1,8,12129,3,54,300,Butt Kicks (aug 1),train,1064,aug_1
9330,M001P008A056R001_AUG000,1,8,12130,1,55,300,Jump Left and Right (aug 0),train,1065,aug_0
9331,M001P008A056R001_AUG001,1,8,12131,1,55,300,Jump Left and Right (aug 1),train,1065,aug_1
9332,M001P008A056R002_AUG000,1,8,12132,2,55,300,Jump Left and Right (aug 0),train,1066,aug_0
9333,M001P008A056R002_AUG001,1,8,12133,2,55,300,Jump Left and Right (aug 1),train,1066,aug_1
9334,M001P008A056R003_AUG000,1,8,12134,3,55,300,Jump Left and Right (aug 0),train,1067,aug_0
9335,M001P008A056R003_AUG001,1,8,12135,3,55,300,Jump Left and Right (aug 1),train,1067,aug_1
9336,M001P008A057R001_AUG000,1,8,12136,1,56,300,Jumping Jacks (aug 0),train,1068,aug_0
9337,M001P008A057R001_AUG001,1,8,12137,1,56,300,Jumping Jacks (aug 1),train,1068,aug_1
9338,M001P008A057R002_AUG000,1,8,12138,2,56,300,Jumping Jacks (aug 0),train,1069,aug_0
9339,M001P008A057R002_AUG001,1,8,12139,2,56,300,Jumping Jacks (aug 1),train,1069,aug_1
9340,M001P008A057R003_AUG000,1,8,12140,3,56,300,Jumping Jacks (aug 0),train,1070,aug_0
9341,M001P008A057R003_AUG001,1,8,12141,3,56,300,Jumping Jacks (aug 1),train,1070,aug_1
9342,M001P008A058R001_AUG000,1,8,12142,1,57,300,High Knee (aug 0),train,1071,aug_0
9343,M001P008A058R001_AUG001,1,8,12143,1,57,300,High Knee (aug 1),train,1071,aug_1
9344,M001P008A058R002_AUG000,1,8,12144,2,57,300,High Knee (aug 0),train,1072,aug_0
9345,M001P008A058R002_AUG001,1,8,12145,2,57,300,High Knee (aug 1),train,1072,aug_1
9346,M001P008A058R003_AUG000,1,8,12146,3,57,300,High Knee (aug 0),train,1073,aug_0
9347,M001P008A058R003_AUG001,1,8,12147,3,57,300,High Knee (aug 1),train,1073,aug_1
9348,M001P008A059R001_AUG000,1,8,12148,1,58,300,Clap Jacks (aug 0),train,1074,aug_0
9349,M001P008A059R001_AUG001,1,8,12149,1,58,300,Clap Jacks (aug 1),train,1074,aug_1
9350,M001P008A059R002_AUG000,1,8,12150,2,58,300,Clap Jacks (aug 0),train,1075,aug_0
9351,M001P008A059R002_AUG001,1,8,12151,2,58,300,Clap Jacks (aug 1),train,1075,aug_1
9352,M001P008A059R003_AUG000,1,8,12152,3,58,300,Clap Jacks (aug 0),train,1076,aug_0
9353,M001P008A059R003_AUG001,1,8,12153,3,58,300,Clap Jacks (aug 1),train,1076,aug_1
9354,M001P008A060R001_AUG000,1,8,12154,1,59,300,Run In Place With Arm Swing (aug 0),train,1077,aug_0
9355,M001P008A060R001_AUG001,1,8,12155,1,59,300,Run In Place With Arm Swing (aug 1),train,1077,aug_1
9356,M001P008A060R002_AUG000,1,8,12156,2,59,300,Run In Place With Arm Swing (aug 0),train,1078,aug_0
9357,M001P008A060R002_AUG001,1,8,12157,2,59,300,Run In Place With Arm Swing (aug 1),train,1078,aug_1
9358,M001P008A060R003_AUG000,1,8,12158,3,59,300,Run In Place With Arm Swing (aug 0),train,1079,aug_0
9359,M001P008A060R003_AUG001,1,8,12159,3,59,300,Run In Place With Arm Swing (aug 1),train,1079,aug_1
9360,M001P009A001R001_AUG000,1,9,12160,1,0,300,Svend Press (aug 0),train,1080,aug_0
9361,M001P009A001R001_AUG001,1,9,12161,1,0,300,Svend Press (aug 1),train,1080,aug_1
9362,M001P009A001R002_AUG000,1,9,12162,2,0,300,Svend Press (aug 0),train,1081,aug_0
9363,M001P009A001R002_AUG001,1,9,12163,2,0,300,Svend Press (aug 1),train,1081,aug_1
9364,M001P009A001R003_AUG000,1,9,12164,3,0,300,Svend Press (aug 0),train,1082,aug_0
9365,M001P009A001R003_AUG001,1,9,12165,3,0,300,Svend Press (aug 1),train,1082,aug_1
9366,M001P009A002R001_AUG000,1,9,12166,1,1,300,Kneeling Push-ups (aug 0),train,1083,aug_0
9367,M001P009A002R001_AUG001,1,9,12167,1,1,300,Kneeling Push-ups (aug 1),train,1083,aug_1
9368,M001P009A002R002_AUG000,1,9,12168,2,1,300,Kneeling Push-ups (aug 0),train,1084,aug_0
9369,M001P009A002R002_AUG001,1,9,12169,2,1,300,Kneeling Push-ups (aug 1),train,1084,aug_1
9370,M001P009A002R003_AUG000,1,9,12170,3,1,300,Kneeling Push-ups (aug 0),train,1085,aug_0
9371,M001P009A002R003_AUG001,1,9,12171,3,1,300,Kneeling Push-ups (aug 1),train,1085,aug_1
9372,M001P009A003R001_AUG000,1,9,12172,1,2,300,Standing Straight-arm Chest Press With Resistance Band (aug 0),train,1086,aug_0
9373,M001P009A003R001_AUG001,1,9,12173,1,2,300,Standing Straight-arm Chest Press With Resistance Band (aug 1),train,1086,aug_1
9374,M001P009A003R002_AUG000,1,9,12174,2,2,300,Standing Straight-arm Chest Press With Resistance Band (aug 0),train,1087,aug_0
9375,M001P009A003R002_AUG001,1,9,12175,2,2,300,Standing Straight-arm Chest Press With Resistance Band (aug 1),train,1087,aug_1
9376,M001P009A003R003_AUG000,1,9,12176,3,2,300,Standing Straight-arm Chest Press With Resistance Band (aug 0),train,1088,aug_0
9377,M001P009A003R003_AUG001,1,9,12177,3,2,300,Standing Straight-arm Chest Press With Resistance Band (aug 1),train,1088,aug_1
9378,M001P009A004R001_AUG000,1,9,12178,1,3,300,Small Dumbbell Floor Flies (aug 0),train,1089,aug_0
9379,M001P009A004R001_AUG001,1,9,12179,1,3,300,Small Dumbbell Floor Flies (aug 1),train,1089,aug_1
9380,M001P009A004R002_AUG000,1,9,12180,2,3,300,Small Dumbbell Floor Flies (aug 0),train,1090,aug_0
9381,M001P009A004R002_AUG001,1,9,12181,2,3,300,Small Dumbbell Floor Flies (aug 1),train,1090,aug_1
9382,M001P009A004R003_AUG000,1,9,12182,3,3,300,Small Dumbbell Floor Flies (aug 0),train,1091,aug_0
9383,M001P009A004R003_AUG001,1,9,12183,3,3,300,Small Dumbbell Floor Flies (aug 1),train,1091,aug_1
9384,M001P009A005R001_AUG000,1,9,12184,1,4,300,Chest Fly (aug 0),train,1092,aug_0
9385,M001P009A005R001_AUG001,1,9,12185,1,4,300,Chest Fly (aug 1),train,1092,aug_1
9386,M001P009A005R002_AUG000,1,9,12186,2,4,300,Chest Fly (aug 0),train,1093,aug_0
9387,M001P009A005R002_AUG001,1,9,12187,2,4,300,Chest Fly (aug 1),train,1093,aug_1
9388,M001P009A005R003_AUG000,1,9,12188,3,4,300,Chest Fly (aug 0),train,1094,aug_0
9389,M001P009A005R003_AUG001,1,9,12189,3,4,300,Chest Fly (aug 1),train,1094,aug_1
9390,M001P009A006R001_AUG000,1,9,12190,1,5,300,Push-ups (aug 0),train,1095,aug_0
9391,M001P009A006R001_AUG001,1,9,12191,1,5,300,Push-ups (aug 1),train,1095,aug_1
9392,M001P009A006R002_AUG000,1,9,12192,2,5,300,Push-ups (aug 0),train,1096,aug_0
9393,M001P009A006R002_AUG001,1,9,12193,2,5,300,Push-ups (aug 1),train,1096,aug_1
9394,M001P009A006R003_AUG000,1,9,12194,3,5,300,Push-ups (aug 0),train,1097,aug_0
9395,M001P009A006R003_AUG001,1,9,12195,3,5,300,Push-ups (aug 1),train,1097,aug_1
9396,M001P009A007R001_AUG000,1,9,12196,1,6,300,Bent-over W-shape Stretch (aug 0),train,1098,aug_0
9397,M001P009A007R001_AUG001,1,9,12197,1,6,300,Bent-over W-shape Stretch (aug 1),train,1098,aug_1
9398,M001P009A007R002_AUG000,1,9,12198,2,6,300,Bent-over W-shape Stretch (aug 0),train,1099,aug_0
9399,M001P009A007R002_AUG001,1,9,12199,2,6,300,Bent-over W-shape Stretch (aug 1),train,1099,aug_1
9400,M001P009A007R003_AUG000,1,9,12200,3,6,300,Bent-over W-shape Stretch (aug 0),train,1100,aug_0
9401,M001P009A007R003_AUG001,1,9,12201,3,6,300,Bent-over W-shape Stretch (aug 1),train,1100,aug_1
9402,M001P009A008R001_AUG000,1,9,12202,1,7,300,Bent-over Y-shape Stretch (aug 0),train,1101,aug_0
9403,M001P009A008R001_AUG001,1,9,12203,1,7,300,Bent-over Y-shape Stretch (aug 1),train,1101,aug_1
9404,M001P009A008R002_AUG000,1,9,12204,2,7,300,Bent-over Y-shape Stretch (aug 0),train,1102,aug_0
9405,M001P009A008R002_AUG001,1,9,12205,2,7,300,Bent-over Y-shape Stretch (aug 1),train,1102,aug_1
9406,M001P009A008R003_AUG000,1,9,12206,3,7,300,Bent-over Y-shape Stretch (aug 0),train,1103,aug_0
9407,M001P009A008R003_AUG001,1,9,12207,3,7,300,Bent-over Y-shape Stretch (aug 1),train,1103,aug_1
9408,M001P009A009R001_AUG000,1,9,12208,1,8,300,Bent-over A-shape Stretch (aug 0),train,1104,aug_0
9409,M001P009A009R001_AUG001,1,9,12209,1,8,300,Bent-over A-shape Stretch (aug 1),train,1104,aug_1
9410,M001P009A009R002_AUG000,1,9,12210,2,8,300,Bent-over A-shape Stretch (aug 0),train,1105,aug_0
9411,M001P009A009R002_AUG001,1,9,12211,2,8,300,Bent-over A-shape Stretch (aug 1),train,1105,aug_1
9412,M001P009A009R003_AUG000,1,9,12212,3,8,300,Bent-over A-shape Stretch (aug 0),train,1106,aug_0
9413,M001P009A009R003_AUG001,1,9,12213,3,8,300,Bent-over A-shape Stretch (aug 1),train,1106,aug_1
9414,M001P009A010R001_AUG000,1,9,12214,1,9,300,Squat With Arm Lift (aug 0),train,1107,aug_0
9415,M001P009A010R001_AUG001,1,9,12215,1,9,300,Squat With Arm Lift (aug 1),train,1107,aug_1
9416,M001P009A010R002_AUG000,1,9,12216,2,9,300,Squat With Arm Lift (aug 0),train,1108,aug_0
9417,M001P009A010R002_AUG001,1,9,12217,2,9,300,Squat With Arm Lift (aug 1),train,1108,aug_1
9418,M001P009A010R003_AUG000,1,9,12218,3,9,300,Squat With Arm Lift (aug 0),train,1109,aug_0
9419,M001P009A010R003_AUG001,1,9,12219,3,9,300,Squat With Arm Lift (aug 1),train,1109,aug_1
9420,M001P009A011R001_AUG000,1,9,12220,1,10,300,Breaststroke Arm Pull (aug 0),train,1110,aug_0
9421,M001P009A011R001_AUG001,1,9,12221,1,10,300,Breaststroke Arm Pull (aug 1),train,1110,aug_1
9422,M001P009A011R002_AUG000,1,9,12222,2,10,300,Breaststroke Arm Pull (aug 0),train,1111,aug_0
9423,M001P009A011R002_AUG001,1,9,12223,2,10,300,Breaststroke Arm Pull (aug 1),train,1111,aug_1
9424,M001P009A011R003_AUG000,1,9,12224,3,10,300,Breaststroke Arm Pull (aug 0),train,1112,aug_0
9425,M001P009A011R003_AUG001,1,9,12225,3,10,300,Breaststroke Arm Pull (aug 1),train,1112,aug_1
9426,M001P009A012R001_AUG000,1,9,12226,1,11,300,Prone Y-shape Stretch (aug 0),train,1113,aug_0
9427,M001P009A012R001_AUG001,1,9,12227,1,11,300,Prone Y-shape Stretch (aug 1),train,1113,aug_1
9428,M001P009A012R002_AUG000,1,9,12228,2,11,300,Prone Y-shape Stretch (aug 0),train,1114,aug_0
9429,M001P009A012R002_AUG001,1,9,12229,2,11,300,Prone Y-shape Stretch (aug 1),train,1114,aug_1
9430,M001P009A012R003_AUG000,1,9,12230,3,11,300,Prone Y-shape Stretch (aug 0),train,1115,aug_0
9431,M001P009A012R003_AUG001,1,9,12231,3,11,300,Prone Y-shape Stretch (aug 1),train,1115,aug_1
9432,M001P009A013R001_AUG000,1,9,12232,1,12,300,Lateral Raise Forward Circles (aug 0),train,1116,aug_0
9433,M001P009A013R001_AUG001,1,9,12233,1,12,300,Lateral Raise Forward Circles (aug 1),train,1116,aug_1
9434,M001P009A013R002_AUG000,1,9,12234,2,12,300,Lateral Raise Forward Circles (aug 0),train,1117,aug_0
9435,M001P009A013R002_AUG001,1,9,12235,2,12,300,Lateral Raise Forward Circles (aug 1),train,1117,aug_1
9436,M001P009A013R003_AUG000,1,9,12236,3,12,300,Lateral Raise Forward Circles (aug 0),train,1118,aug_0
9437,M001P009A013R003_AUG001,1,9,12237,3,12,300,Lateral Raise Forward Circles (aug 1),train,1118,aug_1
9438,M001P009A014R001_AUG000,1,9,12238,1,13,300,Lateral Raise Backward Circles (aug 0),train,1119,aug_0
9439,M001P009A014R001_AUG001,1,9,12239,1,13,300,Lateral Raise Backward Circles (aug 1),train,1119,aug_1
9440,M001P009A014R002_AUG000,1,9,12240,2,13,300,Lateral Raise Backward Circles (aug 0),train,1120,aug_0
9441,M001P009A014R002_AUG001,1,9,12241,2,13,300,Lateral Raise Backward Circles (aug 1),train,1120,aug_1
9442,M001P009A014R003_AUG000,1,9,12242,3,13,300,Lateral Raise Backward Circles (aug 0),train,1121,aug_0
9443,M001P009A014R003_AUG001,1,9,12243,3,13,300,Lateral Raise Backward Circles (aug 1),train,1121,aug_1
9444,M001P009A015R001_AUG000,1,9,12244,1,14,300,Lying Shoulder Joint Upward Round (aug 0),train,1122,aug_0
9445,M001P009A015R001_AUG001,1,9,12245,1,14,300,Lying Shoulder Joint Upward Round (aug 1),train,1122,aug_1
9446,M001P009A015R002_AUG000,1,9,12246,2,14,300,Lying Shoulder Joint Upward Round (aug 0),train,1123,aug_0
9447,M001P009A015R002_AUG001,1,9,12247,2,14,300,Lying Shoulder Joint Upward Round (aug 1),train,1123,aug_1
9448,M001P009A015R003_AUG000,1,9,12248,3,14,300,Lying Shoulder Joint Upward Round (aug 0),train,1124,aug_0
9449,M001P009A015R003_AUG001,1,9,12249,3,14,300,Lying Shoulder Joint Upward Round (aug 1),train,1124,aug_1
9450,M001P009A016R001_AUG000,1,9,12250,1,15,300,Lying Shoulder Joint Downward Round (aug 0),train,1125,aug_0
9451,M001P009A016R001_AUG001,1,9,12251,1,15,300,Lying Shoulder Joint Downward Round (aug 1),train,1125,aug_1
9452,M001P009A016R002_AUG000,1,9,12252,2,15,300,Lying Shoulder Joint Downward Round (aug 0),train,1126,aug_0
9453,M001P009A016R002_AUG001,1,9,12253,2,15,300,Lying Shoulder Joint Downward Round (aug 1),train,1126,aug_1
9454,M001P009A016R003_AUG000,1,9,12254,3,15,300,Lying Shoulder Joint Downward Round (aug 0),train,1127,aug_0
9455,M001P009A016R003_AUG001,1,9,12255,3,15,300,Lying Shoulder Joint Downward Round (aug 1),train,1127,aug_1
9456,M001P009A017R001_AUG000,1,9,12256,1,16,300,Bare-handed Full Lateral Raise (aug 0),train,1128,aug_0
9457,M001P009A017R001_AUG001,1,9,12257,1,16,300,Bare-handed Full Lateral Raise (aug 1),train,1128,aug_1
9458,M001P009A017R002_AUG000,1,9,12258,2,16,300,Bare-handed Full Lateral Raise (aug 0),train,1129,aug_0
9459,M001P009A017R002_AUG001,1,9,12259,2,16,300,Bare-handed Full Lateral Raise (aug 1),train,1129,aug_1
9460,M001P009A017R003_AUG000,1,9,12260,3,16,300,Bare-handed Full Lateral Raise (aug 0),train,1130,aug_0
9461,M001P009A017R003_AUG001,1,9,12261,3,16,300,Bare-handed Full Lateral Raise (aug 1),train,1130,aug_1
9462,M001P009A018R001_AUG000,1,9,12262,1,17,300,Bare-handed Cuban Press (aug 0),train,1131,aug_0
9463,M001P009A018R001_AUG001,1,9,12263,1,17,300,Bare-handed Cuban Press (aug 1),train,1131,aug_1
9464,M001P009A018R002_AUG000,1,9,12264,2,17,300,Bare-handed Cuban Press (aug 0),train,1132,aug_0
9465,M001P009A018R002_AUG001,1,9,12265,2,17,300,Bare-handed Cuban Press (aug 1),train,1132,aug_1
9466,M001P009A018R003_AUG000,1,9,12266,3,17,300,Bare-handed Cuban Press (aug 0),train,1133,aug_0
9467,M001P009A018R003_AUG001,1,9,12267,3,17,300,Bare-handed Cuban Press (aug 1),train,1133,aug_1
9468,M001P009A019R001_AUG000,1,9,12268,1,18,300,Fortune Cat (aug 0),train,1134,aug_0
9469,M001P009A019R001_AUG001,1,9,12269,1,18,300,Fortune Cat (aug 1),train,1134,aug_1
9470,M001P009A019R002_AUG000,1,9,12270,2,18,300,Fortune Cat (aug 0),train,1135,aug_0
9471,M001P009A019R002_AUG001,1,9,12271,2,18,300,Fortune Cat (aug 1),train,1135,aug_1
9472,M001P009A019R003_AUG000,1,9,12272,3,18,300,Fortune Cat (aug 0),train,1136,aug_0
9473,M001P009A019R003_AUG001,1,9,12273,3,18,300,Fortune Cat (aug 1),train,1136,aug_1
9474,M001P009A020R001_AUG000,1,9,12274,1,19,300,Dumbbell Curls (aug 0),train,1137,aug_0
9475,M001P009A020R001_AUG001,1,9,12275,1,19,300,Dumbbell Curls (aug 1),train,1137,aug_1
9476,M001P009A020R002_AUG000,1,9,12276,2,19,300,Dumbbell Curls (aug 0),train,1138,aug_0
9477,M001P009A020R002_AUG001,1,9,12277,2,19,300,Dumbbell Curls (aug 1),train,1138,aug_1
9478,M001P009A020R003_AUG000,1,9,12278,3,19,300,Dumbbell Curls (aug 0),train,1139,aug_0
9479,M001P009A020R003_AUG001,1,9,12279,3,19,300,Dumbbell Curls (aug 1),train,1139,aug_1
9480,M001P009A021R001_AUG000,1,9,12280,1,20,300,Alternate Dumbbell Curls (aug 0),train,1140,aug_0
9481,M001P009A021R001_AUG001,1,9,12281,1,20,300,Alternate Dumbbell Curls (aug 1),train,1140,aug_1
9482,M001P009A021R002_AUG000,1,9,12282,2,20,300,Alternate Dumbbell Curls (aug 0),train,1141,aug_0
9483,M001P009A021R002_AUG001,1,9,12283,2,20,300,Alternate Dumbbell Curls (aug 1),train,1141,aug_1
9484,M001P009A021R003_AUG000,1,9,12284,3,20,300,Alternate Dumbbell Curls (aug 0),train,1142,aug_0
9485,M001P009A021R003_AUG001,1,9,12285,3,20,300,Alternate Dumbbell Curls (aug 1),train,1142,aug_1
9486,M001P009A022R001_AUG000,1,9,12286,1,21,300,Right-side Kettlebell Bent-over Row (aug 0),train,1143,aug_0
9487,M001P009A022R001_AUG001,1,9,12287,1,21,300,Right-side Kettlebell Bent-over Row (aug 1),train,1143,aug_1
9488,M001P009A022R002_AUG000,1,9,12288,2,21,300,Right-side Kettlebell Bent-over Row (aug 0),train,1144,aug_0
9489,M001P009A022R002_AUG001,1,9,12289,2,21,300,Right-side Kettlebell Bent-over Row (aug 1),train,1144,aug_1
9490,M001P009A022R003_AUG000,1,9,12290,3,21,300,Right-side Kettlebell Bent-over Row (aug 0),train,1145,aug_0
9491,M001P009A022R003_AUG001,1,9,12291,3,21,300,Right-side Kettlebell Bent-over Row (aug 1),train,1145,aug_1
9492,M001P009A023R001_AUG000,1,9,12292,1,22,300,Wrist Joint Warm-up (aug 0),train,1146,aug_0
9493,M001P009A023R001_AUG001,1,9,12293,1,22,300,Wrist Joint Warm-up (aug 1),train,1146,aug_1
9494,M001P009A023R002_AUG000,1,9,12294,2,22,300,Wrist Joint Warm-up (aug 0),train,1147,aug_0
9495,M001P009A023R002_AUG001,1,9,12295,2,22,300,Wrist Joint Warm-up (aug 1),train,1147,aug_1
9496,M001P009A023R003_AUG000,1,9,12296,3,22,300,Wrist Joint Warm-up (aug 0),train,1148,aug_0
9497,M001P009A023R003_AUG001,1,9,12297,3,22,300,Wrist Joint Warm-up (aug 1),train,1148,aug_1
9498,M001P009A024R001_AUG000,1,9,12298,1,23,300,Right-side Bent-over Tricep Extension With Resistance Band (aug 0),train,1149,aug_0
9499,M001P009A024R001_AUG001,1,9,12299,1,23,300,Right-side Bent-over Tricep Extension With Resistance Band (aug 1),train,1149,aug_1
9500,M001P009A024R002_AUG000,1,9,12300,2,23,300,Right-side Bent-over Tricep Extension With Resistance Band (aug 0),train,1150,aug_0
9501,M001P009A024R002_AUG001,1,9,12301,2,23,300,Right-side Bent-over Tricep Extension With Resistance Band (aug 1),train,1150,aug_1
9502,M001P009A024R003_AUG000,1,9,12302,3,23,300,Right-side Bent-over Tricep Extension With Resistance Band (aug 0),train,1151,aug_0
9503,M001P009A024R003_AUG001,1,9,12303,3,23,300,Right-side Bent-over Tricep Extension With Resistance Band (aug 1),train,1151,aug_1
9504,M001P009A025R001_AUG000,1,9,12304,1,24,300,Bent-over Dumbbell Tricep Extension (aug 0),train,1152,aug_0
9505,M001P009A025R001_AUG001,1,9,12305,1,24,300,Bent-over Dumbbell Tricep Extension (aug 1),train,1152,aug_1
9506,M001P009A025R002_AUG000,1,9,12306,2,24,300,Bent-over Dumbbell Tricep Extension (aug 0),train,1153,aug_0
9507,M001P009A025R002_AUG001,1,9,12307,2,24,300,Bent-over Dumbbell Tricep Extension (aug 1),train,1153,aug_1
9508,M001P009A025R003_AUG000,1,9,12308,3,24,300,Bent-over Dumbbell Tricep Extension (aug 0),train,1154,aug_0
9509,M001P009A025R003_AUG001,1,9,12309,3,24,300,Bent-over Dumbbell Tricep Extension (aug 1),train,1154,aug_1
9510,M001P009A026R001_AUG000,1,9,12310,1,25,300,Nod And Raise Head (aug 0),train,1155,aug_0
9511,M001P009A026R001_AUG001,1,9,12311,1,25,300,Nod And Raise Head (aug 1),train,1155,aug_1
9512,M001P009A026R002_AUG000,1,9,12312,2,25,300,Nod And Raise Head (aug 0),train,1156,aug_0
9513,M001P009A026R002_AUG001,1,9,12313,2,25,300,Nod And Raise Head (aug 1),train,1156,aug_1
9514,M001P009A026R003_AUG000,1,9,12314,3,25,300,Nod And Raise Head (aug 0),train,1157,aug_0
9515,M001P009A026R003_AUG001,1,9,12315,3,25,300,Nod And Raise Head (aug 1),train,1157,aug_1
9516,M001P009A027R001_AUG000,1,9,12316,1,26,300,Two-way Head Turn (aug 0),train,1158,aug_0
9517,M001P009A027R001_AUG001,1,9,12317,1,26,300,Two-way Head Turn (aug 1),train,1158,aug_1
9518,M001P009A027R002_AUG000,1,9,12318,2,26,300,Two-way Head Turn (aug 0),train,1159,aug_0
9519,M001P009A027R002_AUG001,1,9,12319,2,26,300,Two-way Head Turn (aug 1),train,1159,aug_1
9520,M001P009A027R003_AUG000,1,9,12320,3,26,300,Two-way Head Turn (aug 0),train,1160,aug_0
9521,M001P009A027R003_AUG001,1,9,12321,3,26,300,Two-way Head Turn (aug 1),train,1160,aug_1
9522,M001P009A028R001_AUG000,1,9,12322,1,27,300,Shrug And Sink The Shoulders (aug 0),train,1161,aug_0
9523,M001P009A028R001_AUG001,1,9,12323,1,27,300,Shrug And Sink The Shoulders (aug 1),train,1161,aug_1
9524,M001P009A028R002_AUG000,1,9,12324,2,27,300,Shrug And Sink The Shoulders (aug 0),train,1162,aug_0
9525,M001P009A028R002_AUG001,1,9,12325,2,27,300,Shrug And Sink The Shoulders (aug 1),train,1162,aug_1
9526,M001P009A028R003_AUG000,1,9,12326,3,27,300,Shrug And Sink The Shoulders (aug 0),train,1163,aug_0
9527,M001P009A028R003_AUG001,1,9,12327,3,27,300,Shrug And Sink The Shoulders (aug 1),train,1163,aug_1
9528,M001P009A029R001_AUG000,1,9,12328,1,28,300,Four-way Nod Head (aug 0),train,1164,aug_0
9529,M001P009A029R001_AUG001,1,9,12329,1,28,300,Four-way Nod Head (aug 1),train,1164,aug_1
9530,M001P009A029R002_AUG000,1,9,12330,2,28,300,Four-way Nod Head (aug 0),train,1165,aug_0
9531,M001P009A029R002_AUG001,1,9,12331,2,28,300,Four-way Nod Head (aug 1),train,1165,aug_1
9532,M001P009A029R003_AUG000,1,9,12332,3,28,300,Four-way Nod Head (aug 0),train,1166,aug_0
9533,M001P009A029R003_AUG001,1,9,12333,3,28,300,Four-way Nod Head (aug 1),train,1166,aug_1
9534,M001P009A030R001_AUG000,1,9,12334,1,29,300,Lying Alternate Upper-half Leg Raise (aug 0),train,1167,aug_0
9535,M001P009A030R001_AUG001,1,9,12335,1,29,300,Lying Alternate Upper-half Leg Raise (aug 1),train,1167,aug_1
9536,M001P009A030R002_AUG000,1,9,12336,2,29,300,Lying Alternate Upper-half Leg Raise (aug 0),train,1168,aug_0
9537,M001P009A030R002_AUG001,1,9,12337,2,29,300,Lying Alternate Upper-half Leg Raise (aug 1),train,1168,aug_1
9538,M001P009A030R003_AUG000,1,9,12338,3,29,300,Lying Alternate Upper-half Leg Raise (aug 0),train,1169,aug_0
9539,M001P009A030R003_AUG001,1,9,12339,3,29,300,Lying Alternate Upper-half Leg Raise (aug 1),train,1169,aug_1
9540,M001P009A031R001_AUG000,1,9,12340,1,30,300,Half Roll Back (aug 0),train,1170,aug_0
9541,M001P009A031R001_AUG001,1,9,12341,1,30,300,Half Roll Back (aug 1),train,1170,aug_1
9542,M001P009A031R002_AUG000,1,9,12342,2,30,300,Half Roll Back (aug 0),train,1171,aug_0
9543,M001P009A031R002_AUG001,1,9,12343,2,30,300,Half Roll Back (aug 1),train,1171,aug_1
9544,M001P009A031R003_AUG000,1,9,12344,3,30,300,Half Roll Back (aug 0),train,1172,aug_0
9545,M001P009A031R003_AUG001,1,9,12345,3,30,300,Half Roll Back (aug 1),train,1172,aug_1
9546,M001P009A032R001_AUG000,1,9,12346,1,31,300,Kneeling Right-side Torso Twist (aug 0),train,1173,aug_0
9547,M001P009A032R001_AUG001,1,9,12347,1,31,300,Kneeling Right-side Torso Twist (aug 1),train,1173,aug_1
9548,M001P009A032R002_AUG000,1,9,12348,2,31,300,Kneeling Right-side Torso Twist (aug 0),train,1174,aug_0
9549,M001P009A032R002_AUG001,1,9,12349,2,31,300,Kneeling Right-side Torso Twist (aug 1),train,1174,aug_1
9550,M001P009A032R003_AUG000,1,9,12350,3,31,300,Kneeling Right-side Torso Twist (aug 0),train,1175,aug_0
9551,M001P009A032R003_AUG001,1,9,12351,3,31,300,Kneeling Right-side Torso Twist (aug 1),train,1175,aug_1
9552,M001P009A033R001_AUG000,1,9,12352,1,32,300,Left-side Knee Raise And Abdominal Muscles Contract (aug 0),train,1176,aug_0
9553,M001P009A033R001_AUG001,1,9,12353,1,32,300,Left-side Knee Raise And Abdominal Muscles Contract (aug 1),train,1176,aug_1
9554,M001P009A033R002_AUG000,1,9,12354,2,32,300,Left-side Knee Raise And Abdominal Muscles Contract (aug 0),train,1177,aug_0
9555,M001P009A033R002_AUG001,1,9,12355,2,32,300,Left-side Knee Raise And Abdominal Muscles Contract (aug 1),train,1177,aug_1
9556,M001P009A033R003_AUG000,1,9,12356,3,32,300,Left-side Knee Raise And Abdominal Muscles Contract (aug 0),train,1178,aug_0
9557,M001P009A033R003_AUG001,1,9,12357,3,32,300,Left-side Knee Raise And Abdominal Muscles Contract (aug 1),train,1178,aug_1
9558,M001P009A034R001_AUG000,1,9,12358,1,33,300,Kneeling Right Leg Backward Stretch (aug 0),train,1179,aug_0
9559,M001P009A034R001_AUG001,1,9,12359,1,33,300,Kneeling Right Leg Backward Stretch (aug 1),train,1179,aug_1
9560,M001P009A034R002_AUG000,1,9,12360,2,33,300,Kneeling Right Leg Backward Stretch (aug 0),train,1180,aug_0
9561,M001P009A034R002_AUG001,1,9,12361,2,33,300,Kneeling Right Leg Backward Stretch (aug 1),train,1180,aug_1
9562,M001P009A034R003_AUG000,1,9,12362,3,33,300,Kneeling Right Leg Backward Stretch (aug 0),train,1181,aug_0
9563,M001P009A034R003_AUG001,1,9,12363,3,33,300,Kneeling Right Leg Backward Stretch (aug 1),train,1181,aug_1
9564,M001P009A035R001_AUG000,1,9,12364,1,34,300,Kneeling Right Arm Raise (aug 0),train,1182,aug_0
9565,M001P009A035R001_AUG001,1,9,12365,1,34,300,Kneeling Right Arm Raise (aug 1),train,1182,aug_1
9566,M001P009A035R002_AUG000,1,9,12366,2,34,300,Kneeling Right Arm Raise (aug 0),train,1183,aug_0
9567,M001P009A035R002_AUG001,1,9,12367,2,34,300,Kneeling Right Arm Raise (aug 1),train,1183,aug_1
9568,M001P009A035R003_AUG000,1,9,12368,3,34,300,Kneeling Right Arm Raise (aug 0),train,1184,aug_0
9569,M001P009A035R003_AUG001,1,9,12369,3,34,300,Kneeling Right Arm Raise (aug 1),train,1184,aug_1
9570,M001P009A036R001_AUG000,1,9,12370,1,35,300,Shoulder Bridge (aug 0),train,1185,aug_0
9571,M001P009A036R001_AUG001,1,9,12371,1,35,300,Shoulder Bridge (aug 1),train,1185,aug_1
9572,M001P009A036R002_AUG000,1,9,12372,2,35,300,Shoulder Bridge (aug 0),train,1186,aug_0
9573,M001P009A036R002_AUG001,1,9,12373,2,35,300,Shoulder Bridge (aug 1),train,1186,aug_1
9574,M001P009A036R003_AUG000,1,9,12374,3,35,300,Shoulder Bridge (aug 0),train,1187,aug_0
9575,M001P009A036R003_AUG001,1,9,12375,3,35,300,Shoulder Bridge (aug 1),train,1187,aug_1
9576,M001P009A037R001_AUG000,1,9,12376,1,36,300,Prone Press-ups (aug 0),train,1188,aug_0
9577,M001P009A037R001_AUG001,1,9,12377,1,36,300,Prone Press-ups (aug 1),train,1188,aug_1
9578,M001P009A037R002_AUG000,1,9,12378,2,36,300,Prone Press-ups (aug 0),train,1189,aug_0
9579,M001P009A037R002_AUG001,1,9,12379,2,36,300,Prone Press-ups (aug 1),train,1189,aug_1
9580,M001P009A037R003_AUG000,1,9,12380,3,36,300,Prone Press-ups (aug 0),train,1190,aug_0
9581,M001P009A037R003_AUG001,1,9,12381,3,36,300,Prone Press-ups (aug 1),train,1190,aug_1
9582,M001P009A038R001_AUG000,1,9,12382,1,37,300,Bent-over Torso Rotation (aug 0),train,1191,aug_0
9583,M001P009A038R001_AUG001,1,9,12383,1,37,300,Bent-over Torso Rotation (aug 1),train,1191,aug_1
9584,M001P009A038R002_AUG000,1,9,12384,2,37,300,Bent-over Torso Rotation (aug 0),train,1192,aug_0
9585,M001P009A038R002_AUG001,1,9,12385,2,37,300,Bent-over Torso Rotation (aug 1),train,1192,aug_1
9586,M001P009A038R003_AUG000,1,9,12386,3,37,300,Bent-over Torso Rotation (aug 0),train,1193,aug_0
9587,M001P009A038R003_AUG001,1,9,12387,3,37,300,Bent-over Torso Rotation (aug 1),train,1193,aug_1
9588,M001P009A039R001_AUG000,1,9,12388,1,38,300,Lying Arm Pull (aug 0),train,1194,aug_0
9589,M001P009A039R001_AUG001,1,9,12389,1,38,300,Lying Arm Pull (aug 1),train,1194,aug_1
9590,M001P009A039R002_AUG000,1,9,12390,2,38,300,Lying Arm Pull (aug 0),train,1195,aug_0
9591,M001P009A039R002_AUG001,1,9,12391,2,38,300,Lying Arm Pull (aug 1),train,1195,aug_1
9592,M001P009A039R003_AUG000,1,9,12392,3,38,300,Lying Arm Pull (aug 0),train,1196,aug_0
9593,M001P009A039R003_AUG001,1,9,12393,3,38,300,Lying Arm Pull (aug 1),train,1196,aug_1
9594,M001P009A040R001_AUG000,1,9,12394,1,39,300,Prone Press Up With Torso Rotation (aug 0),train,1197,aug_0
9595,M001P009A040R001_AUG001,1,9,12395,1,39,300,Prone Press Up With Torso Rotation (aug 1),train,1197,aug_1
9596,M001P009A040R002_AUG000,1,9,12396,2,39,300,Prone Press Up With Torso Rotation (aug 0),train,1198,aug_0
9597,M001P009A040R002_AUG001,1,9,12397,2,39,300,Prone Press Up With Torso Rotation (aug 1),train,1198,aug_1
9598,M001P009A040R003_AUG000,1,9,12398,3,39,300,Prone Press Up With Torso Rotation (aug 0),train,1199,aug_0
9599,M001P009A040R003_AUG001,1,9,12399,3,39,300,Prone Press Up With Torso Rotation (aug 1),train,1199,aug_1
9600,M001P009A041R001_AUG000,1,9,12400,1,40,300,Breaststroke Push-ups (aug 0),train,1200,aug_0
9601,M001P009A041R001_AUG001,1,9,12401,1,40,300,Breaststroke Push-ups (aug 1),train,1200,aug_1
9602,M001P009A041R002_AUG000,1,9,12402,2,40,300,Breaststroke Push-ups (aug 0),train,1201,aug_0
9603,M001P009A041R002_AUG001,1,9,12403,2,40,300,Breaststroke Push-ups (aug 1),train,1201,aug_1
9604,M001P009A041R003_AUG000,1,9,12404,3,40,300,Breaststroke Push-ups (aug 0),train,1202,aug_0
9605,M001P009A041R003_AUG001,1,9,12405,3,40,300,Breaststroke Push-ups (aug 1),train,1202,aug_1
9606,M001P009A042R001_AUG000,1,9,12406,1,41,300,Sit-ups (aug 0),train,1203,aug_0
9607,M001P009A042R001_AUG001,1,9,12407,1,41,300,Sit-ups (aug 1),train,1203,aug_1
9608,M001P009A042R002_AUG000,1,9,12408,2,41,300,Sit-ups (aug 0),train,1204,aug_0
9609,M001P009A042R002_AUG001,1,9,12409,2,41,300,Sit-ups (aug 1),train,1204,aug_1
9610,M001P009A042R003_AUG000,1,9,12410,3,41,300,Sit-ups (aug 0),train,1205,aug_0
9611,M001P009A042R003_AUG001,1,9,12411,3,41,300,Sit-ups (aug 1),train,1205,aug_1
9612,M001P009A043R001_AUG000,1,9,12412,1,42,300,Side-lying Left Leg Forward Raise (aug 0),train,1206,aug_0
9613,M001P009A043R001_AUG001,1,9,12413,1,42,300,Side-lying Left Leg Forward Raise (aug 1),train,1206,aug_1
9614,M001P009A043R002_AUG000,1,9,12414,2,42,300,Side-lying Left Leg Forward Raise (aug 0),train,1207,aug_0
9615,M001P009A043R002_AUG001,1,9,12415,2,42,300,Side-lying Left Leg Forward Raise (aug 1),train,1207,aug_1
9616,M001P009A043R003_AUG000,1,9,12416,3,42,300,Side-lying Left Leg Forward Raise (aug 0),train,1208,aug_0
9617,M001P009A043R003_AUG001,1,9,12417,3,42,300,Side-lying Left Leg Forward Raise (aug 1),train,1208,aug_1
9618,M001P009A044R001_AUG000,1,9,12418,1,43,300,Right Leg Reverse Lunge (aug 0),train,1209,aug_0
9619,M001P009A044R001_AUG001,1,9,12419,1,43,300,Right Leg Reverse Lunge (aug 1),train,1209,aug_1
9620,M001P009A044R002_AUG000,1,9,12420,2,43,300,Right Leg Reverse Lunge (aug 0),train,1210,aug_0
9621,M001P009A044R002_AUG001,1,9,12421,2,43,300,Right Leg Reverse Lunge (aug 1),train,1210,aug_1
9622,M001P009A044R003_AUG000,1,9,12422,3,43,300,Right Leg Reverse Lunge (aug 0),train,1211,aug_0
9623,M001P009A044R003_AUG001,1,9,12423,3,43,300,Right Leg Reverse Lunge (aug 1),train,1211,aug_1
9624,M001P009A045R001_AUG000,1,9,12424,1,44,300,Kneeling Left Knee Lift (aug 0),train,1212,aug_0
9625,M001P009A045R001_AUG001,1,9,12425,1,44,300,Kneeling Left Knee Lift (aug 1),train,1212,aug_1
9626,M001P009A045R002_AUG000,1,9,12426,2,44,300,Kneeling Left Knee Lift (aug 0),train,1213,aug_0
9627,M001P009A045R002_AUG001,1,9,12427,2,44,300,Kneeling Left Knee Lift (aug 1),train,1213,aug_1
9628,M001P009A045R003_AUG000,1,9,12428,3,44,300,Kneeling Left Knee Lift (aug 0),train,1214,aug_0
9629,M001P009A045R003_AUG001,1,9,12429,3,44,300,Kneeling Left Knee Lift (aug 1),train,1214,aug_1
9630,M001P009A046R001_AUG000,1,9,12430,1,45,300,Alternate Reverse Lunge (aug 0),train,1215,aug_0
9631,M001P009A046R001_AUG001,1,9,12431,1,45,300,Alternate Reverse Lunge (aug 1),train,1215,aug_1
9632,M001P009A046R002_AUG000,1,9,12432,2,45,300,Alternate Reverse Lunge (aug 0),train,1216,aug_0
9633,M001P009A046R002_AUG001,1,9,12433,2,45,300,Alternate Reverse Lunge (aug 1),train,1216,aug_1
9634,M001P009A046R003_AUG000,1,9,12434,3,45,300,Alternate Reverse Lunge (aug 0),train,1217,aug_0
9635,M001P009A046R003_AUG001,1,9,12435,3,45,300,Alternate Reverse Lunge (aug 1),train,1217,aug_1
9636,M001P009A047R001_AUG000,1,9,12436,1,46,300,Side-lying Right Leg Backward Kick (aug 0),train,1218,aug_0
9637,M001P009A047R001_AUG001,1,9,12437,1,46,300,Side-lying Right Leg Backward Kick (aug 1),train,1218,aug_1
9638,M001P009A047R002_AUG000,1,9,12438,2,46,300,Side-lying Right Leg Backward Kick (aug 0),train,1219,aug_0
9639,M001P009A047R002_AUG001,1,9,12439,2,46,300,Side-lying Right Leg Backward Kick (aug 1),train,1219,aug_1
9640,M001P009A047R003_AUG000,1,9,12440,3,46,300,Side-lying Right Leg Backward Kick (aug 0),train,1220,aug_0
9641,M001P009A047R003_AUG001,1,9,12441,3,46,300,Side-lying Right Leg Backward Kick (aug 1),train,1220,aug_1
9642,M001P009A048R001_AUG000,1,9,12442,1,47,300,Left Leg Lunge With Knee Lift (aug 0),train,1221,aug_0
9643,M001P009A048R001_AUG001,1,9,12443,1,47,300,Left Leg Lunge With Knee Lift (aug 1),train,1221,aug_1
9644,M001P009A048R002_AUG000,1,9,12444,2,47,300,Left Leg Lunge With Knee Lift (aug 0),train,1222,aug_0
9645,M001P009A048R002_AUG001,1,9,12445,2,47,300,Left Leg Lunge With Knee Lift (aug 1),train,1222,aug_1
9646,M001P009A048R003_AUG000,1,9,12446,3,47,300,Left Leg Lunge With Knee Lift (aug 0),train,1223,aug_0
9647,M001P009A048R003_AUG001,1,9,12447,3,47,300,Left Leg Lunge With Knee Lift (aug 1),train,1223,aug_1
9648,M001P009A049R001_AUG000,1,9,12448,1,48,300,Sumo Squat (aug 0),train,1224,aug_0
9649,M001P009A049R001_AUG001,1,9,12449,1,48,300,Sumo Squat (aug 1),train,1224,aug_1
9650,M001P009A049R002_AUG000,1,9,12450,2,48,300,Sumo Squat (aug 0),train,1225,aug_0
9651,M001P009A049R002_AUG001,1,9,12451,2,48,300,Sumo Squat (aug 1),train,1225,aug_1
9652,M001P009A049R003_AUG000,1,9,12452,3,48,300,Sumo Squat (aug 0),train,1226,aug_0
9653,M001P009A049R003_AUG001,1,9,12453,3,48,300,Sumo Squat (aug 1),train,1226,aug_1
9654,M001P009A050R001_AUG000,1,9,12454,1,49,300,Straight Leg Calf Raise (aug 0),train,1227,aug_0
9655,M001P009A050R001_AUG001,1,9,12455,1,49,300,Straight Leg Calf Raise (aug 1),train,1227,aug_1
9656,M001P009A050R002_AUG000,1,9,12456,2,49,300,Straight Leg Calf Raise (aug 0),train,1228,aug_0
9657,M001P009A050R002_AUG001,1,9,12457,2,49,300,Straight Leg Calf Raise (aug 1),train,1228,aug_1
9658,M001P009A050R003_AUG000,1,9,12458,3,49,300,Straight Leg Calf Raise (aug 0),train,1229,aug_0
9659,M001P009A050R003_AUG001,1,9,12459,3,49,300,Straight Leg Calf Raise (aug 1),train,1229,aug_1
9660,M001P009A051R001_AUG000,1,9,12460,1,50,300,Squat Jump (aug 0),train,1230,aug_0
9661,M001P009A051R001_AUG001,1,9,12461,1,50,300,Squat Jump (aug 1),train,1230,aug_1
9662,M001P009A051R002_AUG000,1,9,12462,2,50,300,Squat Jump (aug 0),train,1231,aug_0
9663,M001P009A051R002_AUG001,1,9,12463,2,50,300,Squat Jump (aug 1),train,1231,aug_1
9664,M001P009A051R003_AUG000,1,9,12464,3,50,300,Squat Jump (aug 0),train,1232,aug_0
9665,M001P009A051R003_AUG001,1,9,12465,3,50,300,Squat Jump (aug 1),train,1232,aug_1
9666,M001P009A052R001_AUG000,1,9,12466,1,51,300,Squat With Alternate Knee Lift (aug 0),train,1233,aug_0
9667,M001P009A052R001_AUG001,1,9,12467,1,51,300,Squat With Alternate Knee Lift (aug 1),train,1233,aug_1
9668,M001P009A052R002_AUG000,1,9,12468,2,51,300,Squat With Alternate Knee Lift (aug 0),train,1234,aug_0
9669,M001P009A052R002_AUG001,1,9,12469,2,51,300,Squat With Alternate Knee Lift (aug 1),train,1234,aug_1
9670,M001P009A052R003_AUG000,1,9,12470,3,51,300,Squat With Alternate Knee Lift (aug 0),train,1235,aug_0
9671,M001P009A052R003_AUG001,1,9,12471,3,51,300,Squat With Alternate Knee Lift (aug 1),train,1235,aug_1
9672,M001P009A053R001_AUG000,1,9,12472,1,52,300,Standing Alternate Butt Kick (aug 0),train,1236,aug_0
9673,M001P009A053R001_AUG001,1,9,12473,1,52,300,Standing Alternate Butt Kick (aug 1),train,1236,aug_1
9674,M001P009A053R002_AUG000,1,9,12474,2,52,300,Standing Alternate Butt Kick (aug 0),train,1237,aug_0
9675,M001P009A053R002_AUG001,1,9,12475,2,52,300,Standing Alternate Butt Kick (aug 1),train,1237,aug_1
9676,M001P009A053R003_AUG000,1,9,12476,3,52,300,Standing Alternate Butt Kick (aug 0),train,1238,aug_0
9677,M001P009A053R003_AUG001,1,9,12477,3,52,300,Standing Alternate Butt Kick (aug 1),train,1238,aug_1
9678,M001P009A054R001_AUG000,1,9,12478,1,53,300,Knee Warm-up (aug 0),train,1239,aug_0
9679,M001P009A054R001_AUG001,1,9,12479,1,53,300,Knee Warm-up (aug 1),train,1239,aug_1
9680,M001P009A054R002_AUG000,1,9,12480,2,53,300,Knee Warm-up (aug 0),train,1240,aug_0
9681,M001P009A054R002_AUG001,1,9,12481,2,53,300,Knee Warm-up (aug 1),train,1240,aug_1
9682,M001P009A054R003_AUG000,1,9,12482,3,53,300,Knee Warm-up (aug 0),train,1241,aug_0
9683,M001P009A054R003_AUG001,1,9,12483,3,53,300,Knee Warm-up (aug 1),train,1241,aug_1
9684,M001P009A055R001_AUG000,1,9,12484,1,54,300,Butt Kicks (aug 0),train,1242,aug_0
9685,M001P009A055R001_AUG001,1,9,12485,1,54,300,Butt Kicks (aug 1),train,1242,aug_1
9686,M001P009A055R002_AUG000,1,9,12486,2,54,300,Butt Kicks (aug 0),train,1243,aug_0
9687,M001P009A055R002_AUG001,1,9,12487,2,54,300,Butt Kicks (aug 1),train,1243,aug_1
9688,M001P009A055R003_AUG000,1,9,12488,3,54,300,Butt Kicks (aug 0),train,1244,aug_0
9689,M001P009A055R003_AUG001,1,9,12489,3,54,300,Butt Kicks (aug 1),train,1244,aug_1
9690,M001P009A056R001_AUG000,1,9,12490,1,55,300,Jump Left and Right (aug 0),train,1245,aug_0
9691,M001P009A056R001_AUG001,1,9,12491,1,55,300,Jump Left and Right (aug 1),train,1245,aug_1
9692,M001P009A056R002_AUG000,1,9,12492,2,55,300,Jump Left and Right (aug 0),train,1246,aug_0
9693,M001P009A056R002_AUG001,1,9,12493,2,55,300,Jump Left and Right (aug 1),train,1246,aug_1
9694,M001P009A056R003_AUG000,1,9,12494,3,55,300,Jump Left and Right (aug 0),train,1247,aug_0
9695,M001P009A056R003_AUG001,1,9,12495,3,55,300,Jump Left and Right (aug 1),train,1247,aug_1
9696,M001P009A057R001_AUG000,1,9,12496,1,56,300,Jumping Jacks (aug 0),train,1248,aug_0
9697,M001P009A057R001_AUG001,1,9,12497,1,56,300,Jumping Jacks (aug 1),train,1248,aug_1
9698,M001P009A057R002_AUG000,1,9,12498,2,56,300,Jumping Jacks (aug 0),train,1249,aug_0
9699,M001P009A057R002_AUG001,1,9,12499,2,56,300,Jumping Jacks (aug 1),train,1249,aug_1
9700,M001P009A057R003_AUG000,1,9,12500,3,56,300,Jumping Jacks (aug 0),train,1250,aug_0
9701,M001P009A057R003_AUG001,1,9,12501,3,56,300,Jumping Jacks (aug 1),train,1250,aug_1
9702,M001P009A058R001_AUG000,1,9,12502,1,57,300,High Knee (aug 0),train,1251,aug_0
9703,M001P009A058R001_AUG001,1,9,12503,1,57,300,High Knee (aug 1),train,1251,aug_1
9704,M001P009A058R002_AUG000,1,9,12504,2,57,300,High Knee (aug 0),train,1252,aug_0
9705,M001P009A058R002_AUG001,1,9,12505,2,57,300,High Knee (aug 1),train,1252,aug_1
9706,M001P009A058R003_AUG000,1,9,12506,3,57,300,High Knee (aug 0),train,1253,aug_0
9707,M001P009A058R003_AUG001,1,9,12507,3,57,300,High Knee (aug 1),train,1253,aug_1
9708,M001P009A059R001_AUG000,1,9,12508,1,58,300,Clap Jacks (aug 0),train,1254,aug_0
9709,M001P009A059R001_AUG001,1,9,12509,1,58,300,Clap Jacks (aug 1),train,1254,aug_1
9710,M001P009A059R002_AUG000,1,9,12510,2,58,300,Clap Jacks (aug 0),train,1255,aug_0
9711,M001P009A059R002_AUG001,1,9,12511,2,58,300,Clap Jacks (aug 1),train,1255,aug_1
9712,M001P009A059R003_AUG000,1,9,12512,3,58,300,Clap Jacks (aug 0),train,1256,aug_0
9713,M001P009A059R003_AUG001,1,9,12513,3,58,300,Clap Jacks (aug 1),train,1256,aug_1
9714,M001P009A060R001_AUG000,1,9,12514,1,59,300,Run In Place With Arm Swing (aug 0),train,1257,aug_0
9715,M001P009A060R001_AUG001,1,9,12515,1,59,300,Run In Place With Arm Swing (aug 1),train,1257,aug_1
9716,M001P009A060R002_AUG000,1,9,12516,2,59,300,Run In Place With Arm Swing (aug 0),train,1258,aug_0
9717,M001P009A060R002_AUG001,1,9,12517,2,59,300,Run In Place With Arm Swing (aug 1),train,1258,aug_1
9718,M001P009A060R003_AUG000,1,9,12518,3,59,300,Run In Place With Arm Swing (aug 0),train,1259,aug_0
9719,M001P009A060R003_AUG001,1,9,12519,3,59,300,Run In Place With Arm Swing (aug 1),train,1259,aug_1
9720,M002P002A001R001_AUG000,2,2,12520,1,0,300,Svend Press (aug 0),train,1260,aug_0
9721,M002P002A001R001_AUG001,2,2,12521,1,0,300,Svend Press (aug 1),train,1260,aug_1
9722,M002P002A001R002_AUG000,2,2,12522,2,0,300,Svend Press (aug 0),train,1261,aug_0
9723,M002P002A001R002_AUG001,2,2,12523,2,0,300,Svend Press (aug 1),train,1261,aug_1
9724,M002P002A001R003_AUG000,2,2,12524,3,0,300,Svend Press (aug 0),train,1262,aug_0
9725,M002P002A001R003_AUG001,2,2,12525,3,0,300,Svend Press (aug 1),train,1262,aug_1
9726,M002P002A002R001_AUG000,2,2,12526,1,1,300,Kneeling Push-ups (aug 0),train,1263,aug_0
9727,M002P002A002R001_AUG001,2,2,12527,1,1,300,Kneeling Push-ups (aug 1),train,1263,aug_1
9728,M002P002A002R002_AUG000,2,2,12528,2,1,300,Kneeling Push-ups (aug 0),train,1264,aug_0
9729,M002P002A002R002_AUG001,2,2,12529,2,1,300,Kneeling Push-ups (aug 1),train,1264,aug_1
9730,M002P002A002R003_AUG000,2,2,12530,3,1,300,Kneeling Push-ups (aug 0),train,1265,aug_0
9731,M002P002A002R003_AUG001,2,2,12531,3,1,300,Kneeling Push-ups (aug 1),train,1265,aug_1
9732,M002P002A003R001_AUG000,2,2,12532,1,2,300,Standing Straight-arm Chest Press With Resistance Band (aug 0),train,1266,aug_0
9733,M002P002A003R001_AUG001,2,2,12533,1,2,300,Standing Straight-arm Chest Press With Resistance Band (aug 1),train,1266,aug_1
9734,M002P002A003R002_AUG000,2,2,12534,2,2,300,Standing Straight-arm Chest Press With Resistance Band (aug 0),train,1267,aug_0
9735,M002P002A003R002_AUG001,2,2,12535,2,2,300,Standing Straight-arm Chest Press With Resistance Band (aug 1),train,1267,aug_1
9736,M002P002A003R003_AUG000,2,2,12536,3,2,300,Standing Straight-arm Chest Press With Resistance Band (aug 0),train,1268,aug_0
9737,M002P002A003R003_AUG001,2,2,12537,3,2,300,Standing Straight-arm Chest Press With Resistance Band (aug 1),train,1268,aug_1
9738,M002P002A004R001_AUG000,2,2,12538,1,3,300,Small Dumbbell Floor Flies (aug 0),train,1269,aug_0
9739,M002P002A004R001_AUG001,2,2,12539,1,3,300,Small Dumbbell Floor Flies (aug 1),train,1269,aug_1
9740,M002P002A004R002_AUG000,2,2,12540,2,3,300,Small Dumbbell Floor Flies (aug 0),train,1270,aug_0
9741,M002P002A004R002_AUG001,2,2,12541,2,3,300,Small Dumbbell Floor Flies (aug 1),train,1270,aug_1
9742,M002P002A004R003_AUG000,2,2,12542,3,3,300,Small Dumbbell Floor Flies (aug 0),train,1271,aug_0
9743,M002P002A004R003_AUG001,2,2,12543,3,3,300,Small Dumbbell Floor Flies (aug 1),train,1271,aug_1
9744,M002P002A005R001_AUG000,2,2,12544,1,4,300,Chest Fly (aug 0),train,1272,aug_0
9745,M002P002A005R001_AUG001,2,2,12545,1,4,300,Chest Fly (aug 1),train,1272,aug_1
9746,M002P002A005R002_AUG000,2,2,12546,2,4,300,Chest Fly (aug 0),train,1273,aug_0
9747,M002P002A005R002_AUG001,2,2,12547,2,4,300,Chest Fly (aug 1),train,1273,aug_1
9748,M002P002A005R003_AUG000,2,2,12548,3,4,300,Chest Fly (aug 0),train,1274,aug_0
9749,M002P002A005R003_AUG001,2,2,12549,3,4,300,Chest Fly (aug 1),train,1274,aug_1
9750,M002P002A006R001_AUG000,2,2,12550,1,5,300,Push-ups (aug 0),train,1275,aug_0
9751,M002P002A006R001_AUG001,2,2,12551,1,5,300,Push-ups (aug 1),train,1275,aug_1
9752,M002P002A006R002_AUG000,2,2,12552,2,5,300,Push-ups (aug 0),train,1276,aug_0
9753,M002P002A006R002_AUG001,2,2,12553,2,5,300,Push-ups (aug 1),train,1276,aug_1
9754,M002P002A006R003_AUG000,2,2,12554,3,5,300,Push-ups (aug 0),train,1277,aug_0
9755,M002P002A006R003_AUG001,2,2,12555,3,5,300,Push-ups (aug 1),train,1277,aug_1
9756,M002P002A007R001_AUG000,2,2,12556,1,6,300,Bent-over W-shape Stretch (aug 0),train,1278,aug_0
9757,M002P002A007R001_AUG001,2,2,12557,1,6,300,Bent-over W-shape Stretch (aug 1),train,1278,aug_1
9758,M002P002A007R002_AUG000,2,2,12558,2,6,300,Bent-over W-shape Stretch (aug 0),train,1279,aug_0
9759,M002P002A007R002_AUG001,2,2,12559,2,6,300,Bent-over W-shape Stretch (aug 1),train,1279,aug_1
9760,M002P002A007R003_AUG000,2,2,12560,3,6,300,Bent-over W-shape Stretch (aug 0),train,1280,aug_0
9761,M002P002A007R003_AUG001,2,2,12561,3,6,300,Bent-over W-shape Stretch (aug 1),train,1280,aug_1
9762,M002P002A008R001_AUG000,2,2,12562,1,7,300,Bent-over Y-shape Stretch (aug 0),train,1281,aug_0
9763,M002P002A008R001_AUG001,2,2,12563,1,7,300,Bent-over Y-shape Stretch (aug 1),train,1281,aug_1
9764,M002P002A008R002_AUG000,2,2,12564,2,7,300,Bent-over Y-shape Stretch (aug 0),train,1282,aug_0
9765,M002P002A008R002_AUG001,2,2,12565,2,7,300,Bent-over Y-shape Stretch (aug 1),train,1282,aug_1
9766,M002P002A008R003_AUG000,2,2,12566,3,7,300,Bent-over Y-shape Stretch (aug 0),train,1283,aug_0
9767,M002P002A008R003_AUG001,2,2,12567,3,7,300,Bent-over Y-shape Stretch (aug 1),train,1283,aug_1
9768,M002P002A009R001_AUG000,2,2,12568,1,8,300,Bent-over A-shape Stretch (aug 0),train,1284,aug_0
9769,M002P002A009R001_AUG001,2,2,12569,1,8,300,Bent-over A-shape Stretch (aug 1),train,1284,aug_1
9770,M002P002A009R002_AUG000,2,2,12570,2,8,300,Bent-over A-shape Stretch (aug 0),train,1285,aug_0
9771,M002P002A009R002_AUG001,2,2,12571,2,8,300,Bent-over A-shape Stretch (aug 1),train,1285,aug_1
9772,M002P002A009R003_AUG000,2,2,12572,3,8,300,Bent-over A-shape Stretch (aug 0),train,1286,aug_0
9773,M002P002A009R003_AUG001,2,2,12573,3,8,300,Bent-over A-shape Stretch (aug 1),train,1286,aug_1
9774,M002P002A010R001_AUG000,2,2,12574,1,9,300,Squat With Arm Lift (aug 0),train,1287,aug_0
9775,M002P002A010R001_AUG001,2,2,12575,1,9,300,Squat With Arm Lift (aug 1),train,1287,aug_1
9776,M002P002A010R002_AUG000,2,2,12576,2,9,300,Squat With Arm Lift (aug 0),train,1288,aug_0
9777,M002P002A010R002_AUG001,2,2,12577,2,9,300,Squat With Arm Lift (aug 1),train,1288,aug_1
9778,M002P002A010R003_AUG000,2,2,12578,3,9,300,Squat With Arm Lift (aug 0),train,1289,aug_0
9779,M002P002A010R003_AUG001,2,2,12579,3,9,300,Squat With Arm Lift (aug 1),train,1289,aug_1
9780,M002P002A011R001_AUG000,2,2,12580,1,10,300,Breaststroke Arm Pull (aug 0),train,1290,aug_0
9781,M002P002A011R001_AUG001,2,2,12581,1,10,300,Breaststroke Arm Pull (aug 1),train,1290,aug_1
9782,M002P002A011R002_AUG000,2,2,12582,2,10,300,Breaststroke Arm Pull (aug 0),train,1291,aug_0
9783,M002P002A011R002_AUG001,2,2,12583,2,10,300,Breaststroke Arm Pull (aug 1),train,1291,aug_1
9784,M002P002A011R003_AUG000,2,2,12584,3,10,300,Breaststroke Arm Pull (aug 0),train,1292,aug_0
9785,M002P002A011R003_AUG001,2,2,12585,3,10,300,Breaststroke Arm Pull (aug 1),train,1292,aug_1
9786,M002P002A012R001_AUG000,2,2,12586,1,11,300,Prone Y-shape Stretch (aug 0),train,1293,aug_0
9787,M002P002A012R001_AUG001,2,2,12587,1,11,300,Prone Y-shape Stretch (aug 1),train,1293,aug_1
9788,M002P002A012R002_AUG000,2,2,12588,2,11,300,Prone Y-shape Stretch (aug 0),train,1294,aug_0
9789,M002P002A012R002_AUG001,2,2,12589,2,11,300,Prone Y-shape Stretch (aug 1),train,1294,aug_1
9790,M002P002A012R003_AUG000,2,2,12590,3,11,300,Prone Y-shape Stretch (aug 0),train,1295,aug_0
9791,M002P002A012R003_AUG001,2,2,12591,3,11,300,Prone Y-shape Stretch (aug 1),train,1295,aug_1
9792,M002P002A013R001_AUG000,2,2,12592,1,12,300,Lateral Raise Forward Circles (aug 0),train,1296,aug_0
9793,M002P002A013R001_AUG001,2,2,12593,1,12,300,Lateral Raise Forward Circles (aug 1),train,1296,aug_1
9794,M002P002A013R002_AUG000,2,2,12594,2,12,300,Lateral Raise Forward Circles (aug 0),train,1297,aug_0
9795,M002P002A013R002_AUG001,2,2,12595,2,12,300,Lateral Raise Forward Circles (aug 1),train,1297,aug_1
9796,M002P002A013R003_AUG000,2,2,12596,3,12,300,Lateral Raise Forward Circles (aug 0),train,1298,aug_0
9797,M002P002A013R003_AUG001,2,2,12597,3,12,300,Lateral Raise Forward Circles (aug 1),train,1298,aug_1
9798,M002P002A014R001_AUG000,2,2,12598,1,13,300,Lateral Raise Backward Circles (aug 0),train,1299,aug_0
9799,M002P002A014R001_AUG001,2,2,12599,1,13,300,Lateral Raise Backward Circles (aug 1),train,1299,aug_1
9800,M002P002A014R002_AUG000,2,2,12600,2,13,300,Lateral Raise Backward Circles (aug 0),train,1300,aug_0
9801,M002P002A014R002_AUG001,2,2,12601,2,13,300,Lateral Raise Backward Circles (aug 1),train,1300,aug_1
9802,M002P002A014R003_AUG000,2,2,12602,3,13,300,Lateral Raise Backward Circles (aug 0),train,1301,aug_0
9803,M002P002A014R003_AUG001,2,2,12603,3,13,300,Lateral Raise Backward Circles (aug 1),train,1301,aug_1
9804,M002P002A015R001_AUG000,2,2,12604,1,14,300,Lying Shoulder Joint Upward Round (aug 0),train,1302,aug_0
9805,M002P002A015R001_AUG001,2,2,12605,1,14,300,Lying Shoulder Joint Upward Round (aug 1),train,1302,aug_1
9806,M002P002A015R002_AUG000,2,2,12606,2,14,300,Lying Shoulder Joint Upward Round (aug 0),train,1303,aug_0
9807,M002P002A015R002_AUG001,2,2,12607,2,14,300,Lying Shoulder Joint Upward Round (aug 1),train,1303,aug_1
9808,M002P002A015R003_AUG000,2,2,12608,3,14,300,Lying Shoulder Joint Upward Round (aug 0),train,1304,aug_0
9809,M002P002A015R003_AUG001,2,2,12609,3,14,300,Lying Shoulder Joint Upward Round (aug 1),train,1304,aug_1
9810,M002P002A016R001_AUG000,2,2,12610,1,15,300,Lying Shoulder Joint Downward Round (aug 0),train,1305,aug_0
9811,M002P002A016R001_AUG001,2,2,12611,1,15,300,Lying Shoulder Joint Downward Round (aug 1),train,1305,aug_1
9812,M002P002A016R002_AUG000,2,2,12612,2,15,300,Lying Shoulder Joint Downward Round (aug 0),train,1306,aug_0
9813,M002P002A016R002_AUG001,2,2,12613,2,15,300,Lying Shoulder Joint Downward Round (aug 1),train,1306,aug_1
9814,M002P002A016R003_AUG000,2,2,12614,3,15,300,Lying Shoulder Joint Downward Round (aug 0),train,1307,aug_0
9815,M002P002A016R003_AUG001,2,2,12615,3,15,300,Lying Shoulder Joint Downward Round (aug 1),train,1307,aug_1
9816,M002P002A017R001_AUG000,2,2,12616,1,16,300,Bare-handed Full Lateral Raise (aug 0),train,1308,aug_0
9817,M002P002A017R001_AUG001,2,2,12617,1,16,300,Bare-handed Full Lateral Raise (aug 1),train,1308,aug_1
9818,M002P002A017R002_AUG000,2,2,12618,2,16,300,Bare-handed Full Lateral Raise (aug 0),train,1309,aug_0
9819,M002P002A017R002_AUG001,2,2,12619,2,16,300,Bare-handed Full Lateral Raise (aug 1),train,1309,aug_1
9820,M002P002A017R003_AUG000,2,2,12620,3,16,300,Bare-handed Full Lateral Raise (aug 0),train,1310,aug_0
9821,M002P002A017R003_AUG001,2,2,12621,3,16,300,Bare-handed Full Lateral Raise (aug 1),train,1310,aug_1
9822,M002P002A018R001_AUG000,2,2,12622,1,17,300,Bare-handed Cuban Press (aug 0),train,1311,aug_0
9823,M002P002A018R001_AUG001,2,2,12623,1,17,300,Bare-handed Cuban Press (aug 1),train,1311,aug_1
9824,M002P002A018R002_AUG000,2,2,12624,2,17,300,Bare-handed Cuban Press (aug 0),train,1312,aug_0
9825,M002P002A018R002_AUG001,2,2,12625,2,17,300,Bare-handed Cuban Press (aug 1),train,1312,aug_1
9826,M002P002A018R003_AUG000,2,2,12626,3,17,300,Bare-handed Cuban Press (aug 0),train,1313,aug_0
9827,M002P002A018R003_AUG001,2,2,12627,3,17,300,Bare-handed Cuban Press (aug 1),train,1313,aug_1
9828,M002P002A019R001_AUG000,2,2,12628,1,18,300,Fortune Cat (aug 0),train,1314,aug_0
9829,M002P002A019R001_AUG001,2,2,12629,1,18,300,Fortune Cat (aug 1),train,1314,aug_1
9830,M002P002A019R002_AUG000,2,2,12630,2,18,300,Fortune Cat (aug 0),train,1315,aug_0
9831,M002P002A019R002_AUG001,2,2,12631,2,18,300,Fortune Cat (aug 1),train,1315,aug_1
9832,M002P002A019R003_AUG000,2,2,12632,3,18,300,Fortune Cat (aug 0),train,1316,aug_0
9833,M002P002A019R003_AUG001,2,2,12633,3,18,300,Fortune Cat (aug 1),train,1316,aug_1
9834,M002P002A020R001_AUG000,2,2,12634,1,19,300,Dumbbell Curls (aug 0),train,1317,aug_0
9835,M002P002A020R001_AUG001,2,2,12635,1,19,300,Dumbbell Curls (aug 1),train,1317,aug_1
9836,M002P002A020R002_AUG000,2,2,12636,2,19,300,Dumbbell Curls (aug 0),train,1318,aug_0
9837,M002P002A020R002_AUG001,2,2,12637,2,19,300,Dumbbell Curls (aug 1),train,1318,aug_1
9838,M002P002A020R003_AUG000,2,2,12638,3,19,300,Dumbbell Curls (aug 0),train,1319,aug_0
9839,M002P002A020R003_AUG001,2,2,12639,3,19,300,Dumbbell Curls (aug 1),train,1319,aug_1
9840,M002P002A021R001_AUG000,2,2,12640,1,20,300,Alternate Dumbbell Curls (aug 0),train,1320,aug_0
9841,M002P002A021R001_AUG001,2,2,12641,1,20,300,Alternate Dumbbell Curls (aug 1),train,1320,aug_1
9842,M002P002A021R002_AUG000,2,2,12642,2,20,300,Alternate Dumbbell Curls (aug 0),train,1321,aug_0
9843,M002P002A021R002_AUG001,2,2,12643,2,20,300,Alternate Dumbbell Curls (aug 1),train,1321,aug_1
9844,M002P002A021R003_AUG000,2,2,12644,3,20,300,Alternate Dumbbell Curls (aug 0),train,1322,aug_0
9845,M002P002A021R003_AUG001,2,2,12645,3,20,300,Alternate Dumbbell Curls (aug 1),train,1322,aug_1
9846,M002P002A022R001_AUG000,2,2,12646,1,21,300,Right-side Kettlebell Bent-over Row (aug 0),train,1323,aug_0
9847,M002P002A022R001_AUG001,2,2,12647,1,21,300,Right-side Kettlebell Bent-over Row (aug 1),train,1323,aug_1
9848,M002P002A022R002_AUG000,2,2,12648,2,21,300,Right-side Kettlebell Bent-over Row (aug 0),train,1324,aug_0
9849,M002P002A022R002_AUG001,2,2,12649,2,21,300,Right-side Kettlebell Bent-over Row (aug 1),train,1324,aug_1
9850,M002P002A022R003_AUG000,2,2,12650,3,21,300,Right-side Kettlebell Bent-over Row (aug 0),train,1325,aug_0
9851,M002P002A022R003_AUG001,2,2,12651,3,21,300,Right-side Kettlebell Bent-over Row (aug 1),train,1325,aug_1
9852,M002P002A023R001_AUG000,2,2,12652,1,22,300,Wrist Joint Warm-up (aug 0),train,1326,aug_0
9853,M002P002A023R001_AUG001,2,2,12653,1,22,300,Wrist Joint Warm-up (aug 1),train,1326,aug_1
9854,M002P002A023R002_AUG000,2,2,12654,2,22,300,Wrist Joint Warm-up (aug 0),train,1327,aug_0
9855,M002P002A023R002_AUG001,2,2,12655,2,22,300,Wrist Joint Warm-up (aug 1),train,1327,aug_1
9856,M002P002A023R003_AUG000,2,2,12656,3,22,300,Wrist Joint Warm-up (aug 0),train,1328,aug_0
9857,M002P002A023R003_AUG001,2,2,12657,3,22,300,Wrist Joint Warm-up (aug 1),train,1328,aug_1
9858,M002P002A024R001_AUG000,2,2,12658,1,23,300,Right-side Bent-over Tricep Extension With Resistance Band (aug 0),train,1329,aug_0
9859,M002P002A024R001_AUG001,2,2,12659,1,23,300,Right-side Bent-over Tricep Extension With Resistance Band (aug 1),train,1329,aug_1
9860,M002P002A024R002_AUG000,2,2,12660,2,23,300,Right-side Bent-over Tricep Extension With Resistance Band (aug 0),train,1330,aug_0
9861,M002P002A024R002_AUG001,2,2,12661,2,23,300,Right-side Bent-over Tricep Extension With Resistance Band (aug 1),train,1330,aug_1
9862,M002P002A024R003_AUG000,2,2,12662,3,23,300,Right-side Bent-over Tricep Extension With Resistance Band (aug 0),train,1331,aug_0
9863,M002P002A024R003_AUG001,2,2,12663,3,23,300,Right-side Bent-over Tricep Extension With Resistance Band (aug 1),train,1331,aug_1
9864,M002P002A025R001_AUG000,2,2,12664,1,24,300,Bent-over Dumbbell Tricep Extension (aug 0),train,1332,aug_0
9865,M002P002A025R001_AUG001,2,2,12665,1,24,300,Bent-over Dumbbell Tricep Extension (aug 1),train,1332,aug_1
9866,M002P002A025R002_AUG000,2,2,12666,2,24,300,Bent-over Dumbbell Tricep Extension (aug 0),train,1333,aug_0
9867,M002P002A025R002_AUG001,2,2,12667,2,24,300,Bent-over Dumbbell Tricep Extension (aug 1),train,1333,aug_1
9868,M002P002A025R003_AUG000,2,2,12668,3,24,300,Bent-over Dumbbell Tricep Extension (aug 0),train,1334,aug_0
9869,M002P002A025R003_AUG001,2,2,12669,3,24,300,Bent-over Dumbbell Tricep Extension (aug 1),train,1334,aug_1
9870,M002P002A026R001_AUG000,2,2,12670,1,25,300,Nod And Raise Head (aug 0),train,1335,aug_0
9871,M002P002A026R001_AUG001,2,2,12671,1,25,300,Nod And Raise Head (aug 1),train,1335,aug_1
9872,M002P002A026R002_AUG000,2,2,12672,2,25,300,Nod And Raise Head (aug 0),train,1336,aug_0
9873,M002P002A026R002_AUG001,2,2,12673,2,25,300,Nod And Raise Head (aug 1),train,1336,aug_1
9874,M002P002A026R003_AUG000,2,2,12674,3,25,300,Nod And Raise Head (aug 0),train,1337,aug_0
9875,M002P002A026R003_AUG001,2,2,12675,3,25,300,Nod And Raise Head (aug 1),train,1337,aug_1
9876,M002P002A027R001_AUG000,2,2,12676,1,26,300,Two-way Head Turn (aug 0),train,1338,aug_0
9877,M002P002A027R001_AUG001,2,2,12677,1,26,300,Two-way Head Turn (aug 1),train,1338,aug_1
9878,M002P002A027R002_AUG000,2,2,12678,2,26,300,Two-way Head Turn (aug 0),train,1339,aug_0
9879,M002P002A027R002_AUG001,2,2,12679,2,26,300,Two-way Head Turn (aug 1),train,1339,aug_1
9880,M002P002A027R003_AUG000,2,2,12680,3,26,300,Two-way Head Turn (aug 0),train,1340,aug_0
9881,M002P002A027R003_AUG001,2,2,12681,3,26,300,Two-way Head Turn (aug 1),train,1340,aug_1
9882,M002P002A028R001_AUG000,2,2,12682,1,27,300,Shrug And Sink The Shoulders (aug 0),train,1341,aug_0
9883,M002P002A028R001_AUG001,2,2,12683,1,27,300,Shrug And Sink The Shoulders (aug 1),train,1341,aug_1
9884,M002P002A028R002_AUG000,2,2,12684,2,27,300,Shrug And Sink The Shoulders (aug 0),train,1342,aug_0
9885,M002P002A028R002_AUG001,2,2,12685,2,27,300,Shrug And Sink The Shoulders (aug 1),train,1342,aug_1
9886,M002P002A028R003_AUG000,2,2,12686,3,27,300,Shrug And Sink The Shoulders (aug 0),train,1343,aug_0
9887,M002P002A028R003_AUG001,2,2,12687,3,27,300,Shrug And Sink The Shoulders (aug 1),train,1343,aug_1
9888,M002P002A029R001_AUG000,2,2,12688,1,28,300,Four-way Nod Head (aug 0),train,1344,aug_0
9889,M002P002A029R001_AUG001,2,2,12689,1,28,300,Four-way Nod Head (aug 1),train,1344,aug_1
9890,M002P002A029R002_AUG000,2,2,12690,2,28,300,Four-way Nod Head (aug 0),train,1345,aug_0
9891,M002P002A029R002_AUG001,2,2,12691,2,28,300,Four-way Nod Head (aug 1),train,1345,aug_1
9892,M002P002A029R003_AUG000,2,2,12692,3,28,300,Four-way Nod Head (aug 0),train,1346,aug_0
9893,M002P002A029R003_AUG001,2,2,12693,3,28,300,Four-way Nod Head (aug 1),train,1346,aug_1
9894,M002P002A030R001_AUG000,2,2,12694,1,29,300,Lying Alternate Upper-half Leg Raise (aug 0),train,1347,aug_0
9895,M002P002A030R001_AUG001,2,2,12695,1,29,300,Lying Alternate Upper-half Leg Raise (aug 1),train,1347,aug_1
9896,M002P002A030R002_AUG000,2,2,12696,2,29,300,Lying Alternate Upper-half Leg Raise (aug 0),train,1348,aug_0
9897,M002P002A030R002_AUG001,2,2,12697,2,29,300,Lying Alternate Upper-half Leg Raise (aug 1),train,1348,aug_1
9898,M002P002A030R003_AUG000,2,2,12698,3,29,300,Lying Alternate Upper-half Leg Raise (aug 0),train,1349,aug_0
9899,M002P002A030R003_AUG001,2,2,12699,3,29,300,Lying Alternate Upper-half Leg Raise (aug 1),train,1349,aug_1
9900,M002P002A031R001_AUG000,2,2,12700,1,30,300,Half Roll Back (aug 0),train,1350,aug_0
9901,M002P002A031R001_AUG001,2,2,12701,1,30,300,Half Roll Back (aug 1),train,1350,aug_1
9902,M002P002A031R002_AUG000,2,2,12702,2,30,300,Half Roll Back (aug 0),train,1351,aug_0
9903,M002P002A031R002_AUG001,2,2,12703,2,30,300,Half Roll Back (aug 1),train,1351,aug_1
9904,M002P002A031R003_AUG000,2,2,12704,3,30,300,Half Roll Back (aug 0),train,1352,aug_0
9905,M002P002A031R003_AUG001,2,2,12705,3,30,300,Half Roll Back (aug 1),train,1352,aug_1
9906,M002P002A032R001_AUG000,2,2,12706,1,31,300,Kneeling Right-side Torso Twist (aug 0),train,1353,aug_0
9907,M002P002A032R001_AUG001,2,2,12707,1,31,300,Kneeling Right-side Torso Twist (aug 1),train,1353,aug_1
9908,M002P002A032R002_AUG000,2,2,12708,2,31,300,Kneeling Right-side Torso Twist (aug 0),train,1354,aug_0
9909,M002P002A032R002_AUG001,2,2,12709,2,31,300,Kneeling Right-side Torso Twist (aug 1),train,1354,aug_1
9910,M002P002A032R003_AUG000,2,2,12710,3,31,300,Kneeling Right-side Torso Twist (aug 0),train,1355,aug_0
9911,M002P002A032R003_AUG001,2,2,12711,3,31,300,Kneeling Right-side Torso Twist (aug 1),train,1355,aug_1
9912,M002P002A033R001_AUG000,2,2,12712,1,32,300,Left-side Knee Raise And Abdominal Muscles Contract (aug 0),train,1356,aug_0
9913,M002P002A033R001_AUG001,2,2,12713,1,32,300,Left-side Knee Raise And Abdominal Muscles Contract (aug 1),train,1356,aug_1
9914,M002P002A033R002_AUG000,2,2,12714,2,32,300,Left-side Knee Raise And Abdominal Muscles Contract (aug 0),train,1357,aug_0
9915,M002P002A033R002_AUG001,2,2,12715,2,32,300,Left-side Knee Raise And Abdominal Muscles Contract (aug 1),train,1357,aug_1
9916,M002P002A033R003_AUG000,2,2,12716,3,32,300,Left-side Knee Raise And Abdominal Muscles Contract (aug 0),train,1358,aug_0
9917,M002P002A033R003_AUG001,2,2,12717,3,32,300,Left-side Knee Raise And Abdominal Muscles Contract (aug 1),train,1358,aug_1
9918,M002P002A034R001_AUG000,2,2,12718,1,33,300,Kneeling Right Leg Backward Stretch (aug 0),train,1359,aug_0
9919,M002P002A034R001_AUG001,2,2,12719,1,33,300,Kneeling Right Leg Backward Stretch (aug 1),train,1359,aug_1
9920,M002P002A034R002_AUG000,2,2,12720,2,33,300,Kneeling Right Leg Backward Stretch (aug 0),train,1360,aug_0
9921,M002P002A034R002_AUG001,2,2,12721,2,33,300,Kneeling Right Leg Backward Stretch (aug 1),train,1360,aug_1
9922,M002P002A034R003_AUG000,2,2,12722,3,33,300,Kneeling Right Leg Backward Stretch (aug 0),train,1361,aug_0
9923,M002P002A034R003_AUG001,2,2,12723,3,33,300,Kneeling Right Leg Backward Stretch (aug 1),train,1361,aug_1
9924,M002P002A035R001_AUG000,2,2,12724,1,34,300,Kneeling Right Arm Raise (aug 0),train,1362,aug_0
9925,M002P002A035R001_AUG001,2,2,12725,1,34,300,Kneeling Right Arm Raise (aug 1),train,1362,aug_1
9926,M002P002A035R002_AUG000,2,2,12726,2,34,300,Kneeling Right Arm Raise (aug 0),train,1363,aug_0
9927,M002P002A035R002_AUG001,2,2,12727,2,34,300,Kneeling Right Arm Raise (aug 1),train,1363,aug_1
9928,M002P002A035R003_AUG000,2,2,12728,3,34,300,Kneeling Right Arm Raise (aug 0),train,1364,aug_0
9929,M002P002A035R003_AUG001,2,2,12729,3,34,300,Kneeling Right Arm Raise (aug 1),train,1364,aug_1
9930,M002P002A036R001_AUG000,2,2,12730,1,35,300,Shoulder Bridge (aug 0),train,1365,aug_0
9931,M002P002A036R001_AUG001,2,2,12731,1,35,300,Shoulder Bridge (aug 1),train,1365,aug_1
9932,M002P002A036R002_AUG000,2,2,12732,2,35,300,Shoulder Bridge (aug 0),train,1366,aug_0
9933,M002P002A036R002_AUG001,2,2,12733,2,35,300,Shoulder Bridge (aug 1),train,1366,aug_1
9934,M002P002A036R003_AUG000,2,2,12734,3,35,300,Shoulder Bridge (aug 0),train,1367,aug_0
9935,M002P002A036R003_AUG001,2,2,12735,3,35,300,Shoulder Bridge (aug 1),train,1367,aug_1
9936,M002P002A037R001_AUG000,2,2,12736,1,36,300,Prone Press-ups (aug 0),train,1368,aug_0
9937,M002P002A037R001_AUG001,2,2,12737,1,36,300,Prone Press-ups (aug 1),train,1368,aug_1
9938,M002P002A037R002_AUG000,2,2,12738,2,36,300,Prone Press-ups (aug 0),train,1369,aug_0
9939,M002P002A037R002_AUG001,2,2,12739,2,36,300,Prone Press-ups (aug 1),train,1369,aug_1
9940,M002P002A037R003_AUG000,2,2,12740,3,36,300,Prone Press-ups (aug 0),train,1370,aug_0
9941,M002P002A037R003_AUG001,2,2,12741,3,36,300,Prone Press-ups (aug 1),train,1370,aug_1
9942,M002P002A038R001_AUG000,2,2,12742,1,37,300,Bent-over Torso Rotation (aug 0),train,1371,aug_0
9943,M002P002A038R001_AUG001,2,2,12743,1,37,300,Bent-over Torso Rotation (aug 1),train,1371,aug_1
9944,M002P002A038R002_AUG000,2,2,12744,2,37,300,Bent-over Torso Rotation (aug 0),train,1372,aug_0
9945,M002P002A038R002_AUG001,2,2,12745,2,37,300,Bent-over Torso Rotation (aug 1),train,1372,aug_1
9946,M002P002A038R003_AUG000,2,2,12746,3,37,300,Bent-over Torso Rotation (aug 0),train,1373,aug_0
9947,M002P002A038R003_AUG001,2,2,12747,3,37,300,Bent-over Torso Rotation (aug 1),train,1373,aug_1
9948,M002P002A039R001_AUG000,2,2,12748,1,38,300,Lying Arm Pull (aug 0),train,1374,aug_0
9949,M002P002A039R001_AUG001,2,2,12749,1,38,300,Lying Arm Pull (aug 1),train,1374,aug_1
9950,M002P002A039R002_AUG000,2,2,12750,2,38,300,Lying Arm Pull (aug 0),train,1375,aug_0
9951,M002P002A039R002_AUG001,2,2,12751,2,38,300,Lying Arm Pull (aug 1),train,1375,aug_1
9952,M002P002A039R003_AUG000,2,2,12752,3,38,300,Lying Arm Pull (aug 0),train,1376,aug_0
9953,M002P002A039R003_AUG001,2,2,12753,3,38,300,Lying Arm Pull (aug 1),train,1376,aug_1
9954,M002P002A040R001_AUG000,2,2,12754,1,39,300,Prone Press Up With Torso Rotation (aug 0),train,1377,aug_0
9955,M002P002A040R001_AUG001,2,2,12755,1,39,300,Prone Press Up With Torso Rotation (aug 1),train,1377,aug_1
9956,M002P002A040R002_AUG000,2,2,12756,2,39,300,Prone Press Up With Torso Rotation (aug 0),train,1378,aug_0
9957,M002P002A040R002_AUG001,2,2,12757,2,39,300,Prone Press Up With Torso Rotation (aug 1),train,1378,aug_1
9958,M002P002A040R003_AUG000,2,2,12758,3,39,300,Prone Press Up With Torso Rotation (aug 0),train,1379,aug_0
9959,M002P002A040R003_AUG001,2,2,12759,3,39,300,Prone Press Up With Torso Rotation (aug 1),train,1379,aug_1
9960,M002P002A041R001_AUG000,2,2,12760,1,40,300,Breaststroke Push-ups (aug 0),train,1380,aug_0
9961,M002P002A041R001_AUG001,2,2,12761,1,40,300,Breaststroke Push-ups (aug 1),train,1380,aug_1
9962,M002P002A041R002_AUG000,2,2,12762,2,40,300,Breaststroke Push-ups (aug 0),train,1381,aug_0
9963,M002P002A041R002_AUG001,2,2,12763,2,40,300,Breaststroke Push-ups (aug 1),train,1381,aug_1
9964,M002P002A041R003_AUG000,2,2,12764,3,40,300,Breaststroke Push-ups (aug 0),train,1382,aug_0
9965,M002P002A041R003_AUG001,2,2,12765,3,40,300,Breaststroke Push-ups (aug 1),train,1382,aug_1
9966,M002P002A042R001_AUG000,2,2,12766,1,41,300,Sit-ups (aug 0),train,1383,aug_0
9967,M002P002A042R001_AUG001,2,2,12767,1,41,300,Sit-ups (aug 1),train,1383,aug_1
9968,M002P002A042R002_AUG000,2,2,12768,2,41,300,Sit-ups (aug 0),train,1384,aug_0
9969,M002P002A042R002_AUG001,2,2,12769,2,41,300,Sit-ups (aug 1),train,1384,aug_1
9970,M002P002A042R003_AUG000,2,2,12770,3,41,300,Sit-ups (aug 0),train,1385,aug_0
9971,M002P002A042R003_AUG001,2,2,12771,3,41,300,Sit-ups (aug 1),train,1385,aug_1
9972,M002P002A043R001_AUG000,2,2,12772,1,42,300,Side-lying Left Leg Forward Raise (aug 0),train,1386,aug_0
9973,M002P002A043R001_AUG001,2,2,12773,1,42,300,Side-lying Left Leg Forward Raise (aug 1),train,1386,aug_1
9974,M002P002A043R002_AUG000,2,2,12774,2,42,300,Side-lying Left Leg Forward Raise (aug 0),train,1387,aug_0
9975,M002P002A043R002_AUG001,2,2,12775,2,42,300,Side-lying Left Leg Forward Raise (aug 1),train,1387,aug_1
9976,M002P002A043R003_AUG000,2,2,12776,3,42,300,Side-lying Left Leg Forward Raise (aug 0),train,1388,aug_0
9977,M002P002A043R003_AUG001,2,2,12777,3,42,300,Side-lying Left Leg Forward Raise (aug 1),train,1388,aug_1
9978,M002P002A044R001_AUG000,2,2,12778,1,43,300,Right Leg Reverse Lunge (aug 0),train,1389,aug_0
9979,M002P002A044R001_AUG001,2,2,12779,1,43,300,Right Leg Reverse Lunge (aug 1),train,1389,aug_1
9980,M002P002A044R002_AUG000,2,2,12780,2,43,300,Right Leg Reverse Lunge (aug 0),train,1390,aug_0
9981,M002P002A044R002_AUG001,2,2,12781,2,43,300,Right Leg Reverse Lunge (aug 1),train,1390,aug_1
9982,M002P002A044R003_AUG000,2,2,12782,3,43,300,Right Leg Reverse Lunge (aug 0),train,1391,aug_0
9983,M002P002A044R003_AUG001,2,2,12783,3,43,300,Right Leg Reverse Lunge (aug 1),train,1391,aug_1
9984,M002P002A045R001_AUG000,2,2,12784,1,44,300,Kneeling Left Knee Lift (aug 0),train,1392,aug_0
9985,M002P002A045R001_AUG001,2,2,12785,1,44,300,Kneeling Left Knee Lift (aug 1),train,1392,aug_1
9986,M002P002A045R002_AUG000,2,2,12786,2,44,300,Kneeling Left Knee Lift (aug 0),train,1393,aug_0
9987,M002P002A045R002_AUG001,2,2,12787,2,44,300,Kneeling Left Knee Lift (aug 1),train,1393,aug_1
9988,M002P002A045R003_AUG000,2,2,12788,3,44,300,Kneeling Left Knee Lift (aug 0),train,1394,aug_0
9989,M002P002A045R003_AUG001,2,2,12789,3,44,300,Kneeling Left Knee Lift (aug 1),train,1394,aug_1
9990,M002P002A046R001_AUG000,2,2,12790,1,45,300,Alternate Reverse Lunge (aug 0),train,1395,aug_0
9991,M002P002A046R001_AUG001,2,2,12791,1,45,300,Alternate Reverse Lunge (aug 1),train,1395,aug_1
9992,M002P002A046R002_AUG000,2,2,12792,2,45,300,Alternate Reverse Lunge (aug 0),train,1396,aug_0
9993,M002P002A046R002_AUG001,2,2,12793,2,45,300,Alternate Reverse Lunge (aug 1),train,1396,aug_1
9994,M002P002A046R003_AUG000,2,2,12794,3,45,300,Alternate Reverse Lunge (aug 0),train,1397,aug_0
9995,M002P002A046R003_AUG001,2,2,12795,3,45,300,Alternate Reverse Lunge (aug 1),train,1397,aug_1
9996,M002P002A047R001_AUG000,2,2,12796,1,46,300,Side-lying Right Leg Backward Kick (aug 0),train,1398,aug_0
9997,M002P002A047R001_AUG001,2,2,12797,1,46,300,Side-lying Right Leg Backward Kick (aug 1),train,1398,aug_1
9998,M002P002A047R002_AUG000,2,2,12798,2,46,300,Side-lying Right Leg Backward Kick (aug 0),train,1399,aug_0
9999,M002P002A047R002_AUG001,2,2,12799,2,46,300,Side-lying Right Leg Backward Kick (aug 1),train,1399,aug_1
10000,M002P002A047R003_AUG000,2,2,12800,3,46,300,Side-lying Right Leg Backward Kick (aug 0),train,1400,aug_0
10001,M002P002A047R003_AUG001,2,2,12801,3,46,300,Side-lying Right Leg Backward Kick (aug 1),train,1400,aug_1
10002,M002P002A048R001_AUG000,2,2,12802,1,47,300,Left Leg Lunge With Knee Lift (aug 0),train,1401,aug_0
10003,M002P002A048R001_AUG001,2,2,12803,1,47,300,Left Leg Lunge With Knee Lift (aug 1),train,1401,aug_1
10004,M002P002A048R002_AUG000,2,2,12804,2,47,300,Left Leg Lunge With Knee Lift (aug 0),train,1402,aug_0
10005,M002P002A048R002_AUG001,2,2,12805,2,47,300,Left Leg Lunge With Knee Lift (aug 1),train,1402,aug_1
10006,M002P002A048R003_AUG000,2,2,12806,3,47,300,Left Leg Lunge With Knee Lift (aug 0),train,1403,aug_0
10007,M002P002A048R003_AUG001,2,2,12807,3,47,300,Left Leg Lunge With Knee Lift (aug 1),train,1403,aug_1
10008,M002P002A049R001_AUG000,2,2,12808,1,48,300,Sumo Squat (aug 0),train,1404,aug_0
10009,M002P002A049R001_AUG001,2,2,12809,1,48,300,Sumo Squat (aug 1),train,1404,aug_1
10010,M002P002A049R002_AUG000,2,2,12810,2,48,300,Sumo Squat (aug 0),train,1405,aug_0
10011,M002P002A049R002_AUG001,2,2,12811,2,48,300,Sumo Squat (aug 1),train,1405,aug_1
10012,M002P002A049R003_AUG000,2,2,12812,3,48,300,Sumo Squat (aug 0),train,1406,aug_0
10013,M002P002A049R003_AUG001,2,2,12813,3,48,300,Sumo Squat (aug 1),train,1406,aug_1
10014,M002P002A050R001_AUG000,2,2,12814,1,49,300,Straight Leg Calf Raise (aug 0),train,1407,aug_0
10015,M002P002A050R001_AUG001,2,2,12815,1,49,300,Straight Leg Calf Raise (aug 1),train,1407,aug_1
10016,M002P002A050R002_AUG000,2,2,12816,2,49,300,Straight Leg Calf Raise (aug 0),train,1408,aug_0
10017,M002P002A050R002_AUG001,2,2,12817,2,49,300,Straight Leg Calf Raise (aug 1),train,1408,aug_1
10018,M002P002A050R003_AUG000,2,2,12818,3,49,300,Straight Leg Calf Raise (aug 0),train,1409,aug_0
10019,M002P002A050R003_AUG001,2,2,12819,3,49,300,Straight Leg Calf Raise (aug 1),train,1409,aug_1
10020,M002P002A051R001_AUG000,2,2,12820,1,50,300,Squat Jump (aug 0),train,1410,aug_0
10021,M002P002A051R001_AUG001,2,2,12821,1,50,300,Squat Jump (aug 1),train,1410,aug_1
10022,M002P002A051R002_AUG000,2,2,12822,2,50,300,Squat Jump (aug 0),train,1411,aug_0
10023,M002P002A051R002_AUG001,2,2,12823,2,50,300,Squat Jump (aug 1),train,1411,aug_1
10024,M002P002A051R003_AUG000,2,2,12824,3,50,300,Squat Jump (aug 0),train,1412,aug_0
10025,M002P002A051R003_AUG001,2,2,12825,3,50,300,Squat Jump (aug 1),train,1412,aug_1
10026,M002P002A052R001_AUG000,2,2,12826,1,51,300,Squat With Alternate Knee Lift (aug 0),train,1413,aug_0
10027,M002P002A052R001_AUG001,2,2,12827,1,51,300,Squat With Alternate Knee Lift (aug 1),train,1413,aug_1
10028,M002P002A052R002_AUG000,2,2,12828,2,51,300,Squat With Alternate Knee Lift (aug 0),train,1414,aug_0
10029,M002P002A052R002_AUG001,2,2,12829,2,51,300,Squat With Alternate Knee Lift (aug 1),train,1414,aug_1
10030,M002P002A052R003_AUG000,2,2,12830,3,51,300,Squat With Alternate Knee Lift (aug 0),train,1415,aug_0
10031,M002P002A052R003_AUG001,2,2,12831,3,51,300,Squat With Alternate Knee Lift (aug 1),train,1415,aug_1
10032,M002P002A053R001_AUG000,2,2,12832,1,52,300,Standing Alternate Butt Kick (aug 0),train,1416,aug_0
10033,M002P002A053R001_AUG001,2,2,12833,1,52,300,Standing Alternate Butt Kick (aug 1),train,1416,aug_1
10034,M002P002A053R002_AUG000,2,2,12834,2,52,300,Standing Alternate Butt Kick (aug 0),train,1417,aug_0
10035,M002P002A053R002_AUG001,2,2,12835,2,52,300,Standing Alternate Butt Kick (aug 1),train,1417,aug_1
10036,M002P002A053R003_AUG000,2,2,12836,3,52,300,Standing Alternate Butt Kick (aug 0),train,1418,aug_0
10037,M002P002A053R003_AUG001,2,2,12837,3,52,300,Standing Alternate Butt Kick (aug 1),train,1418,aug_1
10038,M002P002A054R001_AUG000,2,2,12838,1,53,300,Knee Warm-up (aug 0),train,1419,aug_0
10039,M002P002A054R001_AUG001,2,2,12839,1,53,300,Knee Warm-up (aug 1),train,1419,aug_1
10040,M002P002A054R002_AUG000,2,2,12840,2,53,300,Knee Warm-up (aug 0),train,1420,aug_0
10041,M002P002A054R002_AUG001,2,2,12841,2,53,300,Knee Warm-up (aug 1),train,1420,aug_1
10042,M002P002A054R003_AUG000,2,2,12842,3,53,300,Knee Warm-up (aug 0),train,1421,aug_0
10043,M002P002A054R003_AUG001,2,2,12843,3,53,300,Knee Warm-up (aug 1),train,1421,aug_1
10044,M002P002A055R001_AUG000,2,2,12844,1,54,300,Butt Kicks (aug 0),train,1422,aug_0
10045,M002P002A055R001_AUG001,2,2,12845,1,54,300,Butt Kicks (aug 1),train,1422,aug_1
10046,M002P002A055R002_AUG000,2,2,12846,2,54,300,Butt Kicks (aug 0),train,1423,aug_0
10047,M002P002A055R002_AUG001,2,2,12847,2,54,300,Butt Kicks (aug 1),train,1423,aug_1
10048,M002P002A055R003_AUG000,2,2,12848,3,54,300,Butt Kicks (aug 0),train,1424,aug_0
10049,M002P002A055R003_AUG001,2,2,12849,3,54,300,Butt Kicks (aug 1),train,1424,aug_1
10050,M002P002A056R001_AUG000,2,2,12850,1,55,300,Jump Left and Right (aug 0),train,1425,aug_0
10051,M002P002A056R001_AUG001,2,2,12851,1,55,300,Jump Left and Right (aug 1),train,1425,aug_1
10052,M002P002A056R002_AUG000,2,2,12852,2,55,300,Jump Left and Right (aug 0),train,1426,aug_0
10053,M002P002A056R002_AUG001,2,2,12853,2,55,300,Jump Left and Right (aug 1),train,1426,aug_1
10054,M002P002A056R003_AUG000,2,2,12854,3,55,300,Jump Left and Right (aug 0),train,1427,aug_0
10055,M002P002A056R003_AUG001,2,2,12855,3,55,300,Jump Left and Right (aug 1),train,1427,aug_1
10056,M002P002A057R001_AUG000,2,2,12856,1,56,300,Jumping Jacks (aug 0),train,1428,aug_0
10057,M002P002A057R001_AUG001,2,2,12857,1,56,300,Jumping Jacks (aug 1),train,1428,aug_1
10058,M002P002A057R002_AUG000,2,2,12858,2,56,300,Jumping Jacks (aug 0),train,1429,aug_0
10059,M002P002A057R002_AUG001,2,2,12859,2,56,300,Jumping Jacks (aug 1),train,1429,aug_1
10060,M002P002A057R003_AUG000,2,2,12860,3,56,300,Jumping Jacks (aug 0),train,1430,aug_0
10061,M002P002A057R003_AUG001,2,2,12861,3,56,300,Jumping Jacks (aug 1),train,1430,aug_1
10062,M002P002A058R001_AUG000,2,2,12862,1,57,300,High Knee (aug 0),train,1431,aug_0
10063,M002P002A058R001_AUG001,2,2,12863,1,57,300,High Knee (aug 1),train,1431,aug_1
10064,M002P002A058R002_AUG000,2,2,12864,2,57,300,High Knee (aug 0),train,1432,aug_0
10065,M002P002A058R002_AUG001,2,2,12865,2,57,300,High Knee (aug 1),train,1432,aug_1
10066,M002P002A058R003_AUG000,2,2,12866,3,57,300,High Knee (aug 0),train,1433,aug_0
10067,M002P002A058R003_AUG001,2,2,12867,3,57,300,High Knee (aug 1),train,1433,aug_1
10068,M002P002A059R001_AUG000,2,2,12868,1,58,300,Clap Jacks (aug 0),train,1434,aug_0
10069,M002P002A059R001_AUG001,2,2,12869,1,58,300,Clap Jacks (aug 1),train,1434,aug_1
10070,M002P002A059R002_AUG000,2,2,12870,2,58,300,Clap Jacks (aug 0),train,1435,aug_0
10071,M002P002A059R002_AUG001,2,2,12871,2,58,300,Clap Jacks (aug 1),train,1435,aug_1
10072,M002P002A059R003_AUG000,2,2,12872,3,58,300,Clap Jacks (aug 0),train,1436,aug_0
10073,M002P002A059R003_AUG001,2,2,12873,3,58,300,Clap Jacks (aug 1),train,1436,aug_1
10074,M002P002A060R001_AUG000,2,2,12874,1,59,300,Run In Place With Arm Swing (aug 0),train,1437,aug_0
10075,M002P002A060R001_AUG001,2,2,12875,1,59,300,Run In Place With Arm Swing (aug 1),train,1437,aug_1
10076,M002P002A060R002_AUG000,2,2,12876,2,59,300,Run In Place With Arm Swing (aug 0),train,1438,aug_0
10077,M002P002A060R002_AUG001,2,2,12877,2,59,300,Run In Place With Arm Swing (aug 1),train,1438,aug_1
10078,M002P002A060R003_AUG000,2,2,12878,3,59,300,Run In Place With Arm Swing (aug 0),train,1439,aug_0
10079,M002P002A060R003_AUG001,2,2,12879,3,59,300,Run In Place With Arm Swing (aug 1),train,1439,aug_1
10080,M002P003A001R001_AUG000,2,3,12880,1,0,300,Svend Press (aug 0),train,1440,aug_0
10081,M002P003A001R001_AUG001,2,3,12881,1,0,300,Svend Press (aug 1),train,1440,aug_1
10082,M002P003A001R002_AUG000,2,3,12882,2,0,300,Svend Press (aug 0),train,1441,aug_0
10083,M002P003A001R002_AUG001,2,3,12883,2,0,300,Svend Press (aug 1),train,1441,aug_1
10084,M002P003A001R003_AUG000,2,3,12884,3,0,300,Svend Press (aug 0),train,1442,aug_0
10085,M002P003A001R003_AUG001,2,3,12885,3,0,300,Svend Press (aug 1),train,1442,aug_1
10086,M002P003A002R001_AUG000,2,3,12886,1,1,300,Kneeling Push-ups (aug 0),train,1443,aug_0
10087,M002P003A002R001_AUG001,2,3,12887,1,1,300,Kneeling Push-ups (aug 1),train,1443,aug_1
10088,M002P003A002R002_AUG000,2,3,12888,2,1,300,Kneeling Push-ups (aug 0),train,1444,aug_0
10089,M002P003A002R002_AUG001,2,3,12889,2,1,300,Kneeling Push-ups (aug 1),train,1444,aug_1
10090,M002P003A002R003_AUG000,2,3,12890,3,1,300,Kneeling Push-ups (aug 0),train,1445,aug_0
10091,M002P003A002R003_AUG001,2,3,12891,3,1,300,Kneeling Push-ups (aug 1),train,1445,aug_1
10092,M002P003A003R001_AUG000,2,3,12892,1,2,300,Standing Straight-arm Chest Press With Resistance Band (aug 0),train,1446,aug_0
10093,M002P003A003R001_AUG001,2,3,12893,1,2,300,Standing Straight-arm Chest Press With Resistance Band (aug 1),train,1446,aug_1
10094,M002P003A003R002_AUG000,2,3,12894,2,2,300,Standing Straight-arm Chest Press With Resistance Band (aug 0),train,1447,aug_0
10095,M002P003A003R002_AUG001,2,3,12895,2,2,300,Standing Straight-arm Chest Press With Resistance Band (aug 1),train,1447,aug_1
10096,M002P003A003R003_AUG000,2,3,12896,3,2,300,Standing Straight-arm Chest Press With Resistance Band (aug 0),train,1448,aug_0
10097,M002P003A003R003_AUG001,2,3,12897,3,2,300,Standing Straight-arm Chest Press With Resistance Band (aug 1),train,1448,aug_1
10098,M002P003A004R001_AUG000,2,3,12898,1,3,300,Small Dumbbell Floor Flies (aug 0),train,1449,aug_0
10099,M002P003A004R001_AUG001,2,3,12899,1,3,300,Small Dumbbell Floor Flies (aug 1),train,1449,aug_1
10100,M002P003A004R002_AUG000,2,3,12900,2,3,300,Small Dumbbell Floor Flies (aug 0),train,1450,aug_0
10101,M002P003A004R002_AUG001,2,3,12901,2,3,300,Small Dumbbell Floor Flies (aug 1),train,1450,aug_1
10102,M002P003A004R003_AUG000,2,3,12902,3,3,300,Small Dumbbell Floor Flies (aug 0),train,1451,aug_0
10103,M002P003A004R003_AUG001,2,3,12903,3,3,300,Small Dumbbell Floor Flies (aug 1),train,1451,aug_1
10104,M002P003A005R001_AUG000,2,3,12904,1,4,300,Chest Fly (aug 0),train,1452,aug_0
10105,M002P003A005R001_AUG001,2,3,12905,1,4,300,Chest Fly (aug 1),train,1452,aug_1
10106,M002P003A005R002_AUG000,2,3,12906,2,4,300,Chest Fly (aug 0),train,1453,aug_0
10107,M002P003A005R002_AUG001,2,3,12907,2,4,300,Chest Fly (aug 1),train,1453,aug_1
10108,M002P003A005R003_AUG000,2,3,12908,3,4,300,Chest Fly (aug 0),train,1454,aug_0
10109,M002P003A005R003_AUG001,2,3,12909,3,4,300,Chest Fly (aug 1),train,1454,aug_1
10110,M002P003A006R001_AUG000,2,3,12910,1,5,300,Push-ups (aug 0),train,1455,aug_0
10111,M002P003A006R001_AUG001,2,3,12911,1,5,300,Push-ups (aug 1),train,1455,aug_1
10112,M002P003A006R002_AUG000,2,3,12912,2,5,300,Push-ups (aug 0),train,1456,aug_0
10113,M002P003A006R002_AUG001,2,3,12913,2,5,300,Push-ups (aug 1),train,1456,aug_1
10114,M002P003A006R003_AUG000,2,3,12914,3,5,300,Push-ups (aug 0),train,1457,aug_0
10115,M002P003A006R003_AUG001,2,3,12915,3,5,300,Push-ups (aug 1),train,1457,aug_1
10116,M002P003A007R001_AUG000,2,3,12916,1,6,300,Bent-over W-shape Stretch (aug 0),train,1458,aug_0
10117,M002P003A007R001_AUG001,2,3,12917,1,6,300,Bent-over W-shape Stretch (aug 1),train,1458,aug_1
10118,M002P003A007R002_AUG000,2,3,12918,2,6,300,Bent-over W-shape Stretch (aug 0),train,1459,aug_0
10119,M002P003A007R002_AUG001,2,3,12919,2,6,300,Bent-over W-shape Stretch (aug 1),train,1459,aug_1
10120,M002P003A007R003_AUG000,2,3,12920,3,6,300,Bent-over W-shape Stretch (aug 0),train,1460,aug_0
10121,M002P003A007R003_AUG001,2,3,12921,3,6,300,Bent-over W-shape Stretch (aug 1),train,1460,aug_1
10122,M002P003A008R001_AUG000,2,3,12922,1,7,300,Bent-over Y-shape Stretch (aug 0),train,1461,aug_0
10123,M002P003A008R001_AUG001,2,3,12923,1,7,300,Bent-over Y-shape Stretch (aug 1),train,1461,aug_1
10124,M002P003A008R002_AUG000,2,3,12924,2,7,300,Bent-over Y-shape Stretch (aug 0),train,1462,aug_0
10125,M002P003A008R002_AUG001,2,3,12925,2,7,300,Bent-over Y-shape Stretch (aug 1),train,1462,aug_1
10126,M002P003A008R003_AUG000,2,3,12926,3,7,300,Bent-over Y-shape Stretch (aug 0),train,1463,aug_0
10127,M002P003A008R003_AUG001,2,3,12927,3,7,300,Bent-over Y-shape Stretch (aug 1),train,1463,aug_1
10128,M002P003A009R001_AUG000,2,3,12928,1,8,300,Bent-over A-shape Stretch (aug 0),train,1464,aug_0
10129,M002P003A009R001_AUG001,2,3,12929,1,8,300,Bent-over A-shape Stretch (aug 1),train,1464,aug_1
10130,M002P003A009R002_AUG000,2,3,12930,2,8,300,Bent-over A-shape Stretch (aug 0),train,1465,aug_0
10131,M002P003A009R002_AUG001,2,3,12931,2,8,300,Bent-over A-shape Stretch (aug 1),train,1465,aug_1
10132,M002P003A009R003_AUG000,2,3,12932,3,8,300,Bent-over A-shape Stretch (aug 0),train,1466,aug_0
10133,M002P003A009R003_AUG001,2,3,12933,3,8,300,Bent-over A-shape Stretch (aug 1),train,1466,aug_1
10134,M002P003A010R001_AUG000,2,3,12934,1,9,300,Squat With Arm Lift (aug 0),train,1467,aug_0
10135,M002P003A010R001_AUG001,2,3,12935,1,9,300,Squat With Arm Lift (aug 1),train,1467,aug_1
10136,M002P003A010R002_AUG000,2,3,12936,2,9,300,Squat With Arm Lift (aug 0),train,1468,aug_0
10137,M002P003A010R002_AUG001,2,3,12937,2,9,300,Squat With Arm Lift (aug 1),train,1468,aug_1
10138,M002P003A010R003_AUG000,2,3,12938,3,9,300,Squat With Arm Lift (aug 0),train,1469,aug_0
10139,M002P003A010R003_AUG001,2,3,12939,3,9,300,Squat With Arm Lift (aug 1),train,1469,aug_1
10140,M002P003A011R001_AUG000,2,3,12940,1,10,300,Breaststroke Arm Pull (aug 0),train,1470,aug_0
10141,M002P003A011R001_AUG001,2,3,12941,1,10,300,Breaststroke Arm Pull (aug 1),train,1470,aug_1
10142,M002P003A011R002_AUG000,2,3,12942,2,10,300,Breaststroke Arm Pull (aug 0),train,1471,aug_0
10143,M002P003A011R002_AUG001,2,3,12943,2,10,300,Breaststroke Arm Pull (aug 1),train,1471,aug_1
10144,M002P003A011R003_AUG000,2,3,12944,3,10,300,Breaststroke Arm Pull (aug 0),train,1472,aug_0
10145,M002P003A011R003_AUG001,2,3,12945,3,10,300,Breaststroke Arm Pull (aug 1),train,1472,aug_1
10146,M002P003A012R001_AUG000,2,3,12946,1,11,300,Prone Y-shape Stretch (aug 0),train,1473,aug_0
10147,M002P003A012R001_AUG001,2,3,12947,1,11,300,Prone Y-shape Stretch (aug 1),train,1473,aug_1
10148,M002P003A012R002_AUG000,2,3,12948,2,11,300,Prone Y-shape Stretch (aug 0),train,1474,aug_0
10149,M002P003A012R002_AUG001,2,3,12949,2,11,300,Prone Y-shape Stretch (aug 1),train,1474,aug_1
10150,M002P003A012R003_AUG000,2,3,12950,3,11,300,Prone Y-shape Stretch (aug 0),train,1475,aug_0
10151,M002P003A012R003_AUG001,2,3,12951,3,11,300,Prone Y-shape Stretch (aug 1),train,1475,aug_1
10152,M002P003A013R001_AUG000,2,3,12952,1,12,300,Lateral Raise Forward Circles (aug 0),train,1476,aug_0
10153,M002P003A013R001_AUG001,2,3,12953,1,12,300,Lateral Raise Forward Circles (aug 1),train,1476,aug_1
10154,M002P003A013R002_AUG000,2,3,12954,2,12,300,Lateral Raise Forward Circles (aug 0),train,1477,aug_0
10155,M002P003A013R002_AUG001,2,3,12955,2,12,300,Lateral Raise Forward Circles (aug 1),train,1477,aug_1
10156,M002P003A013R003_AUG000,2,3,12956,3,12,300,Lateral Raise Forward Circles (aug 0),train,1478,aug_0
10157,M002P003A013R003_AUG001,2,3,12957,3,12,300,Lateral Raise Forward Circles (aug 1),train,1478,aug_1
10158,M002P003A014R001_AUG000,2,3,12958,1,13,300,Lateral Raise Backward Circles (aug 0),train,1479,aug_0
10159,M002P003A014R001_AUG001,2,3,12959,1,13,300,Lateral Raise Backward Circles (aug 1),train,1479,aug_1
10160,M002P003A014R002_AUG000,2,3,12960,2,13,300,Lateral Raise Backward Circles (aug 0),train,1480,aug_0
10161,M002P003A014R002_AUG001,2,3,12961,2,13,300,Lateral Raise Backward Circles (aug 1),train,1480,aug_1
10162,M002P003A014R003_AUG000,2,3,12962,3,13,300,Lateral Raise Backward Circles (aug 0),train,1481,aug_0
10163,M002P003A014R003_AUG001,2,3,12963,3,13,300,Lateral Raise Backward Circles (aug 1),train,1481,aug_1
10164,M002P003A015R001_AUG000,2,3,12964,1,14,300,Lying Shoulder Joint Upward Round (aug 0),train,1482,aug_0
10165,M002P003A015R001_AUG001,2,3,12965,1,14,300,Lying Shoulder Joint Upward Round (aug 1),train,1482,aug_1
10166,M002P003A015R002_AUG000,2,3,12966,2,14,300,Lying Shoulder Joint Upward Round (aug 0),train,1483,aug_0
10167,M002P003A015R002_AUG001,2,3,12967,2,14,300,Lying Shoulder Joint Upward Round (aug 1),train,1483,aug_1
10168,M002P003A015R003_AUG000,2,3,12968,3,14,300,Lying Shoulder Joint Upward Round (aug 0),train,1484,aug_0
10169,M002P003A015R003_AUG001,2,3,12969,3,14,300,Lying Shoulder Joint Upward Round (aug 1),train,1484,aug_1
10170,M002P003A016R001_AUG000,2,3,12970,1,15,300,Lying Shoulder Joint Downward Round (aug 0),train,1485,aug_0
10171,M002P003A016R001_AUG001,2,3,12971,1,15,300,Lying Shoulder Joint Downward Round (aug 1),train,1485,aug_1
10172,M002P003A016R002_AUG000,2,3,12972,2,15,300,Lying Shoulder Joint Downward Round (aug 0),train,1486,aug_0
10173,M002P003A016R002_AUG001,2,3,12973,2,15,300,Lying Shoulder Joint Downward Round (aug 1),train,1486,aug_1
10174,M002P003A016R003_AUG000,2,3,12974,3,15,300,Lying Shoulder Joint Downward Round (aug 0),train,1487,aug_0
10175,M002P003A016R003_AUG001,2,3,12975,3,15,300,Lying Shoulder Joint Downward Round (aug 1),train,1487,aug_1
10176,M002P003A017R001_AUG000,2,3,12976,1,16,300,Bare-handed Full Lateral Raise (aug 0),train,1488,aug_0
10177,M002P003A017R001_AUG001,2,3,12977,1,16,300,Bare-handed Full Lateral Raise (aug 1),train,1488,aug_1
10178,M002P003A017R002_AUG000,2,3,12978,2,16,300,Bare-handed Full Lateral Raise (aug 0),train,1489,aug_0
10179,M002P003A017R002_AUG001,2,3,12979,2,16,300,Bare-handed Full Lateral Raise (aug 1),train,1489,aug_1
10180,M002P003A017R003_AUG000,2,3,12980,3,16,300,Bare-handed Full Lateral Raise (aug 0),train,1490,aug_0
10181,M002P003A017R003_AUG001,2,3,12981,3,16,300,Bare-handed Full Lateral Raise (aug 1),train,1490,aug_1
10182,M002P003A018R001_AUG000,2,3,12982,1,17,300,Bare-handed Cuban Press (aug 0),train,1491,aug_0
10183,M002P003A018R001_AUG001,2,3,12983,1,17,300,Bare-handed Cuban Press (aug 1),train,1491,aug_1
10184,M002P003A018R002_AUG000,2,3,12984,2,17,300,Bare-handed Cuban Press (aug 0),train,1492,aug_0
10185,M002P003A018R002_AUG001,2,3,12985,2,17,300,Bare-handed Cuban Press (aug 1),train,1492,aug_1
10186,M002P003A018R003_AUG000,2,3,12986,3,17,300,Bare-handed Cuban Press (aug 0),train,1493,aug_0
10187,M002P003A018R003_AUG001,2,3,12987,3,17,300,Bare-handed Cuban Press (aug 1),train,1493,aug_1
10188,M002P003A019R001_AUG000,2,3,12988,1,18,300,Fortune Cat (aug 0),train,1494,aug_0
10189,M002P003A019R001_AUG001,2,3,12989,1,18,300,Fortune Cat (aug 1),train,1494,aug_1
10190,M002P003A019R002_AUG000,2,3,12990,2,18,300,Fortune Cat (aug 0),train,1495,aug_0
10191,M002P003A019R002_AUG001,2,3,12991,2,18,300,Fortune Cat (aug 1),train,1495,aug_1
10192,M002P003A019R003_AUG000,2,3,12992,3,18,300,Fortune Cat (aug 0),train,1496,aug_0
10193,M002P003A019R003_AUG001,2,3,12993,3,18,300,Fortune Cat (aug 1),train,1496,aug_1
10194,M002P003A020R001_AUG000,2,3,12994,1,19,300,Dumbbell Curls (aug 0),train,1497,aug_0
10195,M002P003A020R001_AUG001,2,3,12995,1,19,300,Dumbbell Curls (aug 1),train,1497,aug_1
10196,M002P003A020R002_AUG000,2,3,12996,2,19,300,Dumbbell Curls (aug 0),train,1498,aug_0
10197,M002P003A020R002_AUG001,2,3,12997,2,19,300,Dumbbell Curls (aug 1),train,1498,aug_1
10198,M002P003A020R003_AUG000,2,3,12998,3,19,300,Dumbbell Curls (aug 0),train,1499,aug_0
10199,M002P003A020R003_AUG001,2,3,12999,3,19,300,Dumbbell Curls (aug 1),train,1499,aug_1
10200,M002P003A021R001_AUG000,2,3,13000,1,20,300,Alternate Dumbbell Curls (aug 0),train,1500,aug_0
10201,M002P003A021R001_AUG001,2,3,13001,1,20,300,Alternate Dumbbell Curls (aug 1),train,1500,aug_1
10202,M002P003A021R002_AUG000,2,3,13002,2,20,300,Alternate Dumbbell Curls (aug 0),train,1501,aug_0
10203,M002P003A021R002_AUG001,2,3,13003,2,20,300,Alternate Dumbbell Curls (aug 1),train,1501,aug_1
10204,M002P003A021R003_AUG000,2,3,13004,3,20,300,Alternate Dumbbell Curls (aug 0),train,1502,aug_0
10205,M002P003A021R003_AUG001,2,3,13005,3,20,300,Alternate Dumbbell Curls (aug 1),train,1502,aug_1
10206,M002P003A022R001_AUG000,2,3,13006,1,21,300,Right-side Kettlebell Bent-over Row (aug 0),train,1503,aug_0
10207,M002P003A022R001_AUG001,2,3,13007,1,21,300,Right-side Kettlebell Bent-over Row (aug 1),train,1503,aug_1
10208,M002P003A022R002_AUG000,2,3,13008,2,21,300,Right-side Kettlebell Bent-over Row (aug 0),train,1504,aug_0
10209,M002P003A022R002_AUG001,2,3,13009,2,21,300,Right-side Kettlebell Bent-over Row (aug 1),train,1504,aug_1
10210,M002P003A022R003_AUG000,2,3,13010,3,21,300,Right-side Kettlebell Bent-over Row (aug 0),train,1505,aug_0
10211,M002P003A022R003_AUG001,2,3,13011,3,21,300,Right-side Kettlebell Bent-over Row (aug 1),train,1505,aug_1
10212,M002P003A023R001_AUG000,2,3,13012,1,22,300,Wrist Joint Warm-up (aug 0),train,1506,aug_0
10213,M002P003A023R001_AUG001,2,3,13013,1,22,300,Wrist Joint Warm-up (aug 1),train,1506,aug_1
10214,M002P003A023R002_AUG000,2,3,13014,2,22,300,Wrist Joint Warm-up (aug 0),train,1507,aug_0
10215,M002P003A023R002_AUG001,2,3,13015,2,22,300,Wrist Joint Warm-up (aug 1),train,1507,aug_1
10216,M002P003A023R003_AUG000,2,3,13016,3,22,300,Wrist Joint Warm-up (aug 0),train,1508,aug_0
10217,M002P003A023R003_AUG001,2,3,13017,3,22,300,Wrist Joint Warm-up (aug 1),train,1508,aug_1
10218,M002P003A024R001_AUG000,2,3,13018,1,23,300,Right-side Bent-over Tricep Extension With Resistance Band (aug 0),train,1509,aug_0
10219,M002P003A024R001_AUG001,2,3,13019,1,23,300,Right-side Bent-over Tricep Extension With Resistance Band (aug 1),train,1509,aug_1
10220,M002P003A024R002_AUG000,2,3,13020,2,23,300,Right-side Bent-over Tricep Extension With Resistance Band (aug 0),train,1510,aug_0
10221,M002P003A024R002_AUG001,2,3,13021,2,23,300,Right-side Bent-over Tricep Extension With Resistance Band (aug 1),train,1510,aug_1
10222,M002P003A024R003_AUG000,2,3,13022,3,23,300,Right-side Bent-over Tricep Extension With Resistance Band (aug 0),train,1511,aug_0
10223,M002P003A024R003_AUG001,2,3,13023,3,23,300,Right-side Bent-over Tricep Extension With Resistance Band (aug 1),train,1511,aug_1
10224,M002P003A025R001_AUG000,2,3,13024,1,24,300,Bent-over Dumbbell Tricep Extension (aug 0),train,1512,aug_0
10225,M002P003A025R001_AUG001,2,3,13025,1,24,300,Bent-over Dumbbell Tricep Extension (aug 1),train,1512,aug_1
10226,M002P003A025R002_AUG000,2,3,13026,2,24,300,Bent-over Dumbbell Tricep Extension (aug 0),train,1513,aug_0
10227,M002P003A025R002_AUG001,2,3,13027,2,24,300,Bent-over Dumbbell Tricep Extension (aug 1),train,1513,aug_1
10228,M002P003A025R003_AUG000,2,3,13028,3,24,300,Bent-over Dumbbell Tricep Extension (aug 0),train,1514,aug_0
10229,M002P003A025R003_AUG001,2,3,13029,3,24,300,Bent-over Dumbbell Tricep Extension (aug 1),train,1514,aug_1
10230,M002P003A026R001_AUG000,2,3,13030,1,25,300,Nod And Raise Head (aug 0),train,1515,aug_0
10231,M002P003A026R001_AUG001,2,3,13031,1,25,300,Nod And Raise Head (aug 1),train,1515,aug_1
10232,M002P003A026R002_AUG000,2,3,13032,2,25,300,Nod And Raise Head (aug 0),train,1516,aug_0
10233,M002P003A026R002_AUG001,2,3,13033,2,25,300,Nod And Raise Head (aug 1),train,1516,aug_1
10234,M002P003A026R003_AUG000,2,3,13034,3,25,300,Nod And Raise Head (aug 0),train,1517,aug_0
10235,M002P003A026R003_AUG001,2,3,13035,3,25,300,Nod And Raise Head (aug 1),train,1517,aug_1
10236,M002P003A027R001_AUG000,2,3,13036,1,26,300,Two-way Head Turn (aug 0),train,1518,aug_0
10237,M002P003A027R001_AUG001,2,3,13037,1,26,300,Two-way Head Turn (aug 1),train,1518,aug_1
10238,M002P003A027R002_AUG000,2,3,13038,2,26,300,Two-way Head Turn (aug 0),train,1519,aug_0
10239,M002P003A027R002_AUG001,2,3,13039,2,26,300,Two-way Head Turn (aug 1),train,1519,aug_1
10240,M002P003A027R003_AUG000,2,3,13040,3,26,300,Two-way Head Turn (aug 0),train,1520,aug_0
10241,M002P003A027R003_AUG001,2,3,13041,3,26,300,Two-way Head Turn (aug 1),train,1520,aug_1
10242,M002P003A028R001_AUG000,2,3,13042,1,27,300,Shrug And Sink The Shoulders (aug 0),train,1521,aug_0
10243,M002P003A028R001_AUG001,2,3,13043,1,27,300,Shrug And Sink The Shoulders (aug 1),train,1521,aug_1
10244,M002P003A028R002_AUG000,2,3,13044,2,27,300,Shrug And Sink The Shoulders (aug 0),train,1522,aug_0
10245,M002P003A028R002_AUG001,2,3,13045,2,27,300,Shrug And Sink The Shoulders (aug 1),train,1522,aug_1
10246,M002P003A028R003_AUG000,2,3,13046,3,27,300,Shrug And Sink The Shoulders (aug 0),train,1523,aug_0
10247,M002P003A028R003_AUG001,2,3,13047,3,27,300,Shrug And Sink The Shoulders (aug 1),train,1523,aug_1
10248,M002P003A029R001_AUG000,2,3,13048,1,28,300,Four-way Nod Head (aug 0),train,1524,aug_0
10249,M002P003A029R001_AUG001,2,3,13049,1,28,300,Four-way Nod Head (aug 1),train,1524,aug_1
10250,M002P003A029R002_AUG000,2,3,13050,2,28,300,Four-way Nod Head (aug 0),train,1525,aug_0
10251,M002P003A029R002_AUG001,2,3,13051,2,28,300,Four-way Nod Head (aug 1),train,1525,aug_1
10252,M002P003A029R003_AUG000,2,3,13052,3,28,300,Four-way Nod Head (aug 0),train,1526,aug_0
10253,M002P003A029R003_AUG001,2,3,13053,3,28,300,Four-way Nod Head (aug 1),train,1526,aug_1
10254,M002P003A030R001_AUG000,2,3,13054,1,29,300,Lying Alternate Upper-half Leg Raise (aug 0),train,1527,aug_0
10255,M002P003A030R001_AUG001,2,3,13055,1,29,300,Lying Alternate Upper-half Leg Raise (aug 1),train,1527,aug_1
10256,M002P003A030R002_AUG000,2,3,13056,2,29,300,Lying Alternate Upper-half Leg Raise (aug 0),train,1528,aug_0
10257,M002P003A030R002_AUG001,2,3,13057,2,29,300,Lying Alternate Upper-half Leg Raise (aug 1),train,1528,aug_1
10258,M002P003A030R003_AUG000,2,3,13058,3,29,300,Lying Alternate Upper-half Leg Raise (aug 0),train,1529,aug_0
10259,M002P003A030R003_AUG001,2,3,13059,3,29,300,Lying Alternate Upper-half Leg Raise (aug 1),train,1529,aug_1
10260,M002P003A031R001_AUG000,2,3,13060,1,30,300,Half Roll Back (aug 0),train,1530,aug_0
10261,M002P003A031R001_AUG001,2,3,13061,1,30,300,Half Roll Back (aug 1),train,1530,aug_1
10262,M002P003A031R002_AUG000,2,3,13062,2,30,300,Half Roll Back (aug 0),train,1531,aug_0
10263,M002P003A031R002_AUG001,2,3,13063,2,30,300,Half Roll Back (aug 1),train,1531,aug_1
10264,M002P003A031R003_AUG000,2,3,13064,3,30,300,Half Roll Back (aug 0),train,1532,aug_0
10265,M002P003A031R003_AUG001,2,3,13065,3,30,300,Half Roll Back (aug 1),train,1532,aug_1
10266,M002P003A032R001_AUG000,2,3,13066,1,31,300,Kneeling Right-side Torso Twist (aug 0),train,1533,aug_0
10267,M002P003A032R001_AUG001,2,3,13067,1,31,300,Kneeling Right-side Torso Twist (aug 1),train,1533,aug_1
10268,M002P003A032R002_AUG000,2,3,13068,2,31,300,Kneeling Right-side Torso Twist (aug 0),train,1534,aug_0
10269,M002P003A032R002_AUG001,2,3,13069,2,31,300,Kneeling Right-side Torso Twist (aug 1),train,1534,aug_1
10270,M002P003A032R003_AUG000,2,3,13070,3,31,300,Kneeling Right-side Torso Twist (aug 0),train,1535,aug_0
10271,M002P003A032R003_AUG001,2,3,13071,3,31,300,Kneeling Right-side Torso Twist (aug 1),train,1535,aug_1
10272,M002P003A033R001_AUG000,2,3,13072,1,32,300,Left-side Knee Raise And Abdominal Muscles Contract (aug 0),train,1536,aug_0
10273,M002P003A033R001_AUG001,2,3,13073,1,32,300,Left-side Knee Raise And Abdominal Muscles Contract (aug 1),train,1536,aug_1
10274,M002P003A033R002_AUG000,2,3,13074,2,32,300,Left-side Knee Raise And Abdominal Muscles Contract (aug 0),train,1537,aug_0
10275,M002P003A033R002_AUG001,2,3,13075,2,32,300,Left-side Knee Raise And Abdominal Muscles Contract (aug 1),train,1537,aug_1
10276,M002P003A033R003_AUG000,2,3,13076,3,32,300,Left-side Knee Raise And Abdominal Muscles Contract (aug 0),train,1538,aug_0
10277,M002P003A033R003_AUG001,2,3,13077,3,32,300,Left-side Knee Raise And Abdominal Muscles Contract (aug 1),train,1538,aug_1
10278,M002P003A034R001_AUG000,2,3,13078,1,33,300,Kneeling Right Leg Backward Stretch (aug 0),train,1539,aug_0
10279,M002P003A034R001_AUG001,2,3,13079,1,33,300,Kneeling Right Leg Backward Stretch (aug 1),train,1539,aug_1
10280,M002P003A034R002_AUG000,2,3,13080,2,33,300,Kneeling Right Leg Backward Stretch (aug 0),train,1540,aug_0
10281,M002P003A034R002_AUG001,2,3,13081,2,33,300,Kneeling Right Leg Backward Stretch (aug 1),train,1540,aug_1
10282,M002P003A034R003_AUG000,2,3,13082,3,33,300,Kneeling Right Leg Backward Stretch (aug 0),train,1541,aug_0
10283,M002P003A034R003_AUG001,2,3,13083,3,33,300,Kneeling Right Leg Backward Stretch (aug 1),train,1541,aug_1
10284,M002P003A035R001_AUG000,2,3,13084,1,34,300,Kneeling Right Arm Raise (aug 0),train,1542,aug_0
10285,M002P003A035R001_AUG001,2,3,13085,1,34,300,Kneeling Right Arm Raise (aug 1),train,1542,aug_1
10286,M002P003A035R002_AUG000,2,3,13086,2,34,300,Kneeling Right Arm Raise (aug 0),train,1543,aug_0
10287,M002P003A035R002_AUG001,2,3,13087,2,34,300,Kneeling Right Arm Raise (aug 1),train,1543,aug_1
10288,M002P003A035R003_AUG000,2,3,13088,3,34,300,Kneeling Right Arm Raise (aug 0),train,1544,aug_0
10289,M002P003A035R003_AUG001,2,3,13089,3,34,300,Kneeling Right Arm Raise (aug 1),train,1544,aug_1
10290,M002P003A036R001_AUG000,2,3,13090,1,35,300,Shoulder Bridge (aug 0),train,1545,aug_0
10291,M002P003A036R001_AUG001,2,3,13091,1,35,300,Shoulder Bridge (aug 1),train,1545,aug_1
10292,M002P003A036R002_AUG000,2,3,13092,2,35,300,Shoulder Bridge (aug 0),train,1546,aug_0
10293,M002P003A036R002_AUG001,2,3,13093,2,35,300,Shoulder Bridge (aug 1),train,1546,aug_1
10294,M002P003A036R003_AUG000,2,3,13094,3,35,300,Shoulder Bridge (aug 0),train,1547,aug_0
10295,M002P003A036R003_AUG001,2,3,13095,3,35,300,Shoulder Bridge (aug 1),train,1547,aug_1
10296,M002P003A037R001_AUG000,2,3,13096,1,36,300,Prone Press-ups (aug 0),train,1548,aug_0
10297,M002P003A037R001_AUG001,2,3,13097,1,36,300,Prone Press-ups (aug 1),train,1548,aug_1
10298,M002P003A037R002_AUG000,2,3,13098,2,36,300,Prone Press-ups (aug 0),train,1549,aug_0
10299,M002P003A037R002_AUG001,2,3,13099,2,36,300,Prone Press-ups (aug 1),train,1549,aug_1
10300,M002P003A037R003_AUG000,2,3,13100,3,36,300,Prone Press-ups (aug 0),train,1550,aug_0
10301,M002P003A037R003_AUG001,2,3,13101,3,36,300,Prone Press-ups (aug 1),train,1550,aug_1
10302,M002P003A038R001_AUG000,2,3,13102,1,37,300,Bent-over Torso Rotation (aug 0),train,1551,aug_0
10303,M002P003A038R001_AUG001,2,3,13103,1,37,300,Bent-over Torso Rotation (aug 1),train,1551,aug_1
10304,M002P003A038R002_AUG000,2,3,13104,2,37,300,Bent-over Torso Rotation (aug 0),train,1552,aug_0
10305,M002P003A038R002_AUG001,2,3,13105,2,37,300,Bent-over Torso Rotation (aug 1),train,1552,aug_1
10306,M002P003A038R003_AUG000,2,3,13106,3,37,300,Bent-over Torso Rotation (aug 0),train,1553,aug_0
10307,M002P003A038R003_AUG001,2,3,13107,3,37,300,Bent-over Torso Rotation (aug 1),train,1553,aug_1
10308,M002P003A039R001_AUG000,2,3,13108,1,38,300,Lying Arm Pull (aug 0),train,1554,aug_0
10309,M002P003A039R001_AUG001,2,3,13109,1,38,300,Lying Arm Pull (aug 1),train,1554,aug_1
10310,M002P003A039R002_AUG000,2,3,13110,2,38,300,Lying Arm Pull (aug 0),train,1555,aug_0
10311,M002P003A039R002_AUG001,2,3,13111,2,38,300,Lying Arm Pull (aug 1),train,1555,aug_1
10312,M002P003A039R003_AUG000,2,3,13112,3,38,300,Lying Arm Pull (aug 0),train,1556,aug_0
10313,M002P003A039R003_AUG001,2,3,13113,3,38,300,Lying Arm Pull (aug 1),train,1556,aug_1
10314,M002P003A040R001_AUG000,2,3,13114,1,39,300,Prone Press Up With Torso Rotation (aug 0),train,1557,aug_0
10315,M002P003A040R001_AUG001,2,3,13115,1,39,300,Prone Press Up With Torso Rotation (aug 1),train,1557,aug_1
10316,M002P003A040R002_AUG000,2,3,13116,2,39,300,Prone Press Up With Torso Rotation (aug 0),train,1558,aug_0
10317,M002P003A040R002_AUG001,2,3,13117,2,39,300,Prone Press Up With Torso Rotation (aug 1),train,1558,aug_1
10318,M002P003A040R003_AUG000,2,3,13118,3,39,300,Prone Press Up With Torso Rotation (aug 0),train,1559,aug_0
10319,M002P003A040R003_AUG001,2,3,13119,3,39,300,Prone Press Up With Torso Rotation (aug 1),train,1559,aug_1
10320,M002P003A041R001_AUG000,2,3,13120,1,40,300,Breaststroke Push-ups (aug 0),train,1560,aug_0
10321,M002P003A041R001_AUG001,2,3,13121,1,40,300,Breaststroke Push-ups (aug 1),train,1560,aug_1
10322,M002P003A041R002_AUG000,2,3,13122,2,40,300,Breaststroke Push-ups (aug 0),train,1561,aug_0
10323,M002P003A041R002_AUG001,2,3,13123,2,40,300,Breaststroke Push-ups (aug 1),train,1561,aug_1
10324,M002P003A041R003_AUG000,2,3,13124,3,40,300,Breaststroke Push-ups (aug 0),train,1562,aug_0
10325,M002P003A041R003_AUG001,2,3,13125,3,40,300,Breaststroke Push-ups (aug 1),train,1562,aug_1
10326,M002P003A042R001_AUG000,2,3,13126,1,41,300,Sit-ups (aug 0),train,1563,aug_0
10327,M002P003A042R001_AUG001,2,3,13127,1,41,300,Sit-ups (aug 1),train,1563,aug_1
10328,M002P003A042R002_AUG000,2,3,13128,2,41,300,Sit-ups (aug 0),train,1564,aug_0
10329,M002P003A042R002_AUG001,2,3,13129,2,41,300,Sit-ups (aug 1),train,1564,aug_1
10330,M002P003A042R003_AUG000,2,3,13130,3,41,300,Sit-ups (aug 0),train,1565,aug_0
10331,M002P003A042R003_AUG001,2,3,13131,3,41,300,Sit-ups (aug 1),train,1565,aug_1
10332,M002P003A043R001_AUG000,2,3,13132,1,42,300,Side-lying Left Leg Forward Raise (aug 0),train,1566,aug_0
10333,M002P003A043R001_AUG001,2,3,13133,1,42,300,Side-lying Left Leg Forward Raise (aug 1),train,1566,aug_1
10334,M002P003A043R002_AUG000,2,3,13134,2,42,300,Side-lying Left Leg Forward Raise (aug 0),train,1567,aug_0
10335,M002P003A043R002_AUG001,2,3,13135,2,42,300,Side-lying Left Leg Forward Raise (aug 1),train,1567,aug_1
10336,M002P003A043R003_AUG000,2,3,13136,3,42,300,Side-lying Left Leg Forward Raise (aug 0),train,1568,aug_0
10337,M002P003A043R003_AUG001,2,3,13137,3,42,300,Side-lying Left Leg Forward Raise (aug 1),train,1568,aug_1
10338,M002P003A044R001_AUG000,2,3,13138,1,43,300,Right Leg Reverse Lunge (aug 0),train,1569,aug_0
10339,M002P003A044R001_AUG001,2,3,13139,1,43,300,Right Leg Reverse Lunge (aug 1),train,1569,aug_1
10340,M002P003A044R002_AUG000,2,3,13140,2,43,300,Right Leg Reverse Lunge (aug 0),train,1570,aug_0
10341,M002P003A044R002_AUG001,2,3,13141,2,43,300,Right Leg Reverse Lunge (aug 1),train,1570,aug_1
10342,M002P003A044R003_AUG000,2,3,13142,3,43,300,Right Leg Reverse Lunge (aug 0),train,1571,aug_0
10343,M002P003A044R003_AUG001,2,3,13143,3,43,300,Right Leg Reverse Lunge (aug 1),train,1571,aug_1
10344,M002P003A045R001_AUG000,2,3,13144,1,44,300,Kneeling Left Knee Lift (aug 0),train,1572,aug_0
10345,M002P003A045R001_AUG001,2,3,13145,1,44,300,Kneeling Left Knee Lift (aug 1),train,1572,aug_1
10346,M002P003A045R002_AUG000,2,3,13146,2,44,300,Kneeling Left Knee Lift (aug 0),train,1573,aug_0
10347,M002P003A045R002_AUG001,2,3,13147,2,44,300,Kneeling Left Knee Lift (aug 1),train,1573,aug_1
10348,M002P003A045R003_AUG000,2,3,13148,3,44,300,Kneeling Left Knee Lift (aug 0),train,1574,aug_0
10349,M002P003A045R003_AUG001,2,3,13149,3,44,300,Kneeling Left Knee Lift (aug 1),train,1574,aug_1
10350,M002P003A046R001_AUG000,2,3,13150,1,45,300,Alternate Reverse Lunge (aug 0),train,1575,aug_0
10351,M002P003A046R001_AUG001,2,3,13151,1,45,300,Alternate Reverse Lunge (aug 1),train,1575,aug_1
10352,M002P003A046R002_AUG000,2,3,13152,2,45,300,Alternate Reverse Lunge (aug 0),train,1576,aug_0
10353,M002P003A046R002_AUG001,2,3,13153,2,45,300,Alternate Reverse Lunge (aug 1),train,1576,aug_1
10354,M002P003A046R003_AUG000,2,3,13154,3,45,300,Alternate Reverse Lunge (aug 0),train,1577,aug_0
10355,M002P003A046R003_AUG001,2,3,13155,3,45,300,Alternate Reverse Lunge (aug 1),train,1577,aug_1
10356,M002P003A047R001_AUG000,2,3,13156,1,46,300,Side-lying Right Leg Backward Kick (aug 0),train,1578,aug_0
10357,M002P003A047R001_AUG001,2,3,13157,1,46,300,Side-lying Right Leg Backward Kick (aug 1),train,1578,aug_1
10358,M002P003A047R002_AUG000,2,3,13158,2,46,300,Side-lying Right Leg Backward Kick (aug 0),train,1579,aug_0
10359,M002P003A047R002_AUG001,2,3,13159,2,46,300,Side-lying Right Leg Backward Kick (aug 1),train,1579,aug_1
10360,M002P003A047R003_AUG000,2,3,13160,3,46,300,Side-lying Right Leg Backward Kick (aug 0),train,1580,aug_0
10361,M002P003A047R003_AUG001,2,3,13161,3,46,300,Side-lying Right Leg Backward Kick (aug 1),train,1580,aug_1
10362,M002P003A048R001_AUG000,2,3,13162,1,47,300,Left Leg Lunge With Knee Lift (aug 0),train,1581,aug_0
10363,M002P003A048R001_AUG001,2,3,13163,1,47,300,Left Leg Lunge With Knee Lift (aug 1),train,1581,aug_1
10364,M002P003A048R002_AUG000,2,3,13164,2,47,300,Left Leg Lunge With Knee Lift (aug 0),train,1582,aug_0
10365,M002P003A048R002_AUG001,2,3,13165,2,47,300,Left Leg Lunge With Knee Lift (aug 1),train,1582,aug_1
10366,M002P003A048R003_AUG000,2,3,13166,3,47,300,Left Leg Lunge With Knee Lift (aug 0),train,1583,aug_0
10367,M002P003A048R003_AUG001,2,3,13167,3,47,300,Left Leg Lunge With Knee Lift (aug 1),train,1583,aug_1
10368,M002P003A049R001_AUG000,2,3,13168,1,48,300,Sumo Squat (aug 0),train,1584,aug_0
10369,M002P003A049R001_AUG001,2,3,13169,1,48,300,Sumo Squat (aug 1),train,1584,aug_1
10370,M002P003A049R002_AUG000,2,3,13170,2,48,300,Sumo Squat (aug 0),train,1585,aug_0
10371,M002P003A049R002_AUG001,2,3,13171,2,48,300,Sumo Squat (aug 1),train,1585,aug_1
10372,M002P003A049R003_AUG000,2,3,13172,3,48,300,Sumo Squat (aug 0),train,1586,aug_0
10373,M002P003A049R003_AUG001,2,3,13173,3,48,300,Sumo Squat (aug 1),train,1586,aug_1
10374,M002P003A050R001_AUG000,2,3,13174,1,49,300,Straight Leg Calf Raise (aug 0),train,1587,aug_0
10375,M002P003A050R001_AUG001,2,3,13175,1,49,300,Straight Leg Calf Raise (aug 1),train,1587,aug_1
10376,M002P003A050R002_AUG000,2,3,13176,2,49,300,Straight Leg Calf Raise (aug 0),train,1588,aug_0
10377,M002P003A050R002_AUG001,2,3,13177,2,49,300,Straight Leg Calf Raise (aug 1),train,1588,aug_1
10378,M002P003A050R003_AUG000,2,3,13178,3,49,300,Straight Leg Calf Raise (aug 0),train,1589,aug_0
10379,M002P003A050R003_AUG001,2,3,13179,3,49,300,Straight Leg Calf Raise (aug 1),train,1589,aug_1
10380,M002P003A051R001_AUG000,2,3,13180,1,50,300,Squat Jump (aug 0),train,1590,aug_0
10381,M002P003A051R001_AUG001,2,3,13181,1,50,300,Squat Jump (aug 1),train,1590,aug_1
10382,M002P003A051R002_AUG000,2,3,13182,2,50,300,Squat Jump (aug 0),train,1591,aug_0
10383,M002P003A051R002_AUG001,2,3,13183,2,50,300,Squat Jump (aug 1),train,1591,aug_1
10384,M002P003A051R003_AUG000,2,3,13184,3,50,300,Squat Jump (aug 0),train,1592,aug_0
10385,M002P003A051R003_AUG001,2,3,13185,3,50,300,Squat Jump (aug 1),train,1592,aug_1
10386,M002P003A052R001_AUG000,2,3,13186,1,51,300,Squat With Alternate Knee Lift (aug 0),train,1593,aug_0
10387,M002P003A052R001_AUG001,2,3,13187,1,51,300,Squat With Alternate Knee Lift (aug 1),train,1593,aug_1
10388,M002P003A052R002_AUG000,2,3,13188,2,51,300,Squat With Alternate Knee Lift (aug 0),train,1594,aug_0
10389,M002P003A052R002_AUG001,2,3,13189,2,51,300,Squat With Alternate Knee Lift (aug 1),train,1594,aug_1
10390,M002P003A052R003_AUG000,2,3,13190,3,51,300,Squat With Alternate Knee Lift (aug 0),train,1595,aug_0
10391,M002P003A052R003_AUG001,2,3,13191,3,51,300,Squat With Alternate Knee Lift (aug 1),train,1595,aug_1
10392,M002P003A053R001_AUG000,2,3,13192,1,52,300,Standing Alternate Butt Kick (aug 0),train,1596,aug_0
10393,M002P003A053R001_AUG001,2,3,13193,1,52,300,Standing Alternate Butt Kick (aug 1),train,1596,aug_1
10394,M002P003A053R002_AUG000,2,3,13194,2,52,300,Standing Alternate Butt Kick (aug 0),train,1597,aug_0
10395,M002P003A053R002_AUG001,2,3,13195,2,52,300,Standing Alternate Butt Kick (aug 1),train,1597,aug_1
10396,M002P003A053R003_AUG000,2,3,13196,3,52,300,Standing Alternate Butt Kick (aug 0),train,1598,aug_0
10397,M002P003A053R003_AUG001,2,3,13197,3,52,300,Standing Alternate Butt Kick (aug 1),train,1598,aug_1
10398,M002P003A054R001_AUG000,2,3,13198,1,53,300,Knee Warm-up (aug 0),train,1599,aug_0
10399,M002P003A054R001_AUG001,2,3,13199,1,53,300,Knee Warm-up (aug 1),train,1599,aug_1
10400,M002P003A054R002_AUG000,2,3,13200,2,53,300,Knee Warm-up (aug 0),train,1600,aug_0
10401,M002P003A054R002_AUG001,2,3,13201,2,53,300,Knee Warm-up (aug 1),train,1600,aug_1
10402,M002P003A054R003_AUG000,2,3,13202,3,53,300,Knee Warm-up (aug 0),train,1601,aug_0
10403,M002P003A054R003_AUG001,2,3,13203,3,53,300,Knee Warm-up (aug 1),train,1601,aug_1
10404,M002P003A055R001_AUG000,2,3,13204,1,54,300,Butt Kicks (aug 0),train,1602,aug_0
10405,M002P003A055R001_AUG001,2,3,13205,1,54,300,Butt Kicks (aug 1),train,1602,aug_1
10406,M002P003A055R002_AUG000,2,3,13206,2,54,300,Butt Kicks (aug 0),train,1603,aug_0
10407,M002P003A055R002_AUG001,2,3,13207,2,54,300,Butt Kicks (aug 1),train,1603,aug_1
10408,M002P003A055R003_AUG000,2,3,13208,3,54,300,Butt Kicks (aug 0),train,1604,aug_0
10409,M002P003A055R003_AUG001,2,3,13209,3,54,300,Butt Kicks (aug 1),train,1604,aug_1
10410,M002P003A056R001_AUG000,2,3,13210,1,55,300,Jump Left and Right (aug 0),train,1605,aug_0
10411,M002P003A056R001_AUG001,2,3,13211,1,55,300,Jump Left and Right (aug 1),train,1605,aug_1
10412,M002P003A056R002_AUG000,2,3,13212,2,55,300,Jump Left and Right (aug 0),train,1606,aug_0
10413,M002P003A056R002_AUG001,2,3,13213,2,55,300,Jump Left and Right (aug 1),train,1606,aug_1
10414,M002P003A056R003_AUG000,2,3,13214,3,55,300,Jump Left and Right (aug 0),train,1607,aug_0
10415,M002P003A056R003_AUG001,2,3,13215,3,55,300,Jump Left and Right (aug 1),train,1607,aug_1
10416,M002P003A057R001_AUG000,2,3,13216,1,56,300,Jumping Jacks (aug 0),train,1608,aug_0
10417,M002P003A057R001_AUG001,2,3,13217,1,56,300,Jumping Jacks (aug 1),train,1608,aug_1
10418,M002P003A057R002_AUG000,2,3,13218,2,56,300,Jumping Jacks (aug 0),train,1609,aug_0
10419,M002P003A057R002_AUG001,2,3,13219,2,56,300,Jumping Jacks (aug 1),train,1609,aug_1
10420,M002P003A057R003_AUG000,2,3,13220,3,56,300,Jumping Jacks (aug 0),train,1610,aug_0
10421,M002P003A057R003_AUG001,2,3,13221,3,56,300,Jumping Jacks (aug 1),train,1610,aug_1
10422,M002P003A058R001_AUG000,2,3,13222,1,57,300,High Knee (aug 0),train,1611,aug_0
10423,M002P003A058R001_AUG001,2,3,13223,1,57,300,High Knee (aug 1),train,1611,aug_1
10424,M002P003A058R002_AUG000,2,3,13224,2,57,300,High Knee (aug 0),train,1612,aug_0
10425,M002P003A058R002_AUG001,2,3,13225,2,57,300,High Knee (aug 1),train,1612,aug_1
10426,M002P003A058R003_AUG000,2,3,13226,3,57,300,High Knee (aug 0),train,1613,aug_0
10427,M002P003A058R003_AUG001,2,3,13227,3,57,300,High Knee (aug 1),train,1613,aug_1
10428,M002P003A059R001_AUG000,2,3,13228,1,58,300,Clap Jacks (aug 0),train,1614,aug_0
10429,M002P003A059R001_AUG001,2,3,13229,1,58,300,Clap Jacks (aug 1),train,1614,aug_1
10430,M002P003A059R002_AUG000,2,3,13230,2,58,300,Clap Jacks (aug 0),train,1615,aug_0
10431,M002P003A059R002_AUG001,2,3,13231,2,58,300,Clap Jacks (aug 1),train,1615,aug_1
10432,M002P003A059R003_AUG000,2,3,13232,3,58,300,Clap Jacks (aug 0),train,1616,aug_0
10433,M002P003A059R003_AUG001,2,3,13233,3,58,300,Clap Jacks (aug 1),train,1616,aug_1
10434,M002P003A060R001_AUG000,2,3,13234,1,59,300,Run In Place With Arm Swing (aug 0),train,1617,aug_0
10435,M002P003A060R001_AUG001,2,3,13235,1,59,300,Run In Place With Arm Swing (aug 1),train,1617,aug_1
10436,M002P003A060R002_AUG000,2,3,13236,2,59,300,Run In Place With Arm Swing (aug 0),train,1618,aug_0
10437,M002P003A060R002_AUG001,2,3,13237,2,59,300,Run In Place With Arm Swing (aug 1),train,1618,aug_1
10438,M002P003A060R003_AUG000,2,3,13238,3,59,300,Run In Place With Arm Swing (aug 0),train,1619,aug_0
10439,M002P003A060R003_AUG001,2,3,13239,3,59,300,Run In Place With Arm Swing (aug 1),train,1619,aug_1
10440,M002P004A001R001_AUG000,2,4,13240,1,0,300,Svend Press (aug 0),train,1620,aug_0
10441,M002P004A001R001_AUG001,2,4,13241,1,0,300,Svend Press (aug 1),train,1620,aug_1
10442,M002P004A001R002_AUG000,2,4,13242,2,0,300,Svend Press (aug 0),train,1621,aug_0
10443,M002P004A001R002_AUG001,2,4,13243,2,0,300,Svend Press (aug 1),train,1621,aug_1
10444,M002P004A001R003_AUG000,2,4,13244,3,0,300,Svend Press (aug 0),train,1622,aug_0
10445,M002P004A001R003_AUG001,2,4,13245,3,0,300,Svend Press (aug 1),train,1622,aug_1
10446,M002P004A002R001_AUG000,2,4,13246,1,1,300,Kneeling Push-ups (aug 0),train,1623,aug_0
10447,M002P004A002R001_AUG001,2,4,13247,1,1,300,Kneeling Push-ups (aug 1),train,1623,aug_1
10448,M002P004A002R002_AUG000,2,4,13248,2,1,300,Kneeling Push-ups (aug 0),train,1624,aug_0
10449,M002P004A002R002_AUG001,2,4,13249,2,1,300,Kneeling Push-ups (aug 1),train,1624,aug_1
10450,M002P004A002R003_AUG000,2,4,13250,3,1,300,Kneeling Push-ups (aug 0),train,1625,aug_0
10451,M002P004A002R003_AUG001,2,4,13251,3,1,300,Kneeling Push-ups (aug 1),train,1625,aug_1
10452,M002P004A003R001_AUG000,2,4,13252,1,2,300,Standing Straight-arm Chest Press With Resistance Band (aug 0),train,1626,aug_0
10453,M002P004A003R001_AUG001,2,4,13253,1,2,300,Standing Straight-arm Chest Press With Resistance Band (aug 1),train,1626,aug_1
10454,M002P004A003R002_AUG000,2,4,13254,2,2,300,Standing Straight-arm Chest Press With Resistance Band (aug 0),train,1627,aug_0
10455,M002P004A003R002_AUG001,2,4,13255,2,2,300,Standing Straight-arm Chest Press With Resistance Band (aug 1),train,1627,aug_1
10456,M002P004A003R003_AUG000,2,4,13256,3,2,300,Standing Straight-arm Chest Press With Resistance Band (aug 0),train,1628,aug_0
10457,M002P004A003R003_AUG001,2,4,13257,3,2,300,Standing Straight-arm Chest Press With Resistance Band (aug 1),train,1628,aug_1
10458,M002P004A004R001_AUG000,2,4,13258,1,3,300,Small Dumbbell Floor Flies (aug 0),train,1629,aug_0
10459,M002P004A004R001_AUG001,2,4,13259,1,3,300,Small Dumbbell Floor Flies (aug 1),train,1629,aug_1
10460,M002P004A004R002_AUG000,2,4,13260,2,3,300,Small Dumbbell Floor Flies (aug 0),train,1630,aug_0
10461,M002P004A004R002_AUG001,2,4,13261,2,3,300,Small Dumbbell Floor Flies (aug 1),train,1630,aug_1
10462,M002P004A004R003_AUG000,2,4,13262,3,3,300,Small Dumbbell Floor Flies (aug 0),train,1631,aug_0
10463,M002P004A004R003_AUG001,2,4,13263,3,3,300,Small Dumbbell Floor Flies (aug 1),train,1631,aug_1
10464,M002P004A005R001_AUG000,2,4,13264,1,4,300,Chest Fly (aug 0),train,1632,aug_0
10465,M002P004A005R001_AUG001,2,4,13265,1,4,300,Chest Fly (aug 1),train,1632,aug_1
10466,M002P004A005R002_AUG000,2,4,13266,2,4,300,Chest Fly (aug 0),train,1633,aug_0
10467,M002P004A005R002_AUG001,2,4,13267,2,4,300,Chest Fly (aug 1),train,1633,aug_1
10468,M002P004A005R003_AUG000,2,4,13268,3,4,300,Chest Fly (aug 0),train,1634,aug_0
10469,M002P004A005R003_AUG001,2,4,13269,3,4,300,Chest Fly (aug 1),train,1634,aug_1
10470,M002P004A006R001_AUG000,2,4,13270,1,5,300,Push-ups (aug 0),train,1635,aug_0
10471,M002P004A006R001_AUG001,2,4,13271,1,5,300,Push-ups (aug 1),train,1635,aug_1
10472,M002P004A006R002_AUG000,2,4,13272,2,5,300,Push-ups (aug 0),train,1636,aug_0
10473,M002P004A006R002_AUG001,2,4,13273,2,5,300,Push-ups (aug 1),train,1636,aug_1
10474,M002P004A006R003_AUG000,2,4,13274,3,5,300,Push-ups (aug 0),train,1637,aug_0
10475,M002P004A006R003_AUG001,2,4,13275,3,5,300,Push-ups (aug 1),train,1637,aug_1
10476,M002P004A007R001_AUG000,2,4,13276,1,6,300,Bent-over W-shape Stretch (aug 0),train,1638,aug_0
10477,M002P004A007R001_AUG001,2,4,13277,1,6,300,Bent-over W-shape Stretch (aug 1),train,1638,aug_1
10478,M002P004A007R002_AUG000,2,4,13278,2,6,300,Bent-over W-shape Stretch (aug 0),train,1639,aug_0
10479,M002P004A007R002_AUG001,2,4,13279,2,6,300,Bent-over W-shape Stretch (aug 1),train,1639,aug_1
10480,M002P004A007R003_AUG000,2,4,13280,3,6,300,Bent-over W-shape Stretch (aug 0),train,1640,aug_0
10481,M002P004A007R003_AUG001,2,4,13281,3,6,300,Bent-over W-shape Stretch (aug 1),train,1640,aug_1
10482,M002P004A008R001_AUG000,2,4,13282,1,7,300,Bent-over Y-shape Stretch (aug 0),train,1641,aug_0
10483,M002P004A008R001_AUG001,2,4,13283,1,7,300,Bent-over Y-shape Stretch (aug 1),train,1641,aug_1
10484,M002P004A008R002_AUG000,2,4,13284,2,7,300,Bent-over Y-shape Stretch (aug 0),train,1642,aug_0
10485,M002P004A008R002_AUG001,2,4,13285,2,7,300,Bent-over Y-shape Stretch (aug 1),train,1642,aug_1
10486,M002P004A008R003_AUG000,2,4,13286,3,7,300,Bent-over Y-shape Stretch (aug 0),train,1643,aug_0
10487,M002P004A008R003_AUG001,2,4,13287,3,7,300,Bent-over Y-shape Stretch (aug 1),train,1643,aug_1
10488,M002P004A009R001_AUG000,2,4,13288,1,8,300,Bent-over A-shape Stretch (aug 0),train,1644,aug_0
10489,M002P004A009R001_AUG001,2,4,13289,1,8,300,Bent-over A-shape Stretch (aug 1),train,1644,aug_1
10490,M002P004A009R002_AUG000,2,4,13290,2,8,300,Bent-over A-shape Stretch (aug 0),train,1645,aug_0
10491,M002P004A009R002_AUG001,2,4,13291,2,8,300,Bent-over A-shape Stretch (aug 1),train,1645,aug_1
10492,M002P004A009R003_AUG000,2,4,13292,3,8,300,Bent-over A-shape Stretch (aug 0),train,1646,aug_0
10493,M002P004A009R003_AUG001,2,4,13293,3,8,300,Bent-over A-shape Stretch (aug 1),train,1646,aug_1
10494,M002P004A010R001_AUG000,2,4,13294,1,9,300,Squat With Arm Lift (aug 0),train,1647,aug_0
10495,M002P004A010R001_AUG001,2,4,13295,1,9,300,Squat With Arm Lift (aug 1),train,1647,aug_1
10496,M002P004A010R002_AUG000,2,4,13296,2,9,300,Squat With Arm Lift (aug 0),train,1648,aug_0
10497,M002P004A010R002_AUG001,2,4,13297,2,9,300,Squat With Arm Lift (aug 1),train,1648,aug_1
10498,M002P004A010R003_AUG000,2,4,13298,3,9,300,Squat With Arm Lift (aug 0),train,1649,aug_0
10499,M002P004A010R003_AUG001,2,4,13299,3,9,300,Squat With Arm Lift (aug 1),train,1649,aug_1
10500,M002P004A011R001_AUG000,2,4,13300,1,10,300,Breaststroke Arm Pull (aug 0),train,1650,aug_0
10501,M002P004A011R001_AUG001,2,4,13301,1,10,300,Breaststroke Arm Pull (aug 1),train,1650,aug_1
10502,M002P004A011R002_AUG000,2,4,13302,2,10,300,Breaststroke Arm Pull (aug 0),train,1651,aug_0
10503,M002P004A011R002_AUG001,2,4,13303,2,10,300,Breaststroke Arm Pull (aug 1),train,1651,aug_1
10504,M002P004A011R003_AUG000,2,4,13304,3,10,300,Breaststroke Arm Pull (aug 0),train,1652,aug_0
10505,M002P004A011R003_AUG001,2,4,13305,3,10,300,Breaststroke Arm Pull (aug 1),train,1652,aug_1
10506,M002P004A012R001_AUG000,2,4,13306,1,11,300,Prone Y-shape Stretch (aug 0),train,1653,aug_0
10507,M002P004A012R001_AUG001,2,4,13307,1,11,300,Prone Y-shape Stretch (aug 1),train,1653,aug_1
10508,M002P004A012R002_AUG000,2,4,13308,2,11,300,Prone Y-shape Stretch (aug 0),train,1654,aug_0
10509,M002P004A012R002_AUG001,2,4,13309,2,11,300,Prone Y-shape Stretch (aug 1),train,1654,aug_1
10510,M002P004A012R003_AUG000,2,4,13310,3,11,300,Prone Y-shape Stretch (aug 0),train,1655,aug_0
10511,M002P004A012R003_AUG001,2,4,13311,3,11,300,Prone Y-shape Stretch (aug 1),train,1655,aug_1
10512,M002P004A013R001_AUG000,2,4,13312,1,12,300,Lateral Raise Forward Circles (aug 0),train,1656,aug_0
10513,M002P004A013R001_AUG001,2,4,13313,1,12,300,Lateral Raise Forward Circles (aug 1),train,1656,aug_1
10514,M002P004A013R002_AUG000,2,4,13314,2,12,300,Lateral Raise Forward Circles (aug 0),train,1657,aug_0
10515,M002P004A013R002_AUG001,2,4,13315,2,12,300,Lateral Raise Forward Circles (aug 1),train,1657,aug_1
10516,M002P004A013R003_AUG000,2,4,13316,3,12,300,Lateral Raise Forward Circles (aug 0),train,1658,aug_0
10517,M002P004A013R003_AUG001,2,4,13317,3,12,300,Lateral Raise Forward Circles (aug 1),train,1658,aug_1
10518,M002P004A014R001_AUG000,2,4,13318,1,13,300,Lateral Raise Backward Circles (aug 0),train,1659,aug_0
10519,M002P004A014R001_AUG001,2,4,13319,1,13,300,Lateral Raise Backward Circles (aug 1),train,1659,aug_1
10520,M002P004A014R002_AUG000,2,4,13320,2,13,300,Lateral Raise Backward Circles (aug 0),train,1660,aug_0
10521,M002P004A014R002_AUG001,2,4,13321,2,13,300,Lateral Raise Backward Circles (aug 1),train,1660,aug_1
10522,M002P004A014R003_AUG000,2,4,13322,3,13,300,Lateral Raise Backward Circles (aug 0),train,1661,aug_0
10523,M002P004A014R003_AUG001,2,4,13323,3,13,300,Lateral Raise Backward Circles (aug 1),train,1661,aug_1
10524,M002P004A015R001_AUG000,2,4,13324,1,14,300,Lying Shoulder Joint Upward Round (aug 0),train,1662,aug_0
10525,M002P004A015R001_AUG001,2,4,13325,1,14,300,Lying Shoulder Joint Upward Round (aug 1),train,1662,aug_1
10526,M002P004A015R002_AUG000,2,4,13326,2,14,300,Lying Shoulder Joint Upward Round (aug 0),train,1663,aug_0
10527,M002P004A015R002_AUG001,2,4,13327,2,14,300,Lying Shoulder Joint Upward Round (aug 1),train,1663,aug_1
10528,M002P004A015R003_AUG000,2,4,13328,3,14,300,Lying Shoulder Joint Upward Round (aug 0),train,1664,aug_0
10529,M002P004A015R003_AUG001,2,4,13329,3,14,300,Lying Shoulder Joint Upward Round (aug 1),train,1664,aug_1
10530,M002P004A016R001_AUG000,2,4,13330,1,15,300,Lying Shoulder Joint Downward Round (aug 0),train,1665,aug_0
10531,M002P004A016R001_AUG001,2,4,13331,1,15,300,Lying Shoulder Joint Downward Round (aug 1),train,1665,aug_1
10532,M002P004A016R002_AUG000,2,4,13332,2,15,300,Lying Shoulder Joint Downward Round (aug 0),train,1666,aug_0
10533,M002P004A016R002_AUG001,2,4,13333,2,15,300,Lying Shoulder Joint Downward Round (aug 1),train,1666,aug_1
10534,M002P004A016R003_AUG000,2,4,13334,3,15,300,Lying Shoulder Joint Downward Round (aug 0),train,1667,aug_0
10535,M002P004A016R003_AUG001,2,4,13335,3,15,300,Lying Shoulder Joint Downward Round (aug 1),train,1667,aug_1
10536,M002P004A017R001_AUG000,2,4,13336,1,16,300,Bare-handed Full Lateral Raise (aug 0),train,1668,aug_0
10537,M002P004A017R001_AUG001,2,4,13337,1,16,300,Bare-handed Full Lateral Raise (aug 1),train,1668,aug_1
10538,M002P004A017R002_AUG000,2,4,13338,2,16,300,Bare-handed Full Lateral Raise (aug 0),train,1669,aug_0
10539,M002P004A017R002_AUG001,2,4,13339,2,16,300,Bare-handed Full Lateral Raise (aug 1),train,1669,aug_1
10540,M002P004A017R003_AUG000,2,4,13340,3,16,300,Bare-handed Full Lateral Raise (aug 0),train,1670,aug_0
10541,M002P004A017R003_AUG001,2,4,13341,3,16,300,Bare-handed Full Lateral Raise (aug 1),train,1670,aug_1
10542,M002P004A018R001_AUG000,2,4,13342,1,17,300,Bare-handed Cuban Press (aug 0),train,1671,aug_0
10543,M002P004A018R001_AUG001,2,4,13343,1,17,300,Bare-handed Cuban Press (aug 1),train,1671,aug_1
10544,M002P004A018R002_AUG000,2,4,13344,2,17,300,Bare-handed Cuban Press (aug 0),train,1672,aug_0
10545,M002P004A018R002_AUG001,2,4,13345,2,17,300,Bare-handed Cuban Press (aug 1),train,1672,aug_1
10546,M002P004A018R003_AUG000,2,4,13346,3,17,300,Bare-handed Cuban Press (aug 0),train,1673,aug_0
10547,M002P004A018R003_AUG001,2,4,13347,3,17,300,Bare-handed Cuban Press (aug 1),train,1673,aug_1
10548,M002P004A019R001_AUG000,2,4,13348,1,18,300,Fortune Cat (aug 0),train,1674,aug_0
10549,M002P004A019R001_AUG001,2,4,13349,1,18,300,Fortune Cat (aug 1),train,1674,aug_1
10550,M002P004A019R002_AUG000,2,4,13350,2,18,300,Fortune Cat (aug 0),train,1675,aug_0
10551,M002P004A019R002_AUG001,2,4,13351,2,18,300,Fortune Cat (aug 1),train,1675,aug_1
10552,M002P004A019R003_AUG000,2,4,13352,3,18,300,Fortune Cat (aug 0),train,1676,aug_0
10553,M002P004A019R003_AUG001,2,4,13353,3,18,300,Fortune Cat (aug 1),train,1676,aug_1
10554,M002P004A020R001_AUG000,2,4,13354,1,19,300,Dumbbell Curls (aug 0),train,1677,aug_0
10555,M002P004A020R001_AUG001,2,4,13355,1,19,300,Dumbbell Curls (aug 1),train,1677,aug_1
10556,M002P004A020R002_AUG000,2,4,13356,2,19,300,Dumbbell Curls (aug 0),train,1678,aug_0
10557,M002P004A020R002_AUG001,2,4,13357,2,19,300,Dumbbell Curls (aug 1),train,1678,aug_1
10558,M002P004A020R003_AUG000,2,4,13358,3,19,300,Dumbbell Curls (aug 0),train,1679,aug_0
10559,M002P004A020R003_AUG001,2,4,13359,3,19,300,Dumbbell Curls (aug 1),train,1679,aug_1
10560,M002P004A021R001_AUG000,2,4,13360,1,20,300,Alternate Dumbbell Curls (aug 0),train,1680,aug_0
10561,M002P004A021R001_AUG001,2,4,13361,1,20,300,Alternate Dumbbell Curls (aug 1),train,1680,aug_1
10562,M002P004A021R002_AUG000,2,4,13362,2,20,300,Alternate Dumbbell Curls (aug 0),train,1681,aug_0
10563,M002P004A021R002_AUG001,2,4,13363,2,20,300,Alternate Dumbbell Curls (aug 1),train,1681,aug_1
10564,M002P004A021R003_AUG000,2,4,13364,3,20,300,Alternate Dumbbell Curls (aug 0),train,1682,aug_0
10565,M002P004A021R003_AUG001,2,4,13365,3,20,300,Alternate Dumbbell Curls (aug 1),train,1682,aug_1
10566,M002P004A022R001_AUG000,2,4,13366,1,21,300,Right-side Kettlebell Bent-over Row (aug 0),train,1683,aug_0
10567,M002P004A022R001_AUG001,2,4,13367,1,21,300,Right-side Kettlebell Bent-over Row (aug 1),train,1683,aug_1
10568,M002P004A022R002_AUG000,2,4,13368,2,21,300,Right-side Kettlebell Bent-over Row (aug 0),train,1684,aug_0
10569,M002P004A022R002_AUG001,2,4,13369,2,21,300,Right-side Kettlebell Bent-over Row (aug 1),train,1684,aug_1
10570,M002P004A022R003_AUG000,2,4,13370,3,21,300,Right-side Kettlebell Bent-over Row (aug 0),train,1685,aug_0
10571,M002P004A022R003_AUG001,2,4,13371,3,21,300,Right-side Kettlebell Bent-over Row (aug 1),train,1685,aug_1
10572,M002P004A023R001_AUG000,2,4,13372,1,22,300,Wrist Joint Warm-up (aug 0),train,1686,aug_0
10573,M002P004A023R001_AUG001,2,4,13373,1,22,300,Wrist Joint Warm-up (aug 1),train,1686,aug_1
10574,M002P004A023R002_AUG000,2,4,13374,2,22,300,Wrist Joint Warm-up (aug 0),train,1687,aug_0
10575,M002P004A023R002_AUG001,2,4,13375,2,22,300,Wrist Joint Warm-up (aug 1),train,1687,aug_1
10576,M002P004A023R003_AUG000,2,4,13376,3,22,300,Wrist Joint Warm-up (aug 0),train,1688,aug_0
10577,M002P004A023R003_AUG001,2,4,13377,3,22,300,Wrist Joint Warm-up (aug 1),train,1688,aug_1
10578,M002P004A024R001_AUG000,2,4,13378,1,23,300,Right-side Bent-over Tricep Extension With Resistance Band (aug 0),train,1689,aug_0
10579,M002P004A024R001_AUG001,2,4,13379,1,23,300,Right-side Bent-over Tricep Extension With Resistance Band (aug 1),train,1689,aug_1
10580,M002P004A024R002_AUG000,2,4,13380,2,23,300,Right-side Bent-over Tricep Extension With Resistance Band (aug 0),train,1690,aug_0
10581,M002P004A024R002_AUG001,2,4,13381,2,23,300,Right-side Bent-over Tricep Extension With Resistance Band (aug 1),train,1690,aug_1
10582,M002P004A024R003_AUG000,2,4,13382,3,23,300,Right-side Bent-over Tricep Extension With Resistance Band (aug 0),train,1691,aug_0
10583,M002P004A024R003_AUG001,2,4,13383,3,23,300,Right-side Bent-over Tricep Extension With Resistance Band (aug 1),train,1691,aug_1
10584,M002P004A025R001_AUG000,2,4,13384,1,24,300,Bent-over Dumbbell Tricep Extension (aug 0),train,1692,aug_0
10585,M002P004A025R001_AUG001,2,4,13385,1,24,300,Bent-over Dumbbell Tricep Extension (aug 1),train,1692,aug_1
10586,M002P004A025R002_AUG000,2,4,13386,2,24,300,Bent-over Dumbbell Tricep Extension (aug 0),train,1693,aug_0
10587,M002P004A025R002_AUG001,2,4,13387,2,24,300,Bent-over Dumbbell Tricep Extension (aug 1),train,1693,aug_1
10588,M002P004A025R003_AUG000,2,4,13388,3,24,300,Bent-over Dumbbell Tricep Extension (aug 0),train,1694,aug_0
10589,M002P004A025R003_AUG001,2,4,13389,3,24,300,Bent-over Dumbbell Tricep Extension (aug 1),train,1694,aug_1
10590,M002P004A026R001_AUG000,2,4,13390,1,25,300,Nod And Raise Head (aug 0),train,1695,aug_0
10591,M002P004A026R001_AUG001,2,4,13391,1,25,300,Nod And Raise Head (aug 1),train,1695,aug_1
10592,M002P004A026R002_AUG000,2,4,13392,2,25,300,Nod And Raise Head (aug 0),train,1696,aug_0
10593,M002P004A026R002_AUG001,2,4,13393,2,25,300,Nod And Raise Head (aug 1),train,1696,aug_1
10594,M002P004A026R003_AUG000,2,4,13394,3,25,300,Nod And Raise Head (aug 0),train,1697,aug_0
10595,M002P004A026R003_AUG001,2,4,13395,3,25,300,Nod And Raise Head (aug 1),train,1697,aug_1
10596,M002P004A027R001_AUG000,2,4,13396,1,26,300,Two-way Head Turn (aug 0),train,1698,aug_0
10597,M002P004A027R001_AUG001,2,4,13397,1,26,300,Two-way Head Turn (aug 1),train,1698,aug_1
10598,M002P004A027R002_AUG000,2,4,13398,2,26,300,Two-way Head Turn (aug 0),train,1699,aug_0
10599,M002P004A027R002_AUG001,2,4,13399,2,26,300,Two-way Head Turn (aug 1),train,1699,aug_1
10600,M002P004A027R003_AUG000,2,4,13400,3,26,300,Two-way Head Turn (aug 0),train,1700,aug_0
10601,M002P004A027R003_AUG001,2,4,13401,3,26,300,Two-way Head Turn (aug 1),train,1700,aug_1
10602,M002P004A028R001_AUG000,2,4,13402,1,27,300,Shrug And Sink The Shoulders (aug 0),train,1701,aug_0
10603,M002P004A028R001_AUG001,2,4,13403,1,27,300,Shrug And Sink The Shoulders (aug 1),train,1701,aug_1
10604,M002P004A028R002_AUG000,2,4,13404,2,27,300,Shrug And Sink The Shoulders (aug 0),train,1702,aug_0
10605,M002P004A028R002_AUG001,2,4,13405,2,27,300,Shrug And Sink The Shoulders (aug 1),train,1702,aug_1
10606,M002P004A028R003_AUG000,2,4,13406,3,27,300,Shrug And Sink The Shoulders (aug 0),train,1703,aug_0
10607,M002P004A028R003_AUG001,2,4,13407,3,27,300,Shrug And Sink The Shoulders (aug 1),train,1703,aug_1
10608,M002P004A029R001_AUG000,2,4,13408,1,28,300,Four-way Nod Head (aug 0),train,1704,aug_0
10609,M002P004A029R001_AUG001,2,4,13409,1,28,300,Four-way Nod Head (aug 1),train,1704,aug_1
10610,M002P004A029R002_AUG000,2,4,13410,2,28,300,Four-way Nod Head (aug 0),train,1705,aug_0
10611,M002P004A029R002_AUG001,2,4,13411,2,28,300,Four-way Nod Head (aug 1),train,1705,aug_1
10612,M002P004A029R003_AUG000,2,4,13412,3,28,300,Four-way Nod Head (aug 0),train,1706,aug_0
10613,M002P004A029R003_AUG001,2,4,13413,3,28,300,Four-way Nod Head (aug 1),train,1706,aug_1
10614,M002P004A030R001_AUG000,2,4,13414,1,29,300,Lying Alternate Upper-half Leg Raise (aug 0),train,1707,aug_0
10615,M002P004A030R001_AUG001,2,4,13415,1,29,300,Lying Alternate Upper-half Leg Raise (aug 1),train,1707,aug_1
10616,M002P004A030R002_AUG000,2,4,13416,2,29,300,Lying Alternate Upper-half Leg Raise (aug 0),train,1708,aug_0
10617,M002P004A030R002_AUG001,2,4,13417,2,29,300,Lying Alternate Upper-half Leg Raise (aug 1),train,1708,aug_1
10618,M002P004A030R003_AUG000,2,4,13418,3,29,300,Lying Alternate Upper-half Leg Raise (aug 0),train,1709,aug_0
10619,M002P004A030R003_AUG001,2,4,13419,3,29,300,Lying Alternate Upper-half Leg Raise (aug 1),train,1709,aug_1
10620,M002P004A031R001_AUG000,2,4,13420,1,30,300,Half Roll Back (aug 0),train,1710,aug_0
10621,M002P004A031R001_AUG001,2,4,13421,1,30,300,Half Roll Back (aug 1),train,1710,aug_1
10622,M002P004A031R002_AUG000,2,4,13422,2,30,300,Half Roll Back (aug 0),train,1711,aug_0
10623,M002P004A031R002_AUG001,2,4,13423,2,30,300,Half Roll Back (aug 1),train,1711,aug_1
10624,M002P004A031R003_AUG000,2,4,13424,3,30,300,Half Roll Back (aug 0),train,1712,aug_0
10625,M002P004A031R003_AUG001,2,4,13425,3,30,300,Half Roll Back (aug 1),train,1712,aug_1
10626,M002P004A032R001_AUG000,2,4,13426,1,31,300,Kneeling Right-side Torso Twist (aug 0),train,1713,aug_0
10627,M002P004A032R001_AUG001,2,4,13427,1,31,300,Kneeling Right-side Torso Twist (aug 1),train,1713,aug_1
10628,M002P004A032R002_AUG000,2,4,13428,2,31,300,Kneeling Right-side Torso Twist (aug 0),train,1714,aug_0
10629,M002P004A032R002_AUG001,2,4,13429,2,31,300,Kneeling Right-side Torso Twist (aug 1),train,1714,aug_1
10630,M002P004A032R003_AUG000,2,4,13430,3,31,300,Kneeling Right-side Torso Twist (aug 0),train,1715,aug_0
10631,M002P004A032R003_AUG001,2,4,13431,3,31,300,Kneeling Right-side Torso Twist (aug 1),train,1715,aug_1
10632,M002P004A033R001_AUG000,2,4,13432,1,32,300,Left-side Knee Raise And Abdominal Muscles Contract (aug 0),train,1716,aug_0
10633,M002P004A033R001_AUG001,2,4,13433,1,32,300,Left-side Knee Raise And Abdominal Muscles Contract (aug 1),train,1716,aug_1
10634,M002P004A033R002_AUG000,2,4,13434,2,32,300,Left-side Knee Raise And Abdominal Muscles Contract (aug 0),train,1717,aug_0
10635,M002P004A033R002_AUG001,2,4,13435,2,32,300,Left-side Knee Raise And Abdominal Muscles Contract (aug 1),train,1717,aug_1
10636,M002P004A033R003_AUG000,2,4,13436,3,32,300,Left-side Knee Raise And Abdominal Muscles Contract (aug 0),train,1718,aug_0
10637,M002P004A033R003_AUG001,2,4,13437,3,32,300,Left-side Knee Raise And Abdominal Muscles Contract (aug 1),train,1718,aug_1
10638,M002P004A034R001_AUG000,2,4,13438,1,33,300,Kneeling Right Leg Backward Stretch (aug 0),train,1719,aug_0
10639,M002P004A034R001_AUG001,2,4,13439,1,33,300,Kneeling Right Leg Backward Stretch (aug 1),train,1719,aug_1
10640,M002P004A034R002_AUG000,2,4,13440,2,33,300,Kneeling Right Leg Backward Stretch (aug 0),train,1720,aug_0
10641,M002P004A034R002_AUG001,2,4,13441,2,33,300,Kneeling Right Leg Backward Stretch (aug 1),train,1720,aug_1
10642,M002P004A034R003_AUG000,2,4,13442,3,33,300,Kneeling Right Leg Backward Stretch (aug 0),train,1721,aug_0
10643,M002P004A034R003_AUG001,2,4,13443,3,33,300,Kneeling Right Leg Backward Stretch (aug 1),train,1721,aug_1
10644,M002P004A035R001_AUG000,2,4,13444,1,34,300,Kneeling Right Arm Raise (aug 0),train,1722,aug_0
10645,M002P004A035R001_AUG001,2,4,13445,1,34,300,Kneeling Right Arm Raise (aug 1),train,1722,aug_1
10646,M002P004A035R002_AUG000,2,4,13446,2,34,300,Kneeling Right Arm Raise (aug 0),train,1723,aug_0
10647,M002P004A035R002_AUG001,2,4,13447,2,34,300,Kneeling Right Arm Raise (aug 1),train,1723,aug_1
10648,M002P004A035R003_AUG000,2,4,13448,3,34,300,Kneeling Right Arm Raise (aug 0),train,1724,aug_0
10649,M002P004A035R003_AUG001,2,4,13449,3,34,300,Kneeling Right Arm Raise (aug 1),train,1724,aug_1
10650,M002P004A036R001_AUG000,2,4,13450,1,35,300,Shoulder Bridge (aug 0),train,1725,aug_0
10651,M002P004A036R001_AUG001,2,4,13451,1,35,300,Shoulder Bridge (aug 1),train,1725,aug_1
10652,M002P004A036R002_AUG000,2,4,13452,2,35,300,Shoulder Bridge (aug 0),train,1726,aug_0
10653,M002P004A036R002_AUG001,2,4,13453,2,35,300,Shoulder Bridge (aug 1),train,1726,aug_1
10654,M002P004A036R003_AUG000,2,4,13454,3,35,300,Shoulder Bridge (aug 0),train,1727,aug_0
10655,M002P004A036R003_AUG001,2,4,13455,3,35,300,Shoulder Bridge (aug 1),train,1727,aug_1
10656,M002P004A037R001_AUG000,2,4,13456,1,36,300,Prone Press-ups (aug 0),train,1728,aug_0
10657,M002P004A037R001_AUG001,2,4,13457,1,36,300,Prone Press-ups (aug 1),train,1728,aug_1
10658,M002P004A037R002_AUG000,2,4,13458,2,36,300,Prone Press-ups (aug 0),train,1729,aug_0
10659,M002P004A037R002_AUG001,2,4,13459,2,36,300,Prone Press-ups (aug 1),train,1729,aug_1
10660,M002P004A037R003_AUG000,2,4,13460,3,36,300,Prone Press-ups (aug 0),train,1730,aug_0
10661,M002P004A037R003_AUG001,2,4,13461,3,36,300,Prone Press-ups (aug 1),train,1730,aug_1
10662,M002P004A038R001_AUG000,2,4,13462,1,37,300,Bent-over Torso Rotation (aug 0),train,1731,aug_0
10663,M002P004A038R001_AUG001,2,4,13463,1,37,300,Bent-over Torso Rotation (aug 1),train,1731,aug_1
10664,M002P004A038R002_AUG000,2,4,13464,2,37,300,Bent-over Torso Rotation (aug 0),train,1732,aug_0
10665,M002P004A038R002_AUG001,2,4,13465,2,37,300,Bent-over Torso Rotation (aug 1),train,1732,aug_1
10666,M002P004A038R003_AUG000,2,4,13466,3,37,300,Bent-over Torso Rotation (aug 0),train,1733,aug_0
10667,M002P004A038R003_AUG001,2,4,13467,3,37,300,Bent-over Torso Rotation (aug 1),train,1733,aug_1
10668,M002P004A039R001_AUG000,2,4,13468,1,38,300,Lying Arm Pull (aug 0),train,1734,aug_0
10669,M002P004A039R001_AUG001,2,4,13469,1,38,300,Lying Arm Pull (aug 1),train,1734,aug_1
10670,M002P004A039R002_AUG000,2,4,13470,2,38,300,Lying Arm Pull (aug 0),train,1735,aug_0
10671,M002P004A039R002_AUG001,2,4,13471,2,38,300,Lying Arm Pull (aug 1),train,1735,aug_1
10672,M002P004A039R003_AUG000,2,4,13472,3,38,300,Lying Arm Pull (aug 0),train,1736,aug_0
10673,M002P004A039R003_AUG001,2,4,13473,3,38,300,Lying Arm Pull (aug 1),train,1736,aug_1
10674,M002P004A040R001_AUG000,2,4,13474,1,39,300,Prone Press Up With Torso Rotation (aug 0),train,1737,aug_0
10675,M002P004A040R001_AUG001,2,4,13475,1,39,300,Prone Press Up With Torso Rotation (aug 1),train,1737,aug_1
10676,M002P004A040R002_AUG000,2,4,13476,2,39,300,Prone Press Up With Torso Rotation (aug 0),train,1738,aug_0
10677,M002P004A040R002_AUG001,2,4,13477,2,39,300,Prone Press Up With Torso Rotation (aug 1),train,1738,aug_1
10678,M002P004A040R003_AUG000,2,4,13478,3,39,300,Prone Press Up With Torso Rotation (aug 0),train,1739,aug_0
10679,M002P004A040R003_AUG001,2,4,13479,3,39,300,Prone Press Up With Torso Rotation (aug 1),train,1739,aug_1
10680,M002P004A041R001_AUG000,2,4,13480,1,40,300,Breaststroke Push-ups (aug 0),train,1740,aug_0
10681,M002P004A041R001_AUG001,2,4,13481,1,40,300,Breaststroke Push-ups (aug 1),train,1740,aug_1
10682,M002P004A041R002_AUG000,2,4,13482,2,40,300,Breaststroke Push-ups (aug 0),train,1741,aug_0
10683,M002P004A041R002_AUG001,2,4,13483,2,40,300,Breaststroke Push-ups (aug 1),train,1741,aug_1
10684,M002P004A041R003_AUG000,2,4,13484,3,40,300,Breaststroke Push-ups (aug 0),train,1742,aug_0
10685,M002P004A041R003_AUG001,2,4,13485,3,40,300,Breaststroke Push-ups (aug 1),train,1742,aug_1
10686,M002P004A042R001_AUG000,2,4,13486,1,41,300,Sit-ups (aug 0),train,1743,aug_0
10687,M002P004A042R001_AUG001,2,4,13487,1,41,300,Sit-ups (aug 1),train,1743,aug_1
10688,M002P004A042R002_AUG000,2,4,13488,2,41,300,Sit-ups (aug 0),train,1744,aug_0
10689,M002P004A042R002_AUG001,2,4,13489,2,41,300,Sit-ups (aug 1),train,1744,aug_1
10690,M002P004A042R003_AUG000,2,4,13490,3,41,300,Sit-ups (aug 0),train,1745,aug_0
10691,M002P004A042R003_AUG001,2,4,13491,3,41,300,Sit-ups (aug 1),train,1745,aug_1
10692,M002P004A043R001_AUG000,2,4,13492,1,42,300,Side-lying Left Leg Forward Raise (aug 0),train,1746,aug_0
10693,M002P004A043R001_AUG001,2,4,13493,1,42,300,Side-lying Left Leg Forward Raise (aug 1),train,1746,aug_1
10694,M002P004A043R002_AUG000,2,4,13494,2,42,300,Side-lying Left Leg Forward Raise (aug 0),train,1747,aug_0
10695,M002P004A043R002_AUG001,2,4,13495,2,42,300,Side-lying Left Leg Forward Raise (aug 1),train,1747,aug_1
10696,M002P004A043R003_AUG000,2,4,13496,3,42,300,Side-lying Left Leg Forward Raise (aug 0),train,1748,aug_0
10697,M002P004A043R003_AUG001,2,4,13497,3,42,300,Side-lying Left Leg Forward Raise (aug 1),train,1748,aug_1
10698,M002P004A044R001_AUG000,2,4,13498,1,43,300,Right Leg Reverse Lunge (aug 0),train,1749,aug_0
10699,M002P004A044R001_AUG001,2,4,13499,1,43,300,Right Leg Reverse Lunge (aug 1),train,1749,aug_1
10700,M002P004A044R002_AUG000,2,4,13500,2,43,300,Right Leg Reverse Lunge (aug 0),train,1750,aug_0
10701,M002P004A044R002_AUG001,2,4,13501,2,43,300,Right Leg Reverse Lunge (aug 1),train,1750,aug_1
10702,M002P004A044R003_AUG000,2,4,13502,3,43,300,Right Leg Reverse Lunge (aug 0),train,1751,aug_0
10703,M002P004A044R003_AUG001,2,4,13503,3,43,300,Right Leg Reverse Lunge (aug 1),train,1751,aug_1
10704,M002P004A045R001_AUG000,2,4,13504,1,44,300,Kneeling Left Knee Lift (aug 0),train,1752,aug_0
10705,M002P004A045R001_AUG001,2,4,13505,1,44,300,Kneeling Left Knee Lift (aug 1),train,1752,aug_1
10706,M002P004A045R002_AUG000,2,4,13506,2,44,300,Kneeling Left Knee Lift (aug 0),train,1753,aug_0
10707,M002P004A045R002_AUG001,2,4,13507,2,44,300,Kneeling Left Knee Lift (aug 1),train,1753,aug_1
10708,M002P004A045R003_AUG000,2,4,13508,3,44,300,Kneeling Left Knee Lift (aug 0),train,1754,aug_0
10709,M002P004A045R003_AUG001,2,4,13509,3,44,300,Kneeling Left Knee Lift (aug 1),train,1754,aug_1
10710,M002P004A046R001_AUG000,2,4,13510,1,45,300,Alternate Reverse Lunge (aug 0),train,1755,aug_0
10711,M002P004A046R001_AUG001,2,4,13511,1,45,300,Alternate Reverse Lunge (aug 1),train,1755,aug_1
10712,M002P004A046R002_AUG000,2,4,13512,2,45,300,Alternate Reverse Lunge (aug 0),train,1756,aug_0
10713,M002P004A046R002_AUG001,2,4,13513,2,45,300,Alternate Reverse Lunge (aug 1),train,1756,aug_1
10714,M002P004A046R003_AUG000,2,4,13514,3,45,300,Alternate Reverse Lunge (aug 0),train,1757,aug_0
10715,M002P004A046R003_AUG001,2,4,13515,3,45,300,Alternate Reverse Lunge (aug 1),train,1757,aug_1
10716,M002P004A047R001_AUG000,2,4,13516,1,46,300,Side-lying Right Leg Backward Kick (aug 0),train,1758,aug_0
10717,M002P004A047R001_AUG001,2,4,13517,1,46,300,Side-lying Right Leg Backward Kick (aug 1),train,1758,aug_1
10718,M002P004A047R002_AUG000,2,4,13518,2,46,300,Side-lying Right Leg Backward Kick (aug 0),train,1759,aug_0
10719,M002P004A047R002_AUG001,2,4,13519,2,46,300,Side-lying Right Leg Backward Kick (aug 1),train,1759,aug_1
10720,M002P004A047R003_AUG000,2,4,13520,3,46,300,Side-lying Right Leg Backward Kick (aug 0),train,1760,aug_0
10721,M002P004A047R003_AUG001,2,4,13521,3,46,300,Side-lying Right Leg Backward Kick (aug 1),train,1760,aug_1
10722,M002P004A048R001_AUG000,2,4,13522,1,47,300,Left Leg Lunge With Knee Lift (aug 0),train,1761,aug_0
10723,M002P004A048R001_AUG001,2,4,13523,1,47,300,Left Leg Lunge With Knee Lift (aug 1),train,1761,aug_1
10724,M002P004A048R002_AUG000,2,4,13524,2,47,300,Left Leg Lunge With Knee Lift (aug 0),train,1762,aug_0
10725,M002P004A048R002_AUG001,2,4,13525,2,47,300,Left Leg Lunge With Knee Lift (aug 1),train,1762,aug_1
10726,M002P004A048R003_AUG000,2,4,13526,3,47,300,Left Leg Lunge With Knee Lift (aug 0),train,1763,aug_0
10727,M002P004A048R003_AUG001,2,4,13527,3,47,300,Left Leg Lunge With Knee Lift (aug 1),train,1763,aug_1
10728,M002P004A049R001_AUG000,2,4,13528,1,48,300,Sumo Squat (aug 0),train,1764,aug_0
10729,M002P004A049R001_AUG001,2,4,13529,1,48,300,Sumo Squat (aug 1),train,1764,aug_1
10730,M002P004A049R002_AUG000,2,4,13530,2,48,300,Sumo Squat (aug 0),train,1765,aug_0
10731,M002P004A049R002_AUG001,2,4,13531,2,48,300,Sumo Squat (aug 1),train,1765,aug_1
10732,M002P004A049R003_AUG000,2,4,13532,3,48,300,Sumo Squat (aug 0),train,1766,aug_0
10733,M002P004A049R003_AUG001,2,4,13533,3,48,300,Sumo Squat (aug 1),train,1766,aug_1
10734,M002P004A050R001_AUG000,2,4,13534,1,49,300,Straight Leg Calf Raise (aug 0),train,1767,aug_0
10735,M002P004A050R001_AUG001,2,4,13535,1,49,300,Straight Leg Calf Raise (aug 1),train,1767,aug_1
10736,M002P004A050R002_AUG000,2,4,13536,2,49,300,Straight Leg Calf Raise (aug 0),train,1768,aug_0
10737,M002P004A050R002_AUG001,2,4,13537,2,49,300,Straight Leg Calf Raise (aug 1),train,1768,aug_1
10738,M002P004A050R003_AUG000,2,4,13538,3,49,300,Straight Leg Calf Raise (aug 0),train,1769,aug_0
10739,M002P004A050R003_AUG001,2,4,13539,3,49,300,Straight Leg Calf Raise (aug 1),train,1769,aug_1
10740,M002P004A051R001_AUG000,2,4,13540,1,50,300,Squat Jump (aug 0),train,1770,aug_0
10741,M002P004A051R001_AUG001,2,4,13541,1,50,300,Squat Jump (aug 1),train,1770,aug_1
10742,M002P004A051R002_AUG000,2,4,13542,2,50,300,Squat Jump (aug 0),train,1771,aug_0
10743,M002P004A051R002_AUG001,2,4,13543,2,50,300,Squat Jump (aug 1),train,1771,aug_1
10744,M002P004A051R003_AUG000,2,4,13544,3,50,300,Squat Jump (aug 0),train,1772,aug_0
10745,M002P004A051R003_AUG001,2,4,13545,3,50,300,Squat Jump (aug 1),train,1772,aug_1
10746,M002P004A052R001_AUG000,2,4,13546,1,51,300,Squat With Alternate Knee Lift (aug 0),train,1773,aug_0
10747,M002P004A052R001_AUG001,2,4,13547,1,51,300,Squat With Alternate Knee Lift (aug 1),train,1773,aug_1
10748,M002P004A052R002_AUG000,2,4,13548,2,51,300,Squat With Alternate Knee Lift (aug 0),train,1774,aug_0
10749,M002P004A052R002_AUG001,2,4,13549,2,51,300,Squat With Alternate Knee Lift (aug 1),train,1774,aug_1
10750,M002P004A052R003_AUG000,2,4,13550,3,51,300,Squat With Alternate Knee Lift (aug 0),train,1775,aug_0
10751,M002P004A052R003_AUG001,2,4,13551,3,51,300,Squat With Alternate Knee Lift (aug 1),train,1775,aug_1
10752,M002P004A053R001_AUG000,2,4,13552,1,52,300,Standing Alternate Butt Kick (aug 0),train,1776,aug_0
10753,M002P004A053R001_AUG001,2,4,13553,1,52,300,Standing Alternate Butt Kick (aug 1),train,1776,aug_1
10754,M002P004A053R002_AUG000,2,4,13554,2,52,300,Standing Alternate Butt Kick (aug 0),train,1777,aug_0
10755,M002P004A053R002_AUG001,2,4,13555,2,52,300,Standing Alternate Butt Kick (aug 1),train,1777,aug_1
10756,M002P004A053R003_AUG000,2,4,13556,3,52,300,Standing Alternate Butt Kick (aug 0),train,1778,aug_0
10757,M002P004A053R003_AUG001,2,4,13557,3,52,300,Standing Alternate Butt Kick (aug 1),train,1778,aug_1
10758,M002P004A054R001_AUG000,2,4,13558,1,53,300,Knee Warm-up (aug 0),train,1779,aug_0
10759,M002P004A054R001_AUG001,2,4,13559,1,53,300,Knee Warm-up (aug 1),train,1779,aug_1
10760,M002P004A054R002_AUG000,2,4,13560,2,53,300,Knee Warm-up (aug 0),train,1780,aug_0
10761,M002P004A054R002_AUG001,2,4,13561,2,53,300,Knee Warm-up (aug 1),train,1780,aug_1
10762,M002P004A054R003_AUG000,2,4,13562,3,53,300,Knee Warm-up (aug 0),train,1781,aug_0
10763,M002P004A054R003_AUG001,2,4,13563,3,53,300,Knee Warm-up (aug 1),train,1781,aug_1
10764,M002P004A055R001_AUG000,2,4,13564,1,54,300,Butt Kicks (aug 0),train,1782,aug_0
10765,M002P004A055R001_AUG001,2,4,13565,1,54,300,Butt Kicks (aug 1),train,1782,aug_1
10766,M002P004A055R002_AUG000,2,4,13566,2,54,300,Butt Kicks (aug 0),train,1783,aug_0
10767,M002P004A055R002_AUG001,2,4,13567,2,54,300,Butt Kicks (aug 1),train,1783,aug_1
10768,M002P004A055R003_AUG000,2,4,13568,3,54,300,Butt Kicks (aug 0),train,1784,aug_0
10769,M002P004A055R003_AUG001,2,4,13569,3,54,300,Butt Kicks (aug 1),train,1784,aug_1
10770,M002P004A056R001_AUG000,2,4,13570,1,55,300,Jump Left and Right (aug 0),train,1785,aug_0
10771,M002P004A056R001_AUG001,2,4,13571,1,55,300,Jump Left and Right (aug 1),train,1785,aug_1
10772,M002P004A056R002_AUG000,2,4,13572,2,55,300,Jump Left and Right (aug 0),train,1786,aug_0
10773,M002P004A056R002_AUG001,2,4,13573,2,55,300,Jump Left and Right (aug 1),train,1786,aug_1
10774,M002P004A056R003_AUG000,2,4,13574,3,55,300,Jump Left and Right (aug 0),train,1787,aug_0
10775,M002P004A056R003_AUG001,2,4,13575,3,55,300,Jump Left and Right (aug 1),train,1787,aug_1
10776,M002P004A057R001_AUG000,2,4,13576,1,56,300,Jumping Jacks (aug 0),train,1788,aug_0
10777,M002P004A057R001_AUG001,2,4,13577,1,56,300,Jumping Jacks (aug 1),train,1788,aug_1
10778,M002P004A057R002_AUG000,2,4,13578,2,56,300,Jumping Jacks (aug 0),train,1789,aug_0
10779,M002P004A057R002_AUG001,2,4,13579,2,56,300,Jumping Jacks (aug 1),train,1789,aug_1
10780,M002P004A057R003_AUG000,2,4,13580,3,56,300,Jumping Jacks (aug 0),train,1790,aug_0
10781,M002P004A057R003_AUG001,2,4,13581,3,56,300,Jumping Jacks (aug 1),train,1790,aug_1
10782,M002P004A058R001_AUG000,2,4,13582,1,57,300,High Knee (aug 0),train,1791,aug_0
10783,M002P004A058R001_AUG001,2,4,13583,1,57,300,High Knee (aug 1),train,1791,aug_1
10784,M002P004A058R002_AUG000,2,4,13584,2,57,300,High Knee (aug 0),train,1792,aug_0
10785,M002P004A058R002_AUG001,2,4,13585,2,57,300,High Knee (aug 1),train,1792,aug_1
10786,M002P004A058R003_AUG000,2,4,13586,3,57,300,High Knee (aug 0),train,1793,aug_0
10787,M002P004A058R003_AUG001,2,4,13587,3,57,300,High Knee (aug 1),train,1793,aug_1
10788,M002P004A059R001_AUG000,2,4,13588,1,58,300,Clap Jacks (aug 0),train,1794,aug_0
10789,M002P004A059R001_AUG001,2,4,13589,1,58,300,Clap Jacks (aug 1),train,1794,aug_1
10790,M002P004A059R002_AUG000,2,4,13590,2,58,300,Clap Jacks (aug 0),train,1795,aug_0
10791,M002P004A059R002_AUG001,2,4,13591,2,58,300,Clap Jacks (aug 1),train,1795,aug_1
10792,M002P004A059R003_AUG000,2,4,13592,3,58,300,Clap Jacks (aug 0),train,1796,aug_0
10793,M002P004A059R003_AUG001,2,4,13593,3,58,300,Clap Jacks (aug 1),train,1796,aug_1
10794,M002P004A060R001_AUG000,2,4,13594,1,59,300,Run In Place With Arm Swing (aug 0),train,1797,aug_0
10795,M002P004A060R001_AUG001,2,4,13595,1,59,300,Run In Place With Arm Swing (aug 1),train,1797,aug_1
10796,M002P004A060R002_AUG000,2,4,13596,2,59,300,Run In Place With Arm Swing (aug 0),train,1798,aug_0
10797,M002P004A060R002_AUG001,2,4,13597,2,59,300,Run In Place With Arm Swing (aug 1),train,1798,aug_1
10798,M002P004A060R003_AUG000,2,4,13598,3,59,300,Run In Place With Arm Swing (aug 0),train,1799,aug_0
10799,M002P004A060R003_AUG001,2,4,13599,3,59,300,Run In Place With Arm Swing (aug 1),train,1799,aug_1
10800,M002P006A001R001_AUG000,2,6,13600,1,0,300,Svend Press (aug 0),train,1800,aug_0
10801,M002P006A001R001_AUG001,2,6,13601,1,0,300,Svend Press (aug 1),train,1800,aug_1
10802,M002P006A001R002_AUG000,2,6,13602,2,0,300,Svend Press (aug 0),train,1801,aug_0
10803,M002P006A001R002_AUG001,2,6,13603,2,0,300,Svend Press (aug 1),train,1801,aug_1
10804,M002P006A001R003_AUG000,2,6,13604,3,0,300,Svend Press (aug 0),train,1802,aug_0
10805,M002P006A001R003_AUG001,2,6,13605,3,0,300,Svend Press (aug 1),train,1802,aug_1
10806,M002P006A002R001_AUG000,2,6,13606,1,1,300,Kneeling Push-ups (aug 0),train,1803,aug_0
10807,M002P006A002R001_AUG001,2,6,13607,1,1,300,Kneeling Push-ups (aug 1),train,1803,aug_1
10808,M002P006A002R002_AUG000,2,6,13608,2,1,300,Kneeling Push-ups (aug 0),train,1804,aug_0
10809,M002P006A002R002_AUG001,2,6,13609,2,1,300,Kneeling Push-ups (aug 1),train,1804,aug_1
10810,M002P006A002R003_AUG000,2,6,13610,3,1,300,Kneeling Push-ups (aug 0),train,1805,aug_0
10811,M002P006A002R003_AUG001,2,6,13611,3,1,300,Kneeling Push-ups (aug 1),train,1805,aug_1
10812,M002P006A003R001_AUG000,2,6,13612,1,2,300,Standing Straight-arm Chest Press With Resistance Band (aug 0),train,1806,aug_0
10813,M002P006A003R001_AUG001,2,6,13613,1,2,300,Standing Straight-arm Chest Press With Resistance Band (aug 1),train,1806,aug_1
10814,M002P006A003R002_AUG000,2,6,13614,2,2,300,Standing Straight-arm Chest Press With Resistance Band (aug 0),train,1807,aug_0
10815,M002P006A003R002_AUG001,2,6,13615,2,2,300,Standing Straight-arm Chest Press With Resistance Band (aug 1),train,1807,aug_1
10816,M002P006A003R003_AUG000,2,6,13616,3,2,300,Standing Straight-arm Chest Press With Resistance Band (aug 0),train,1808,aug_0
10817,M002P006A003R003_AUG001,2,6,13617,3,2,300,Standing Straight-arm Chest Press With Resistance Band (aug 1),train,1808,aug_1
10818,M002P006A004R001_AUG000,2,6,13618,1,3,300,Small Dumbbell Floor Flies (aug 0),train,1809,aug_0
10819,M002P006A004R001_AUG001,2,6,13619,1,3,300,Small Dumbbell Floor Flies (aug 1),train,1809,aug_1
10820,M002P006A004R002_AUG000,2,6,13620,2,3,300,Small Dumbbell Floor Flies (aug 0),train,1810,aug_0
10821,M002P006A004R002_AUG001,2,6,13621,2,3,300,Small Dumbbell Floor Flies (aug 1),train,1810,aug_1
10822,M002P006A004R003_AUG000,2,6,13622,3,3,300,Small Dumbbell Floor Flies (aug 0),train,1811,aug_0
10823,M002P006A004R003_AUG001,2,6,13623,3,3,300,Small Dumbbell Floor Flies (aug 1),train,1811,aug_1
10824,M002P006A005R001_AUG000,2,6,13624,1,4,300,Chest Fly (aug 0),train,1812,aug_0
10825,M002P006A005R001_AUG001,2,6,13625,1,4,300,Chest Fly (aug 1),train,1812,aug_1
10826,M002P006A005R002_AUG000,2,6,13626,2,4,300,Chest Fly (aug 0),train,1813,aug_0
10827,M002P006A005R002_AUG001,2,6,13627,2,4,300,Chest Fly (aug 1),train,1813,aug_1
10828,M002P006A005R003_AUG000,2,6,13628,3,4,300,Chest Fly (aug 0),train,1814,aug_0
10829,M002P006A005R003_AUG001,2,6,13629,3,4,300,Chest Fly (aug 1),train,1814,aug_1
10830,M002P006A006R001_AUG000,2,6,13630,1,5,300,Push-ups (aug 0),train,1815,aug_0
10831,M002P006A006R001_AUG001,2,6,13631,1,5,300,Push-ups (aug 1),train,1815,aug_1
10832,M002P006A006R002_AUG000,2,6,13632,2,5,300,Push-ups (aug 0),train,1816,aug_0
10833,M002P006A006R002_AUG001,2,6,13633,2,5,300,Push-ups (aug 1),train,1816,aug_1
10834,M002P006A006R003_AUG000,2,6,13634,3,5,300,Push-ups (aug 0),train,1817,aug_0
10835,M002P006A006R003_AUG001,2,6,13635,3,5,300,Push-ups (aug 1),train,1817,aug_1
10836,M002P006A007R001_AUG000,2,6,13636,1,6,300,Bent-over W-shape Stretch (aug 0),train,1818,aug_0
10837,M002P006A007R001_AUG001,2,6,13637,1,6,300,Bent-over W-shape Stretch (aug 1),train,1818,aug_1
10838,M002P006A007R002_AUG000,2,6,13638,2,6,300,Bent-over W-shape Stretch (aug 0),train,1819,aug_0
10839,M002P006A007R002_AUG001,2,6,13639,2,6,300,Bent-over W-shape Stretch (aug 1),train,1819,aug_1
10840,M002P006A007R003_AUG000,2,6,13640,3,6,300,Bent-over W-shape Stretch (aug 0),train,1820,aug_0
10841,M002P006A007R003_AUG001,2,6,13641,3,6,300,Bent-over W-shape Stretch (aug 1),train,1820,aug_1
10842,M002P006A008R001_AUG000,2,6,13642,1,7,300,Bent-over Y-shape Stretch (aug 0),train,1821,aug_0
10843,M002P006A008R001_AUG001,2,6,13643,1,7,300,Bent-over Y-shape Stretch (aug 1),train,1821,aug_1
10844,M002P006A008R002_AUG000,2,6,13644,2,7,300,Bent-over Y-shape Stretch (aug 0),train,1822,aug_0
10845,M002P006A008R002_AUG001,2,6,13645,2,7,300,Bent-over Y-shape Stretch (aug 1),train,1822,aug_1
10846,M002P006A008R003_AUG000,2,6,13646,3,7,300,Bent-over Y-shape Stretch (aug 0),train,1823,aug_0
10847,M002P006A008R003_AUG001,2,6,13647,3,7,300,Bent-over Y-shape Stretch (aug 1),train,1823,aug_1
10848,M002P006A009R001_AUG000,2,6,13648,1,8,300,Bent-over A-shape Stretch (aug 0),train,1824,aug_0
10849,M002P006A009R001_AUG001,2,6,13649,1,8,300,Bent-over A-shape Stretch (aug 1),train,1824,aug_1
10850,M002P006A009R002_AUG000,2,6,13650,2,8,300,Bent-over A-shape Stretch (aug 0),train,1825,aug_0
10851,M002P006A009R002_AUG001,2,6,13651,2,8,300,Bent-over A-shape Stretch (aug 1),train,1825,aug_1
10852,M002P006A009R003_AUG000,2,6,13652,3,8,300,Bent-over A-shape Stretch (aug 0),train,1826,aug_0
10853,M002P006A009R003_AUG001,2,6,13653,3,8,300,Bent-over A-shape Stretch (aug 1),train,1826,aug_1
10854,M002P006A010R001_AUG000,2,6,13654,1,9,300,Squat With Arm Lift (aug 0),train,1827,aug_0
10855,M002P006A010R001_AUG001,2,6,13655,1,9,300,Squat With Arm Lift (aug 1),train,1827,aug_1
10856,M002P006A010R002_AUG000,2,6,13656,2,9,300,Squat With Arm Lift (aug 0),train,1828,aug_0
10857,M002P006A010R002_AUG001,2,6,13657,2,9,300,Squat With Arm Lift (aug 1),train,1828,aug_1
10858,M002P006A010R003_AUG000,2,6,13658,3,9,300,Squat With Arm Lift (aug 0),train,1829,aug_0
10859,M002P006A010R003_AUG001,2,6,13659,3,9,300,Squat With Arm Lift (aug 1),train,1829,aug_1
10860,M002P006A011R001_AUG000,2,6,13660,1,10,300,Breaststroke Arm Pull (aug 0),train,1830,aug_0
10861,M002P006A011R001_AUG001,2,6,13661,1,10,300,Breaststroke Arm Pull (aug 1),train,1830,aug_1
10862,M002P006A011R002_AUG000,2,6,13662,2,10,300,Breaststroke Arm Pull (aug 0),train,1831,aug_0
10863,M002P006A011R002_AUG001,2,6,13663,2,10,300,Breaststroke Arm Pull (aug 1),train,1831,aug_1
10864,M002P006A011R003_AUG000,2,6,13664,3,10,300,Breaststroke Arm Pull (aug 0),train,1832,aug_0
10865,M002P006A011R003_AUG001,2,6,13665,3,10,300,Breaststroke Arm Pull (aug 1),train,1832,aug_1
10866,M002P006A012R001_AUG000,2,6,13666,1,11,300,Prone Y-shape Stretch (aug 0),train,1833,aug_0
10867,M002P006A012R001_AUG001,2,6,13667,1,11,300,Prone Y-shape Stretch (aug 1),train,1833,aug_1
10868,M002P006A012R002_AUG000,2,6,13668,2,11,300,Prone Y-shape Stretch (aug 0),train,1834,aug_0
10869,M002P006A012R002_AUG001,2,6,13669,2,11,300,Prone Y-shape Stretch (aug 1),train,1834,aug_1
10870,M002P006A012R003_AUG000,2,6,13670,3,11,300,Prone Y-shape Stretch (aug 0),train,1835,aug_0
10871,M002P006A012R003_AUG001,2,6,13671,3,11,300,Prone Y-shape Stretch (aug 1),train,1835,aug_1
10872,M002P006A013R001_AUG000,2,6,13672,1,12,300,Lateral Raise Forward Circles (aug 0),train,1836,aug_0
10873,M002P006A013R001_AUG001,2,6,13673,1,12,300,Lateral Raise Forward Circles (aug 1),train,1836,aug_1
10874,M002P006A013R002_AUG000,2,6,13674,2,12,300,Lateral Raise Forward Circles (aug 0),train,1837,aug_0
10875,M002P006A013R002_AUG001,2,6,13675,2,12,300,Lateral Raise Forward Circles (aug 1),train,1837,aug_1
10876,M002P006A013R003_AUG000,2,6,13676,3,12,300,Lateral Raise Forward Circles (aug 0),train,1838,aug_0
10877,M002P006A013R003_AUG001,2,6,13677,3,12,300,Lateral Raise Forward Circles (aug 1),train,1838,aug_1
10878,M002P006A014R001_AUG000,2,6,13678,1,13,300,Lateral Raise Backward Circles (aug 0),train,1839,aug_0
10879,M002P006A014R001_AUG001,2,6,13679,1,13,300,Lateral Raise Backward Circles (aug 1),train,1839,aug_1
10880,M002P006A014R002_AUG000,2,6,13680,2,13,300,Lateral Raise Backward Circles (aug 0),train,1840,aug_0
10881,M002P006A014R002_AUG001,2,6,13681,2,13,300,Lateral Raise Backward Circles (aug 1),train,1840,aug_1
10882,M002P006A014R003_AUG000,2,6,13682,3,13,300,Lateral Raise Backward Circles (aug 0),train,1841,aug_0
10883,M002P006A014R003_AUG001,2,6,13683,3,13,300,Lateral Raise Backward Circles (aug 1),train,1841,aug_1
10884,M002P006A015R001_AUG000,2,6,13684,1,14,300,Lying Shoulder Joint Upward Round (aug 0),train,1842,aug_0
10885,M002P006A015R001_AUG001,2,6,13685,1,14,300,Lying Shoulder Joint Upward Round (aug 1),train,1842,aug_1
10886,M002P006A015R002_AUG000,2,6,13686,2,14,300,Lying Shoulder Joint Upward Round (aug 0),train,1843,aug_0
10887,M002P006A015R002_AUG001,2,6,13687,2,14,300,Lying Shoulder Joint Upward Round (aug 1),train,1843,aug_1
10888,M002P006A015R003_AUG000,2,6,13688,3,14,300,Lying Shoulder Joint Upward Round (aug 0),train,1844,aug_0
10889,M002P006A015R003_AUG001,2,6,13689,3,14,300,Lying Shoulder Joint Upward Round (aug 1),train,1844,aug_1
10890,M002P006A016R001_AUG000,2,6,13690,1,15,300,Lying Shoulder Joint Downward Round (aug 0),train,1845,aug_0
10891,M002P006A016R001_AUG001,2,6,13691,1,15,300,Lying Shoulder Joint Downward Round (aug 1),train,1845,aug_1
10892,M002P006A016R002_AUG000,2,6,13692,2,15,300,Lying Shoulder Joint Downward Round (aug 0),train,1846,aug_0
10893,M002P006A016R002_AUG001,2,6,13693,2,15,300,Lying Shoulder Joint Downward Round (aug 1),train,1846,aug_1
10894,M002P006A016R003_AUG000,2,6,13694,3,15,300,Lying Shoulder Joint Downward Round (aug 0),train,1847,aug_0
10895,M002P006A016R003_AUG001,2,6,13695,3,15,300,Lying Shoulder Joint Downward Round (aug 1),train,1847,aug_1
10896,M002P006A017R001_AUG000,2,6,13696,1,16,300,Bare-handed Full Lateral Raise (aug 0),train,1848,aug_0
10897,M002P006A017R001_AUG001,2,6,13697,1,16,300,Bare-handed Full Lateral Raise (aug 1),train,1848,aug_1
10898,M002P006A017R002_AUG000,2,6,13698,2,16,300,Bare-handed Full Lateral Raise (aug 0),train,1849,aug_0
10899,M002P006A017R002_AUG001,2,6,13699,2,16,300,Bare-handed Full Lateral Raise (aug 1),train,1849,aug_1
10900,M002P006A017R003_AUG000,2,6,13700,3,16,300,Bare-handed Full Lateral Raise (aug 0),train,1850,aug_0
10901,M002P006A017R003_AUG001,2,6,13701,3,16,300,Bare-handed Full Lateral Raise (aug 1),train,1850,aug_1
10902,M002P006A018R001_AUG000,2,6,13702,1,17,300,Bare-handed Cuban Press (aug 0),train,1851,aug_0
10903,M002P006A018R001_AUG001,2,6,13703,1,17,300,Bare-handed Cuban Press (aug 1),train,1851,aug_1
10904,M002P006A018R002_AUG000,2,6,13704,2,17,300,Bare-handed Cuban Press (aug 0),train,1852,aug_0
10905,M002P006A018R002_AUG001,2,6,13705,2,17,300,Bare-handed Cuban Press (aug 1),train,1852,aug_1
10906,M002P006A018R003_AUG000,2,6,13706,3,17,300,Bare-handed Cuban Press (aug 0),train,1853,aug_0
10907,M002P006A018R003_AUG001,2,6,13707,3,17,300,Bare-handed Cuban Press (aug 1),train,1853,aug_1
10908,M002P006A019R001_AUG000,2,6,13708,1,18,300,Fortune Cat (aug 0),train,1854,aug_0
10909,M002P006A019R001_AUG001,2,6,13709,1,18,300,Fortune Cat (aug 1),train,1854,aug_1
10910,M002P006A019R002_AUG000,2,6,13710,2,18,300,Fortune Cat (aug 0),train,1855,aug_0
10911,M002P006A019R002_AUG001,2,6,13711,2,18,300,Fortune Cat (aug 1),train,1855,aug_1
10912,M002P006A019R003_AUG000,2,6,13712,3,18,300,Fortune Cat (aug 0),train,1856,aug_0
10913,M002P006A019R003_AUG001,2,6,13713,3,18,300,Fortune Cat (aug 1),train,1856,aug_1
10914,M002P006A020R001_AUG000,2,6,13714,1,19,300,Dumbbell Curls (aug 0),train,1857,aug_0
10915,M002P006A020R001_AUG001,2,6,13715,1,19,300,Dumbbell Curls (aug 1),train,1857,aug_1
10916,M002P006A020R002_AUG000,2,6,13716,2,19,300,Dumbbell Curls (aug 0),train,1858,aug_0
10917,M002P006A020R002_AUG001,2,6,13717,2,19,300,Dumbbell Curls (aug 1),train,1858,aug_1
10918,M002P006A020R003_AUG000,2,6,13718,3,19,300,Dumbbell Curls (aug 0),train,1859,aug_0
10919,M002P006A020R003_AUG001,2,6,13719,3,19,300,Dumbbell Curls (aug 1),train,1859,aug_1
10920,M002P006A021R001_AUG000,2,6,13720,1,20,300,Alternate Dumbbell Curls (aug 0),train,1860,aug_0
10921,M002P006A021R001_AUG001,2,6,13721,1,20,300,Alternate Dumbbell Curls (aug 1),train,1860,aug_1
10922,M002P006A021R002_AUG000,2,6,13722,2,20,300,Alternate Dumbbell Curls (aug 0),train,1861,aug_0
10923,M002P006A021R002_AUG001,2,6,13723,2,20,300,Alternate Dumbbell Curls (aug 1),train,1861,aug_1
10924,M002P006A021R003_AUG000,2,6,13724,3,20,300,Alternate Dumbbell Curls (aug 0),train,1862,aug_0
10925,M002P006A021R003_AUG001,2,6,13725,3,20,300,Alternate Dumbbell Curls (aug 1),train,1862,aug_1
10926,M002P006A022R001_AUG000,2,6,13726,1,21,300,Right-side Kettlebell Bent-over Row (aug 0),train,1863,aug_0
10927,M002P006A022R001_AUG001,2,6,13727,1,21,300,Right-side Kettlebell Bent-over Row (aug 1),train,1863,aug_1
10928,M002P006A022R002_AUG000,2,6,13728,2,21,300,Right-side Kettlebell Bent-over Row (aug 0),train,1864,aug_0
10929,M002P006A022R002_AUG001,2,6,13729,2,21,300,Right-side Kettlebell Bent-over Row (aug 1),train,1864,aug_1
10930,M002P006A022R003_AUG000,2,6,13730,3,21,300,Right-side Kettlebell Bent-over Row (aug 0),train,1865,aug_0
10931,M002P006A022R003_AUG001,2,6,13731,3,21,300,Right-side Kettlebell Bent-over Row (aug 1),train,1865,aug_1
10932,M002P006A023R001_AUG000,2,6,13732,1,22,300,Wrist Joint Warm-up (aug 0),train,1866,aug_0
10933,M002P006A023R001_AUG001,2,6,13733,1,22,300,Wrist Joint Warm-up (aug 1),train,1866,aug_1
10934,M002P006A023R002_AUG000,2,6,13734,2,22,300,Wrist Joint Warm-up (aug 0),train,1867,aug_0
10935,M002P006A023R002_AUG001,2,6,13735,2,22,300,Wrist Joint Warm-up (aug 1),train,1867,aug_1
10936,M002P006A023R003_AUG000,2,6,13736,3,22,300,Wrist Joint Warm-up (aug 0),train,1868,aug_0
10937,M002P006A023R003_AUG001,2,6,13737,3,22,300,Wrist Joint Warm-up (aug 1),train,1868,aug_1
10938,M002P006A024R001_AUG000,2,6,13738,1,23,300,Right-side Bent-over Tricep Extension With Resistance Band (aug 0),train,1869,aug_0
10939,M002P006A024R001_AUG001,2,6,13739,1,23,300,Right-side Bent-over Tricep Extension With Resistance Band (aug 1),train,1869,aug_1
10940,M002P006A024R002_AUG000,2,6,13740,2,23,300,Right-side Bent-over Tricep Extension With Resistance Band (aug 0),train,1870,aug_0
10941,M002P006A024R002_AUG001,2,6,13741,2,23,300,Right-side Bent-over Tricep Extension With Resistance Band (aug 1),train,1870,aug_1
10942,M002P006A024R003_AUG000,2,6,13742,3,23,300,Right-side Bent-over Tricep Extension With Resistance Band (aug 0),train,1871,aug_0
10943,M002P006A024R003_AUG001,2,6,13743,3,23,300,Right-side Bent-over Tricep Extension With Resistance Band (aug 1),train,1871,aug_1
10944,M002P006A025R001_AUG000,2,6,13744,1,24,300,Bent-over Dumbbell Tricep Extension (aug 0),train,1872,aug_0
10945,M002P006A025R001_AUG001,2,6,13745,1,24,300,Bent-over Dumbbell Tricep Extension (aug 1),train,1872,aug_1
10946,M002P006A025R002_AUG000,2,6,13746,2,24,300,Bent-over Dumbbell Tricep Extension (aug 0),train,1873,aug_0
10947,M002P006A025R002_AUG001,2,6,13747,2,24,300,Bent-over Dumbbell Tricep Extension (aug 1),train,1873,aug_1
10948,M002P006A025R003_AUG000,2,6,13748,3,24,300,Bent-over Dumbbell Tricep Extension (aug 0),train,1874,aug_0
10949,M002P006A025R003_AUG001,2,6,13749,3,24,300,Bent-over Dumbbell Tricep Extension (aug 1),train,1874,aug_1
10950,M002P006A026R001_AUG000,2,6,13750,1,25,300,Nod And Raise Head (aug 0),train,1875,aug_0
10951,M002P006A026R001_AUG001,2,6,13751,1,25,300,Nod And Raise Head (aug 1),train,1875,aug_1
10952,M002P006A026R002_AUG000,2,6,13752,2,25,300,Nod And Raise Head (aug 0),train,1876,aug_0
10953,M002P006A026R002_AUG001,2,6,13753,2,25,300,Nod And Raise Head (aug 1),train,1876,aug_1
10954,M002P006A026R003_AUG000,2,6,13754,3,25,300,Nod And Raise Head (aug 0),train,1877,aug_0
10955,M002P006A026R003_AUG001,2,6,13755,3,25,300,Nod And Raise Head (aug 1),train,1877,aug_1
10956,M002P006A027R001_AUG000,2,6,13756,1,26,300,Two-way Head Turn (aug 0),train,1878,aug_0
10957,M002P006A027R001_AUG001,2,6,13757,1,26,300,Two-way Head Turn (aug 1),train,1878,aug_1
10958,M002P006A027R002_AUG000,2,6,13758,2,26,300,Two-way Head Turn (aug 0),train,1879,aug_0
10959,M002P006A027R002_AUG001,2,6,13759,2,26,300,Two-way Head Turn (aug 1),train,1879,aug_1
10960,M002P006A027R003_AUG000,2,6,13760,3,26,300,Two-way Head Turn (aug 0),train,1880,aug_0
10961,M002P006A027R003_AUG001,2,6,13761,3,26,300,Two-way Head Turn (aug 1),train,1880,aug_1
10962,M002P006A028R001_AUG000,2,6,13762,1,27,300,Shrug And Sink The Shoulders (aug 0),train,1881,aug_0
10963,M002P006A028R001_AUG001,2,6,13763,1,27,300,Shrug And Sink The Shoulders (aug 1),train,1881,aug_1
10964,M002P006A028R002_AUG000,2,6,13764,2,27,300,Shrug And Sink The Shoulders (aug 0),train,1882,aug_0
10965,M002P006A028R002_AUG001,2,6,13765,2,27,300,Shrug And Sink The Shoulders (aug 1),train,1882,aug_1
10966,M002P006A028R003_AUG000,2,6,13766,3,27,300,Shrug And Sink The Shoulders (aug 0),train,1883,aug_0
10967,M002P006A028R003_AUG001,2,6,13767,3,27,300,Shrug And Sink The Shoulders (aug 1),train,1883,aug_1
10968,M002P006A029R001_AUG000,2,6,13768,1,28,300,Four-way Nod Head (aug 0),train,1884,aug_0
10969,M002P006A029R001_AUG001,2,6,13769,1,28,300,Four-way Nod Head (aug 1),train,1884,aug_1
10970,M002P006A029R002_AUG000,2,6,13770,2,28,300,Four-way Nod Head (aug 0),train,1885,aug_0
10971,M002P006A029R002_AUG001,2,6,13771,2,28,300,Four-way Nod Head (aug 1),train,1885,aug_1
10972,M002P006A029R003_AUG000,2,6,13772,3,28,300,Four-way Nod Head (aug 0),train,1886,aug_0
10973,M002P006A029R003_AUG001,2,6,13773,3,28,300,Four-way Nod Head (aug 1),train,1886,aug_1
10974,M002P006A030R001_AUG000,2,6,13774,1,29,300,Lying Alternate Upper-half Leg Raise (aug 0),train,1887,aug_0
10975,M002P006A030R001_AUG001,2,6,13775,1,29,300,Lying Alternate Upper-half Leg Raise (aug 1),train,1887,aug_1
10976,M002P006A030R002_AUG000,2,6,13776,2,29,300,Lying Alternate Upper-half Leg Raise (aug 0),train,1888,aug_0
10977,M002P006A030R002_AUG001,2,6,13777,2,29,300,Lying Alternate Upper-half Leg Raise (aug 1),train,1888,aug_1
10978,M002P006A030R003_AUG000,2,6,13778,3,29,300,Lying Alternate Upper-half Leg Raise (aug 0),train,1889,aug_0
10979,M002P006A030R003_AUG001,2,6,13779,3,29,300,Lying Alternate Upper-half Leg Raise (aug 1),train,1889,aug_1
10980,M002P006A031R001_AUG000,2,6,13780,1,30,300,Half Roll Back (aug 0),train,1890,aug_0
10981,M002P006A031R001_AUG001,2,6,13781,1,30,300,Half Roll Back (aug 1),train,1890,aug_1
10982,M002P006A031R002_AUG000,2,6,13782,2,30,300,Half Roll Back (aug 0),train,1891,aug_0
10983,M002P006A031R002_AUG001,2,6,13783,2,30,300,Half Roll Back (aug 1),train,1891,aug_1
10984,M002P006A031R003_AUG000,2,6,13784,3,30,300,Half Roll Back (aug 0),train,1892,aug_0
10985,M002P006A031R003_AUG001,2,6,13785,3,30,300,Half Roll Back (aug 1),train,1892,aug_1
10986,M002P006A032R001_AUG000,2,6,13786,1,31,300,Kneeling Right-side Torso Twist (aug 0),train,1893,aug_0
10987,M002P006A032R001_AUG001,2,6,13787,1,31,300,Kneeling Right-side Torso Twist (aug 1),train,1893,aug_1
10988,M002P006A032R002_AUG000,2,6,13788,2,31,300,Kneeling Right-side Torso Twist (aug 0),train,1894,aug_0
10989,M002P006A032R002_AUG001,2,6,13789,2,31,300,Kneeling Right-side Torso Twist (aug 1),train,1894,aug_1
10990,M002P006A032R003_AUG000,2,6,13790,3,31,300,Kneeling Right-side Torso Twist (aug 0),train,1895,aug_0
10991,M002P006A032R003_AUG001,2,6,13791,3,31,300,Kneeling Right-side Torso Twist (aug 1),train,1895,aug_1
10992,M002P006A033R001_AUG000,2,6,13792,1,32,300,Left-side Knee Raise And Abdominal Muscles Contract (aug 0),train,1896,aug_0
10993,M002P006A033R001_AUG001,2,6,13793,1,32,300,Left-side Knee Raise And Abdominal Muscles Contract (aug 1),train,1896,aug_1
10994,M002P006A033R002_AUG000,2,6,13794,2,32,300,Left-side Knee Raise And Abdominal Muscles Contract (aug 0),train,1897,aug_0
10995,M002P006A033R002_AUG001,2,6,13795,2,32,300,Left-side Knee Raise And Abdominal Muscles Contract (aug 1),train,1897,aug_1
10996,M002P006A033R003_AUG000,2,6,13796,3,32,300,Left-side Knee Raise And Abdominal Muscles Contract (aug 0),train,1898,aug_0
10997,M002P006A033R003_AUG001,2,6,13797,3,32,300,Left-side Knee Raise And Abdominal Muscles Contract (aug 1),train,1898,aug_1
10998,M002P006A034R001_AUG000,2,6,13798,1,33,300,Kneeling Right Leg Backward Stretch (aug 0),train,1899,aug_0
10999,M002P006A034R001_AUG001,2,6,13799,1,33,300,Kneeling Right Leg Backward Stretch (aug 1),train,1899,aug_1
11000,M002P006A034R002_AUG000,2,6,13800,2,33,300,Kneeling Right Leg Backward Stretch (aug 0),train,1900,aug_0
11001,M002P006A034R002_AUG001,2,6,13801,2,33,300,Kneeling Right Leg Backward Stretch (aug 1),train,1900,aug_1
11002,M002P006A034R003_AUG000,2,6,13802,3,33,300,Kneeling Right Leg Backward Stretch (aug 0),train,1901,aug_0
11003,M002P006A034R003_AUG001,2,6,13803,3,33,300,Kneeling Right Leg Backward Stretch (aug 1),train,1901,aug_1
11004,M002P006A035R001_AUG000,2,6,13804,1,34,300,Kneeling Right Arm Raise (aug 0),train,1902,aug_0
11005,M002P006A035R001_AUG001,2,6,13805,1,34,300,Kneeling Right Arm Raise (aug 1),train,1902,aug_1
11006,M002P006A035R002_AUG000,2,6,13806,2,34,300,Kneeling Right Arm Raise (aug 0),train,1903,aug_0
11007,M002P006A035R002_AUG001,2,6,13807,2,34,300,Kneeling Right Arm Raise (aug 1),train,1903,aug_1
11008,M002P006A035R003_AUG000,2,6,13808,3,34,300,Kneeling Right Arm Raise (aug 0),train,1904,aug_0
11009,M002P006A035R003_AUG001,2,6,13809,3,34,300,Kneeling Right Arm Raise (aug 1),train,1904,aug_1
11010,M002P006A036R001_AUG000,2,6,13810,1,35,300,Shoulder Bridge (aug 0),train,1905,aug_0
11011,M002P006A036R001_AUG001,2,6,13811,1,35,300,Shoulder Bridge (aug 1),train,1905,aug_1
11012,M002P006A036R002_AUG000,2,6,13812,2,35,300,Shoulder Bridge (aug 0),train,1906,aug_0
11013,M002P006A036R002_AUG001,2,6,13813,2,35,300,Shoulder Bridge (aug 1),train,1906,aug_1
11014,M002P006A036R003_AUG000,2,6,13814,3,35,300,Shoulder Bridge (aug 0),train,1907,aug_0
11015,M002P006A036R003_AUG001,2,6,13815,3,35,300,Shoulder Bridge (aug 1),train,1907,aug_1
11016,M002P006A037R001_AUG000,2,6,13816,1,36,300,Prone Press-ups (aug 0),train,1908,aug_0
11017,M002P006A037R001_AUG001,2,6,13817,1,36,300,Prone Press-ups (aug 1),train,1908,aug_1
11018,M002P006A037R002_AUG000,2,6,13818,2,36,300,Prone Press-ups (aug 0),train,1909,aug_0
11019,M002P006A037R002_AUG001,2,6,13819,2,36,300,Prone Press-ups (aug 1),train,1909,aug_1
11020,M002P006A037R003_AUG000,2,6,13820,3,36,300,Prone Press-ups (aug 0),train,1910,aug_0
11021,M002P006A037R003_AUG001,2,6,13821,3,36,300,Prone Press-ups (aug 1),train,1910,aug_1
11022,M002P006A038R001_AUG000,2,6,13822,1,37,300,Bent-over Torso Rotation (aug 0),train,1911,aug_0
11023,M002P006A038R001_AUG001,2,6,13823,1,37,300,Bent-over Torso Rotation (aug 1),train,1911,aug_1
11024,M002P006A038R002_AUG000,2,6,13824,2,37,300,Bent-over Torso Rotation (aug 0),train,1912,aug_0
11025,M002P006A038R002_AUG001,2,6,13825,2,37,300,Bent-over Torso Rotation (aug 1),train,1912,aug_1
11026,M002P006A038R003_AUG000,2,6,13826,3,37,300,Bent-over Torso Rotation (aug 0),train,1913,aug_0
11027,M002P006A038R003_AUG001,2,6,13827,3,37,300,Bent-over Torso Rotation (aug 1),train,1913,aug_1
11028,M002P006A039R001_AUG000,2,6,13828,1,38,300,Lying Arm Pull (aug 0),train,1914,aug_0
11029,M002P006A039R001_AUG001,2,6,13829,1,38,300,Lying Arm Pull (aug 1),train,1914,aug_1
11030,M002P006A039R002_AUG000,2,6,13830,2,38,300,Lying Arm Pull (aug 0),train,1915,aug_0
11031,M002P006A039R002_AUG001,2,6,13831,2,38,300,Lying Arm Pull (aug 1),train,1915,aug_1
11032,M002P006A039R003_AUG000,2,6,13832,3,38,300,Lying Arm Pull (aug 0),train,1916,aug_0
11033,M002P006A039R003_AUG001,2,6,13833,3,38,300,Lying Arm Pull (aug 1),train,1916,aug_1
11034,M002P006A040R001_AUG000,2,6,13834,1,39,300,Prone Press Up With Torso Rotation (aug 0),train,1917,aug_0
11035,M002P006A040R001_AUG001,2,6,13835,1,39,300,Prone Press Up With Torso Rotation (aug 1),train,1917,aug_1
11036,M002P006A040R002_AUG000,2,6,13836,2,39,300,Prone Press Up With Torso Rotation (aug 0),train,1918,aug_0
11037,M002P006A040R002_AUG001,2,6,13837,2,39,300,Prone Press Up With Torso Rotation (aug 1),train,1918,aug_1
11038,M002P006A040R003_AUG000,2,6,13838,3,39,300,Prone Press Up With Torso Rotation (aug 0),train,1919,aug_0
11039,M002P006A040R003_AUG001,2,6,13839,3,39,300,Prone Press Up With Torso Rotation (aug 1),train,1919,aug_1
11040,M002P006A041R001_AUG000,2,6,13840,1,40,300,Breaststroke Push-ups (aug 0),train,1920,aug_0
11041,M002P006A041R001_AUG001,2,6,13841,1,40,300,Breaststroke Push-ups (aug 1),train,1920,aug_1
11042,M002P006A041R002_AUG000,2,6,13842,2,40,300,Breaststroke Push-ups (aug 0),train,1921,aug_0
11043,M002P006A041R002_AUG001,2,6,13843,2,40,300,Breaststroke Push-ups (aug 1),train,1921,aug_1
11044,M002P006A041R003_AUG000,2,6,13844,3,40,300,Breaststroke Push-ups (aug 0),train,1922,aug_0
11045,M002P006A041R003_AUG001,2,6,13845,3,40,300,Breaststroke Push-ups (aug 1),train,1922,aug_1
11046,M002P006A042R001_AUG000,2,6,13846,1,41,300,Sit-ups (aug 0),train,1923,aug_0
11047,M002P006A042R001_AUG001,2,6,13847,1,41,300,Sit-ups (aug 1),train,1923,aug_1
11048,M002P006A042R002_AUG000,2,6,13848,2,41,300,Sit-ups (aug 0),train,1924,aug_0
11049,M002P006A042R002_AUG001,2,6,13849,2,41,300,Sit-ups (aug 1),train,1924,aug_1
11050,M002P006A042R003_AUG000,2,6,13850,3,41,300,Sit-ups (aug 0),train,1925,aug_0
11051,M002P006A042R003_AUG001,2,6,13851,3,41,300,Sit-ups (aug 1),train,1925,aug_1
11052,M002P006A043R001_AUG000,2,6,13852,1,42,300,Side-lying Left Leg Forward Raise (aug 0),train,1926,aug_0
11053,M002P006A043R001_AUG001,2,6,13853,1,42,300,Side-lying Left Leg Forward Raise (aug 1),train,1926,aug_1
11054,M002P006A043R002_AUG000,2,6,13854,2,42,300,Side-lying Left Leg Forward Raise (aug 0),train,1927,aug_0
11055,M002P006A043R002_AUG001,2,6,13855,2,42,300,Side-lying Left Leg Forward Raise (aug 1),train,1927,aug_1
11056,M002P006A043R003_AUG000,2,6,13856,3,42,300,Side-lying Left Leg Forward Raise (aug 0),train,1928,aug_0
11057,M002P006A043R003_AUG001,2,6,13857,3,42,300,Side-lying Left Leg Forward Raise (aug 1),train,1928,aug_1
11058,M002P006A044R001_AUG000,2,6,13858,1,43,300,Right Leg Reverse Lunge (aug 0),train,1929,aug_0
11059,M002P006A044R001_AUG001,2,6,13859,1,43,300,Right Leg Reverse Lunge (aug 1),train,1929,aug_1
11060,M002P006A044R002_AUG000,2,6,13860,2,43,300,Right Leg Reverse Lunge (aug 0),train,1930,aug_0
11061,M002P006A044R002_AUG001,2,6,13861,2,43,300,Right Leg Reverse Lunge (aug 1),train,1930,aug_1
11062,M002P006A044R003_AUG000,2,6,13862,3,43,300,Right Leg Reverse Lunge (aug 0),train,1931,aug_0
11063,M002P006A044R003_AUG001,2,6,13863,3,43,300,Right Leg Reverse Lunge (aug 1),train,1931,aug_1
11064,M002P006A045R001_AUG000,2,6,13864,1,44,300,Kneeling Left Knee Lift (aug 0),train,1932,aug_0
11065,M002P006A045R001_AUG001,2,6,13865,1,44,300,Kneeling Left Knee Lift (aug 1),train,1932,aug_1
11066,M002P006A045R002_AUG000,2,6,13866,2,44,300,Kneeling Left Knee Lift (aug 0),train,1933,aug_0
11067,M002P006A045R002_AUG001,2,6,13867,2,44,300,Kneeling Left Knee Lift (aug 1),train,1933,aug_1
11068,M002P006A045R003_AUG000,2,6,13868,3,44,300,Kneeling Left Knee Lift (aug 0),train,1934,aug_0
11069,M002P006A045R003_AUG001,2,6,13869,3,44,300,Kneeling Left Knee Lift (aug 1),train,1934,aug_1
11070,M002P006A046R001_AUG000,2,6,13870,1,45,300,Alternate Reverse Lunge (aug 0),train,1935,aug_0
11071,M002P006A046R001_AUG001,2,6,13871,1,45,300,Alternate Reverse Lunge (aug 1),train,1935,aug_1
11072,M002P006A046R002_AUG000,2,6,13872,2,45,300,Alternate Reverse Lunge (aug 0),train,1936,aug_0
11073,M002P006A046R002_AUG001,2,6,13873,2,45,300,Alternate Reverse Lunge (aug 1),train,1936,aug_1
11074,M002P006A046R003_AUG000,2,6,13874,3,45,300,Alternate Reverse Lunge (aug 0),train,1937,aug_0
11075,M002P006A046R003_AUG001,2,6,13875,3,45,300,Alternate Reverse Lunge (aug 1),train,1937,aug_1
11076,M002P006A047R001_AUG000,2,6,13876,1,46,300,Side-lying Right Leg Backward Kick (aug 0),train,1938,aug_0
11077,M002P006A047R001_AUG001,2,6,13877,1,46,300,Side-lying Right Leg Backward Kick (aug 1),train,1938,aug_1
11078,M002P006A047R002_AUG000,2,6,13878,2,46,300,Side-lying Right Leg Backward Kick (aug 0),train,1939,aug_0
11079,M002P006A047R002_AUG001,2,6,13879,2,46,300,Side-lying Right Leg Backward Kick (aug 1),train,1939,aug_1
11080,M002P006A047R003_AUG000,2,6,13880,3,46,300,Side-lying Right Leg Backward Kick (aug 0),train,1940,aug_0
11081,M002P006A047R003_AUG001,2,6,13881,3,46,300,Side-lying Right Leg Backward Kick (aug 1),train,1940,aug_1
11082,M002P006A048R001_AUG000,2,6,13882,1,47,300,Left Leg Lunge With Knee Lift (aug 0),train,1941,aug_0
11083,M002P006A048R001_AUG001,2,6,13883,1,47,300,Left Leg Lunge With Knee Lift (aug 1),train,1941,aug_1
11084,M002P006A048R002_AUG000,2,6,13884,2,47,300,Left Leg Lunge With Knee Lift (aug 0),train,1942,aug_0
11085,M002P006A048R002_AUG001,2,6,13885,2,47,300,Left Leg Lunge With Knee Lift (aug 1),train,1942,aug_1
11086,M002P006A048R003_AUG000,2,6,13886,3,47,300,Left Leg Lunge With Knee Lift (aug 0),train,1943,aug_0
11087,M002P006A048R003_AUG001,2,6,13887,3,47,300,Left Leg Lunge With Knee Lift (aug 1),train,1943,aug_1
11088,M002P006A049R001_AUG000,2,6,13888,1,48,300,Sumo Squat (aug 0),train,1944,aug_0
11089,M002P006A049R001_AUG001,2,6,13889,1,48,300,Sumo Squat (aug 1),train,1944,aug_1
11090,M002P006A049R002_AUG000,2,6,13890,2,48,300,Sumo Squat (aug 0),train,1945,aug_0
11091,M002P006A049R002_AUG001,2,6,13891,2,48,300,Sumo Squat (aug 1),train,1945,aug_1
11092,M002P006A049R003_AUG000,2,6,13892,3,48,300,Sumo Squat (aug 0),train,1946,aug_0
11093,M002P006A049R003_AUG001,2,6,13893,3,48,300,Sumo Squat (aug 1),train,1946,aug_1
11094,M002P006A050R001_AUG000,2,6,13894,1,49,300,Straight Leg Calf Raise (aug 0),train,1947,aug_0
11095,M002P006A050R001_AUG001,2,6,13895,1,49,300,Straight Leg Calf Raise (aug 1),train,1947,aug_1
11096,M002P006A050R002_AUG000,2,6,13896,2,49,300,Straight Leg Calf Raise (aug 0),train,1948,aug_0
11097,M002P006A050R002_AUG001,2,6,13897,2,49,300,Straight Leg Calf Raise (aug 1),train,1948,aug_1
11098,M002P006A050R003_AUG000,2,6,13898,3,49,300,Straight Leg Calf Raise (aug 0),train,1949,aug_0
11099,M002P006A050R003_AUG001,2,6,13899,3,49,300,Straight Leg Calf Raise (aug 1),train,1949,aug_1
11100,M002P006A051R001_AUG000,2,6,13900,1,50,300,Squat Jump (aug 0),train,1950,aug_0
11101,M002P006A051R001_AUG001,2,6,13901,1,50,300,Squat Jump (aug 1),train,1950,aug_1
11102,M002P006A051R002_AUG000,2,6,13902,2,50,300,Squat Jump (aug 0),train,1951,aug_0
11103,M002P006A051R002_AUG001,2,6,13903,2,50,300,Squat Jump (aug 1),train,1951,aug_1
11104,M002P006A051R003_AUG000,2,6,13904,3,50,300,Squat Jump (aug 0),train,1952,aug_0
11105,M002P006A051R003_AUG001,2,6,13905,3,50,300,Squat Jump (aug 1),train,1952,aug_1
11106,M002P006A052R001_AUG000,2,6,13906,1,51,300,Squat With Alternate Knee Lift (aug 0),train,1953,aug_0
11107,M002P006A052R001_AUG001,2,6,13907,1,51,300,Squat With Alternate Knee Lift (aug 1),train,1953,aug_1
11108,M002P006A052R002_AUG000,2,6,13908,2,51,300,Squat With Alternate Knee Lift (aug 0),train,1954,aug_0
11109,M002P006A052R002_AUG001,2,6,13909,2,51,300,Squat With Alternate Knee Lift (aug 1),train,1954,aug_1
11110,M002P006A052R003_AUG000,2,6,13910,3,51,300,Squat With Alternate Knee Lift (aug 0),train,1955,aug_0
11111,M002P006A052R003_AUG001,2,6,13911,3,51,300,Squat With Alternate Knee Lift (aug 1),train,1955,aug_1
11112,M002P006A053R001_AUG000,2,6,13912,1,52,300,Standing Alternate Butt Kick (aug 0),train,1956,aug_0
11113,M002P006A053R001_AUG001,2,6,13913,1,52,300,Standing Alternate Butt Kick (aug 1),train,1956,aug_1
11114,M002P006A053R002_AUG000,2,6,13914,2,52,300,Standing Alternate Butt Kick (aug 0),train,1957,aug_0
11115,M002P006A053R002_AUG001,2,6,13915,2,52,300,Standing Alternate Butt Kick (aug 1),train,1957,aug_1
11116,M002P006A053R003_AUG000,2,6,13916,3,52,300,Standing Alternate Butt Kick (aug 0),train,1958,aug_0
11117,M002P006A053R003_AUG001,2,6,13917,3,52,300,Standing Alternate Butt Kick (aug 1),train,1958,aug_1
11118,M002P006A054R001_AUG000,2,6,13918,1,53,300,Knee Warm-up (aug 0),train,1959,aug_0
11119,M002P006A054R001_AUG001,2,6,13919,1,53,300,Knee Warm-up (aug 1),train,1959,aug_1
11120,M002P006A054R002_AUG000,2,6,13920,2,53,300,Knee Warm-up (aug 0),train,1960,aug_0
11121,M002P006A054R002_AUG001,2,6,13921,2,53,300,Knee Warm-up (aug 1),train,1960,aug_1
11122,M002P006A054R003_AUG000,2,6,13922,3,53,300,Knee Warm-up (aug 0),train,1961,aug_0
11123,M002P006A054R003_AUG001,2,6,13923,3,53,300,Knee Warm-up (aug 1),train,1961,aug_1
11124,M002P006A055R001_AUG000,2,6,13924,1,54,300,Butt Kicks (aug 0),train,1962,aug_0
11125,M002P006A055R001_AUG001,2,6,13925,1,54,300,Butt Kicks (aug 1),train,1962,aug_1
11126,M002P006A055R002_AUG000,2,6,13926,2,54,300,Butt Kicks (aug 0),train,1963,aug_0
11127,M002P006A055R002_AUG001,2,6,13927,2,54,300,Butt Kicks (aug 1),train,1963,aug_1
11128,M002P006A055R003_AUG000,2,6,13928,3,54,300,Butt Kicks (aug 0),train,1964,aug_0
11129,M002P006A055R003_AUG001,2,6,13929,3,54,300,Butt Kicks (aug 1),train,1964,aug_1
11130,M002P006A056R001_AUG000,2,6,13930,1,55,300,Jump Left and Right (aug 0),train,1965,aug_0
11131,M002P006A056R001_AUG001,2,6,13931,1,55,300,Jump Left and Right (aug 1),train,1965,aug_1
11132,M002P006A056R002_AUG000,2,6,13932,2,55,300,Jump Left and Right (aug 0),train,1966,aug_0
11133,M002P006A056R002_AUG001,2,6,13933,2,55,300,Jump Left and Right (aug 1),train,1966,aug_1
11134,M002P006A056R003_AUG000,2,6,13934,3,55,300,Jump Left and Right (aug 0),train,1967,aug_0
11135,M002P006A056R003_AUG001,2,6,13935,3,55,300,Jump Left and Right (aug 1),train,1967,aug_1
11136,M002P006A057R001_AUG000,2,6,13936,1,56,300,Jumping Jacks (aug 0),train,1968,aug_0
11137,M002P006A057R001_AUG001,2,6,13937,1,56,300,Jumping Jacks (aug 1),train,1968,aug_1
11138,M002P006A057R002_AUG000,2,6,13938,2,56,300,Jumping Jacks (aug 0),train,1969,aug_0
11139,M002P006A057R002_AUG001,2,6,13939,2,56,300,Jumping Jacks (aug 1),train,1969,aug_1
11140,M002P006A057R003_AUG000,2,6,13940,3,56,300,Jumping Jacks (aug 0),train,1970,aug_0
11141,M002P006A057R003_AUG001,2,6,13941,3,56,300,Jumping Jacks (aug 1),train,1970,aug_1
11142,M002P006A058R001_AUG000,2,6,13942,1,57,300,High Knee (aug 0),train,1971,aug_0
11143,M002P006A058R001_AUG001,2,6,13943,1,57,300,High Knee (aug 1),train,1971,aug_1
11144,M002P006A058R002_AUG000,2,6,13944,2,57,300,High Knee (aug 0),train,1972,aug_0
11145,M002P006A058R002_AUG001,2,6,13945,2,57,300,High Knee (aug 1),train,1972,aug_1
11146,M002P006A058R003_AUG000,2,6,13946,3,57,300,High Knee (aug 0),train,1973,aug_0
11147,M002P006A058R003_AUG001,2,6,13947,3,57,300,High Knee (aug 1),train,1973,aug_1
11148,M002P006A059R001_AUG000,2,6,13948,1,58,300,Clap Jacks (aug 0),train,1974,aug_0
11149,M002P006A059R001_AUG001,2,6,13949,1,58,300,Clap Jacks (aug 1),train,1974,aug_1
11150,M002P006A059R002_AUG000,2,6,13950,2,58,300,Clap Jacks (aug 0),train,1975,aug_0
11151,M002P006A059R002_AUG001,2,6,13951,2,58,300,Clap Jacks (aug 1),train,1975,aug_1
11152,M002P006A059R003_AUG000,2,6,13952,3,58,300,Clap Jacks (aug 0),train,1976,aug_0
11153,M002P006A059R003_AUG001,2,6,13953,3,58,300,Clap Jacks (aug 1),train,1976,aug_1
11154,M002P006A060R001_AUG000,2,6,13954,1,59,300,Run In Place With Arm Swing (aug 0),train,1977,aug_0
11155,M002P006A060R001_AUG001,2,6,13955,1,59,300,Run In Place With Arm Swing (aug 1),train,1977,aug_1
11156,M002P006A060R002_AUG000,2,6,13956,2,59,300,Run In Place With Arm Swing (aug 0),train,1978,aug_0
11157,M002P006A060R002_AUG001,2,6,13957,2,59,300,Run In Place With Arm Swing (aug 1),train,1978,aug_1
11158,M002P006A060R003_AUG000,2,6,13958,3,59,300,Run In Place With Arm Swing (aug 0),train,1979,aug_0
11159,M002P006A060R003_AUG001,2,6,13959,3,59,300,Run In Place With Arm Swing (aug 1),train,1979,aug_1
11160,M002P007A001R001_AUG000,2,7,13960,1,0,300,Svend Press (aug 0),train,1980,aug_0
11161,M002P007A001R001_AUG001,2,7,13961,1,0,300,Svend Press (aug 1),train,1980,aug_1
11162,M002P007A001R002_AUG000,2,7,13962,2,0,300,Svend Press (aug 0),train,1981,aug_0
11163,M002P007A001R002_AUG001,2,7,13963,2,0,300,Svend Press (aug 1),train,1981,aug_1
11164,M002P007A001R003_AUG000,2,7,13964,3,0,300,Svend Press (aug 0),train,1982,aug_0
11165,M002P007A001R003_AUG001,2,7,13965,3,0,300,Svend Press (aug 1),train,1982,aug_1
11166,M002P007A002R001_AUG000,2,7,13966,1,1,300,Kneeling Push-ups (aug 0),train,1983,aug_0
11167,M002P007A002R001_AUG001,2,7,13967,1,1,300,Kneeling Push-ups (aug 1),train,1983,aug_1
11168,M002P007A002R002_AUG000,2,7,13968,2,1,300,Kneeling Push-ups (aug 0),train,1984,aug_0
11169,M002P007A002R002_AUG001,2,7,13969,2,1,300,Kneeling Push-ups (aug 1),train,1984,aug_1
11170,M002P007A002R003_AUG000,2,7,13970,3,1,300,Kneeling Push-ups (aug 0),train,1985,aug_0
11171,M002P007A002R003_AUG001,2,7,13971,3,1,300,Kneeling Push-ups (aug 1),train,1985,aug_1
11172,M002P007A003R001_AUG000,2,7,13972,1,2,300,Standing Straight-arm Chest Press With Resistance Band (aug 0),train,1986,aug_0
11173,M002P007A003R001_AUG001,2,7,13973,1,2,300,Standing Straight-arm Chest Press With Resistance Band (aug 1),train,1986,aug_1
11174,M002P007A003R002_AUG000,2,7,13974,2,2,300,Standing Straight-arm Chest Press With Resistance Band (aug 0),train,1987,aug_0
11175,M002P007A003R002_AUG001,2,7,13975,2,2,300,Standing Straight-arm Chest Press With Resistance Band (aug 1),train,1987,aug_1
11176,M002P007A003R003_AUG000,2,7,13976,3,2,300,Standing Straight-arm Chest Press With Resistance Band (aug 0),train,1988,aug_0
11177,M002P007A003R003_AUG001,2,7,13977,3,2,300,Standing Straight-arm Chest Press With Resistance Band (aug 1),train,1988,aug_1
11178,M002P007A004R001_AUG000,2,7,13978,1,3,300,Small Dumbbell Floor Flies (aug 0),train,1989,aug_0
11179,M002P007A004R001_AUG001,2,7,13979,1,3,300,Small Dumbbell Floor Flies (aug 1),train,1989,aug_1
11180,M002P007A004R002_AUG000,2,7,13980,2,3,300,Small Dumbbell Floor Flies (aug 0),train,1990,aug_0
11181,M002P007A004R002_AUG001,2,7,13981,2,3,300,Small Dumbbell Floor Flies (aug 1),train,1990,aug_1
11182,M002P007A004R003_AUG000,2,7,13982,3,3,300,Small Dumbbell Floor Flies (aug 0),train,1991,aug_0
11183,M002P007A004R003_AUG001,2,7,13983,3,3,300,Small Dumbbell Floor Flies (aug 1),train,1991,aug_1
11184,M002P007A005R001_AUG000,2,7,13984,1,4,300,Chest Fly (aug 0),train,1992,aug_0
11185,M002P007A005R001_AUG001,2,7,13985,1,4,300,Chest Fly (aug 1),train,1992,aug_1
11186,M002P007A005R002_AUG000,2,7,13986,2,4,300,Chest Fly (aug 0),train,1993,aug_0
11187,M002P007A005R002_AUG001,2,7,13987,2,4,300,Chest Fly (aug 1),train,1993,aug_1
11188,M002P007A005R003_AUG000,2,7,13988,3,4,300,Chest Fly (aug 0),train,1994,aug_0
11189,M002P007A005R003_AUG001,2,7,13989,3,4,300,Chest Fly (aug 1),train,1994,aug_1
11190,M002P007A006R001_AUG000,2,7,13990,1,5,300,Push-ups (aug 0),train,1995,aug_0
11191,M002P007A006R001_AUG001,2,7,13991,1,5,300,Push-ups (aug 1),train,1995,aug_1
11192,M002P007A006R002_AUG000,2,7,13992,2,5,300,Push-ups (aug 0),train,1996,aug_0
11193,M002P007A006R002_AUG001,2,7,13993,2,5,300,Push-ups (aug 1),train,1996,aug_1
11194,M002P007A006R003_AUG000,2,7,13994,3,5,300,Push-ups (aug 0),train,1997,aug_0
11195,M002P007A006R003_AUG001,2,7,13995,3,5,300,Push-ups (aug 1),train,1997,aug_1
11196,M002P007A007R001_AUG000,2,7,13996,1,6,300,Bent-over W-shape Stretch (aug 0),train,1998,aug_0
11197,M002P007A007R001_AUG001,2,7,13997,1,6,300,Bent-over W-shape Stretch (aug 1),train,1998,aug_1
11198,M002P007A007R002_AUG000,2,7,13998,2,6,300,Bent-over W-shape Stretch (aug 0),train,1999,aug_0
11199,M002P007A007R002_AUG001,2,7,13999,2,6,300,Bent-over W-shape Stretch (aug 1),train,1999,aug_1
11200,M002P007A007R003_AUG000,2,7,14000,3,6,300,Bent-over W-shape Stretch (aug 0),train,2000,aug_0
11201,M002P007A007R003_AUG001,2,7,14001,3,6,300,Bent-over W-shape Stretch (aug 1),train,2000,aug_1
11202,M002P007A008R001_AUG000,2,7,14002,1,7,300,Bent-over Y-shape Stretch (aug 0),train,2001,aug_0
11203,M002P007A008R001_AUG001,2,7,14003,1,7,300,Bent-over Y-shape Stretch (aug 1),train,2001,aug_1
11204,M002P007A008R002_AUG000,2,7,14004,2,7,300,Bent-over Y-shape Stretch (aug 0),train,2002,aug_0
11205,M002P007A008R002_AUG001,2,7,14005,2,7,300,Bent-over Y-shape Stretch (aug 1),train,2002,aug_1
11206,M002P007A008R003_AUG000,2,7,14006,3,7,300,Bent-over Y-shape Stretch (aug 0),train,2003,aug_0
11207,M002P007A008R003_AUG001,2,7,14007,3,7,300,Bent-over Y-shape Stretch (aug 1),train,2003,aug_1
11208,M002P007A009R001_AUG000,2,7,14008,1,8,300,Bent-over A-shape Stretch (aug 0),train,2004,aug_0
11209,M002P007A009R001_AUG001,2,7,14009,1,8,300,Bent-over A-shape Stretch (aug 1),train,2004,aug_1
11210,M002P007A009R002_AUG000,2,7,14010,2,8,300,Bent-over A-shape Stretch (aug 0),train,2005,aug_0
11211,M002P007A009R002_AUG001,2,7,14011,2,8,300,Bent-over A-shape Stretch (aug 1),train,2005,aug_1
11212,M002P007A009R003_AUG000,2,7,14012,3,8,300,Bent-over A-shape Stretch (aug 0),train,2006,aug_0
11213,M002P007A009R003_AUG001,2,7,14013,3,8,300,Bent-over A-shape Stretch (aug 1),train,2006,aug_1
11214,M002P007A010R001_AUG000,2,7,14014,1,9,300,Squat With Arm Lift (aug 0),train,2007,aug_0
11215,M002P007A010R001_AUG001,2,7,14015,1,9,300,Squat With Arm Lift (aug 1),train,2007,aug_1
11216,M002P007A010R002_AUG000,2,7,14016,2,9,300,Squat With Arm Lift (aug 0),train,2008,aug_0
11217,M002P007A010R002_AUG001,2,7,14017,2,9,300,Squat With Arm Lift (aug 1),train,2008,aug_1
11218,M002P007A010R003_AUG000,2,7,14018,3,9,300,Squat With Arm Lift (aug 0),train,2009,aug_0
11219,M002P007A010R003_AUG001,2,7,14019,3,9,300,Squat With Arm Lift (aug 1),train,2009,aug_1
11220,M002P007A011R001_AUG000,2,7,14020,1,10,300,Breaststroke Arm Pull (aug 0),train,2010,aug_0
11221,M002P007A011R001_AUG001,2,7,14021,1,10,300,Breaststroke Arm Pull (aug 1),train,2010,aug_1
11222,M002P007A011R002_AUG000,2,7,14022,2,10,300,Breaststroke Arm Pull (aug 0),train,2011,aug_0
11223,M002P007A011R002_AUG001,2,7,14023,2,10,300,Breaststroke Arm Pull (aug 1),train,2011,aug_1
11224,M002P007A011R003_AUG000,2,7,14024,3,10,300,Breaststroke Arm Pull (aug 0),train,2012,aug_0
11225,M002P007A011R003_AUG001,2,7,14025,3,10,300,Breaststroke Arm Pull (aug 1),train,2012,aug_1
11226,M002P007A012R001_AUG000,2,7,14026,1,11,300,Prone Y-shape Stretch (aug 0),train,2013,aug_0
11227,M002P007A012R001_AUG001,2,7,14027,1,11,300,Prone Y-shape Stretch (aug 1),train,2013,aug_1
11228,M002P007A012R002_AUG000,2,7,14028,2,11,300,Prone Y-shape Stretch (aug 0),train,2014,aug_0
11229,M002P007A012R002_AUG001,2,7,14029,2,11,300,Prone Y-shape Stretch (aug 1),train,2014,aug_1
11230,M002P007A012R003_AUG000,2,7,14030,3,11,300,Prone Y-shape Stretch (aug 0),train,2015,aug_0
11231,M002P007A012R003_AUG001,2,7,14031,3,11,300,Prone Y-shape Stretch (aug 1),train,2015,aug_1
11232,M002P007A013R001_AUG000,2,7,14032,1,12,300,Lateral Raise Forward Circles (aug 0),train,2016,aug_0
11233,M002P007A013R001_AUG001,2,7,14033,1,12,300,Lateral Raise Forward Circles (aug 1),train,2016,aug_1
11234,M002P007A013R002_AUG000,2,7,14034,2,12,300,Lateral Raise Forward Circles (aug 0),train,2017,aug_0
11235,M002P007A013R002_AUG001,2,7,14035,2,12,300,Lateral Raise Forward Circles (aug 1),train,2017,aug_1
11236,M002P007A013R003_AUG000,2,7,14036,3,12,300,Lateral Raise Forward Circles (aug 0),train,2018,aug_0
11237,M002P007A013R003_AUG001,2,7,14037,3,12,300,Lateral Raise Forward Circles (aug 1),train,2018,aug_1
11238,M002P007A014R001_AUG000,2,7,14038,1,13,300,Lateral Raise Backward Circles (aug 0),train,2019,aug_0
11239,M002P007A014R001_AUG001,2,7,14039,1,13,300,Lateral Raise Backward Circles (aug 1),train,2019,aug_1
11240,M002P007A014R002_AUG000,2,7,14040,2,13,300,Lateral Raise Backward Circles (aug 0),train,2020,aug_0
11241,M002P007A014R002_AUG001,2,7,14041,2,13,300,Lateral Raise Backward Circles (aug 1),train,2020,aug_1
11242,M002P007A014R003_AUG000,2,7,14042,3,13,300,Lateral Raise Backward Circles (aug 0),train,2021,aug_0
11243,M002P007A014R003_AUG001,2,7,14043,3,13,300,Lateral Raise Backward Circles (aug 1),train,2021,aug_1
11244,M002P007A015R001_AUG000,2,7,14044,1,14,300,Lying Shoulder Joint Upward Round (aug 0),train,2022,aug_0
11245,M002P007A015R001_AUG001,2,7,14045,1,14,300,Lying Shoulder Joint Upward Round (aug 1),train,2022,aug_1
11246,M002P007A015R002_AUG000,2,7,14046,2,14,300,Lying Shoulder Joint Upward Round (aug 0),train,2023,aug_0
11247,M002P007A015R002_AUG001,2,7,14047,2,14,300,Lying Shoulder Joint Upward Round (aug 1),train,2023,aug_1
11248,M002P007A015R003_AUG000,2,7,14048,3,14,300,Lying Shoulder Joint Upward Round (aug 0),train,2024,aug_0
11249,M002P007A015R003_AUG001,2,7,14049,3,14,300,Lying Shoulder Joint Upward Round (aug 1),train,2024,aug_1
11250,M002P007A016R001_AUG000,2,7,14050,1,15,300,Lying Shoulder Joint Downward Round (aug 0),train,2025,aug_0
11251,M002P007A016R001_AUG001,2,7,14051,1,15,300,Lying Shoulder Joint Downward Round (aug 1),train,2025,aug_1
11252,M002P007A016R002_AUG000,2,7,14052,2,15,300,Lying Shoulder Joint Downward Round (aug 0),train,2026,aug_0
11253,M002P007A016R002_AUG001,2,7,14053,2,15,300,Lying Shoulder Joint Downward Round (aug 1),train,2026,aug_1
11254,M002P007A016R003_AUG000,2,7,14054,3,15,300,Lying Shoulder Joint Downward Round (aug 0),train,2027,aug_0
11255,M002P007A016R003_AUG001,2,7,14055,3,15,300,Lying Shoulder Joint Downward Round (aug 1),train,2027,aug_1
11256,M002P007A017R001_AUG000,2,7,14056,1,16,300,Bare-handed Full Lateral Raise (aug 0),train,2028,aug_0
11257,M002P007A017R001_AUG001,2,7,14057,1,16,300,Bare-handed Full Lateral Raise (aug 1),train,2028,aug_1
11258,M002P007A017R002_AUG000,2,7,14058,2,16,300,Bare-handed Full Lateral Raise (aug 0),train,2029,aug_0
11259,M002P007A017R002_AUG001,2,7,14059,2,16,300,Bare-handed Full Lateral Raise (aug 1),train,2029,aug_1
11260,M002P007A017R003_AUG000,2,7,14060,3,16,300,Bare-handed Full Lateral Raise (aug 0),train,2030,aug_0
11261,M002P007A017R003_AUG001,2,7,14061,3,16,300,Bare-handed Full Lateral Raise (aug 1),train,2030,aug_1
11262,M002P007A018R001_AUG000,2,7,14062,1,17,300,Bare-handed Cuban Press (aug 0),train,2031,aug_0
11263,M002P007A018R001_AUG001,2,7,14063,1,17,300,Bare-handed Cuban Press (aug 1),train,2031,aug_1
11264,M002P007A018R002_AUG000,2,7,14064,2,17,300,Bare-handed Cuban Press (aug 0),train,2032,aug_0
11265,M002P007A018R002_AUG001,2,7,14065,2,17,300,Bare-handed Cuban Press (aug 1),train,2032,aug_1
11266,M002P007A018R003_AUG000,2,7,14066,3,17,300,Bare-handed Cuban Press (aug 0),train,2033,aug_0
11267,M002P007A018R003_AUG001,2,7,14067,3,17,300,Bare-handed Cuban Press (aug 1),train,2033,aug_1
11268,M002P007A019R001_AUG000,2,7,14068,1,18,300,Fortune Cat (aug 0),train,2034,aug_0
11269,M002P007A019R001_AUG001,2,7,14069,1,18,300,Fortune Cat (aug 1),train,2034,aug_1
11270,M002P007A019R002_AUG000,2,7,14070,2,18,300,Fortune Cat (aug 0),train,2035,aug_0
11271,M002P007A019R002_AUG001,2,7,14071,2,18,300,Fortune Cat (aug 1),train,2035,aug_1
11272,M002P007A019R003_AUG000,2,7,14072,3,18,300,Fortune Cat (aug 0),train,2036,aug_0
11273,M002P007A019R003_AUG001,2,7,14073,3,18,300,Fortune Cat (aug 1),train,2036,aug_1
11274,M002P007A020R001_AUG000,2,7,14074,1,19,300,Dumbbell Curls (aug 0),train,2037,aug_0
11275,M002P007A020R001_AUG001,2,7,14075,1,19,300,Dumbbell Curls (aug 1),train,2037,aug_1
11276,M002P007A020R002_AUG000,2,7,14076,2,19,300,Dumbbell Curls (aug 0),train,2038,aug_0
11277,M002P007A020R002_AUG001,2,7,14077,2,19,300,Dumbbell Curls (aug 1),train,2038,aug_1
11278,M002P007A020R003_AUG000,2,7,14078,3,19,300,Dumbbell Curls (aug 0),train,2039,aug_0
11279,M002P007A020R003_AUG001,2,7,14079,3,19,300,Dumbbell Curls (aug 1),train,2039,aug_1
11280,M002P007A021R001_AUG000,2,7,14080,1,20,300,Alternate Dumbbell Curls (aug 0),train,2040,aug_0
11281,M002P007A021R001_AUG001,2,7,14081,1,20,300,Alternate Dumbbell Curls (aug 1),train,2040,aug_1
11282,M002P007A021R002_AUG000,2,7,14082,2,20,300,Alternate Dumbbell Curls (aug 0),train,2041,aug_0
11283,M002P007A021R002_AUG001,2,7,14083,2,20,300,Alternate Dumbbell Curls (aug 1),train,2041,aug_1
11284,M002P007A021R003_AUG000,2,7,14084,3,20,300,Alternate Dumbbell Curls (aug 0),train,2042,aug_0
11285,M002P007A021R003_AUG001,2,7,14085,3,20,300,Alternate Dumbbell Curls (aug 1),train,2042,aug_1
11286,M002P007A022R001_AUG000,2,7,14086,1,21,300,Right-side Kettlebell Bent-over Row (aug 0),train,2043,aug_0
11287,M002P007A022R001_AUG001,2,7,14087,1,21,300,Right-side Kettlebell Bent-over Row (aug 1),train,2043,aug_1
11288,M002P007A022R002_AUG000,2,7,14088,2,21,300,Right-side Kettlebell Bent-over Row (aug 0),train,2044,aug_0
11289,M002P007A022R002_AUG001,2,7,14089,2,21,300,Right-side Kettlebell Bent-over Row (aug 1),train,2044,aug_1
11290,M002P007A022R003_AUG000,2,7,14090,3,21,300,Right-side Kettlebell Bent-over Row (aug 0),train,2045,aug_0
11291,M002P007A022R003_AUG001,2,7,14091,3,21,300,Right-side Kettlebell Bent-over Row (aug 1),train,2045,aug_1
11292,M002P007A023R001_AUG000,2,7,14092,1,22,300,Wrist Joint Warm-up (aug 0),train,2046,aug_0
11293,M002P007A023R001_AUG001,2,7,14093,1,22,300,Wrist Joint Warm-up (aug 1),train,2046,aug_1
11294,M002P007A023R002_AUG000,2,7,14094,2,22,300,Wrist Joint Warm-up (aug 0),train,2047,aug_0
11295,M002P007A023R002_AUG001,2,7,14095,2,22,300,Wrist Joint Warm-up (aug 1),train,2047,aug_1
11296,M002P007A023R003_AUG000,2,7,14096,3,22,300,Wrist Joint Warm-up (aug 0),train,2048,aug_0
11297,M002P007A023R003_AUG001,2,7,14097,3,22,300,Wrist Joint Warm-up (aug 1),train,2048,aug_1
11298,M002P007A024R001_AUG000,2,7,14098,1,23,300,Right-side Bent-over Tricep Extension With Resistance Band (aug 0),train,2049,aug_0
11299,M002P007A024R001_AUG001,2,7,14099,1,23,300,Right-side Bent-over Tricep Extension With Resistance Band (aug 1),train,2049,aug_1
11300,M002P007A024R002_AUG000,2,7,14100,2,23,300,Right-side Bent-over Tricep Extension With Resistance Band (aug 0),train,2050,aug_0
11301,M002P007A024R002_AUG001,2,7,14101,2,23,300,Right-side Bent-over Tricep Extension With Resistance Band (aug 1),train,2050,aug_1
11302,M002P007A024R003_AUG000,2,7,14102,3,23,300,Right-side Bent-over Tricep Extension With Resistance Band (aug 0),train,2051,aug_0
11303,M002P007A024R003_AUG001,2,7,14103,3,23,300,Right-side Bent-over Tricep Extension With Resistance Band (aug 1),train,2051,aug_1
11304,M002P007A025R001_AUG000,2,7,14104,1,24,300,Bent-over Dumbbell Tricep Extension (aug 0),train,2052,aug_0
11305,M002P007A025R001_AUG001,2,7,14105,1,24,300,Bent-over Dumbbell Tricep Extension (aug 1),train,2052,aug_1
11306,M002P007A025R002_AUG000,2,7,14106,2,24,300,Bent-over Dumbbell Tricep Extension (aug 0),train,2053,aug_0
11307,M002P007A025R002_AUG001,2,7,14107,2,24,300,Bent-over Dumbbell Tricep Extension (aug 1),train,2053,aug_1
11308,M002P007A025R003_AUG000,2,7,14108,3,24,300,Bent-over Dumbbell Tricep Extension (aug 0),train,2054,aug_0
11309,M002P007A025R003_AUG001,2,7,14109,3,24,300,Bent-over Dumbbell Tricep Extension (aug 1),train,2054,aug_1
11310,M002P007A026R001_AUG000,2,7,14110,1,25,300,Nod And Raise Head (aug 0),train,2055,aug_0
11311,M002P007A026R001_AUG001,2,7,14111,1,25,300,Nod And Raise Head (aug 1),train,2055,aug_1
11312,M002P007A026R002_AUG000,2,7,14112,2,25,300,Nod And Raise Head (aug 0),train,2056,aug_0
11313,M002P007A026R002_AUG001,2,7,14113,2,25,300,Nod And Raise Head (aug 1),train,2056,aug_1
11314,M002P007A026R003_AUG000,2,7,14114,3,25,300,Nod And Raise Head (aug 0),train,2057,aug_0
11315,M002P007A026R003_AUG001,2,7,14115,3,25,300,Nod And Raise Head (aug 1),train,2057,aug_1
11316,M002P007A027R001_AUG000,2,7,14116,1,26,300,Two-way Head Turn (aug 0),train,2058,aug_0
11317,M002P007A027R001_AUG001,2,7,14117,1,26,300,Two-way Head Turn (aug 1),train,2058,aug_1
11318,M002P007A027R002_AUG000,2,7,14118,2,26,300,Two-way Head Turn (aug 0),train,2059,aug_0
11319,M002P007A027R002_AUG001,2,7,14119,2,26,300,Two-way Head Turn (aug 1),train,2059,aug_1
11320,M002P007A027R003_AUG000,2,7,14120,3,26,300,Two-way Head Turn (aug 0),train,2060,aug_0
11321,M002P007A027R003_AUG001,2,7,14121,3,26,300,Two-way Head Turn (aug 1),train,2060,aug_1
11322,M002P007A028R001_AUG000,2,7,14122,1,27,300,Shrug And Sink The Shoulders (aug 0),train,2061,aug_0
11323,M002P007A028R001_AUG001,2,7,14123,1,27,300,Shrug And Sink The Shoulders (aug 1),train,2061,aug_1
11324,M002P007A028R002_AUG000,2,7,14124,2,27,300,Shrug And Sink The Shoulders (aug 0),train,2062,aug_0
11325,M002P007A028R002_AUG001,2,7,14125,2,27,300,Shrug And Sink The Shoulders (aug 1),train,2062,aug_1
11326,M002P007A028R003_AUG000,2,7,14126,3,27,300,Shrug And Sink The Shoulders (aug 0),train,2063,aug_0
11327,M002P007A028R003_AUG001,2,7,14127,3,27,300,Shrug And Sink The Shoulders (aug 1),train,2063,aug_1
11328,M002P007A029R001_AUG000,2,7,14128,1,28,300,Four-way Nod Head (aug 0),train,2064,aug_0
11329,M002P007A029R001_AUG001,2,7,14129,1,28,300,Four-way Nod Head (aug 1),train,2064,aug_1
11330,M002P007A029R002_AUG000,2,7,14130,2,28,300,Four-way Nod Head (aug 0),train,2065,aug_0
11331,M002P007A029R002_AUG001,2,7,14131,2,28,300,Four-way Nod Head (aug 1),train,2065,aug_1
11332,M002P007A029R003_AUG000,2,7,14132,3,28,300,Four-way Nod Head (aug 0),train,2066,aug_0
11333,M002P007A029R003_AUG001,2,7,14133,3,28,300,Four-way Nod Head (aug 1),train,2066,aug_1
11334,M002P007A030R001_AUG000,2,7,14134,1,29,300,Lying Alternate Upper-half Leg Raise (aug 0),train,2067,aug_0
11335,M002P007A030R001_AUG001,2,7,14135,1,29,300,Lying Alternate Upper-half Leg Raise (aug 1),train,2067,aug_1
11336,M002P007A030R002_AUG000,2,7,14136,2,29,300,Lying Alternate Upper-half Leg Raise (aug 0),train,2068,aug_0
11337,M002P007A030R002_AUG001,2,7,14137,2,29,300,Lying Alternate Upper-half Leg Raise (aug 1),train,2068,aug_1
11338,M002P007A030R003_AUG000,2,7,14138,3,29,300,Lying Alternate Upper-half Leg Raise (aug 0),train,2069,aug_0
11339,M002P007A030R003_AUG001,2,7,14139,3,29,300,Lying Alternate Upper-half Leg Raise (aug 1),train,2069,aug_1
11340,M002P007A031R001_AUG000,2,7,14140,1,30,300,Half Roll Back (aug 0),train,2070,aug_0
11341,M002P007A031R001_AUG001,2,7,14141,1,30,300,Half Roll Back (aug 1),train,2070,aug_1
11342,M002P007A031R002_AUG000,2,7,14142,2,30,300,Half Roll Back (aug 0),train,2071,aug_0
11343,M002P007A031R002_AUG001,2,7,14143,2,30,300,Half Roll Back (aug 1),train,2071,aug_1
11344,M002P007A031R003_AUG000,2,7,14144,3,30,300,Half Roll Back (aug 0),train,2072,aug_0
11345,M002P007A031R003_AUG001,2,7,14145,3,30,300,Half Roll Back (aug 1),train,2072,aug_1
11346,M002P007A032R001_AUG000,2,7,14146,1,31,300,Kneeling Right-side Torso Twist (aug 0),train,2073,aug_0
11347,M002P007A032R001_AUG001,2,7,14147,1,31,300,Kneeling Right-side Torso Twist (aug 1),train,2073,aug_1
11348,M002P007A032R002_AUG000,2,7,14148,2,31,300,Kneeling Right-side Torso Twist (aug 0),train,2074,aug_0
11349,M002P007A032R002_AUG001,2,7,14149,2,31,300,Kneeling Right-side Torso Twist (aug 1),train,2074,aug_1
11350,M002P007A032R003_AUG000,2,7,14150,3,31,300,Kneeling Right-side Torso Twist (aug 0),train,2075,aug_0
11351,M002P007A032R003_AUG001,2,7,14151,3,31,300,Kneeling Right-side Torso Twist (aug 1),train,2075,aug_1
11352,M002P007A033R001_AUG000,2,7,14152,1,32,300,Left-side Knee Raise And Abdominal Muscles Contract (aug 0),train,2076,aug_0
11353,M002P007A033R001_AUG001,2,7,14153,1,32,300,Left-side Knee Raise And Abdominal Muscles Contract (aug 1),train,2076,aug_1
11354,M002P007A033R002_AUG000,2,7,14154,2,32,300,Left-side Knee Raise And Abdominal Muscles Contract (aug 0),train,2077,aug_0
11355,M002P007A033R002_AUG001,2,7,14155,2,32,300,Left-side Knee Raise And Abdominal Muscles Contract (aug 1),train,2077,aug_1
11356,M002P007A033R003_AUG000,2,7,14156,3,32,300,Left-side Knee Raise And Abdominal Muscles Contract (aug 0),train,2078,aug_0
11357,M002P007A033R003_AUG001,2,7,14157,3,32,300,Left-side Knee Raise And Abdominal Muscles Contract (aug 1),train,2078,aug_1
11358,M002P007A034R001_AUG000,2,7,14158,1,33,300,Kneeling Right Leg Backward Stretch (aug 0),train,2079,aug_0
11359,M002P007A034R001_AUG001,2,7,14159,1,33,300,Kneeling Right Leg Backward Stretch (aug 1),train,2079,aug_1
11360,M002P007A034R002_AUG000,2,7,14160,2,33,300,Kneeling Right Leg Backward Stretch (aug 0),train,2080,aug_0
11361,M002P007A034R002_AUG001,2,7,14161,2,33,300,Kneeling Right Leg Backward Stretch (aug 1),train,2080,aug_1
11362,M002P007A034R003_AUG000,2,7,14162,3,33,300,Kneeling Right Leg Backward Stretch (aug 0),train,2081,aug_0
11363,M002P007A034R003_AUG001,2,7,14163,3,33,300,Kneeling Right Leg Backward Stretch (aug 1),train,2081,aug_1
11364,M002P007A035R001_AUG000,2,7,14164,1,34,300,Kneeling Right Arm Raise (aug 0),train,2082,aug_0
11365,M002P007A035R001_AUG001,2,7,14165,1,34,300,Kneeling Right Arm Raise (aug 1),train,2082,aug_1
11366,M002P007A035R002_AUG000,2,7,14166,2,34,300,Kneeling Right Arm Raise (aug 0),train,2083,aug_0
11367,M002P007A035R002_AUG001,2,7,14167,2,34,300,Kneeling Right Arm Raise (aug 1),train,2083,aug_1
11368,M002P007A035R003_AUG000,2,7,14168,3,34,300,Kneeling Right Arm Raise (aug 0),train,2084,aug_0
11369,M002P007A035R003_AUG001,2,7,14169,3,34,300,Kneeling Right Arm Raise (aug 1),train,2084,aug_1
11370,M002P007A036R001_AUG000,2,7,14170,1,35,300,Shoulder Bridge (aug 0),train,2085,aug_0
11371,M002P007A036R001_AUG001,2,7,14171,1,35,300,Shoulder Bridge (aug 1),train,2085,aug_1
11372,M002P007A036R002_AUG000,2,7,14172,2,35,300,Shoulder Bridge (aug 0),train,2086,aug_0
11373,M002P007A036R002_AUG001,2,7,14173,2,35,300,Shoulder Bridge (aug 1),train,2086,aug_1
11374,M002P007A036R003_AUG000,2,7,14174,3,35,300,Shoulder Bridge (aug 0),train,2087,aug_0
11375,M002P007A036R003_AUG001,2,7,14175,3,35,300,Shoulder Bridge (aug 1),train,2087,aug_1
11376,M002P007A037R001_AUG000,2,7,14176,1,36,300,Prone Press-ups (aug 0),train,2088,aug_0
11377,M002P007A037R001_AUG001,2,7,14177,1,36,300,Prone Press-ups (aug 1),train,2088,aug_1
11378,M002P007A037R002_AUG000,2,7,14178,2,36,300,Prone Press-ups (aug 0),train,2089,aug_0
11379,M002P007A037R002_AUG001,2,7,14179,2,36,300,Prone Press-ups (aug 1),train,2089,aug_1
11380,M002P007A037R003_AUG000,2,7,14180,3,36,300,Prone Press-ups (aug 0),train,2090,aug_0
11381,M002P007A037R003_AUG001,2,7,14181,3,36,300,Prone Press-ups (aug 1),train,2090,aug_1
11382,M002P007A038R001_AUG000,2,7,14182,1,37,300,Bent-over Torso Rotation (aug 0),train,2091,aug_0
11383,M002P007A038R001_AUG001,2,7,14183,1,37,300,Bent-over Torso Rotation (aug 1),train,2091,aug_1
11384,M002P007A038R002_AUG000,2,7,14184,2,37,300,Bent-over Torso Rotation (aug 0),train,2092,aug_0
11385,M002P007A038R002_AUG001,2,7,14185,2,37,300,Bent-over Torso Rotation (aug 1),train,2092,aug_1
11386,M002P007A038R003_AUG000,2,7,14186,3,37,300,Bent-over Torso Rotation (aug 0),train,2093,aug_0
11387,M002P007A038R003_AUG001,2,7,14187,3,37,300,Bent-over Torso Rotation (aug 1),train,2093,aug_1
11388,M002P007A039R001_AUG000,2,7,14188,1,38,300,Lying Arm Pull (aug 0),train,2094,aug_0
11389,M002P007A039R001_AUG001,2,7,14189,1,38,300,Lying Arm Pull (aug 1),train,2094,aug_1
11390,M002P007A039R002_AUG000,2,7,14190,2,38,300,Lying Arm Pull (aug 0),train,2095,aug_0
11391,M002P007A039R002_AUG001,2,7,14191,2,38,300,Lying Arm Pull (aug 1),train,2095,aug_1
11392,M002P007A039R003_AUG000,2,7,14192,3,38,300,Lying Arm Pull (aug 0),train,2096,aug_0
11393,M002P007A039R003_AUG001,2,7,14193,3,38,300,Lying Arm Pull (aug 1),train,2096,aug_1
11394,M002P007A040R001_AUG000,2,7,14194,1,39,300,Prone Press Up With Torso Rotation (aug 0),train,2097,aug_0
11395,M002P007A040R001_AUG001,2,7,14195,1,39,300,Prone Press Up With Torso Rotation (aug 1),train,2097,aug_1
11396,M002P007A040R002_AUG000,2,7,14196,2,39,300,Prone Press Up With Torso Rotation (aug 0),train,2098,aug_0
11397,M002P007A040R002_AUG001,2,7,14197,2,39,300,Prone Press Up With Torso Rotation (aug 1),train,2098,aug_1
11398,M002P007A040R003_AUG000,2,7,14198,3,39,300,Prone Press Up With Torso Rotation (aug 0),train,2099,aug_0
11399,M002P007A040R003_AUG001,2,7,14199,3,39,300,Prone Press Up With Torso Rotation (aug 1),train,2099,aug_1
11400,M002P007A041R001_AUG000,2,7,14200,1,40,300,Breaststroke Push-ups (aug 0),train,2100,aug_0
11401,M002P007A041R001_AUG001,2,7,14201,1,40,300,Breaststroke Push-ups (aug 1),train,2100,aug_1
11402,M002P007A041R002_AUG000,2,7,14202,2,40,300,Breaststroke Push-ups (aug 0),train,2101,aug_0
11403,M002P007A041R002_AUG001,2,7,14203,2,40,300,Breaststroke Push-ups (aug 1),train,2101,aug_1
11404,M002P007A041R003_AUG000,2,7,14204,3,40,300,Breaststroke Push-ups (aug 0),train,2102,aug_0
11405,M002P007A041R003_AUG001,2,7,14205,3,40,300,Breaststroke Push-ups (aug 1),train,2102,aug_1
11406,M002P007A042R001_AUG000,2,7,14206,1,41,300,Sit-ups (aug 0),train,2103,aug_0
11407,M002P007A042R001_AUG001,2,7,14207,1,41,300,Sit-ups (aug 1),train,2103,aug_1
11408,M002P007A042R002_AUG000,2,7,14208,2,41,300,Sit-ups (aug 0),train,2104,aug_0
11409,M002P007A042R002_AUG001,2,7,14209,2,41,300,Sit-ups (aug 1),train,2104,aug_1
11410,M002P007A042R003_AUG000,2,7,14210,3,41,300,Sit-ups (aug 0),train,2105,aug_0
11411,M002P007A042R003_AUG001,2,7,14211,3,41,300,Sit-ups (aug 1),train,2105,aug_1
11412,M002P007A043R001_AUG000,2,7,14212,1,42,300,Side-lying Left Leg Forward Raise (aug 0),train,2106,aug_0
11413,M002P007A043R001_AUG001,2,7,14213,1,42,300,Side-lying Left Leg Forward Raise (aug 1),train,2106,aug_1
11414,M002P007A043R002_AUG000,2,7,14214,2,42,300,Side-lying Left Leg Forward Raise (aug 0),train,2107,aug_0
11415,M002P007A043R002_AUG001,2,7,14215,2,42,300,Side-lying Left Leg Forward Raise (aug 1),train,2107,aug_1
11416,M002P007A043R003_AUG000,2,7,14216,3,42,300,Side-lying Left Leg Forward Raise (aug 0),train,2108,aug_0
11417,M002P007A043R003_AUG001,2,7,14217,3,42,300,Side-lying Left Leg Forward Raise (aug 1),train,2108,aug_1
11418,M002P007A044R001_AUG000,2,7,14218,1,43,300,Right Leg Reverse Lunge (aug 0),train,2109,aug_0
11419,M002P007A044R001_AUG001,2,7,14219,1,43,300,Right Leg Reverse Lunge (aug 1),train,2109,aug_1
11420,M002P007A044R002_AUG000,2,7,14220,2,43,300,Right Leg Reverse Lunge (aug 0),train,2110,aug_0
11421,M002P007A044R002_AUG001,2,7,14221,2,43,300,Right Leg Reverse Lunge (aug 1),train,2110,aug_1
11422,M002P007A044R003_AUG000,2,7,14222,3,43,300,Right Leg Reverse Lunge (aug 0),train,2111,aug_0
11423,M002P007A044R003_AUG001,2,7,14223,3,43,300,Right Leg Reverse Lunge (aug 1),train,2111,aug_1
11424,M002P007A045R001_AUG000,2,7,14224,1,44,300,Kneeling Left Knee Lift (aug 0),train,2112,aug_0
11425,M002P007A045R001_AUG001,2,7,14225,1,44,300,Kneeling Left Knee Lift (aug 1),train,2112,aug_1
11426,M002P007A045R002_AUG000,2,7,14226,2,44,300,Kneeling Left Knee Lift (aug 0),train,2113,aug_0
11427,M002P007A045R002_AUG001,2,7,14227,2,44,300,Kneeling Left Knee Lift (aug 1),train,2113,aug_1
11428,M002P007A045R003_AUG000,2,7,14228,3,44,300,Kneeling Left Knee Lift (aug 0),train,2114,aug_0
11429,M002P007A045R003_AUG001,2,7,14229,3,44,300,Kneeling Left Knee Lift (aug 1),train,2114,aug_1
11430,M002P007A046R001_AUG000,2,7,14230,1,45,300,Alternate Reverse Lunge (aug 0),train,2115,aug_0
11431,M002P007A046R001_AUG001,2,7,14231,1,45,300,Alternate Reverse Lunge (aug 1),train,2115,aug_1
11432,M002P007A046R002_AUG000,2,7,14232,2,45,300,Alternate Reverse Lunge (aug 0),train,2116,aug_0
11433,M002P007A046R002_AUG001,2,7,14233,2,45,300,Alternate Reverse Lunge (aug 1),train,2116,aug_1
11434,M002P007A046R003_AUG000,2,7,14234,3,45,300,Alternate Reverse Lunge (aug 0),train,2117,aug_0
11435,M002P007A046R003_AUG001,2,7,14235,3,45,300,Alternate Reverse Lunge (aug 1),train,2117,aug_1
11436,M002P007A047R001_AUG000,2,7,14236,1,46,300,Side-lying Right Leg Backward Kick (aug 0),train,2118,aug_0
11437,M002P007A047R001_AUG001,2,7,14237,1,46,300,Side-lying Right Leg Backward Kick (aug 1),train,2118,aug_1
11438,M002P007A047R002_AUG000,2,7,14238,2,46,300,Side-lying Right Leg Backward Kick (aug 0),train,2119,aug_0
11439,M002P007A047R002_AUG001,2,7,14239,2,46,300,Side-lying Right Leg Backward Kick (aug 1),train,2119,aug_1
11440,M002P007A047R003_AUG000,2,7,14240,3,46,300,Side-lying Right Leg Backward Kick (aug 0),train,2120,aug_0
11441,M002P007A047R003_AUG001,2,7,14241,3,46,300,Side-lying Right Leg Backward Kick (aug 1),train,2120,aug_1
11442,M002P007A048R001_AUG000,2,7,14242,1,47,300,Left Leg Lunge With Knee Lift (aug 0),train,2121,aug_0
11443,M002P007A048R001_AUG001,2,7,14243,1,47,300,Left Leg Lunge With Knee Lift (aug 1),train,2121,aug_1
11444,M002P007A048R002_AUG000,2,7,14244,2,47,300,Left Leg Lunge With Knee Lift (aug 0),train,2122,aug_0
11445,M002P007A048R002_AUG001,2,7,14245,2,47,300,Left Leg Lunge With Knee Lift (aug 1),train,2122,aug_1
11446,M002P007A048R003_AUG000,2,7,14246,3,47,300,Left Leg Lunge With Knee Lift (aug 0),train,2123,aug_0
11447,M002P007A048R003_AUG001,2,7,14247,3,47,300,Left Leg Lunge With Knee Lift (aug 1),train,2123,aug_1
11448,M002P007A049R001_AUG000,2,7,14248,1,48,300,Sumo Squat (aug 0),train,2124,aug_0
11449,M002P007A049R001_AUG001,2,7,14249,1,48,300,Sumo Squat (aug 1),train,2124,aug_1
11450,M002P007A049R002_AUG000,2,7,14250,2,48,300,Sumo Squat (aug 0),train,2125,aug_0
11451,M002P007A049R002_AUG001,2,7,14251,2,48,300,Sumo Squat (aug 1),train,2125,aug_1
11452,M002P007A049R003_AUG000,2,7,14252,3,48,300,Sumo Squat (aug 0),train,2126,aug_0
11453,M002P007A049R003_AUG001,2,7,14253,3,48,300,Sumo Squat (aug 1),train,2126,aug_1
11454,M002P007A050R001_AUG000,2,7,14254,1,49,300,Straight Leg Calf Raise (aug 0),train,2127,aug_0
11455,M002P007A050R001_AUG001,2,7,14255,1,49,300,Straight Leg Calf Raise (aug 1),train,2127,aug_1
11456,M002P007A050R002_AUG000,2,7,14256,2,49,300,Straight Leg Calf Raise (aug 0),train,2128,aug_0
11457,M002P007A050R002_AUG001,2,7,14257,2,49,300,Straight Leg Calf Raise (aug 1),train,2128,aug_1
11458,M002P007A050R003_AUG000,2,7,14258,3,49,300,Straight Leg Calf Raise (aug 0),train,2129,aug_0
11459,M002P007A050R003_AUG001,2,7,14259,3,49,300,Straight Leg Calf Raise (aug 1),train,2129,aug_1
11460,M002P007A051R001_AUG000,2,7,14260,1,50,300,Squat Jump (aug 0),train,2130,aug_0
11461,M002P007A051R001_AUG001,2,7,14261,1,50,300,Squat Jump (aug 1),train,2130,aug_1
11462,M002P007A051R002_AUG000,2,7,14262,2,50,300,Squat Jump (aug 0),train,2131,aug_0
11463,M002P007A051R002_AUG001,2,7,14263,2,50,300,Squat Jump (aug 1),train,2131,aug_1
11464,M002P007A051R003_AUG000,2,7,14264,3,50,300,Squat Jump (aug 0),train,2132,aug_0
11465,M002P007A051R003_AUG001,2,7,14265,3,50,300,Squat Jump (aug 1),train,2132,aug_1
11466,M002P007A052R001_AUG000,2,7,14266,1,51,300,Squat With Alternate Knee Lift (aug 0),train,2133,aug_0
11467,M002P007A052R001_AUG001,2,7,14267,1,51,300,Squat With Alternate Knee Lift (aug 1),train,2133,aug_1
11468,M002P007A052R002_AUG000,2,7,14268,2,51,300,Squat With Alternate Knee Lift (aug 0),train,2134,aug_0
11469,M002P007A052R002_AUG001,2,7,14269,2,51,300,Squat With Alternate Knee Lift (aug 1),train,2134,aug_1
11470,M002P007A052R003_AUG000,2,7,14270,3,51,300,Squat With Alternate Knee Lift (aug 0),train,2135,aug_0
11471,M002P007A052R003_AUG001,2,7,14271,3,51,300,Squat With Alternate Knee Lift (aug 1),train,2135,aug_1
11472,M002P007A053R001_AUG000,2,7,14272,1,52,300,Standing Alternate Butt Kick (aug 0),train,2136,aug_0
11473,M002P007A053R001_AUG001,2,7,14273,1,52,300,Standing Alternate Butt Kick (aug 1),train,2136,aug_1
11474,M002P007A053R002_AUG000,2,7,14274,2,52,300,Standing Alternate Butt Kick (aug 0),train,2137,aug_0
11475,M002P007A053R002_AUG001,2,7,14275,2,52,300,Standing Alternate Butt Kick (aug 1),train,2137,aug_1
11476,M002P007A053R003_AUG000,2,7,14276,3,52,300,Standing Alternate Butt Kick (aug 0),train,2138,aug_0
11477,M002P007A053R003_AUG001,2,7,14277,3,52,300,Standing Alternate Butt Kick (aug 1),train,2138,aug_1
11478,M002P007A054R001_AUG000,2,7,14278,1,53,300,Knee Warm-up (aug 0),train,2139,aug_0
11479,M002P007A054R001_AUG001,2,7,14279,1,53,300,Knee Warm-up (aug 1),train,2139,aug_1
11480,M002P007A054R002_AUG000,2,7,14280,2,53,300,Knee Warm-up (aug 0),train,2140,aug_0
11481,M002P007A054R002_AUG001,2,7,14281,2,53,300,Knee Warm-up (aug 1),train,2140,aug_1
11482,M002P007A054R003_AUG000,2,7,14282,3,53,300,Knee Warm-up (aug 0),train,2141,aug_0
11483,M002P007A054R003_AUG001,2,7,14283,3,53,300,Knee Warm-up (aug 1),train,2141,aug_1
11484,M002P007A055R001_AUG000,2,7,14284,1,54,300,Butt Kicks (aug 0),train,2142,aug_0
11485,M002P007A055R001_AUG001,2,7,14285,1,54,300,Butt Kicks (aug 1),train,2142,aug_1
11486,M002P007A055R002_AUG000,2,7,14286,2,54,300,Butt Kicks (aug 0),train,2143,aug_0
11487,M002P007A055R002_AUG001,2,7,14287,2,54,300,Butt Kicks (aug 1),train,2143,aug_1
11488,M002P007A055R003_AUG000,2,7,14288,3,54,300,Butt Kicks (aug 0),train,2144,aug_0
11489,M002P007A055R003_AUG001,2,7,14289,3,54,300,Butt Kicks (aug 1),train,2144,aug_1
11490,M002P007A056R001_AUG000,2,7,14290,1,55,300,Jump Left and Right (aug 0),train,2145,aug_0
11491,M002P007A056R001_AUG001,2,7,14291,1,55,300,Jump Left and Right (aug 1),train,2145,aug_1
11492,M002P007A056R002_AUG000,2,7,14292,2,55,300,Jump Left and Right (aug 0),train,2146,aug_0
11493,M002P007A056R002_AUG001,2,7,14293,2,55,300,Jump Left and Right (aug 1),train,2146,aug_1
11494,M002P007A056R003_AUG000,2,7,14294,3,55,300,Jump Left and Right (aug 0),train,2147,aug_0
11495,M002P007A056R003_AUG001,2,7,14295,3,55,300,Jump Left and Right (aug 1),train,2147,aug_1
11496,M002P007A057R001_AUG000,2,7,14296,1,56,300,Jumping Jacks (aug 0),train,2148,aug_0
11497,M002P007A057R001_AUG001,2,7,14297,1,56,300,Jumping Jacks (aug 1),train,2148,aug_1
11498,M002P007A057R002_AUG000,2,7,14298,2,56,300,Jumping Jacks (aug 0),train,2149,aug_0
11499,M002P007A057R002_AUG001,2,7,14299,2,56,300,Jumping Jacks (aug 1),train,2149,aug_1
11500,M002P007A057R003_AUG000,2,7,14300,3,56,300,Jumping Jacks (aug 0),train,2150,aug_0
11501,M002P007A057R003_AUG001,2,7,14301,3,56,300,Jumping Jacks (aug 1),train,2150,aug_1
11502,M002P007A058R001_AUG000,2,7,14302,1,57,300,High Knee (aug 0),train,2151,aug_0
11503,M002P007A058R001_AUG001,2,7,14303,1,57,300,High Knee (aug 1),train,2151,aug_1
11504,M002P007A058R002_AUG000,2,7,14304,2,57,300,High Knee (aug 0),train,2152,aug_0
11505,M002P007A058R002_AUG001,2,7,14305,2,57,300,High Knee (aug 1),train,2152,aug_1
11506,M002P007A058R003_AUG000,2,7,14306,3,57,300,High Knee (aug 0),train,2153,aug_0
11507,M002P007A058R003_AUG001,2,7,14307,3,57,300,High Knee (aug 1),train,2153,aug_1
11508,M002P007A059R001_AUG000,2,7,14308,1,58,300,Clap Jacks (aug 0),train,2154,aug_0
11509,M002P007A059R001_AUG001,2,7,14309,1,58,300,Clap Jacks (aug 1),train,2154,aug_1
11510,M002P007A059R002_AUG000,2,7,14310,2,58,300,Clap Jacks (aug 0),train,2155,aug_0
11511,M002P007A059R002_AUG001,2,7,14311,2,58,300,Clap Jacks (aug 1),train,2155,aug_1
11512,M002P007A059R003_AUG000,2,7,14312,3,58,300,Clap Jacks (aug 0),train,2156,aug_0
11513,M002P007A059R003_AUG001,2,7,14313,3,58,300,Clap Jacks (aug 1),train,2156,aug_1
11514,M002P007A060R001_AUG000,2,7,14314,1,59,300,Run In Place With Arm Swing (aug 0),train,2157,aug_0
11515,M002P007A060R001_AUG001,2,7,14315,1,59,300,Run In Place With Arm Swing (aug 1),train,2157,aug_1
11516,M002P007A060R002_AUG000,2,7,14316,2,59,300,Run In Place With Arm Swing (aug 0),train,2158,aug_0
11517,M002P007A060R002_AUG001,2,7,14317,2,59,300,Run In Place With Arm Swing (aug 1),train,2158,aug_1
11518,M002P007A060R003_AUG000,2,7,14318,3,59,300,Run In Place With Arm Swing (aug 0),train,2159,aug_0
11519,M002P007A060R003_AUG001,2,7,14319,3,59,300,Run In Place With Arm Swing (aug 1),train,2159,aug_1
11520,M002P008A001R001_AUG000,2,8,14320,1,0,300,Svend Press (aug 0),train,2160,aug_0
11521,M002P008A001R001_AUG001,2,8,14321,1,0,300,Svend Press (aug 1),train,2160,aug_1
11522,M002P008A001R002_AUG000,2,8,14322,2,0,300,Svend Press (aug 0),train,2161,aug_0
11523,M002P008A001R002_AUG001,2,8,14323,2,0,300,Svend Press (aug 1),train,2161,aug_1
11524,M002P008A001R003_AUG000,2,8,14324,3,0,300,Svend Press (aug 0),train,2162,aug_0
11525,M002P008A001R003_AUG001,2,8,14325,3,0,300,Svend Press (aug 1),train,2162,aug_1
11526,M002P008A002R001_AUG000,2,8,14326,1,1,300,Kneeling Push-ups (aug 0),train,2163,aug_0
11527,M002P008A002R001_AUG001,2,8,14327,1,1,300,Kneeling Push-ups (aug 1),train,2163,aug_1
11528,M002P008A002R002_AUG000,2,8,14328,2,1,300,Kneeling Push-ups (aug 0),train,2164,aug_0
11529,M002P008A002R002_AUG001,2,8,14329,2,1,300,Kneeling Push-ups (aug 1),train,2164,aug_1
11530,M002P008A002R003_AUG000,2,8,14330,3,1,300,Kneeling Push-ups (aug 0),train,2165,aug_0
11531,M002P008A002R003_AUG001,2,8,14331,3,1,300,Kneeling Push-ups (aug 1),train,2165,aug_1
11532,M002P008A003R001_AUG000,2,8,14332,1,2,300,Standing Straight-arm Chest Press With Resistance Band (aug 0),train,2166,aug_0
11533,M002P008A003R001_AUG001,2,8,14333,1,2,300,Standing Straight-arm Chest Press With Resistance Band (aug 1),train,2166,aug_1
11534,M002P008A003R002_AUG000,2,8,14334,2,2,300,Standing Straight-arm Chest Press With Resistance Band (aug 0),train,2167,aug_0
11535,M002P008A003R002_AUG001,2,8,14335,2,2,300,Standing Straight-arm Chest Press With Resistance Band (aug 1),train,2167,aug_1
11536,M002P008A003R003_AUG000,2,8,14336,3,2,300,Standing Straight-arm Chest Press With Resistance Band (aug 0),train,2168,aug_0
11537,M002P008A003R003_AUG001,2,8,14337,3,2,300,Standing Straight-arm Chest Press With Resistance Band (aug 1),train,2168,aug_1
11538,M002P008A004R001_AUG000,2,8,14338,1,3,300,Small Dumbbell Floor Flies (aug 0),train,2169,aug_0
11539,M002P008A004R001_AUG001,2,8,14339,1,3,300,Small Dumbbell Floor Flies (aug 1),train,2169,aug_1
11540,M002P008A004R002_AUG000,2,8,14340,2,3,300,Small Dumbbell Floor Flies (aug 0),train,2170,aug_0
11541,M002P008A004R002_AUG001,2,8,14341,2,3,300,Small Dumbbell Floor Flies (aug 1),train,2170,aug_1
11542,M002P008A004R003_AUG000,2,8,14342,3,3,300,Small Dumbbell Floor Flies (aug 0),train,2171,aug_0
11543,M002P008A004R003_AUG001,2,8,14343,3,3,300,Small Dumbbell Floor Flies (aug 1),train,2171,aug_1
11544,M002P008A005R001_AUG000,2,8,14344,1,4,300,Chest Fly (aug 0),train,2172,aug_0
11545,M002P008A005R001_AUG001,2,8,14345,1,4,300,Chest Fly (aug 1),train,2172,aug_1
11546,M002P008A005R002_AUG000,2,8,14346,2,4,300,Chest Fly (aug 0),train,2173,aug_0
11547,M002P008A005R002_AUG001,2,8,14347,2,4,300,Chest Fly (aug 1),train,2173,aug_1
11548,M002P008A005R003_AUG000,2,8,14348,3,4,300,Chest Fly (aug 0),train,2174,aug_0
11549,M002P008A005R003_AUG001,2,8,14349,3,4,300,Chest Fly (aug 1),train,2174,aug_1
11550,M002P008A006R001_AUG000,2,8,14350,1,5,300,Push-ups (aug 0),train,2175,aug_0
11551,M002P008A006R001_AUG001,2,8,14351,1,5,300,Push-ups (aug 1),train,2175,aug_1
11552,M002P008A006R002_AUG000,2,8,14352,2,5,300,Push-ups (aug 0),train,2176,aug_0
11553,M002P008A006R002_AUG001,2,8,14353,2,5,300,Push-ups (aug 1),train,2176,aug_1
11554,M002P008A006R003_AUG000,2,8,14354,3,5,300,Push-ups (aug 0),train,2177,aug_0
11555,M002P008A006R003_AUG001,2,8,14355,3,5,300,Push-ups (aug 1),train,2177,aug_1
11556,M002P008A007R001_AUG000,2,8,14356,1,6,300,Bent-over W-shape Stretch (aug 0),train,2178,aug_0
11557,M002P008A007R001_AUG001,2,8,14357,1,6,300,Bent-over W-shape Stretch (aug 1),train,2178,aug_1
11558,M002P008A007R002_AUG000,2,8,14358,2,6,300,Bent-over W-shape Stretch (aug 0),train,2179,aug_0
11559,M002P008A007R002_AUG001,2,8,14359,2,6,300,Bent-over W-shape Stretch (aug 1),train,2179,aug_1
11560,M002P008A007R003_AUG000,2,8,14360,3,6,300,Bent-over W-shape Stretch (aug 0),train,2180,aug_0
11561,M002P008A007R003_AUG001,2,8,14361,3,6,300,Bent-over W-shape Stretch (aug 1),train,2180,aug_1
11562,M002P008A008R001_AUG000,2,8,14362,1,7,300,Bent-over Y-shape Stretch (aug 0),train,2181,aug_0
11563,M002P008A008R001_AUG001,2,8,14363,1,7,300,Bent-over Y-shape Stretch (aug 1),train,2181,aug_1
11564,M002P008A008R002_AUG000,2,8,14364,2,7,300,Bent-over Y-shape Stretch (aug 0),train,2182,aug_0
11565,M002P008A008R002_AUG001,2,8,14365,2,7,300,Bent-over Y-shape Stretch (aug 1),train,2182,aug_1
11566,M002P008A008R003_AUG000,2,8,14366,3,7,300,Bent-over Y-shape Stretch (aug 0),train,2183,aug_0
11567,M002P008A008R003_AUG001,2,8,14367,3,7,300,Bent-over Y-shape Stretch (aug 1),train,2183,aug_1
11568,M002P008A009R001_AUG000,2,8,14368,1,8,300,Bent-over A-shape Stretch (aug 0),train,2184,aug_0
11569,M002P008A009R001_AUG001,2,8,14369,1,8,300,Bent-over A-shape Stretch (aug 1),train,2184,aug_1
11570,M002P008A009R002_AUG000,2,8,14370,2,8,300,Bent-over A-shape Stretch (aug 0),train,2185,aug_0
11571,M002P008A009R002_AUG001,2,8,14371,2,8,300,Bent-over A-shape Stretch (aug 1),train,2185,aug_1
11572,M002P008A009R003_AUG000,2,8,14372,3,8,300,Bent-over A-shape Stretch (aug 0),train,2186,aug_0
11573,M002P008A009R003_AUG001,2,8,14373,3,8,300,Bent-over A-shape Stretch (aug 1),train,2186,aug_1
11574,M002P008A010R001_AUG000,2,8,14374,1,9,300,Squat With Arm Lift (aug 0),train,2187,aug_0
11575,M002P008A010R001_AUG001,2,8,14375,1,9,300,Squat With Arm Lift (aug 1),train,2187,aug_1
11576,M002P008A010R002_AUG000,2,8,14376,2,9,300,Squat With Arm Lift (aug 0),train,2188,aug_0
11577,M002P008A010R002_AUG001,2,8,14377,2,9,300,Squat With Arm Lift (aug 1),train,2188,aug_1
11578,M002P008A010R003_AUG000,2,8,14378,3,9,300,Squat With Arm Lift (aug 0),train,2189,aug_0
11579,M002P008A010R003_AUG001,2,8,14379,3,9,300,Squat With Arm Lift (aug 1),train,2189,aug_1
11580,M002P008A011R001_AUG000,2,8,14380,1,10,300,Breaststroke Arm Pull (aug 0),train,2190,aug_0
11581,M002P008A011R001_AUG001,2,8,14381,1,10,300,Breaststroke Arm Pull (aug 1),train,2190,aug_1
11582,M002P008A011R002_AUG000,2,8,14382,2,10,300,Breaststroke Arm Pull (aug 0),train,2191,aug_0
11583,M002P008A011R002_AUG001,2,8,14383,2,10,300,Breaststroke Arm Pull (aug 1),train,2191,aug_1
11584,M002P008A011R003_AUG000,2,8,14384,3,10,300,Breaststroke Arm Pull (aug 0),train,2192,aug_0
11585,M002P008A011R003_AUG001,2,8,14385,3,10,300,Breaststroke Arm Pull (aug 1),train,2192,aug_1
11586,M002P008A012R001_AUG000,2,8,14386,1,11,300,Prone Y-shape Stretch (aug 0),train,2193,aug_0
11587,M002P008A012R001_AUG001,2,8,14387,1,11,300,Prone Y-shape Stretch (aug 1),train,2193,aug_1
11588,M002P008A012R002_AUG000,2,8,14388,2,11,300,Prone Y-shape Stretch (aug 0),train,2194,aug_0
11589,M002P008A012R002_AUG001,2,8,14389,2,11,300,Prone Y-shape Stretch (aug 1),train,2194,aug_1
11590,M002P008A012R003_AUG000,2,8,14390,3,11,300,Prone Y-shape Stretch (aug 0),train,2195,aug_0
11591,M002P008A012R003_AUG001,2,8,14391,3,11,300,Prone Y-shape Stretch (aug 1),train,2195,aug_1
11592,M002P008A013R001_AUG000,2,8,14392,1,12,300,Lateral Raise Forward Circles (aug 0),train,2196,aug_0
11593,M002P008A013R001_AUG001,2,8,14393,1,12,300,Lateral Raise Forward Circles (aug 1),train,2196,aug_1
11594,M002P008A013R002_AUG000,2,8,14394,2,12,300,Lateral Raise Forward Circles (aug 0),train,2197,aug_0
11595,M002P008A013R002_AUG001,2,8,14395,2,12,300,Lateral Raise Forward Circles (aug 1),train,2197,aug_1
11596,M002P008A013R003_AUG000,2,8,14396,3,12,300,Lateral Raise Forward Circles (aug 0),train,2198,aug_0
11597,M002P008A013R003_AUG001,2,8,14397,3,12,300,Lateral Raise Forward Circles (aug 1),train,2198,aug_1
11598,M002P008A014R001_AUG000,2,8,14398,1,13,300,Lateral Raise Backward Circles (aug 0),train,2199,aug_0
11599,M002P008A014R001_AUG001,2,8,14399,1,13,300,Lateral Raise Backward Circles (aug 1),train,2199,aug_1
11600,M002P008A014R002_AUG000,2,8,14400,2,13,300,Lateral Raise Backward Circles (aug 0),train,2200,aug_0
11601,M002P008A014R002_AUG001,2,8,14401,2,13,300,Lateral Raise Backward Circles (aug 1),train,2200,aug_1
11602,M002P008A014R003_AUG000,2,8,14402,3,13,300,Lateral Raise Backward Circles (aug 0),train,2201,aug_0
11603,M002P008A014R003_AUG001,2,8,14403,3,13,300,Lateral Raise Backward Circles (aug 1),train,2201,aug_1
11604,M002P008A015R001_AUG000,2,8,14404,1,14,300,Lying Shoulder Joint Upward Round (aug 0),train,2202,aug_0
11605,M002P008A015R001_AUG001,2,8,14405,1,14,300,Lying Shoulder Joint Upward Round (aug 1),train,2202,aug_1
11606,M002P008A015R002_AUG000,2,8,14406,2,14,300,Lying Shoulder Joint Upward Round (aug 0),train,2203,aug_0
11607,M002P008A015R002_AUG001,2,8,14407,2,14,300,Lying Shoulder Joint Upward Round (aug 1),train,2203,aug_1
11608,M002P008A015R003_AUG000,2,8,14408,3,14,300,Lying Shoulder Joint Upward Round (aug 0),train,2204,aug_0
11609,M002P008A015R003_AUG001,2,8,14409,3,14,300,Lying Shoulder Joint Upward Round (aug 1),train,2204,aug_1
11610,M002P008A016R001_AUG000,2,8,14410,1,15,300,Lying Shoulder Joint Downward Round (aug 0),train,2205,aug_0
11611,M002P008A016R001_AUG001,2,8,14411,1,15,300,Lying Shoulder Joint Downward Round (aug 1),train,2205,aug_1
11612,M002P008A016R002_AUG000,2,8,14412,2,15,300,Lying Shoulder Joint Downward Round (aug 0),train,2206,aug_0
11613,M002P008A016R002_AUG001,2,8,14413,2,15,300,Lying Shoulder Joint Downward Round (aug 1),train,2206,aug_1
11614,M002P008A016R003_AUG000,2,8,14414,3,15,300,Lying Shoulder Joint Downward Round (aug 0),train,2207,aug_0
11615,M002P008A016R003_AUG001,2,8,14415,3,15,300,Lying Shoulder Joint Downward Round (aug 1),train,2207,aug_1
11616,M002P008A017R001_AUG000,2,8,14416,1,16,300,Bare-handed Full Lateral Raise (aug 0),train,2208,aug_0
11617,M002P008A017R001_AUG001,2,8,14417,1,16,300,Bare-handed Full Lateral Raise (aug 1),train,2208,aug_1
11618,M002P008A017R002_AUG000,2,8,14418,2,16,300,Bare-handed Full Lateral Raise (aug 0),train,2209,aug_0
11619,M002P008A017R002_AUG001,2,8,14419,2,16,300,Bare-handed Full Lateral Raise (aug 1),train,2209,aug_1
11620,M002P008A017R003_AUG000,2,8,14420,3,16,300,Bare-handed Full Lateral Raise (aug 0),train,2210,aug_0
11621,M002P008A017R003_AUG001,2,8,14421,3,16,300,Bare-handed Full Lateral Raise (aug 1),train,2210,aug_1
11622,M002P008A018R001_AUG000,2,8,14422,1,17,300,Bare-handed Cuban Press (aug 0),train,2211,aug_0
11623,M002P008A018R001_AUG001,2,8,14423,1,17,300,Bare-handed Cuban Press (aug 1),train,2211,aug_1
11624,M002P008A018R002_AUG000,2,8,14424,2,17,300,Bare-handed Cuban Press (aug 0),train,2212,aug_0
11625,M002P008A018R002_AUG001,2,8,14425,2,17,300,Bare-handed Cuban Press (aug 1),train,2212,aug_1
11626,M002P008A018R003_AUG000,2,8,14426,3,17,300,Bare-handed Cuban Press (aug 0),train,2213,aug_0
11627,M002P008A018R003_AUG001,2,8,14427,3,17,300,Bare-handed Cuban Press (aug 1),train,2213,aug_1
11628,M002P008A019R001_AUG000,2,8,14428,1,18,300,Fortune Cat (aug 0),train,2214,aug_0
11629,M002P008A019R001_AUG001,2,8,14429,1,18,300,Fortune Cat (aug 1),train,2214,aug_1
11630,M002P008A019R002_AUG000,2,8,14430,2,18,300,Fortune Cat (aug 0),train,2215,aug_0
11631,M002P008A019R002_AUG001,2,8,14431,2,18,300,Fortune Cat (aug 1),train,2215,aug_1
11632,M002P008A019R003_AUG000,2,8,14432,3,18,300,Fortune Cat (aug 0),train,2216,aug_0
11633,M002P008A019R003_AUG001,2,8,14433,3,18,300,Fortune Cat (aug 1),train,2216,aug_1
11634,M002P008A020R001_AUG000,2,8,14434,1,19,300,Dumbbell Curls (aug 0),train,2217,aug_0
11635,M002P008A020R001_AUG001,2,8,14435,1,19,300,Dumbbell Curls (aug 1),train,2217,aug_1
11636,M002P008A020R002_AUG000,2,8,14436,2,19,300,Dumbbell Curls (aug 0),train,2218,aug_0
11637,M002P008A020R002_AUG001,2,8,14437,2,19,300,Dumbbell Curls (aug 1),train,2218,aug_1
11638,M002P008A020R003_AUG000,2,8,14438,3,19,300,Dumbbell Curls (aug 0),train,2219,aug_0
11639,M002P008A020R003_AUG001,2,8,14439,3,19,300,Dumbbell Curls (aug 1),train,2219,aug_1
11640,M002P008A021R001_AUG000,2,8,14440,1,20,300,Alternate Dumbbell Curls (aug 0),train,2220,aug_0
11641,M002P008A021R001_AUG001,2,8,14441,1,20,300,Alternate Dumbbell Curls (aug 1),train,2220,aug_1
11642,M002P008A021R002_AUG000,2,8,14442,2,20,300,Alternate Dumbbell Curls (aug 0),train,2221,aug_0
11643,M002P008A021R002_AUG001,2,8,14443,2,20,300,Alternate Dumbbell Curls (aug 1),train,2221,aug_1
11644,M002P008A021R003_AUG000,2,8,14444,3,20,300,Alternate Dumbbell Curls (aug 0),train,2222,aug_0
11645,M002P008A021R003_AUG001,2,8,14445,3,20,300,Alternate Dumbbell Curls (aug 1),train,2222,aug_1
11646,M002P008A022R001_AUG000,2,8,14446,1,21,300,Right-side Kettlebell Bent-over Row (aug 0),train,2223,aug_0
11647,M002P008A022R001_AUG001,2,8,14447,1,21,300,Right-side Kettlebell Bent-over Row (aug 1),train,2223,aug_1
11648,M002P008A022R002_AUG000,2,8,14448,2,21,300,Right-side Kettlebell Bent-over Row (aug 0),train,2224,aug_0
11649,M002P008A022R002_AUG001,2,8,14449,2,21,300,Right-side Kettlebell Bent-over Row (aug 1),train,2224,aug_1
11650,M002P008A022R003_AUG000,2,8,14450,3,21,300,Right-side Kettlebell Bent-over Row (aug 0),train,2225,aug_0
11651,M002P008A022R003_AUG001,2,8,14451,3,21,300,Right-side Kettlebell Bent-over Row (aug 1),train,2225,aug_1
11652,M002P008A023R001_AUG000,2,8,14452,1,22,300,Wrist Joint Warm-up (aug 0),train,2226,aug_0
11653,M002P008A023R001_AUG001,2,8,14453,1,22,300,Wrist Joint Warm-up (aug 1),train,2226,aug_1
11654,M002P008A023R002_AUG000,2,8,14454,2,22,300,Wrist Joint Warm-up (aug 0),train,2227,aug_0
11655,M002P008A023R002_AUG001,2,8,14455,2,22,300,Wrist Joint Warm-up (aug 1),train,2227,aug_1
11656,M002P008A023R003_AUG000,2,8,14456,3,22,300,Wrist Joint Warm-up (aug 0),train,2228,aug_0
11657,M002P008A023R003_AUG001,2,8,14457,3,22,300,Wrist Joint Warm-up (aug 1),train,2228,aug_1
11658,M002P008A024R001_AUG000,2,8,14458,1,23,300,Right-side Bent-over Tricep Extension With Resistance Band (aug 0),train,2229,aug_0
11659,M002P008A024R001_AUG001,2,8,14459,1,23,300,Right-side Bent-over Tricep Extension With Resistance Band (aug 1),train,2229,aug_1
11660,M002P008A024R002_AUG000,2,8,14460,2,23,300,Right-side Bent-over Tricep Extension With Resistance Band (aug 0),train,2230,aug_0
11661,M002P008A024R002_AUG001,2,8,14461,2,23,300,Right-side Bent-over Tricep Extension With Resistance Band (aug 1),train,2230,aug_1
11662,M002P008A024R003_AUG000,2,8,14462,3,23,300,Right-side Bent-over Tricep Extension With Resistance Band (aug 0),train,2231,aug_0
11663,M002P008A024R003_AUG001,2,8,14463,3,23,300,Right-side Bent-over Tricep Extension With Resistance Band (aug 1),train,2231,aug_1
11664,M002P008A025R001_AUG000,2,8,14464,1,24,300,Bent-over Dumbbell Tricep Extension (aug 0),train,2232,aug_0
11665,M002P008A025R001_AUG001,2,8,14465,1,24,300,Bent-over Dumbbell Tricep Extension (aug 1),train,2232,aug_1
11666,M002P008A025R002_AUG000,2,8,14466,2,24,300,Bent-over Dumbbell Tricep Extension (aug 0),train,2233,aug_0
11667,M002P008A025R002_AUG001,2,8,14467,2,24,300,Bent-over Dumbbell Tricep Extension (aug 1),train,2233,aug_1
11668,M002P008A025R003_AUG000,2,8,14468,3,24,300,Bent-over Dumbbell Tricep Extension (aug 0),train,2234,aug_0
11669,M002P008A025R003_AUG001,2,8,14469,3,24,300,Bent-over Dumbbell Tricep Extension (aug 1),train,2234,aug_1
11670,M002P008A026R001_AUG000,2,8,14470,1,25,300,Nod And Raise Head (aug 0),train,2235,aug_0
11671,M002P008A026R001_AUG001,2,8,14471,1,25,300,Nod And Raise Head (aug 1),train,2235,aug_1
11672,M002P008A026R002_AUG000,2,8,14472,2,25,300,Nod And Raise Head (aug 0),train,2236,aug_0
11673,M002P008A026R002_AUG001,2,8,14473,2,25,300,Nod And Raise Head (aug 1),train,2236,aug_1
11674,M002P008A026R003_AUG000,2,8,14474,3,25,300,Nod And Raise Head (aug 0),train,2237,aug_0
11675,M002P008A026R003_AUG001,2,8,14475,3,25,300,Nod And Raise Head (aug 1),train,2237,aug_1
11676,M002P008A027R001_AUG000,2,8,14476,1,26,300,Two-way Head Turn (aug 0),train,2238,aug_0
11677,M002P008A027R001_AUG001,2,8,14477,1,26,300,Two-way Head Turn (aug 1),train,2238,aug_1
11678,M002P008A027R002_AUG000,2,8,14478,2,26,300,Two-way Head Turn (aug 0),train,2239,aug_0
11679,M002P008A027R002_AUG001,2,8,14479,2,26,300,Two-way Head Turn (aug 1),train,2239,aug_1
11680,M002P008A027R003_AUG000,2,8,14480,3,26,300,Two-way Head Turn (aug 0),train,2240,aug_0
11681,M002P008A027R003_AUG001,2,8,14481,3,26,300,Two-way Head Turn (aug 1),train,2240,aug_1
11682,M002P008A028R001_AUG000,2,8,14482,1,27,300,Shrug And Sink The Shoulders (aug 0),train,2241,aug_0
11683,M002P008A028R001_AUG001,2,8,14483,1,27,300,Shrug And Sink The Shoulders (aug 1),train,2241,aug_1
11684,M002P008A028R002_AUG000,2,8,14484,2,27,300,Shrug And Sink The Shoulders (aug 0),train,2242,aug_0
11685,M002P008A028R002_AUG001,2,8,14485,2,27,300,Shrug And Sink The Shoulders (aug 1),train,2242,aug_1
11686,M002P008A028R003_AUG000,2,8,14486,3,27,300,Shrug And Sink The Shoulders (aug 0),train,2243,aug_0
11687,M002P008A028R003_AUG001,2,8,14487,3,27,300,Shrug And Sink The Shoulders (aug 1),train,2243,aug_1
11688,M002P008A029R001_AUG000,2,8,14488,1,28,300,Four-way Nod Head (aug 0),train,2244,aug_0
11689,M002P008A029R001_AUG001,2,8,14489,1,28,300,Four-way Nod Head (aug 1),train,2244,aug_1
11690,M002P008A029R002_AUG000,2,8,14490,2,28,300,Four-way Nod Head (aug 0),train,2245,aug_0
11691,M002P008A029R002_AUG001,2,8,14491,2,28,300,Four-way Nod Head (aug 1),train,2245,aug_1
11692,M002P008A029R003_AUG000,2,8,14492,3,28,300,Four-way Nod Head (aug 0),train,2246,aug_0
11693,M002P008A029R003_AUG001,2,8,14493,3,28,300,Four-way Nod Head (aug 1),train,2246,aug_1
11694,M002P008A030R001_AUG000,2,8,14494,1,29,300,Lying Alternate Upper-half Leg Raise (aug 0),train,2247,aug_0
11695,M002P008A030R001_AUG001,2,8,14495,1,29,300,Lying Alternate Upper-half Leg Raise (aug 1),train,2247,aug_1
11696,M002P008A030R002_AUG000,2,8,14496,2,29,300,Lying Alternate Upper-half Leg Raise (aug 0),train,2248,aug_0
11697,M002P008A030R002_AUG001,2,8,14497,2,29,300,Lying Alternate Upper-half Leg Raise (aug 1),train,2248,aug_1
11698,M002P008A030R003_AUG000,2,8,14498,3,29,300,Lying Alternate Upper-half Leg Raise (aug 0),train,2249,aug_0
11699,M002P008A030R003_AUG001,2,8,14499,3,29,300,Lying Alternate Upper-half Leg Raise (aug 1),train,2249,aug_1
11700,M002P008A031R001_AUG000,2,8,14500,1,30,300,Half Roll Back (aug 0),train,2250,aug_0
11701,M002P008A031R001_AUG001,2,8,14501,1,30,300,Half Roll Back (aug 1),train,2250,aug_1
11702,M002P008A031R002_AUG000,2,8,14502,2,30,300,Half Roll Back (aug 0),train,2251,aug_0
11703,M002P008A031R002_AUG001,2,8,14503,2,30,300,Half Roll Back (aug 1),train,2251,aug_1
11704,M002P008A031R003_AUG000,2,8,14504,3,30,300,Half Roll Back (aug 0),train,2252,aug_0
11705,M002P008A031R003_AUG001,2,8,14505,3,30,300,Half Roll Back (aug 1),train,2252,aug_1
11706,M002P008A032R001_AUG000,2,8,14506,1,31,300,Kneeling Right-side Torso Twist (aug 0),train,2253,aug_0
11707,M002P008A032R001_AUG001,2,8,14507,1,31,300,Kneeling Right-side Torso Twist (aug 1),train,2253,aug_1
11708,M002P008A032R002_AUG000,2,8,14508,2,31,300,Kneeling Right-side Torso Twist (aug 0),train,2254,aug_0
11709,M002P008A032R002_AUG001,2,8,14509,2,31,300,Kneeling Right-side Torso Twist (aug 1),train,2254,aug_1
11710,M002P008A032R003_AUG000,2,8,14510,3,31,300,Kneeling Right-side Torso Twist (aug 0),train,2255,aug_0
11711,M002P008A032R003_AUG001,2,8,14511,3,31,300,Kneeling Right-side Torso Twist (aug 1),train,2255,aug_1
11712,M002P008A033R001_AUG000,2,8,14512,1,32,300,Left-side Knee Raise And Abdominal Muscles Contract (aug 0),train,2256,aug_0
11713,M002P008A033R001_AUG001,2,8,14513,1,32,300,Left-side Knee Raise And Abdominal Muscles Contract (aug 1),train,2256,aug_1
11714,M002P008A033R002_AUG000,2,8,14514,2,32,300,Left-side Knee Raise And Abdominal Muscles Contract (aug 0),train,2257,aug_0
11715,M002P008A033R002_AUG001,2,8,14515,2,32,300,Left-side Knee Raise And Abdominal Muscles Contract (aug 1),train,2257,aug_1
11716,M002P008A033R003_AUG000,2,8,14516,3,32,300,Left-side Knee Raise And Abdominal Muscles Contract (aug 0),train,2258,aug_0
11717,M002P008A033R003_AUG001,2,8,14517,3,32,300,Left-side Knee Raise And Abdominal Muscles Contract (aug 1),train,2258,aug_1
11718,M002P008A034R001_AUG000,2,8,14518,1,33,300,Kneeling Right Leg Backward Stretch (aug 0),train,2259,aug_0
11719,M002P008A034R001_AUG001,2,8,14519,1,33,300,Kneeling Right Leg Backward Stretch (aug 1),train,2259,aug_1
11720,M002P008A034R002_AUG000,2,8,14520,2,33,300,Kneeling Right Leg Backward Stretch (aug 0),train,2260,aug_0
11721,M002P008A034R002_AUG001,2,8,14521,2,33,300,Kneeling Right Leg Backward Stretch (aug 1),train,2260,aug_1
11722,M002P008A034R003_AUG000,2,8,14522,3,33,300,Kneeling Right Leg Backward Stretch (aug 0),train,2261,aug_0
11723,M002P008A034R003_AUG001,2,8,14523,3,33,300,Kneeling Right Leg Backward Stretch (aug 1),train,2261,aug_1
11724,M002P008A035R001_AUG000,2,8,14524,1,34,300,Kneeling Right Arm Raise (aug 0),train,2262,aug_0
11725,M002P008A035R001_AUG001,2,8,14525,1,34,300,Kneeling Right Arm Raise (aug 1),train,2262,aug_1
11726,M002P008A035R002_AUG000,2,8,14526,2,34,300,Kneeling Right Arm Raise (aug 0),train,2263,aug_0
11727,M002P008A035R002_AUG001,2,8,14527,2,34,300,Kneeling Right Arm Raise (aug 1),train,2263,aug_1
11728,M002P008A035R003_AUG000,2,8,14528,3,34,300,Kneeling Right Arm Raise (aug 0),train,2264,aug_0
11729,M002P008A035R003_AUG001,2,8,14529,3,34,300,Kneeling Right Arm Raise (aug 1),train,2264,aug_1
11730,M002P008A036R001_AUG000,2,8,14530,1,35,300,Shoulder Bridge (aug 0),train,2265,aug_0
11731,M002P008A036R001_AUG001,2,8,14531,1,35,300,Shoulder Bridge (aug 1),train,2265,aug_1
11732,M002P008A036R002_AUG000,2,8,14532,2,35,300,Shoulder Bridge (aug 0),train,2266,aug_0
11733,M002P008A036R002_AUG001,2,8,14533,2,35,300,Shoulder Bridge (aug 1),train,2266,aug_1
11734,M002P008A036R003_AUG000,2,8,14534,3,35,300,Shoulder Bridge (aug 0),train,2267,aug_0
11735,M002P008A036R003_AUG001,2,8,14535,3,35,300,Shoulder Bridge (aug 1),train,2267,aug_1
11736,M002P008A037R001_AUG000,2,8,14536,1,36,300,Prone Press-ups (aug 0),train,2268,aug_0
11737,M002P008A037R001_AUG001,2,8,14537,1,36,300,Prone Press-ups (aug 1),train,2268,aug_1
11738,M002P008A037R002_AUG000,2,8,14538,2,36,300,Prone Press-ups (aug 0),train,2269,aug_0
11739,M002P008A037R002_AUG001,2,8,14539,2,36,300,Prone Press-ups (aug 1),train,2269,aug_1
11740,M002P008A037R003_AUG000,2,8,14540,3,36,300,Prone Press-ups (aug 0),train,2270,aug_0
11741,M002P008A037R003_AUG001,2,8,14541,3,36,300,Prone Press-ups (aug 1),train,2270,aug_1
11742,M002P008A038R001_AUG000,2,8,14542,1,37,300,Bent-over Torso Rotation (aug 0),train,2271,aug_0
11743,M002P008A038R001_AUG001,2,8,14543,1,37,300,Bent-over Torso Rotation (aug 1),train,2271,aug_1
11744,M002P008A038R002_AUG000,2,8,14544,2,37,300,Bent-over Torso Rotation (aug 0),train,2272,aug_0
11745,M002P008A038R002_AUG001,2,8,14545,2,37,300,Bent-over Torso Rotation (aug 1),train,2272,aug_1
11746,M002P008A038R003_AUG000,2,8,14546,3,37,300,Bent-over Torso Rotation (aug 0),train,2273,aug_0
11747,M002P008A038R003_AUG001,2,8,14547,3,37,300,Bent-over Torso Rotation (aug 1),train,2273,aug_1
11748,M002P008A039R001_AUG000,2,8,14548,1,38,300,Lying Arm Pull (aug 0),train,2274,aug_0
11749,M002P008A039R001_AUG001,2,8,14549,1,38,300,Lying Arm Pull (aug 1),train,2274,aug_1
11750,M002P008A039R002_AUG000,2,8,14550,2,38,300,Lying Arm Pull (aug 0),train,2275,aug_0
11751,M002P008A039R002_AUG001,2,8,14551,2,38,300,Lying Arm Pull (aug 1),train,2275,aug_1
11752,M002P008A039R003_AUG000,2,8,14552,3,38,300,Lying Arm Pull (aug 0),train,2276,aug_0
11753,M002P008A039R003_AUG001,2,8,14553,3,38,300,Lying Arm Pull (aug 1),train,2276,aug_1
11754,M002P008A040R001_AUG000,2,8,14554,1,39,300,Prone Press Up With Torso Rotation (aug 0),train,2277,aug_0
11755,M002P008A040R001_AUG001,2,8,14555,1,39,300,Prone Press Up With Torso Rotation (aug 1),train,2277,aug_1
11756,M002P008A040R002_AUG000,2,8,14556,2,39,300,Prone Press Up With Torso Rotation (aug 0),train,2278,aug_0
11757,M002P008A040R002_AUG001,2,8,14557,2,39,300,Prone Press Up With Torso Rotation (aug 1),train,2278,aug_1
11758,M002P008A040R003_AUG000,2,8,14558,3,39,300,Prone Press Up With Torso Rotation (aug 0),train,2279,aug_0
11759,M002P008A040R003_AUG001,2,8,14559,3,39,300,Prone Press Up With Torso Rotation (aug 1),train,2279,aug_1
11760,M002P008A041R001_AUG000,2,8,14560,1,40,300,Breaststroke Push-ups (aug 0),train,2280,aug_0
11761,M002P008A041R001_AUG001,2,8,14561,1,40,300,Breaststroke Push-ups (aug 1),train,2280,aug_1
11762,M002P008A041R002_AUG000,2,8,14562,2,40,300,Breaststroke Push-ups (aug 0),train,2281,aug_0
11763,M002P008A041R002_AUG001,2,8,14563,2,40,300,Breaststroke Push-ups (aug 1),train,2281,aug_1
11764,M002P008A041R003_AUG000,2,8,14564,3,40,300,Breaststroke Push-ups (aug 0),train,2282,aug_0
11765,M002P008A041R003_AUG001,2,8,14565,3,40,300,Breaststroke Push-ups (aug 1),train,2282,aug_1
11766,M002P008A042R001_AUG000,2,8,14566,1,41,300,Sit-ups (aug 0),train,2283,aug_0
11767,M002P008A042R001_AUG001,2,8,14567,1,41,300,Sit-ups (aug 1),train,2283,aug_1
11768,M002P008A042R002_AUG000,2,8,14568,2,41,300,Sit-ups (aug 0),train,2284,aug_0
11769,M002P008A042R002_AUG001,2,8,14569,2,41,300,Sit-ups (aug 1),train,2284,aug_1
11770,M002P008A042R003_AUG000,2,8,14570,3,41,300,Sit-ups (aug 0),train,2285,aug_0
11771,M002P008A042R003_AUG001,2,8,14571,3,41,300,Sit-ups (aug 1),train,2285,aug_1
11772,M002P008A043R001_AUG000,2,8,14572,1,42,300,Side-lying Left Leg Forward Raise (aug 0),train,2286,aug_0
11773,M002P008A043R001_AUG001,2,8,14573,1,42,300,Side-lying Left Leg Forward Raise (aug 1),train,2286,aug_1
11774,M002P008A043R002_AUG000,2,8,14574,2,42,300,Side-lying Left Leg Forward Raise (aug 0),train,2287,aug_0
11775,M002P008A043R002_AUG001,2,8,14575,2,42,300,Side-lying Left Leg Forward Raise (aug 1),train,2287,aug_1
11776,M002P008A043R003_AUG000,2,8,14576,3,42,300,Side-lying Left Leg Forward Raise (aug 0),train,2288,aug_0
11777,M002P008A043R003_AUG001,2,8,14577,3,42,300,Side-lying Left Leg Forward Raise (aug 1),train,2288,aug_1
11778,M002P008A044R001_AUG000,2,8,14578,1,43,300,Right Leg Reverse Lunge (aug 0),train,2289,aug_0
11779,M002P008A044R001_AUG001,2,8,14579,1,43,300,Right Leg Reverse Lunge (aug 1),train,2289,aug_1
11780,M002P008A044R002_AUG000,2,8,14580,2,43,300,Right Leg Reverse Lunge (aug 0),train,2290,aug_0
11781,M002P008A044R002_AUG001,2,8,14581,2,43,300,Right Leg Reverse Lunge (aug 1),train,2290,aug_1
11782,M002P008A044R003_AUG000,2,8,14582,3,43,300,Right Leg Reverse Lunge (aug 0),train,2291,aug_0
11783,M002P008A044R003_AUG001,2,8,14583,3,43,300,Right Leg Reverse Lunge (aug 1),train,2291,aug_1
11784,M002P008A045R001_AUG000,2,8,14584,1,44,300,Kneeling Left Knee Lift (aug 0),train,2292,aug_0
11785,M002P008A045R001_AUG001,2,8,14585,1,44,300,Kneeling Left Knee Lift (aug 1),train,2292,aug_1
11786,M002P008A045R002_AUG000,2,8,14586,2,44,300,Kneeling Left Knee Lift (aug 0),train,2293,aug_0
11787,M002P008A045R002_AUG001,2,8,14587,2,44,300,Kneeling Left Knee Lift (aug 1),train,2293,aug_1
11788,M002P008A045R003_AUG000,2,8,14588,3,44,300,Kneeling Left Knee Lift (aug 0),train,2294,aug_0
11789,M002P008A045R003_AUG001,2,8,14589,3,44,300,Kneeling Left Knee Lift (aug 1),train,2294,aug_1
11790,M002P008A046R001_AUG000,2,8,14590,1,45,300,Alternate Reverse Lunge (aug 0),train,2295,aug_0
11791,M002P008A046R001_AUG001,2,8,14591,1,45,300,Alternate Reverse Lunge (aug 1),train,2295,aug_1
11792,M002P008A046R002_AUG000,2,8,14592,2,45,300,Alternate Reverse Lunge (aug 0),train,2296,aug_0
11793,M002P008A046R002_AUG001,2,8,14593,2,45,300,Alternate Reverse Lunge (aug 1),train,2296,aug_1
11794,M002P008A046R003_AUG000,2,8,14594,3,45,300,Alternate Reverse Lunge (aug 0),train,2297,aug_0
11795,M002P008A046R003_AUG001,2,8,14595,3,45,300,Alternate Reverse Lunge (aug 1),train,2297,aug_1
11796,M002P008A047R001_AUG000,2,8,14596,1,46,300,Side-lying Right Leg Backward Kick (aug 0),train,2298,aug_0
11797,M002P008A047R001_AUG001,2,8,14597,1,46,300,Side-lying Right Leg Backward Kick (aug 1),train,2298,aug_1
11798,M002P008A047R002_AUG000,2,8,14598,2,46,300,Side-lying Right Leg Backward Kick (aug 0),train,2299,aug_0
11799,M002P008A047R002_AUG001,2,8,14599,2,46,300,Side-lying Right Leg Backward Kick (aug 1),train,2299,aug_1
11800,M002P008A047R003_AUG000,2,8,14600,3,46,300,Side-lying Right Leg Backward Kick (aug 0),train,2300,aug_0
11801,M002P008A047R003_AUG001,2,8,14601,3,46,300,Side-lying Right Leg Backward Kick (aug 1),train,2300,aug_1
11802,M002P008A048R001_AUG000,2,8,14602,1,47,300,Left Leg Lunge With Knee Lift (aug 0),train,2301,aug_0
11803,M002P008A048R001_AUG001,2,8,14603,1,47,300,Left Leg Lunge With Knee Lift (aug 1),train,2301,aug_1
11804,M002P008A048R002_AUG000,2,8,14604,2,47,300,Left Leg Lunge With Knee Lift (aug 0),train,2302,aug_0
11805,M002P008A048R002_AUG001,2,8,14605,2,47,300,Left Leg Lunge With Knee Lift (aug 1),train,2302,aug_1
11806,M002P008A048R003_AUG000,2,8,14606,3,47,300,Left Leg Lunge With Knee Lift (aug 0),train,2303,aug_0
11807,M002P008A048R003_AUG001,2,8,14607,3,47,300,Left Leg Lunge With Knee Lift (aug 1),train,2303,aug_1
11808,M002P008A049R001_AUG000,2,8,14608,1,48,300,Sumo Squat (aug 0),train,2304,aug_0
11809,M002P008A049R001_AUG001,2,8,14609,1,48,300,Sumo Squat (aug 1),train,2304,aug_1
11810,M002P008A049R002_AUG000,2,8,14610,2,48,300,Sumo Squat (aug 0),train,2305,aug_0
11811,M002P008A049R002_AUG001,2,8,14611,2,48,300,Sumo Squat (aug 1),train,2305,aug_1
11812,M002P008A049R003_AUG000,2,8,14612,3,48,300,Sumo Squat (aug 0),train,2306,aug_0
11813,M002P008A049R003_AUG001,2,8,14613,3,48,300,Sumo Squat (aug 1),train,2306,aug_1
11814,M002P008A050R001_AUG000,2,8,14614,1,49,300,Straight Leg Calf Raise (aug 0),train,2307,aug_0
11815,M002P008A050R001_AUG001,2,8,14615,1,49,300,Straight Leg Calf Raise (aug 1),train,2307,aug_1
11816,M002P008A050R002_AUG000,2,8,14616,2,49,300,Straight Leg Calf Raise (aug 0),train,2308,aug_0
11817,M002P008A050R002_AUG001,2,8,14617,2,49,300,Straight Leg Calf Raise (aug 1),train,2308,aug_1
11818,M002P008A050R003_AUG000,2,8,14618,3,49,300,Straight Leg Calf Raise (aug 0),train,2309,aug_0
11819,M002P008A050R003_AUG001,2,8,14619,3,49,300,Straight Leg Calf Raise (aug 1),train,2309,aug_1
11820,M002P008A051R001_AUG000,2,8,14620,1,50,300,Squat Jump (aug 0),train,2310,aug_0
11821,M002P008A051R001_AUG001,2,8,14621,1,50,300,Squat Jump (aug 1),train,2310,aug_1
11822,M002P008A051R002_AUG000,2,8,14622,2,50,300,Squat Jump (aug 0),train,2311,aug_0
11823,M002P008A051R002_AUG001,2,8,14623,2,50,300,Squat Jump (aug 1),train,2311,aug_1
11824,M002P008A051R003_AUG000,2,8,14624,3,50,300,Squat Jump (aug 0),train,2312,aug_0
11825,M002P008A051R003_AUG001,2,8,14625,3,50,300,Squat Jump (aug 1),train,2312,aug_1
11826,M002P008A052R001_AUG000,2,8,14626,1,51,300,Squat With Alternate Knee Lift (aug 0),train,2313,aug_0
11827,M002P008A052R001_AUG001,2,8,14627,1,51,300,Squat With Alternate Knee Lift (aug 1),train,2313,aug_1
11828,M002P008A052R002_AUG000,2,8,14628,2,51,300,Squat With Alternate Knee Lift (aug 0),train,2314,aug_0
11829,M002P008A052R002_AUG001,2,8,14629,2,51,300,Squat With Alternate Knee Lift (aug 1),train,2314,aug_1
11830,M002P008A052R003_AUG000,2,8,14630,3,51,300,Squat With Alternate Knee Lift (aug 0),train,2315,aug_0
11831,M002P008A052R003_AUG001,2,8,14631,3,51,300,Squat With Alternate Knee Lift (aug 1),train,2315,aug_1
11832,M002P008A053R001_AUG000,2,8,14632,1,52,300,Standing Alternate Butt Kick (aug 0),train,2316,aug_0
11833,M002P008A053R001_AUG001,2,8,14633,1,52,300,Standing Alternate Butt Kick (aug 1),train,2316,aug_1
11834,M002P008A053R002_AUG000,2,8,14634,2,52,300,Standing Alternate Butt Kick (aug 0),train,2317,aug_0
11835,M002P008A053R002_AUG001,2,8,14635,2,52,300,Standing Alternate Butt Kick (aug 1),train,2317,aug_1
11836,M002P008A053R003_AUG000,2,8,14636,3,52,300,Standing Alternate Butt Kick (aug 0),train,2318,aug_0
11837,M002P008A053R003_AUG001,2,8,14637,3,52,300,Standing Alternate Butt Kick (aug 1),train,2318,aug_1
11838,M002P008A054R001_AUG000,2,8,14638,1,53,300,Knee Warm-up (aug 0),train,2319,aug_0
11839,M002P008A054R001_AUG001,2,8,14639,1,53,300,Knee Warm-up (aug 1),train,2319,aug_1
11840,M002P008A054R002_AUG000,2,8,14640,2,53,300,Knee Warm-up (aug 0),train,2320,aug_0
11841,M002P008A054R002_AUG001,2,8,14641,2,53,300,Knee Warm-up (aug 1),train,2320,aug_1
11842,M002P008A054R003_AUG000,2,8,14642,3,53,300,Knee Warm-up (aug 0),train,2321,aug_0
11843,M002P008A054R003_AUG001,2,8,14643,3,53,300,Knee Warm-up (aug 1),train,2321,aug_1
11844,M002P008A055R001_AUG000,2,8,14644,1,54,300,Butt Kicks (aug 0),train,2322,aug_0
11845,M002P008A055R001_AUG001,2,8,14645,1,54,300,Butt Kicks (aug 1),train,2322,aug_1
11846,M002P008A055R002_AUG000,2,8,14646,2,54,300,Butt Kicks (aug 0),train,2323,aug_0
11847,M002P008A055R002_AUG001,2,8,14647,2,54,300,Butt Kicks (aug 1),train,2323,aug_1
11848,M002P008A055R003_AUG000,2,8,14648,3,54,300,Butt Kicks (aug 0),train,2324,aug_0
11849,M002P008A055R003_AUG001,2,8,14649,3,54,300,Butt Kicks (aug 1),train,2324,aug_1
11850,M002P008A056R001_AUG000,2,8,14650,1,55,300,Jump Left and Right (aug 0),train,2325,aug_0
11851,M002P008A056R001_AUG001,2,8,14651,1,55,300,Jump Left and Right (aug 1),train,2325,aug_1
11852,M002P008A056R002_AUG000,2,8,14652,2,55,300,Jump Left and Right (aug 0),train,2326,aug_0
11853,M002P008A056R002_AUG001,2,8,14653,2,55,300,Jump Left and Right (aug 1),train,2326,aug_1
11854,M002P008A056R003_AUG000,2,8,14654,3,55,300,Jump Left and Right (aug 0),train,2327,aug_0
11855,M002P008A056R003_AUG001,2,8,14655,3,55,300,Jump Left and Right (aug 1),train,2327,aug_1
11856,M002P008A057R001_AUG000,2,8,14656,1,56,300,Jumping Jacks (aug 0),train,2328,aug_0
11857,M002P008A057R001_AUG001,2,8,14657,1,56,300,Jumping Jacks (aug 1),train,2328,aug_1
11858,M002P008A057R002_AUG000,2,8,14658,2,56,300,Jumping Jacks (aug 0),train,2329,aug_0
11859,M002P008A057R002_AUG001,2,8,14659,2,56,300,Jumping Jacks (aug 1),train,2329,aug_1
11860,M002P008A057R003_AUG000,2,8,14660,3,56,300,Jumping Jacks (aug 0),train,2330,aug_0
11861,M002P008A057R003_AUG001,2,8,14661,3,56,300,Jumping Jacks (aug 1),train,2330,aug_1
11862,M002P008A058R001_AUG000,2,8,14662,1,57,300,High Knee (aug 0),train,2331,aug_0
11863,M002P008A058R001_AUG001,2,8,14663,1,57,300,High Knee (aug 1),train,2331,aug_1
11864,M002P008A058R002_AUG000,2,8,14664,2,57,300,High Knee (aug 0),train,2332,aug_0
11865,M002P008A058R002_AUG001,2,8,14665,2,57,300,High Knee (aug 1),train,2332,aug_1
11866,M002P008A058R003_AUG000,2,8,14666,3,57,300,High Knee (aug 0),train,2333,aug_0
11867,M002P008A058R003_AUG001,2,8,14667,3,57,300,High Knee (aug 1),train,2333,aug_1
11868,M002P008A059R001_AUG000,2,8,14668,1,58,300,Clap Jacks (aug 0),train,2334,aug_0
11869,M002P008A059R001_AUG001,2,8,14669,1,58,300,Clap Jacks (aug 1),train,2334,aug_1
11870,M002P008A059R002_AUG000,2,8,14670,2,58,300,Clap Jacks (aug 0),train,2335,aug_0
11871,M002P008A059R002_AUG001,2,8,14671,2,58,300,Clap Jacks (aug 1),train,2335,aug_1
11872,M002P008A059R003_AUG000,2,8,14672,3,58,300,Clap Jacks (aug 0),train,2336,aug_0
11873,M002P008A059R003_AUG001,2,8,14673,3,58,300,Clap Jacks (aug 1),train,2336,aug_1
11874,M002P008A060R001_AUG000,2,8,14674,1,59,300,Run In Place With Arm Swing (aug 0),train,2337,aug_0
11875,M002P008A060R001_AUG001,2,8,14675,1,59,300,Run In Place With Arm Swing (aug 1),train,2337,aug_1
11876,M002P008A060R002_AUG000,2,8,14676,2,59,300,Run In Place With Arm Swing (aug 0),train,2338,aug_0
11877,M002P008A060R002_AUG001,2,8,14677,2,59,300,Run In Place With Arm Swing (aug 1),train,2338,aug_1
11878,M002P008A060R003_AUG000,2,8,14678,3,59,300,Run In Place With Arm Swing (aug 0),train,2339,aug_0
11879,M002P008A060R003_AUG001,2,8,14679,3,59,300,Run In Place With Arm Swing (aug 1),train,2339,aug_1
11880,M002P009A001R001_AUG000,2,9,14680,1,0,300,Svend Press (aug 0),train,2340,aug_0
11881,M002P009A001R001_AUG001,2,9,14681,1,0,300,Svend Press (aug 1),train,2340,aug_1
11882,M002P009A001R002_AUG000,2,9,14682,2,0,300,Svend Press (aug 0),train,2341,aug_0
11883,M002P009A001R002_AUG001,2,9,14683,2,0,300,Svend Press (aug 1),train,2341,aug_1
11884,M002P009A001R003_AUG000,2,9,14684,3,0,300,Svend Press (aug 0),train,2342,aug_0
11885,M002P009A001R003_AUG001,2,9,14685,3,0,300,Svend Press (aug 1),train,2342,aug_1
11886,M002P009A002R001_AUG000,2,9,14686,1,1,300,Kneeling Push-ups (aug 0),train,2343,aug_0
11887,M002P009A002R001_AUG001,2,9,14687,1,1,300,Kneeling Push-ups (aug 1),train,2343,aug_1
11888,M002P009A002R002_AUG000,2,9,14688,2,1,300,Kneeling Push-ups (aug 0),train,2344,aug_0
11889,M002P009A002R002_AUG001,2,9,14689,2,1,300,Kneeling Push-ups (aug 1),train,2344,aug_1
11890,M002P009A002R003_AUG000,2,9,14690,3,1,300,Kneeling Push-ups (aug 0),train,2345,aug_0
11891,M002P009A002R003_AUG001,2,9,14691,3,1,300,Kneeling Push-ups (aug 1),train,2345,aug_1
11892,M002P009A003R001_AUG000,2,9,14692,1,2,300,Standing Straight-arm Chest Press With Resistance Band (aug 0),train,2346,aug_0
11893,M002P009A003R001_AUG001,2,9,14693,1,2,300,Standing Straight-arm Chest Press With Resistance Band (aug 1),train,2346,aug_1
11894,M002P009A003R002_AUG000,2,9,14694,2,2,300,Standing Straight-arm Chest Press With Resistance Band (aug 0),train,2347,aug_0
11895,M002P009A003R002_AUG001,2,9,14695,2,2,300,Standing Straight-arm Chest Press With Resistance Band (aug 1),train,2347,aug_1
11896,M002P009A003R003_AUG000,2,9,14696,3,2,300,Standing Straight-arm Chest Press With Resistance Band (aug 0),train,2348,aug_0
11897,M002P009A003R003_AUG001,2,9,14697,3,2,300,Standing Straight-arm Chest Press With Resistance Band (aug 1),train,2348,aug_1
11898,M002P009A004R001_AUG000,2,9,14698,1,3,300,Small Dumbbell Floor Flies (aug 0),train,2349,aug_0
11899,M002P009A004R001_AUG001,2,9,14699,1,3,300,Small Dumbbell Floor Flies (aug 1),train,2349,aug_1
11900,M002P009A004R002_AUG000,2,9,14700,2,3,300,Small Dumbbell Floor Flies (aug 0),train,2350,aug_0
11901,M002P009A004R002_AUG001,2,9,14701,2,3,300,Small Dumbbell Floor Flies (aug 1),train,2350,aug_1
11902,M002P009A004R003_AUG000,2,9,14702,3,3,300,Small Dumbbell Floor Flies (aug 0),train,2351,aug_0
11903,M002P009A004R003_AUG001,2,9,14703,3,3,300,Small Dumbbell Floor Flies (aug 1),train,2351,aug_1
11904,M002P009A005R001_AUG000,2,9,14704,1,4,300,Chest Fly (aug 0),train,2352,aug_0
11905,M002P009A005R001_AUG001,2,9,14705,1,4,300,Chest Fly (aug 1),train,2352,aug_1
11906,M002P009A005R002_AUG000,2,9,14706,2,4,300,Chest Fly (aug 0),train,2353,aug_0
11907,M002P009A005R002_AUG001,2,9,14707,2,4,300,Chest Fly (aug 1),train,2353,aug_1
11908,M002P009A005R003_AUG000,2,9,14708,3,4,300,Chest Fly (aug 0),train,2354,aug_0
11909,M002P009A005R003_AUG001,2,9,14709,3,4,300,Chest Fly (aug 1),train,2354,aug_1
11910,M002P009A006R001_AUG000,2,9,14710,1,5,300,Push-ups (aug 0),train,2355,aug_0
11911,M002P009A006R001_AUG001,2,9,14711,1,5,300,Push-ups (aug 1),train,2355,aug_1
11912,M002P009A006R002_AUG000,2,9,14712,2,5,300,Push-ups (aug 0),train,2356,aug_0
11913,M002P009A006R002_AUG001,2,9,14713,2,5,300,Push-ups (aug 1),train,2356,aug_1
11914,M002P009A006R003_AUG000,2,9,14714,3,5,300,Push-ups (aug 0),train,2357,aug_0
11915,M002P009A006R003_AUG001,2,9,14715,3,5,300,Push-ups (aug 1),train,2357,aug_1
11916,M002P009A007R001_AUG000,2,9,14716,1,6,300,Bent-over W-shape Stretch (aug 0),train,2358,aug_0
11917,M002P009A007R001_AUG001,2,9,14717,1,6,300,Bent-over W-shape Stretch (aug 1),train,2358,aug_1
11918,M002P009A007R002_AUG000,2,9,14718,2,6,300,Bent-over W-shape Stretch (aug 0),train,2359,aug_0
11919,M002P009A007R002_AUG001,2,9,14719,2,6,300,Bent-over W-shape Stretch (aug 1),train,2359,aug_1
11920,M002P009A007R003_AUG000,2,9,14720,3,6,300,Bent-over W-shape Stretch (aug 0),train,2360,aug_0
11921,M002P009A007R003_AUG001,2,9,14721,3,6,300,Bent-over W-shape Stretch (aug 1),train,2360,aug_1
11922,M002P009A008R001_AUG000,2,9,14722,1,7,300,Bent-over Y-shape Stretch (aug 0),train,2361,aug_0
11923,M002P009A008R001_AUG001,2,9,14723,1,7,300,Bent-over Y-shape Stretch (aug 1),train,2361,aug_1
11924,M002P009A008R002_AUG000,2,9,14724,2,7,300,Bent-over Y-shape Stretch (aug 0),train,2362,aug_0
11925,M002P009A008R002_AUG001,2,9,14725,2,7,300,Bent-over Y-shape Stretch (aug 1),train,2362,aug_1
11926,M002P009A008R003_AUG000,2,9,14726,3,7,300,Bent-over Y-shape Stretch (aug 0),train,2363,aug_0
11927,M002P009A008R003_AUG001,2,9,14727,3,7,300,Bent-over Y-shape Stretch (aug 1),train,2363,aug_1
11928,M002P009A009R001_AUG000,2,9,14728,1,8,300,Bent-over A-shape Stretch (aug 0),train,2364,aug_0
11929,M002P009A009R001_AUG001,2,9,14729,1,8,300,Bent-over A-shape Stretch (aug 1),train,2364,aug_1
11930,M002P009A009R002_AUG000,2,9,14730,2,8,300,Bent-over A-shape Stretch (aug 0),train,2365,aug_0
11931,M002P009A009R002_AUG001,2,9,14731,2,8,300,Bent-over A-shape Stretch (aug 1),train,2365,aug_1
11932,M002P009A009R003_AUG000,2,9,14732,3,8,300,Bent-over A-shape Stretch (aug 0),train,2366,aug_0
11933,M002P009A009R003_AUG001,2,9,14733,3,8,300,Bent-over A-shape Stretch (aug 1),train,2366,aug_1
11934,M002P009A010R001_AUG000,2,9,14734,1,9,300,Squat With Arm Lift (aug 0),train,2367,aug_0
11935,M002P009A010R001_AUG001,2,9,14735,1,9,300,Squat With Arm Lift (aug 1),train,2367,aug_1
11936,M002P009A010R002_AUG000,2,9,14736,2,9,300,Squat With Arm Lift (aug 0),train,2368,aug_0
11937,M002P009A010R002_AUG001,2,9,14737,2,9,300,Squat With Arm Lift (aug 1),train,2368,aug_1
11938,M002P009A010R003_AUG000,2,9,14738,3,9,300,Squat With Arm Lift (aug 0),train,2369,aug_0
11939,M002P009A010R003_AUG001,2,9,14739,3,9,300,Squat With Arm Lift (aug 1),train,2369,aug_1
11940,M002P009A011R001_AUG000,2,9,14740,1,10,300,Breaststroke Arm Pull (aug 0),train,2370,aug_0
11941,M002P009A011R001_AUG001,2,9,14741,1,10,300,Breaststroke Arm Pull (aug 1),train,2370,aug_1
11942,M002P009A011R002_AUG000,2,9,14742,2,10,300,Breaststroke Arm Pull (aug 0),train,2371,aug_0
11943,M002P009A011R002_AUG001,2,9,14743,2,10,300,Breaststroke Arm Pull (aug 1),train,2371,aug_1
11944,M002P009A011R003_AUG000,2,9,14744,3,10,300,Breaststroke Arm Pull (aug 0),train,2372,aug_0
11945,M002P009A011R003_AUG001,2,9,14745,3,10,300,Breaststroke Arm Pull (aug 1),train,2372,aug_1
11946,M002P009A012R001_AUG000,2,9,14746,1,11,300,Prone Y-shape Stretch (aug 0),train,2373,aug_0
11947,M002P009A012R001_AUG001,2,9,14747,1,11,300,Prone Y-shape Stretch (aug 1),train,2373,aug_1
11948,M002P009A012R002_AUG000,2,9,14748,2,11,300,Prone Y-shape Stretch (aug 0),train,2374,aug_0
11949,M002P009A012R002_AUG001,2,9,14749,2,11,300,Prone Y-shape Stretch (aug 1),train,2374,aug_1
11950,M002P009A012R003_AUG000,2,9,14750,3,11,300,Prone Y-shape Stretch (aug 0),train,2375,aug_0
11951,M002P009A012R003_AUG001,2,9,14751,3,11,300,Prone Y-shape Stretch (aug 1),train,2375,aug_1
11952,M002P009A013R001_AUG000,2,9,14752,1,12,300,Lateral Raise Forward Circles (aug 0),train,2376,aug_0
11953,M002P009A013R001_AUG001,2,9,14753,1,12,300,Lateral Raise Forward Circles (aug 1),train,2376,aug_1
11954,M002P009A013R002_AUG000,2,9,14754,2,12,300,Lateral Raise Forward Circles (aug 0),train,2377,aug_0
11955,M002P009A013R002_AUG001,2,9,14755,2,12,300,Lateral Raise Forward Circles (aug 1),train,2377,aug_1
11956,M002P009A013R003_AUG000,2,9,14756,3,12,300,Lateral Raise Forward Circles (aug 0),train,2378,aug_0
11957,M002P009A013R003_AUG001,2,9,14757,3,12,300,Lateral Raise Forward Circles (aug 1),train,2378,aug_1
11958,M002P009A014R001_AUG000,2,9,14758,1,13,300,Lateral Raise Backward Circles (aug 0),train,2379,aug_0
11959,M002P009A014R001_AUG001,2,9,14759,1,13,300,Lateral Raise Backward Circles (aug 1),train,2379,aug_1
11960,M002P009A014R002_AUG000,2,9,14760,2,13,300,Lateral Raise Backward Circles (aug 0),train,2380,aug_0
11961,M002P009A014R002_AUG001,2,9,14761,2,13,300,Lateral Raise Backward Circles (aug 1),train,2380,aug_1
11962,M002P009A014R003_AUG000,2,9,14762,3,13,300,Lateral Raise Backward Circles (aug 0),train,2381,aug_0
11963,M002P009A014R003_AUG001,2,9,14763,3,13,300,Lateral Raise Backward Circles (aug 1),train,2381,aug_1
11964,M002P009A015R001_AUG000,2,9,14764,1,14,300,Lying Shoulder Joint Upward Round (aug 0),train,2382,aug_0
11965,M002P009A015R001_AUG001,2,9,14765,1,14,300,Lying Shoulder Joint Upward Round (aug 1),train,2382,aug_1
11966,M002P009A015R002_AUG000,2,9,14766,2,14,300,Lying Shoulder Joint Upward Round (aug 0),train,2383,aug_0
11967,M002P009A015R002_AUG001,2,9,14767,2,14,300,Lying Shoulder Joint Upward Round (aug 1),train,2383,aug_1
11968,M002P009A015R003_AUG000,2,9,14768,3,14,300,Lying Shoulder Joint Upward Round (aug 0),train,2384,aug_0
11969,M002P009A015R003_AUG001,2,9,14769,3,14,300,Lying Shoulder Joint Upward Round (aug 1),train,2384,aug_1
11970,M002P009A016R001_AUG000,2,9,14770,1,15,300,Lying Shoulder Joint Downward Round (aug 0),train,2385,aug_0
11971,M002P009A016R001_AUG001,2,9,14771,1,15,300,Lying Shoulder Joint Downward Round (aug 1),train,2385,aug_1
11972,M002P009A016R002_AUG000,2,9,14772,2,15,300,Lying Shoulder Joint Downward Round (aug 0),train,2386,aug_0
11973,M002P009A016R002_AUG001,2,9,14773,2,15,300,Lying Shoulder Joint Downward Round (aug 1),train,2386,aug_1
11974,M002P009A016R003_AUG000,2,9,14774,3,15,300,Lying Shoulder Joint Downward Round (aug 0),train,2387,aug_0
11975,M002P009A016R003_AUG001,2,9,14775,3,15,300,Lying Shoulder Joint Downward Round (aug 1),train,2387,aug_1
11976,M002P009A017R001_AUG000,2,9,14776,1,16,300,Bare-handed Full Lateral Raise (aug 0),train,2388,aug_0
11977,M002P009A017R001_AUG001,2,9,14777,1,16,300,Bare-handed Full Lateral Raise (aug 1),train,2388,aug_1
11978,M002P009A017R002_AUG000,2,9,14778,2,16,300,Bare-handed Full Lateral Raise (aug 0),train,2389,aug_0
11979,M002P009A017R002_AUG001,2,9,14779,2,16,300,Bare-handed Full Lateral Raise (aug 1),train,2389,aug_1
11980,M002P009A017R003_AUG000,2,9,14780,3,16,300,Bare-handed Full Lateral Raise (aug 0),train,2390,aug_0
11981,M002P009A017R003_AUG001,2,9,14781,3,16,300,Bare-handed Full Lateral Raise (aug 1),train,2390,aug_1
11982,M002P009A018R001_AUG000,2,9,14782,1,17,300,Bare-handed Cuban Press (aug 0),train,2391,aug_0
11983,M002P009A018R001_AUG001,2,9,14783,1,17,300,Bare-handed Cuban Press (aug 1),train,2391,aug_1
11984,M002P009A018R002_AUG000,2,9,14784,2,17,300,Bare-handed Cuban Press (aug 0),train,2392,aug_0
11985,M002P009A018R002_AUG001,2,9,14785,2,17,300,Bare-handed Cuban Press (aug 1),train,2392,aug_1
11986,M002P009A018R003_AUG000,2,9,14786,3,17,300,Bare-handed Cuban Press (aug 0),train,2393,aug_0
11987,M002P009A018R003_AUG001,2,9,14787,3,17,300,Bare-handed Cuban Press (aug 1),train,2393,aug_1
11988,M002P009A019R001_AUG000,2,9,14788,1,18,300,Fortune Cat (aug 0),train,2394,aug_0
11989,M002P009A019R001_AUG001,2,9,14789,1,18,300,Fortune Cat (aug 1),train,2394,aug_1
11990,M002P009A019R002_AUG000,2,9,14790,2,18,300,Fortune Cat (aug 0),train,2395,aug_0
11991,M002P009A019R002_AUG001,2,9,14791,2,18,300,Fortune Cat (aug 1),train,2395,aug_1
11992,M002P009A019R003_AUG000,2,9,14792,3,18,300,Fortune Cat (aug 0),train,2396,aug_0
11993,M002P009A019R003_AUG001,2,9,14793,3,18,300,Fortune Cat (aug 1),train,2396,aug_1
11994,M002P009A020R001_AUG000,2,9,14794,1,19,300,Dumbbell Curls (aug 0),train,2397,aug_0
11995,M002P009A020R001_AUG001,2,9,14795,1,19,300,Dumbbell Curls (aug 1),train,2397,aug_1
11996,M002P009A020R002_AUG000,2,9,14796,2,19,300,Dumbbell Curls (aug 0),train,2398,aug_0
11997,M002P009A020R002_AUG001,2,9,14797,2,19,300,Dumbbell Curls (aug 1),train,2398,aug_1
11998,M002P009A020R003_AUG000,2,9,14798,3,19,300,Dumbbell Curls (aug 0),train,2399,aug_0
11999,M002P009A020R003_AUG001,2,9,14799,3,19,300,Dumbbell Curls (aug 1),train,2399,aug_1
12000,M002P009A021R001_AUG000,2,9,14800,1,20,300,Alternate Dumbbell Curls (aug 0),train,2400,aug_0
12001,M002P009A021R001_AUG001,2,9,14801,1,20,300,Alternate Dumbbell Curls (aug 1),train,2400,aug_1
12002,M002P009A021R002_AUG000,2,9,14802,2,20,300,Alternate Dumbbell Curls (aug 0),train,2401,aug_0
12003,M002P009A021R002_AUG001,2,9,14803,2,20,300,Alternate Dumbbell Curls (aug 1),train,2401,aug_1
12004,M002P009A021R003_AUG000,2,9,14804,3,20,300,Alternate Dumbbell Curls (aug 0),train,2402,aug_0
12005,M002P009A021R003_AUG001,2,9,14805,3,20,300,Alternate Dumbbell Curls (aug 1),train,2402,aug_1
12006,M002P009A022R001_AUG000,2,9,14806,1,21,300,Right-side Kettlebell Bent-over Row (aug 0),train,2403,aug_0
12007,M002P009A022R001_AUG001,2,9,14807,1,21,300,Right-side Kettlebell Bent-over Row (aug 1),train,2403,aug_1
12008,M002P009A022R002_AUG000,2,9,14808,2,21,300,Right-side Kettlebell Bent-over Row (aug 0),train,2404,aug_0
12009,M002P009A022R002_AUG001,2,9,14809,2,21,300,Right-side Kettlebell Bent-over Row (aug 1),train,2404,aug_1
12010,M002P009A022R003_AUG000,2,9,14810,3,21,300,Right-side Kettlebell Bent-over Row (aug 0),train,2405,aug_0
12011,M002P009A022R003_AUG001,2,9,14811,3,21,300,Right-side Kettlebell Bent-over Row (aug 1),train,2405,aug_1
12012,M002P009A023R001_AUG000,2,9,14812,1,22,300,Wrist Joint Warm-up (aug 0),train,2406,aug_0
12013,M002P009A023R001_AUG001,2,9,14813,1,22,300,Wrist Joint Warm-up (aug 1),train,2406,aug_1
12014,M002P009A023R002_AUG000,2,9,14814,2,22,300,Wrist Joint Warm-up (aug 0),train,2407,aug_0
12015,M002P009A023R002_AUG001,2,9,14815,2,22,300,Wrist Joint Warm-up (aug 1),train,2407,aug_1
12016,M002P009A023R003_AUG000,2,9,14816,3,22,300,Wrist Joint Warm-up (aug 0),train,2408,aug_0
12017,M002P009A023R003_AUG001,2,9,14817,3,22,300,Wrist Joint Warm-up (aug 1),train,2408,aug_1
12018,M002P009A024R001_AUG000,2,9,14818,1,23,300,Right-side Bent-over Tricep Extension With Resistance Band (aug 0),train,2409,aug_0
12019,M002P009A024R001_AUG001,2,9,14819,1,23,300,Right-side Bent-over Tricep Extension With Resistance Band (aug 1),train,2409,aug_1
12020,M002P009A024R002_AUG000,2,9,14820,2,23,300,Right-side Bent-over Tricep Extension With Resistance Band (aug 0),train,2410,aug_0
12021,M002P009A024R002_AUG001,2,9,14821,2,23,300,Right-side Bent-over Tricep Extension With Resistance Band (aug 1),train,2410,aug_1
12022,M002P009A024R003_AUG000,2,9,14822,3,23,300,Right-side Bent-over Tricep Extension With Resistance Band (aug 0),train,2411,aug_0
12023,M002P009A024R003_AUG001,2,9,14823,3,23,300,Right-side Bent-over Tricep Extension With Resistance Band (aug 1),train,2411,aug_1
12024,M002P009A025R001_AUG000,2,9,14824,1,24,300,Bent-over Dumbbell Tricep Extension (aug 0),train,2412,aug_0
12025,M002P009A025R001_AUG001,2,9,14825,1,24,300,Bent-over Dumbbell Tricep Extension (aug 1),train,2412,aug_1
12026,M002P009A025R002_AUG000,2,9,14826,2,24,300,Bent-over Dumbbell Tricep Extension (aug 0),train,2413,aug_0
12027,M002P009A025R002_AUG001,2,9,14827,2,24,300,Bent-over Dumbbell Tricep Extension (aug 1),train,2413,aug_1
12028,M002P009A025R003_AUG000,2,9,14828,3,24,300,Bent-over Dumbbell Tricep Extension (aug 0),train,2414,aug_0
12029,M002P009A025R003_AUG001,2,9,14829,3,24,300,Bent-over Dumbbell Tricep Extension (aug 1),train,2414,aug_1
12030,M002P009A026R001_AUG000,2,9,14830,1,25,300,Nod And Raise Head (aug 0),train,2415,aug_0
12031,M002P009A026R001_AUG001,2,9,14831,1,25,300,Nod And Raise Head (aug 1),train,2415,aug_1
12032,M002P009A026R002_AUG000,2,9,14832,2,25,300,Nod And Raise Head (aug 0),train,2416,aug_0
12033,M002P009A026R002_AUG001,2,9,14833,2,25,300,Nod And Raise Head (aug 1),train,2416,aug_1
12034,M002P009A026R003_AUG000,2,9,14834,3,25,300,Nod And Raise Head (aug 0),train,2417,aug_0
12035,M002P009A026R003_AUG001,2,9,14835,3,25,300,Nod And Raise Head (aug 1),train,2417,aug_1
12036,M002P009A027R001_AUG000,2,9,14836,1,26,300,Two-way Head Turn (aug 0),train,2418,aug_0
12037,M002P009A027R001_AUG001,2,9,14837,1,26,300,Two-way Head Turn (aug 1),train,2418,aug_1
12038,M002P009A027R002_AUG000,2,9,14838,2,26,300,Two-way Head Turn (aug 0),train,2419,aug_0
12039,M002P009A027R002_AUG001,2,9,14839,2,26,300,Two-way Head Turn (aug 1),train,2419,aug_1
12040,M002P009A027R003_AUG000,2,9,14840,3,26,300,Two-way Head Turn (aug 0),train,2420,aug_0
12041,M002P009A027R003_AUG001,2,9,14841,3,26,300,Two-way Head Turn (aug 1),train,2420,aug_1
12042,M002P009A028R001_AUG000,2,9,14842,1,27,300,Shrug And Sink The Shoulders (aug 0),train,2421,aug_0
12043,M002P009A028R001_AUG001,2,9,14843,1,27,300,Shrug And Sink The Shoulders (aug 1),train,2421,aug_1
12044,M002P009A028R002_AUG000,2,9,14844,2,27,300,Shrug And Sink The Shoulders (aug 0),train,2422,aug_0
12045,M002P009A028R002_AUG001,2,9,14845,2,27,300,Shrug And Sink The Shoulders (aug 1),train,2422,aug_1
12046,M002P009A028R003_AUG000,2,9,14846,3,27,300,Shrug And Sink The Shoulders (aug 0),train,2423,aug_0
12047,M002P009A028R003_AUG001,2,9,14847,3,27,300,Shrug And Sink The Shoulders (aug 1),train,2423,aug_1
12048,M002P009A029R001_AUG000,2,9,14848,1,28,300,Four-way Nod Head (aug 0),train,2424,aug_0
12049,M002P009A029R001_AUG001,2,9,14849,1,28,300,Four-way Nod Head (aug 1),train,2424,aug_1
12050,M002P009A029R002_AUG000,2,9,14850,2,28,300,Four-way Nod Head (aug 0),train,2425,aug_0
12051,M002P009A029R002_AUG001,2,9,14851,2,28,300,Four-way Nod Head (aug 1),train,2425,aug_1
12052,M002P009A029R003_AUG000,2,9,14852,3,28,300,Four-way Nod Head (aug 0),train,2426,aug_0
12053,M002P009A029R003_AUG001,2,9,14853,3,28,300,Four-way Nod Head (aug 1),train,2426,aug_1
12054,M002P009A030R001_AUG000,2,9,14854,1,29,300,Lying Alternate Upper-half Leg Raise (aug 0),train,2427,aug_0
12055,M002P009A030R001_AUG001,2,9,14855,1,29,300,Lying Alternate Upper-half Leg Raise (aug 1),train,2427,aug_1
12056,M002P009A030R002_AUG000,2,9,14856,2,29,300,Lying Alternate Upper-half Leg Raise (aug 0),train,2428,aug_0
12057,M002P009A030R002_AUG001,2,9,14857,2,29,300,Lying Alternate Upper-half Leg Raise (aug 1),train,2428,aug_1
12058,M002P009A030R003_AUG000,2,9,14858,3,29,300,Lying Alternate Upper-half Leg Raise (aug 0),train,2429,aug_0
12059,M002P009A030R003_AUG001,2,9,14859,3,29,300,Lying Alternate Upper-half Leg Raise (aug 1),train,2429,aug_1
12060,M002P009A031R001_AUG000,2,9,14860,1,30,300,Half Roll Back (aug 0),train,2430,aug_0
12061,M002P009A031R001_AUG001,2,9,14861,1,30,300,Half Roll Back (aug 1),train,2430,aug_1
12062,M002P009A031R002_AUG000,2,9,14862,2,30,300,Half Roll Back (aug 0),train,2431,aug_0
12063,M002P009A031R002_AUG001,2,9,14863,2,30,300,Half Roll Back (aug 1),train,2431,aug_1
12064,M002P009A031R003_AUG000,2,9,14864,3,30,300,Half Roll Back (aug 0),train,2432,aug_0
12065,M002P009A031R003_AUG001,2,9,14865,3,30,300,Half Roll Back (aug 1),train,2432,aug_1
12066,M002P009A032R001_AUG000,2,9,14866,1,31,300,Kneeling Right-side Torso Twist (aug 0),train,2433,aug_0
12067,M002P009A032R001_AUG001,2,9,14867,1,31,300,Kneeling Right-side Torso Twist (aug 1),train,2433,aug_1
12068,M002P009A032R002_AUG000,2,9,14868,2,31,300,Kneeling Right-side Torso Twist (aug 0),train,2434,aug_0
12069,M002P009A032R002_AUG001,2,9,14869,2,31,300,Kneeling Right-side Torso Twist (aug 1),train,2434,aug_1
12070,M002P009A032R003_AUG000,2,9,14870,3,31,300,Kneeling Right-side Torso Twist (aug 0),train,2435,aug_0
12071,M002P009A032R003_AUG001,2,9,14871,3,31,300,Kneeling Right-side Torso Twist (aug 1),train,2435,aug_1
12072,M002P009A033R001_AUG000,2,9,14872,1,32,300,Left-side Knee Raise And Abdominal Muscles Contract (aug 0),train,2436,aug_0
12073,M002P009A033R001_AUG001,2,9,14873,1,32,300,Left-side Knee Raise And Abdominal Muscles Contract (aug 1),train,2436,aug_1
12074,M002P009A033R002_AUG000,2,9,14874,2,32,300,Left-side Knee Raise And Abdominal Muscles Contract (aug 0),train,2437,aug_0
12075,M002P009A033R002_AUG001,2,9,14875,2,32,300,Left-side Knee Raise And Abdominal Muscles Contract (aug 1),train,2437,aug_1
12076,M002P009A033R003_AUG000,2,9,14876,3,32,300,Left-side Knee Raise And Abdominal Muscles Contract (aug 0),train,2438,aug_0
12077,M002P009A033R003_AUG001,2,9,14877,3,32,300,Left-side Knee Raise And Abdominal Muscles Contract (aug 1),train,2438,aug_1
12078,M002P009A034R001_AUG000,2,9,14878,1,33,300,Kneeling Right Leg Backward Stretch (aug 0),train,2439,aug_0
12079,M002P009A034R001_AUG001,2,9,14879,1,33,300,Kneeling Right Leg Backward Stretch (aug 1),train,2439,aug_1
12080,M002P009A034R002_AUG000,2,9,14880,2,33,300,Kneeling Right Leg Backward Stretch (aug 0),train,2440,aug_0
12081,M002P009A034R002_AUG001,2,9,14881,2,33,300,Kneeling Right Leg Backward Stretch (aug 1),train,2440,aug_1
12082,M002P009A034R003_AUG000,2,9,14882,3,33,300,Kneeling Right Leg Backward Stretch (aug 0),train,2441,aug_0
12083,M002P009A034R003_AUG001,2,9,14883,3,33,300,Kneeling Right Leg Backward Stretch (aug 1),train,2441,aug_1
12084,M002P009A035R001_AUG000,2,9,14884,1,34,300,Kneeling Right Arm Raise (aug 0),train,2442,aug_0
12085,M002P009A035R001_AUG001,2,9,14885,1,34,300,Kneeling Right Arm Raise (aug 1),train,2442,aug_1
12086,M002P009A035R002_AUG000,2,9,14886,2,34,300,Kneeling Right Arm Raise (aug 0),train,2443,aug_0
12087,M002P009A035R002_AUG001,2,9,14887,2,34,300,Kneeling Right Arm Raise (aug 1),train,2443,aug_1
12088,M002P009A035R003_AUG000,2,9,14888,3,34,300,Kneeling Right Arm Raise (aug 0),train,2444,aug_0
12089,M002P009A035R003_AUG001,2,9,14889,3,34,300,Kneeling Right Arm Raise (aug 1),train,2444,aug_1
12090,M002P009A036R001_AUG000,2,9,14890,1,35,300,Shoulder Bridge (aug 0),train,2445,aug_0
12091,M002P009A036R001_AUG001,2,9,14891,1,35,300,Shoulder Bridge (aug 1),train,2445,aug_1
12092,M002P009A036R002_AUG000,2,9,14892,2,35,300,Shoulder Bridge (aug 0),train,2446,aug_0
12093,M002P009A036R002_AUG001,2,9,14893,2,35,300,Shoulder Bridge (aug 1),train,2446,aug_1
12094,M002P009A036R003_AUG000,2,9,14894,3,35,300,Shoulder Bridge (aug 0),train,2447,aug_0
12095,M002P009A036R003_AUG001,2,9,14895,3,35,300,Shoulder Bridge (aug 1),train,2447,aug_1
12096,M002P009A037R001_AUG000,2,9,14896,1,36,300,Prone Press-ups (aug 0),train,2448,aug_0
12097,M002P009A037R001_AUG001,2,9,14897,1,36,300,Prone Press-ups (aug 1),train,2448,aug_1
12098,M002P009A037R002_AUG000,2,9,14898,2,36,300,Prone Press-ups (aug 0),train,2449,aug_0
12099,M002P009A037R002_AUG001,2,9,14899,2,36,300,Prone Press-ups (aug 1),train,2449,aug_1
12100,M002P009A037R003_AUG000,2,9,14900,3,36,300,Prone Press-ups (aug 0),train,2450,aug_0
12101,M002P009A037R003_AUG001,2,9,14901,3,36,300,Prone Press-ups (aug 1),train,2450,aug_1
12102,M002P009A038R001_AUG000,2,9,14902,1,37,300,Bent-over Torso Rotation (aug 0),train,2451,aug_0
12103,M002P009A038R001_AUG001,2,9,14903,1,37,300,Bent-over Torso Rotation (aug 1),train,2451,aug_1
12104,M002P009A038R002_AUG000,2,9,14904,2,37,300,Bent-over Torso Rotation (aug 0),train,2452,aug_0
12105,M002P009A038R002_AUG001,2,9,14905,2,37,300,Bent-over Torso Rotation (aug 1),train,2452,aug_1
12106,M002P009A038R003_AUG000,2,9,14906,3,37,300,Bent-over Torso Rotation (aug 0),train,2453,aug_0
12107,M002P009A038R003_AUG001,2,9,14907,3,37,300,Bent-over Torso Rotation (aug 1),train,2453,aug_1
12108,M002P009A039R001_AUG000,2,9,14908,1,38,300,Lying Arm Pull (aug 0),train,2454,aug_0
12109,M002P009A039R001_AUG001,2,9,14909,1,38,300,Lying Arm Pull (aug 1),train,2454,aug_1
12110,M002P009A039R002_AUG000,2,9,14910,2,38,300,Lying Arm Pull (aug 0),train,2455,aug_0
12111,M002P009A039R002_AUG001,2,9,14911,2,38,300,Lying Arm Pull (aug 1),train,2455,aug_1
12112,M002P009A039R003_AUG000,2,9,14912,3,38,300,Lying Arm Pull (aug 0),train,2456,aug_0
12113,M002P009A039R003_AUG001,2,9,14913,3,38,300,Lying Arm Pull (aug 1),train,2456,aug_1
12114,M002P009A040R001_AUG000,2,9,14914,1,39,300,Prone Press Up With Torso Rotation (aug 0),train,2457,aug_0
12115,M002P009A040R001_AUG001,2,9,14915,1,39,300,Prone Press Up With Torso Rotation (aug 1),train,2457,aug_1
12116,M002P009A040R002_AUG000,2,9,14916,2,39,300,Prone Press Up With Torso Rotation (aug 0),train,2458,aug_0
12117,M002P009A040R002_AUG001,2,9,14917,2,39,300,Prone Press Up With Torso Rotation (aug 1),train,2458,aug_1
12118,M002P009A040R003_AUG000,2,9,14918,3,39,300,Prone Press Up With Torso Rotation (aug 0),train,2459,aug_0
12119,M002P009A040R003_AUG001,2,9,14919,3,39,300,Prone Press Up With Torso Rotation (aug 1),train,2459,aug_1
12120,M002P009A041R001_AUG000,2,9,14920,1,40,300,Breaststroke Push-ups (aug 0),train,2460,aug_0
12121,M002P009A041R001_AUG001,2,9,14921,1,40,300,Breaststroke Push-ups (aug 1),train,2460,aug_1
12122,M002P009A041R002_AUG000,2,9,14922,2,40,300,Breaststroke Push-ups (aug 0),train,2461,aug_0
12123,M002P009A041R002_AUG001,2,9,14923,2,40,300,Breaststroke Push-ups (aug 1),train,2461,aug_1
12124,M002P009A041R003_AUG000,2,9,14924,3,40,300,Breaststroke Push-ups (aug 0),train,2462,aug_0
12125,M002P009A041R003_AUG001,2,9,14925,3,40,300,Breaststroke Push-ups (aug 1),train,2462,aug_1
12126,M002P009A042R001_AUG000,2,9,14926,1,41,300,Sit-ups (aug 0),train,2463,aug_0
12127,M002P009A042R001_AUG001,2,9,14927,1,41,300,Sit-ups (aug 1),train,2463,aug_1
12128,M002P009A042R002_AUG000,2,9,14928,2,41,300,Sit-ups (aug 0),train,2464,aug_0
12129,M002P009A042R002_AUG001,2,9,14929,2,41,300,Sit-ups (aug 1),train,2464,aug_1
12130,M002P009A042R003_AUG000,2,9,14930,3,41,300,Sit-ups (aug 0),train,2465,aug_0
12131,M002P009A042R003_AUG001,2,9,14931,3,41,300,Sit-ups (aug 1),train,2465,aug_1
12132,M002P009A043R001_AUG000,2,9,14932,1,42,300,Side-lying Left Leg Forward Raise (aug 0),train,2466,aug_0
12133,M002P009A043R001_AUG001,2,9,14933,1,42,300,Side-lying Left Leg Forward Raise (aug 1),train,2466,aug_1
12134,M002P009A043R002_AUG000,2,9,14934,2,42,300,Side-lying Left Leg Forward Raise (aug 0),train,2467,aug_0
12135,M002P009A043R002_AUG001,2,9,14935,2,42,300,Side-lying Left Leg Forward Raise (aug 1),train,2467,aug_1
12136,M002P009A043R003_AUG000,2,9,14936,3,42,300,Side-lying Left Leg Forward Raise (aug 0),train,2468,aug_0
12137,M002P009A043R003_AUG001,2,9,14937,3,42,300,Side-lying Left Leg Forward Raise (aug 1),train,2468,aug_1
12138,M002P009A044R001_AUG000,2,9,14938,1,43,300,Right Leg Reverse Lunge (aug 0),train,2469,aug_0
12139,M002P009A044R001_AUG001,2,9,14939,1,43,300,Right Leg Reverse Lunge (aug 1),train,2469,aug_1
12140,M002P009A044R002_AUG000,2,9,14940,2,43,300,Right Leg Reverse Lunge (aug 0),train,2470,aug_0
12141,M002P009A044R002_AUG001,2,9,14941,2,43,300,Right Leg Reverse Lunge (aug 1),train,2470,aug_1
12142,M002P009A044R003_AUG000,2,9,14942,3,43,300,Right Leg Reverse Lunge (aug 0),train,2471,aug_0
12143,M002P009A044R003_AUG001,2,9,14943,3,43,300,Right Leg Reverse Lunge (aug 1),train,2471,aug_1
12144,M002P009A045R001_AUG000,2,9,14944,1,44,300,Kneeling Left Knee Lift (aug 0),train,2472,aug_0
12145,M002P009A045R001_AUG001,2,9,14945,1,44,300,Kneeling Left Knee Lift (aug 1),train,2472,aug_1
12146,M002P009A045R002_AUG000,2,9,14946,2,44,300,Kneeling Left Knee Lift (aug 0),train,2473,aug_0
12147,M002P009A045R002_AUG001,2,9,14947,2,44,300,Kneeling Left Knee Lift (aug 1),train,2473,aug_1
12148,M002P009A045R003_AUG000,2,9,14948,3,44,300,Kneeling Left Knee Lift (aug 0),train,2474,aug_0
12149,M002P009A045R003_AUG001,2,9,14949,3,44,300,Kneeling Left Knee Lift (aug 1),train,2474,aug_1
12150,M002P009A046R001_AUG000,2,9,14950,1,45,300,Alternate Reverse Lunge (aug 0),train,2475,aug_0
12151,M002P009A046R001_AUG001,2,9,14951,1,45,300,Alternate Reverse Lunge (aug 1),train,2475,aug_1
12152,M002P009A046R002_AUG000,2,9,14952,2,45,300,Alternate Reverse Lunge (aug 0),train,2476,aug_0
12153,M002P009A046R002_AUG001,2,9,14953,2,45,300,Alternate Reverse Lunge (aug 1),train,2476,aug_1
12154,M002P009A046R003_AUG000,2,9,14954,3,45,300,Alternate Reverse Lunge (aug 0),train,2477,aug_0
12155,M002P009A046R003_AUG001,2,9,14955,3,45,300,Alternate Reverse Lunge (aug 1),train,2477,aug_1
12156,M002P009A047R001_AUG000,2,9,14956,1,46,300,Side-lying Right Leg Backward Kick (aug 0),train,2478,aug_0
12157,M002P009A047R001_AUG001,2,9,14957,1,46,300,Side-lying Right Leg Backward Kick (aug 1),train,2478,aug_1
12158,M002P009A047R002_AUG000,2,9,14958,2,46,300,Side-lying Right Leg Backward Kick (aug 0),train,2479,aug_0
12159,M002P009A047R002_AUG001,2,9,14959,2,46,300,Side-lying Right Leg Backward Kick (aug 1),train,2479,aug_1
12160,M002P009A047R003_AUG000,2,9,14960,3,46,300,Side-lying Right Leg Backward Kick (aug 0),train,2480,aug_0
12161,M002P009A047R003_AUG001,2,9,14961,3,46,300,Side-lying Right Leg Backward Kick (aug 1),train,2480,aug_1
12162,M002P009A048R001_AUG000,2,9,14962,1,47,300,Left Leg Lunge With Knee Lift (aug 0),train,2481,aug_0
12163,M002P009A048R001_AUG001,2,9,14963,1,47,300,Left Leg Lunge With Knee Lift (aug 1),train,2481,aug_1
12164,M002P009A048R002_AUG000,2,9,14964,2,47,300,Left Leg Lunge With Knee Lift (aug 0),train,2482,aug_0
12165,M002P009A048R002_AUG001,2,9,14965,2,47,300,Left Leg Lunge With Knee Lift (aug 1),train,2482,aug_1
12166,M002P009A048R003_AUG000,2,9,14966,3,47,300,Left Leg Lunge With Knee Lift (aug 0),train,2483,aug_0
12167,M002P009A048R003_AUG001,2,9,14967,3,47,300,Left Leg Lunge With Knee Lift (aug 1),train,2483,aug_1
12168,M002P009A049R001_AUG000,2,9,14968,1,48,300,Sumo Squat (aug 0),train,2484,aug_0
12169,M002P009A049R001_AUG001,2,9,14969,1,48,300,Sumo Squat (aug 1),train,2484,aug_1
12170,M002P009A049R002_AUG000,2,9,14970,2,48,300,Sumo Squat (aug 0),train,2485,aug_0
12171,M002P009A049R002_AUG001,2,9,14971,2,48,300,Sumo Squat (aug 1),train,2485,aug_1
12172,M002P009A049R003_AUG000,2,9,14972,3,48,300,Sumo Squat (aug 0),train,2486,aug_0
12173,M002P009A049R003_AUG001,2,9,14973,3,48,300,Sumo Squat (aug 1),train,2486,aug_1
12174,M002P009A050R001_AUG000,2,9,14974,1,49,300,Straight Leg Calf Raise (aug 0),train,2487,aug_0
12175,M002P009A050R001_AUG001,2,9,14975,1,49,300,Straight Leg Calf Raise (aug 1),train,2487,aug_1
12176,M002P009A050R002_AUG000,2,9,14976,2,49,300,Straight Leg Calf Raise (aug 0),train,2488,aug_0
12177,M002P009A050R002_AUG001,2,9,14977,2,49,300,Straight Leg Calf Raise (aug 1),train,2488,aug_1
12178,M002P009A050R003_AUG000,2,9,14978,3,49,300,Straight Leg Calf Raise (aug 0),train,2489,aug_0
12179,M002P009A050R003_AUG001,2,9,14979,3,49,300,Straight Leg Calf Raise (aug 1),train,2489,aug_1
12180,M002P009A051R001_AUG000,2,9,14980,1,50,300,Squat Jump (aug 0),train,2490,aug_0
12181,M002P009A051R001_AUG001,2,9,14981,1,50,300,Squat Jump (aug 1),train,2490,aug_1
12182,M002P009A051R002_AUG000,2,9,14982,2,50,300,Squat Jump (aug 0),train,2491,aug_0
12183,M002P009A051R002_AUG001,2,9,14983,2,50,300,Squat Jump (aug 1),train,2491,aug_1
12184,M002P009A051R003_AUG000,2,9,14984,3,50,300,Squat Jump (aug 0),train,2492,aug_0
12185,M002P009A051R003_AUG001,2,9,14985,3,50,300,Squat Jump (aug 1),train,2492,aug_1
12186,M002P009A052R001_AUG000,2,9,14986,1,51,300,Squat With Alternate Knee Lift (aug 0),train,2493,aug_0
12187,M002P009A052R001_AUG001,2,9,14987,1,51,300,Squat With Alternate Knee Lift (aug 1),train,2493,aug_1
12188,M002P009A052R002_AUG000,2,9,14988,2,51,300,Squat With Alternate Knee Lift (aug 0),train,2494,aug_0
12189,M002P009A052R002_AUG001,2,9,14989,2,51,300,Squat With Alternate Knee Lift (aug 1),train,2494,aug_1
12190,M002P009A052R003_AUG000,2,9,14990,3,51,300,Squat With Alternate Knee Lift (aug 0),train,2495,aug_0
12191,M002P009A052R003_AUG001,2,9,14991,3,51,300,Squat With Alternate Knee Lift (aug 1),train,2495,aug_1
12192,M002P009A053R001_AUG000,2,9,14992,1,52,300,Standing Alternate Butt Kick (aug 0),train,2496,aug_0
12193,M002P009A053R001_AUG001,2,9,14993,1,52,300,Standing Alternate Butt Kick (aug 1),train,2496,aug_1
12194,M002P009A053R002_AUG000,2,9,14994,2,52,300,Standing Alternate Butt Kick (aug 0),train,2497,aug_0
12195,M002P009A053R002_AUG001,2,9,14995,2,52,300,Standing Alternate Butt Kick (aug 1),train,2497,aug_1
12196,M002P009A053R003_AUG000,2,9,14996,3,52,300,Standing Alternate Butt Kick (aug 0),train,2498,aug_0
12197,M002P009A053R003_AUG001,2,9,14997,3,52,300,Standing Alternate Butt Kick (aug 1),train,2498,aug_1
12198,M002P009A054R001_AUG000,2,9,14998,1,53,300,Knee Warm-up (aug 0),train,2499,aug_0
12199,M002P009A054R001_AUG001,2,9,14999,1,53,300,Knee Warm-up (aug 1),train,2499,aug_1
12200,M002P009A054R002_AUG000,2,9,15000,2,53,300,Knee Warm-up (aug 0),train,2500,aug_0
12201,M002P009A054R002_AUG001,2,9,15001,2,53,300,Knee Warm-up (aug 1),train,2500,aug_1
12202,M002P009A054R003_AUG000,2,9,15002,3,53,300,Knee Warm-up (aug 0),train,2501,aug_0
12203,M002P009A054R003_AUG001,2,9,15003,3,53,300,Knee Warm-up (aug 1),train,2501,aug_1
12204,M002P009A055R001_AUG000,2,9,15004,1,54,300,Butt Kicks (aug 0),train,2502,aug_0
12205,M002P009A055R001_AUG001,2,9,15005,1,54,300,Butt Kicks (aug 1),train,2502,aug_1
12206,M002P009A055R002_AUG000,2,9,15006,2,54,300,Butt Kicks (aug 0),train,2503,aug_0
12207,M002P009A055R002_AUG001,2,9,15007,2,54,300,Butt Kicks (aug 1),train,2503,aug_1
12208,M002P009A055R003_AUG000,2,9,15008,3,54,300,Butt Kicks (aug 0),train,2504,aug_0
12209,M002P009A055R003_AUG001,2,9,15009,3,54,300,Butt Kicks (aug 1),train,2504,aug_1
12210,M002P009A056R001_AUG000,2,9,15010,1,55,300,Jump Left and Right (aug 0),train,2505,aug_0
12211,M002P009A056R001_AUG001,2,9,15011,1,55,300,Jump Left and Right (aug 1),train,2505,aug_1
12212,M002P009A056R002_AUG000,2,9,15012,2,55,300,Jump Left and Right (aug 0),train,2506,aug_0
12213,M002P009A056R002_AUG001,2,9,15013,2,55,300,Jump Left and Right (aug 1),train,2506,aug_1
12214,M002P009A056R003_AUG000,2,9,15014,3,55,300,Jump Left and Right (aug 0),train,2507,aug_0
12215,M002P009A056R003_AUG001,2,9,15015,3,55,300,Jump Left and Right (aug 1),train,2507,aug_1
12216,M002P009A057R001_AUG000,2,9,15016,1,56,300,Jumping Jacks (aug 0),train,2508,aug_0
12217,M002P009A057R001_AUG001,2,9,15017,1,56,300,Jumping Jacks (aug 1),train,2508,aug_1
12218,M002P009A057R002_AUG000,2,9,15018,2,56,300,Jumping Jacks (aug 0),train,2509,aug_0
12219,M002P009A057R002_AUG001,2,9,15019,2,56,300,Jumping Jacks (aug 1),train,2509,aug_1
12220,M002P009A057R003_AUG000,2,9,15020,3,56,300,Jumping Jacks (aug 0),train,2510,aug_0
12221,M002P009A057R003_AUG001,2,9,15021,3,56,300,Jumping Jacks (aug 1),train,2510,aug_1
12222,M002P009A058R001_AUG000,2,9,15022,1,57,300,High Knee (aug 0),train,2511,aug_0
12223,M002P009A058R001_AUG001,2,9,15023,1,57,300,High Knee (aug 1),train,2511,aug_1
12224,M002P009A058R002_AUG000,2,9,15024,2,57,300,High Knee (aug 0),train,2512,aug_0
12225,M002P009A058R002_AUG001,2,9,15025,2,57,300,High Knee (aug 1),train,2512,aug_1
12226,M002P009A058R003_AUG000,2,9,15026,3,57,300,High Knee (aug 0),train,2513,aug_0
12227,M002P009A058R003_AUG001,2,9,15027,3,57,300,High Knee (aug 1),train,2513,aug_1
12228,M002P009A059R001_AUG000,2,9,15028,1,58,300,Clap Jacks (aug 0),train,2514,aug_0
12229,M002P009A059R001_AUG001,2,9,15029,1,58,300,Clap Jacks (aug 1),train,2514,aug_1
12230,M002P009A059R002_AUG000,2,9,15030,2,58,300,Clap Jacks (aug 0),train,2515,aug_0
12231,M002P009A059R002_AUG001,2,9,15031,2,58,300,Clap Jacks (aug 1),train,2515,aug_1
12232,M002P009A059R003_AUG000,2,9,15032,3,58,300,Clap Jacks (aug 0),train,2516,aug_0
12233,M002P009A059R003_AUG001,2,9,15033,3,58,300,Clap Jacks (aug 1),train,2516,aug_1
12234,M002P009A060R001_AUG000,2,9,15034,1,59,300,Run In Place With Arm Swing (aug 0),train,2517,aug_0
12235,M002P009A060R001_AUG001,2,9,15035,1,59,300,Run In Place With Arm Swing (aug 1),train,2517,aug_1
12236,M002P009A060R002_AUG000,2,9,15036,2,59,300,Run In Place With Arm Swing (aug 0),train,2518,aug_0
12237,M002P009A060R002_AUG001,2,9,15037,2,59,300,Run In Place With Arm Swing (aug 1),train,2518,aug_1
12238,M002P009A060R003_AUG000,2,9,15038,3,59,300,Run In Place With Arm Swing (aug 0),train,2519,aug_0
12239,M002P009A060R003_AUG001,2,9,15039,3,59,300,Run In Place With Arm Swing (aug 1),train,2519,aug_1
12240,M003P002A001R001_AUG000,3,2,15040,1,0,300,Svend Press (aug 0),train,2520,aug_0
12241,M003P002A001R001_AUG001,3,2,15041,1,0,300,Svend Press (aug 1),train,2520,aug_1
12242,M003P002A001R002_AUG000,3,2,15042,2,0,300,Svend Press (aug 0),train,2521,aug_0
12243,M003P002A001R002_AUG001,3,2,15043,2,0,300,Svend Press (aug 1),train,2521,aug_1
12244,M003P002A001R003_AUG000,3,2,15044,3,0,300,Svend Press (aug 0),train,2522,aug_0
12245,M003P002A001R003_AUG001,3,2,15045,3,0,300,Svend Press (aug 1),train,2522,aug_1
12246,M003P002A002R001_AUG000,3,2,15046,1,1,300,Kneeling Push-ups (aug 0),train,2523,aug_0
12247,M003P002A002R001_AUG001,3,2,15047,1,1,300,Kneeling Push-ups (aug 1),train,2523,aug_1
12248,M003P002A002R002_AUG000,3,2,15048,2,1,300,Kneeling Push-ups (aug 0),train,2524,aug_0
12249,M003P002A002R002_AUG001,3,2,15049,2,1,300,Kneeling Push-ups (aug 1),train,2524,aug_1
12250,M003P002A002R003_AUG000,3,2,15050,3,1,300,Kneeling Push-ups (aug 0),train,2525,aug_0
12251,M003P002A002R003_AUG001,3,2,15051,3,1,300,Kneeling Push-ups (aug 1),train,2525,aug_1
12252,M003P002A003R001_AUG000,3,2,15052,1,2,300,Standing Straight-arm Chest Press With Resistance Band (aug 0),train,2526,aug_0
12253,M003P002A003R001_AUG001,3,2,15053,1,2,300,Standing Straight-arm Chest Press With Resistance Band (aug 1),train,2526,aug_1
12254,M003P002A003R002_AUG000,3,2,15054,2,2,300,Standing Straight-arm Chest Press With Resistance Band (aug 0),train,2527,aug_0
12255,M003P002A003R002_AUG001,3,2,15055,2,2,300,Standing Straight-arm Chest Press With Resistance Band (aug 1),train,2527,aug_1
12256,M003P002A003R003_AUG000,3,2,15056,3,2,300,Standing Straight-arm Chest Press With Resistance Band (aug 0),train,2528,aug_0
12257,M003P002A003R003_AUG001,3,2,15057,3,2,300,Standing Straight-arm Chest Press With Resistance Band (aug 1),train,2528,aug_1
12258,M003P002A004R001_AUG000,3,2,15058,1,3,300,Small Dumbbell Floor Flies (aug 0),train,2529,aug_0
12259,M003P002A004R001_AUG001,3,2,15059,1,3,300,Small Dumbbell Floor Flies (aug 1),train,2529,aug_1
12260,M003P002A004R002_AUG000,3,2,15060,2,3,300,Small Dumbbell Floor Flies (aug 0),train,2530,aug_0
12261,M003P002A004R002_AUG001,3,2,15061,2,3,300,Small Dumbbell Floor Flies (aug 1),train,2530,aug_1
12262,M003P002A004R003_AUG000,3,2,15062,3,3,300,Small Dumbbell Floor Flies (aug 0),train,2531,aug_0
12263,M003P002A004R003_AUG001,3,2,15063,3,3,300,Small Dumbbell Floor Flies (aug 1),train,2531,aug_1
12264,M003P002A005R001_AUG000,3,2,15064,1,4,300,Chest Fly (aug 0),train,2532,aug_0
12265,M003P002A005R001_AUG001,3,2,15065,1,4,300,Chest Fly (aug 1),train,2532,aug_1
12266,M003P002A005R002_AUG000,3,2,15066,2,4,300,Chest Fly (aug 0),train,2533,aug_0
12267,M003P002A005R002_AUG001,3,2,15067,2,4,300,Chest Fly (aug 1),train,2533,aug_1
12268,M003P002A005R003_AUG000,3,2,15068,3,4,300,Chest Fly (aug 0),train,2534,aug_0
12269,M003P002A005R003_AUG001,3,2,15069,3,4,300,Chest Fly (aug 1),train,2534,aug_1
12270,M003P002A006R001_AUG000,3,2,15070,1,5,300,Push-ups (aug 0),train,2535,aug_0
12271,M003P002A006R001_AUG001,3,2,15071,1,5,300,Push-ups (aug 1),train,2535,aug_1
12272,M003P002A006R002_AUG000,3,2,15072,2,5,300,Push-ups (aug 0),train,2536,aug_0
12273,M003P002A006R002_AUG001,3,2,15073,2,5,300,Push-ups (aug 1),train,2536,aug_1
12274,M003P002A006R003_AUG000,3,2,15074,3,5,300,Push-ups (aug 0),train,2537,aug_0
12275,M003P002A006R003_AUG001,3,2,15075,3,5,300,Push-ups (aug 1),train,2537,aug_1
12276,M003P002A007R001_AUG000,3,2,15076,1,6,300,Bent-over W-shape Stretch (aug 0),train,2538,aug_0
12277,M003P002A007R001_AUG001,3,2,15077,1,6,300,Bent-over W-shape Stretch (aug 1),train,2538,aug_1
12278,M003P002A007R002_AUG000,3,2,15078,2,6,300,Bent-over W-shape Stretch (aug 0),train,2539,aug_0
12279,M003P002A007R002_AUG001,3,2,15079,2,6,300,Bent-over W-shape Stretch (aug 1),train,2539,aug_1
12280,M003P002A007R003_AUG000,3,2,15080,3,6,300,Bent-over W-shape Stretch (aug 0),train,2540,aug_0
12281,M003P002A007R003_AUG001,3,2,15081,3,6,300,Bent-over W-shape Stretch (aug 1),train,2540,aug_1
12282,M003P002A008R001_AUG000,3,2,15082,1,7,300,Bent-over Y-shape Stretch (aug 0),train,2541,aug_0
12283,M003P002A008R001_AUG001,3,2,15083,1,7,300,Bent-over Y-shape Stretch (aug 1),train,2541,aug_1
12284,M003P002A008R002_AUG000,3,2,15084,2,7,300,Bent-over Y-shape Stretch (aug 0),train,2542,aug_0
12285,M003P002A008R002_AUG001,3,2,15085,2,7,300,Bent-over Y-shape Stretch (aug 1),train,2542,aug_1
12286,M003P002A008R003_AUG000,3,2,15086,3,7,300,Bent-over Y-shape Stretch (aug 0),train,2543,aug_0
12287,M003P002A008R003_AUG001,3,2,15087,3,7,300,Bent-over Y-shape Stretch (aug 1),train,2543,aug_1
12288,M003P002A009R001_AUG000,3,2,15088,1,8,300,Bent-over A-shape Stretch (aug 0),train,2544,aug_0
12289,M003P002A009R001_AUG001,3,2,15089,1,8,300,Bent-over A-shape Stretch (aug 1),train,2544,aug_1
12290,M003P002A009R002_AUG000,3,2,15090,2,8,300,Bent-over A-shape Stretch (aug 0),train,2545,aug_0
12291,M003P002A009R002_AUG001,3,2,15091,2,8,300,Bent-over A-shape Stretch (aug 1),train,2545,aug_1
12292,M003P002A009R003_AUG000,3,2,15092,3,8,300,Bent-over A-shape Stretch (aug 0),train,2546,aug_0
12293,M003P002A009R003_AUG001,3,2,15093,3,8,300,Bent-over A-shape Stretch (aug 1),train,2546,aug_1
12294,M003P002A010R001_AUG000,3,2,15094,1,9,300,Squat With Arm Lift (aug 0),train,2547,aug_0
12295,M003P002A010R001_AUG001,3,2,15095,1,9,300,Squat With Arm Lift (aug 1),train,2547,aug_1
12296,M003P002A010R002_AUG000,3,2,15096,2,9,300,Squat With Arm Lift (aug 0),train,2548,aug_0
12297,M003P002A010R002_AUG001,3,2,15097,2,9,300,Squat With Arm Lift (aug 1),train,2548,aug_1
12298,M003P002A010R003_AUG000,3,2,15098,3,9,300,Squat With Arm Lift (aug 0),train,2549,aug_0
12299,M003P002A010R003_AUG001,3,2,15099,3,9,300,Squat With Arm Lift (aug 1),train,2549,aug_1
12300,M003P002A011R001_AUG000,3,2,15100,1,10,300,Breaststroke Arm Pull (aug 0),train,2550,aug_0
12301,M003P002A011R001_AUG001,3,2,15101,1,10,300,Breaststroke Arm Pull (aug 1),train,2550,aug_1
12302,M003P002A011R002_AUG000,3,2,15102,2,10,300,Breaststroke Arm Pull (aug 0),train,2551,aug_0
12303,M003P002A011R002_AUG001,3,2,15103,2,10,300,Breaststroke Arm Pull (aug 1),train,2551,aug_1
12304,M003P002A011R003_AUG000,3,2,15104,3,10,300,Breaststroke Arm Pull (aug 0),train,2552,aug_0
12305,M003P002A011R003_AUG001,3,2,15105,3,10,300,Breaststroke Arm Pull (aug 1),train,2552,aug_1
12306,M003P002A012R001_AUG000,3,2,15106,1,11,300,Prone Y-shape Stretch (aug 0),train,2553,aug_0
12307,M003P002A012R001_AUG001,3,2,15107,1,11,300,Prone Y-shape Stretch (aug 1),train,2553,aug_1
12308,M003P002A012R002_AUG000,3,2,15108,2,11,300,Prone Y-shape Stretch (aug 0),train,2554,aug_0
12309,M003P002A012R002_AUG001,3,2,15109,2,11,300,Prone Y-shape Stretch (aug 1),train,2554,aug_1
12310,M003P002A012R003_AUG000,3,2,15110,3,11,300,Prone Y-shape Stretch (aug 0),train,2555,aug_0
12311,M003P002A012R003_AUG001,3,2,15111,3,11,300,Prone Y-shape Stretch (aug 1),train,2555,aug_1
12312,M003P002A013R001_AUG000,3,2,15112,1,12,300,Lateral Raise Forward Circles (aug 0),train,2556,aug_0
12313,M003P002A013R001_AUG001,3,2,15113,1,12,300,Lateral Raise Forward Circles (aug 1),train,2556,aug_1
12314,M003P002A013R002_AUG000,3,2,15114,2,12,300,Lateral Raise Forward Circles (aug 0),train,2557,aug_0
12315,M003P002A013R002_AUG001,3,2,15115,2,12,300,Lateral Raise Forward Circles (aug 1),train,2557,aug_1
12316,M003P002A013R003_AUG000,3,2,15116,3,12,300,Lateral Raise Forward Circles (aug 0),train,2558,aug_0
12317,M003P002A013R003_AUG001,3,2,15117,3,12,300,Lateral Raise Forward Circles (aug 1),train,2558,aug_1
12318,M003P002A014R001_AUG000,3,2,15118,1,13,300,Lateral Raise Backward Circles (aug 0),train,2559,aug_0
12319,M003P002A014R001_AUG001,3,2,15119,1,13,300,Lateral Raise Backward Circles (aug 1),train,2559,aug_1
12320,M003P002A014R002_AUG000,3,2,15120,2,13,300,Lateral Raise Backward Circles (aug 0),train,2560,aug_0
12321,M003P002A014R002_AUG001,3,2,15121,2,13,300,Lateral Raise Backward Circles (aug 1),train,2560,aug_1
12322,M003P002A014R003_AUG000,3,2,15122,3,13,300,Lateral Raise Backward Circles (aug 0),train,2561,aug_0
12323,M003P002A014R003_AUG001,3,2,15123,3,13,300,Lateral Raise Backward Circles (aug 1),train,2561,aug_1
12324,M003P002A015R001_AUG000,3,2,15124,1,14,300,Lying Shoulder Joint Upward Round (aug 0),train,2562,aug_0
12325,M003P002A015R001_AUG001,3,2,15125,1,14,300,Lying Shoulder Joint Upward Round (aug 1),train,2562,aug_1
12326,M003P002A015R002_AUG000,3,2,15126,2,14,300,Lying Shoulder Joint Upward Round (aug 0),train,2563,aug_0
12327,M003P002A015R002_AUG001,3,2,15127,2,14,300,Lying Shoulder Joint Upward Round (aug 1),train,2563,aug_1
12328,M003P002A015R003_AUG000,3,2,15128,3,14,300,Lying Shoulder Joint Upward Round (aug 0),train,2564,aug_0
12329,M003P002A015R003_AUG001,3,2,15129,3,14,300,Lying Shoulder Joint Upward Round (aug 1),train,2564,aug_1
12330,M003P002A016R001_AUG000,3,2,15130,1,15,300,Lying Shoulder Joint Downward Round (aug 0),train,2565,aug_0
12331,M003P002A016R001_AUG001,3,2,15131,1,15,300,Lying Shoulder Joint Downward Round (aug 1),train,2565,aug_1
12332,M003P002A016R002_AUG000,3,2,15132,2,15,300,Lying Shoulder Joint Downward Round (aug 0),train,2566,aug_0
12333,M003P002A016R002_AUG001,3,2,15133,2,15,300,Lying Shoulder Joint Downward Round (aug 1),train,2566,aug_1
12334,M003P002A016R003_AUG000,3,2,15134,3,15,300,Lying Shoulder Joint Downward Round (aug 0),train,2567,aug_0
12335,M003P002A016R003_AUG001,3,2,15135,3,15,300,Lying Shoulder Joint Downward Round (aug 1),train,2567,aug_1
12336,M003P002A017R001_AUG000,3,2,15136,1,16,300,Bare-handed Full Lateral Raise (aug 0),train,2568,aug_0
12337,M003P002A017R001_AUG001,3,2,15137,1,16,300,Bare-handed Full Lateral Raise (aug 1),train,2568,aug_1
12338,M003P002A017R002_AUG000,3,2,15138,2,16,300,Bare-handed Full Lateral Raise (aug 0),train,2569,aug_0
12339,M003P002A017R002_AUG001,3,2,15139,2,16,300,Bare-handed Full Lateral Raise (aug 1),train,2569,aug_1
12340,M003P002A017R003_AUG000,3,2,15140,3,16,300,Bare-handed Full Lateral Raise (aug 0),train,2570,aug_0
12341,M003P002A017R003_AUG001,3,2,15141,3,16,300,Bare-handed Full Lateral Raise (aug 1),train,2570,aug_1
12342,M003P002A018R001_AUG000,3,2,15142,1,17,300,Bare-handed Cuban Press (aug 0),train,2571,aug_0
12343,M003P002A018R001_AUG001,3,2,15143,1,17,300,Bare-handed Cuban Press (aug 1),train,2571,aug_1
12344,M003P002A018R002_AUG000,3,2,15144,2,17,300,Bare-handed Cuban Press (aug 0),train,2572,aug_0
12345,M003P002A018R002_AUG001,3,2,15145,2,17,300,Bare-handed Cuban Press (aug 1),train,2572,aug_1
12346,M003P002A018R003_AUG000,3,2,15146,3,17,300,Bare-handed Cuban Press (aug 0),train,2573,aug_0
12347,M003P002A018R003_AUG001,3,2,15147,3,17,300,Bare-handed Cuban Press (aug 1),train,2573,aug_1
12348,M003P002A019R001_AUG000,3,2,15148,1,18,300,Fortune Cat (aug 0),train,2574,aug_0
12349,M003P002A019R001_AUG001,3,2,15149,1,18,300,Fortune Cat (aug 1),train,2574,aug_1
12350,M003P002A019R002_AUG000,3,2,15150,2,18,300,Fortune Cat (aug 0),train,2575,aug_0
12351,M003P002A019R002_AUG001,3,2,15151,2,18,300,Fortune Cat (aug 1),train,2575,aug_1
12352,M003P002A019R003_AUG000,3,2,15152,3,18,300,Fortune Cat (aug 0),train,2576,aug_0
12353,M003P002A019R003_AUG001,3,2,15153,3,18,300,Fortune Cat (aug 1),train,2576,aug_1
12354,M003P002A020R001_AUG000,3,2,15154,1,19,300,Dumbbell Curls (aug 0),train,2577,aug_0
12355,M003P002A020R001_AUG001,3,2,15155,1,19,300,Dumbbell Curls (aug 1),train,2577,aug_1
12356,M003P002A020R002_AUG000,3,2,15156,2,19,300,Dumbbell Curls (aug 0),train,2578,aug_0
12357,M003P002A020R002_AUG001,3,2,15157,2,19,300,Dumbbell Curls (aug 1),train,2578,aug_1
12358,M003P002A020R003_AUG000,3,2,15158,3,19,300,Dumbbell Curls (aug 0),train,2579,aug_0
12359,M003P002A020R003_AUG001,3,2,15159,3,19,300,Dumbbell Curls (aug 1),train,2579,aug_1
12360,M003P002A021R001_AUG000,3,2,15160,1,20,300,Alternate Dumbbell Curls (aug 0),train,2580,aug_0
12361,M003P002A021R001_AUG001,3,2,15161,1,20,300,Alternate Dumbbell Curls (aug 1),train,2580,aug_1
12362,M003P002A021R002_AUG000,3,2,15162,2,20,300,Alternate Dumbbell Curls (aug 0),train,2581,aug_0
12363,M003P002A021R002_AUG001,3,2,15163,2,20,300,Alternate Dumbbell Curls (aug 1),train,2581,aug_1
12364,M003P002A021R003_AUG000,3,2,15164,3,20,300,Alternate Dumbbell Curls (aug 0),train,2582,aug_0
12365,M003P002A021R003_AUG001,3,2,15165,3,20,300,Alternate Dumbbell Curls (aug 1),train,2582,aug_1
12366,M003P002A022R001_AUG000,3,2,15166,1,21,300,Right-side Kettlebell Bent-over Row (aug 0),train,2583,aug_0
12367,M003P002A022R001_AUG001,3,2,15167,1,21,300,Right-side Kettlebell Bent-over Row (aug 1),train,2583,aug_1
12368,M003P002A022R002_AUG000,3,2,15168,2,21,300,Right-side Kettlebell Bent-over Row (aug 0),train,2584,aug_0
12369,M003P002A022R002_AUG001,3,2,15169,2,21,300,Right-side Kettlebell Bent-over Row (aug 1),train,2584,aug_1
12370,M003P002A022R003_AUG000,3,2,15170,3,21,300,Right-side Kettlebell Bent-over Row (aug 0),train,2585,aug_0
12371,M003P002A022R003_AUG001,3,2,15171,3,21,300,Right-side Kettlebell Bent-over Row (aug 1),train,2585,aug_1
12372,M003P002A023R001_AUG000,3,2,15172,1,22,300,Wrist Joint Warm-up (aug 0),train,2586,aug_0
12373,M003P002A023R001_AUG001,3,2,15173,1,22,300,Wrist Joint Warm-up (aug 1),train,2586,aug_1
12374,M003P002A023R002_AUG000,3,2,15174,2,22,300,Wrist Joint Warm-up (aug 0),train,2587,aug_0
12375,M003P002A023R002_AUG001,3,2,15175,2,22,300,Wrist Joint Warm-up (aug 1),train,2587,aug_1
12376,M003P002A023R003_AUG000,3,2,15176,3,22,300,Wrist Joint Warm-up (aug 0),train,2588,aug_0
12377,M003P002A023R003_AUG001,3,2,15177,3,22,300,Wrist Joint Warm-up (aug 1),train,2588,aug_1
12378,M003P002A024R001_AUG000,3,2,15178,1,23,300,Right-side Bent-over Tricep Extension With Resistance Band (aug 0),train,2589,aug_0
12379,M003P002A024R001_AUG001,3,2,15179,1,23,300,Right-side Bent-over Tricep Extension With Resistance Band (aug 1),train,2589,aug_1
12380,M003P002A024R002_AUG000,3,2,15180,2,23,300,Right-side Bent-over Tricep Extension With Resistance Band (aug 0),train,2590,aug_0
12381,M003P002A024R002_AUG001,3,2,15181,2,23,300,Right-side Bent-over Tricep Extension With Resistance Band (aug 1),train,2590,aug_1
12382,M003P002A024R003_AUG000,3,2,15182,3,23,300,Right-side Bent-over Tricep Extension With Resistance Band (aug 0),train,2591,aug_0
12383,M003P002A024R003_AUG001,3,2,15183,3,23,300,Right-side Bent-over Tricep Extension With Resistance Band (aug 1),train,2591,aug_1
12384,M003P002A025R001_AUG000,3,2,15184,1,24,300,Bent-over Dumbbell Tricep Extension (aug 0),train,2592,aug_0
12385,M003P002A025R001_AUG001,3,2,15185,1,24,300,Bent-over Dumbbell Tricep Extension (aug 1),train,2592,aug_1
12386,M003P002A025R002_AUG000,3,2,15186,2,24,300,Bent-over Dumbbell Tricep Extension (aug 0),train,2593,aug_0
12387,M003P002A025R002_AUG001,3,2,15187,2,24,300,Bent-over Dumbbell Tricep Extension (aug 1),train,2593,aug_1
12388,M003P002A025R003_AUG000,3,2,15188,3,24,300,Bent-over Dumbbell Tricep Extension (aug 0),train,2594,aug_0
12389,M003P002A025R003_AUG001,3,2,15189,3,24,300,Bent-over Dumbbell Tricep Extension (aug 1),train,2594,aug_1
12390,M003P002A026R001_AUG000,3,2,15190,1,25,300,Nod And Raise Head (aug 0),train,2595,aug_0
12391,M003P002A026R001_AUG001,3,2,15191,1,25,300,Nod And Raise Head (aug 1),train,2595,aug_1
12392,M003P002A026R002_AUG000,3,2,15192,2,25,300,Nod And Raise Head (aug 0),train,2596,aug_0
12393,M003P002A026R002_AUG001,3,2,15193,2,25,300,Nod And Raise Head (aug 1),train,2596,aug_1
12394,M003P002A026R003_AUG000,3,2,15194,3,25,300,Nod And Raise Head (aug 0),train,2597,aug_0
12395,M003P002A026R003_AUG001,3,2,15195,3,25,300,Nod And Raise Head (aug 1),train,2597,aug_1
12396,M003P002A027R001_AUG000,3,2,15196,1,26,300,Two-way Head Turn (aug 0),train,2598,aug_0
12397,M003P002A027R001_AUG001,3,2,15197,1,26,300,Two-way Head Turn (aug 1),train,2598,aug_1
12398,M003P002A027R002_AUG000,3,2,15198,2,26,300,Two-way Head Turn (aug 0),train,2599,aug_0
12399,M003P002A027R002_AUG001,3,2,15199,2,26,300,Two-way Head Turn (aug 1),train,2599,aug_1
12400,M003P002A027R003_AUG000,3,2,15200,3,26,300,Two-way Head Turn (aug 0),train,2600,aug_0
12401,M003P002A027R003_AUG001,3,2,15201,3,26,300,Two-way Head Turn (aug 1),train,2600,aug_1
12402,M003P002A028R001_AUG000,3,2,15202,1,27,300,Shrug And Sink The Shoulders (aug 0),train,2601,aug_0
12403,M003P002A028R001_AUG001,3,2,15203,1,27,300,Shrug And Sink The Shoulders (aug 1),train,2601,aug_1
12404,M003P002A028R002_AUG000,3,2,15204,2,27,300,Shrug And Sink The Shoulders (aug 0),train,2602,aug_0
12405,M003P002A028R002_AUG001,3,2,15205,2,27,300,Shrug And Sink The Shoulders (aug 1),train,2602,aug_1
12406,M003P002A028R003_AUG000,3,2,15206,3,27,300,Shrug And Sink The Shoulders (aug 0),train,2603,aug_0
12407,M003P002A028R003_AUG001,3,2,15207,3,27,300,Shrug And Sink The Shoulders (aug 1),train,2603,aug_1
12408,M003P002A029R001_AUG000,3,2,15208,1,28,300,Four-way Nod Head (aug 0),train,2604,aug_0
12409,M003P002A029R001_AUG001,3,2,15209,1,28,300,Four-way Nod Head (aug 1),train,2604,aug_1
12410,M003P002A029R002_AUG000,3,2,15210,2,28,300,Four-way Nod Head (aug 0),train,2605,aug_0
12411,M003P002A029R002_AUG001,3,2,15211,2,28,300,Four-way Nod Head (aug 1),train,2605,aug_1
12412,M003P002A029R003_AUG000,3,2,15212,3,28,300,Four-way Nod Head (aug 0),train,2606,aug_0
12413,M003P002A029R003_AUG001,3,2,15213,3,28,300,Four-way Nod Head (aug 1),train,2606,aug_1
12414,M003P002A030R001_AUG000,3,2,15214,1,29,300,Lying Alternate Upper-half Leg Raise (aug 0),train,2607,aug_0
12415,M003P002A030R001_AUG001,3,2,15215,1,29,300,Lying Alternate Upper-half Leg Raise (aug 1),train,2607,aug_1
12416,M003P002A030R002_AUG000,3,2,15216,2,29,300,Lying Alternate Upper-half Leg Raise (aug 0),train,2608,aug_0
12417,M003P002A030R002_AUG001,3,2,15217,2,29,300,Lying Alternate Upper-half Leg Raise (aug 1),train,2608,aug_1
12418,M003P002A030R003_AUG000,3,2,15218,3,29,300,Lying Alternate Upper-half Leg Raise (aug 0),train,2609,aug_0
12419,M003P002A030R003_AUG001,3,2,15219,3,29,300,Lying Alternate Upper-half Leg Raise (aug 1),train,2609,aug_1
12420,M003P002A031R001_AUG000,3,2,15220,1,30,300,Half Roll Back (aug 0),train,2610,aug_0
12421,M003P002A031R001_AUG001,3,2,15221,1,30,300,Half Roll Back (aug 1),train,2610,aug_1
12422,M003P002A031R002_AUG000,3,2,15222,2,30,300,Half Roll Back (aug 0),train,2611,aug_0
12423,M003P002A031R002_AUG001,3,2,15223,2,30,300,Half Roll Back (aug 1),train,2611,aug_1
12424,M003P002A031R003_AUG000,3,2,15224,3,30,300,Half Roll Back (aug 0),train,2612,aug_0
12425,M003P002A031R003_AUG001,3,2,15225,3,30,300,Half Roll Back (aug 1),train,2612,aug_1
12426,M003P002A032R001_AUG000,3,2,15226,1,31,300,Kneeling Right-side Torso Twist (aug 0),train,2613,aug_0
12427,M003P002A032R001_AUG001,3,2,15227,1,31,300,Kneeling Right-side Torso Twist (aug 1),train,2613,aug_1
12428,M003P002A032R002_AUG000,3,2,15228,2,31,300,Kneeling Right-side Torso Twist (aug 0),train,2614,aug_0
12429,M003P002A032R002_AUG001,3,2,15229,2,31,300,Kneeling Right-side Torso Twist (aug 1),train,2614,aug_1
12430,M003P002A032R003_AUG000,3,2,15230,3,31,300,Kneeling Right-side Torso Twist (aug 0),train,2615,aug_0
12431,M003P002A032R003_AUG001,3,2,15231,3,31,300,Kneeling Right-side Torso Twist (aug 1),train,2615,aug_1
12432,M003P002A033R001_AUG000,3,2,15232,1,32,300,Left-side Knee Raise And Abdominal Muscles Contract (aug 0),train,2616,aug_0
12433,M003P002A033R001_AUG001,3,2,15233,1,32,300,Left-side Knee Raise And Abdominal Muscles Contract (aug 1),train,2616,aug_1
12434,M003P002A033R002_AUG000,3,2,15234,2,32,300,Left-side Knee Raise And Abdominal Muscles Contract (aug 0),train,2617,aug_0
12435,M003P002A033R002_AUG001,3,2,15235,2,32,300,Left-side Knee Raise And Abdominal Muscles Contract (aug 1),train,2617,aug_1
12436,M003P002A033R003_AUG000,3,2,15236,3,32,300,Left-side Knee Raise And Abdominal Muscles Contract (aug 0),train,2618,aug_0
12437,M003P002A033R003_AUG001,3,2,15237,3,32,300,Left-side Knee Raise And Abdominal Muscles Contract (aug 1),train,2618,aug_1
12438,M003P002A034R001_AUG000,3,2,15238,1,33,300,Kneeling Right Leg Backward Stretch (aug 0),train,2619,aug_0
12439,M003P002A034R001_AUG001,3,2,15239,1,33,300,Kneeling Right Leg Backward Stretch (aug 1),train,2619,aug_1
12440,M003P002A034R002_AUG000,3,2,15240,2,33,300,Kneeling Right Leg Backward Stretch (aug 0),train,2620,aug_0
12441,M003P002A034R002_AUG001,3,2,15241,2,33,300,Kneeling Right Leg Backward Stretch (aug 1),train,2620,aug_1
12442,M003P002A034R003_AUG000,3,2,15242,3,33,300,Kneeling Right Leg Backward Stretch (aug 0),train,2621,aug_0
12443,M003P002A034R003_AUG001,3,2,15243,3,33,300,Kneeling Right Leg Backward Stretch (aug 1),train,2621,aug_1
12444,M003P002A035R001_AUG000,3,2,15244,1,34,300,Kneeling Right Arm Raise (aug 0),train,2622,aug_0
12445,M003P002A035R001_AUG001,3,2,15245,1,34,300,Kneeling Right Arm Raise (aug 1),train,2622,aug_1
12446,M003P002A035R002_AUG000,3,2,15246,2,34,300,Kneeling Right Arm Raise (aug 0),train,2623,aug_0
12447,M003P002A035R002_AUG001,3,2,15247,2,34,300,Kneeling Right Arm Raise (aug 1),train,2623,aug_1
12448,M003P002A035R003_AUG000,3,2,15248,3,34,300,Kneeling Right Arm Raise (aug 0),train,2624,aug_0
12449,M003P002A035R003_AUG001,3,2,15249,3,34,300,Kneeling Right Arm Raise (aug 1),train,2624,aug_1
12450,M003P002A036R001_AUG000,3,2,15250,1,35,300,Shoulder Bridge (aug 0),train,2625,aug_0
12451,M003P002A036R001_AUG001,3,2,15251,1,35,300,Shoulder Bridge (aug 1),train,2625,aug_1
12452,M003P002A036R002_AUG000,3,2,15252,2,35,300,Shoulder Bridge (aug 0),train,2626,aug_0
12453,M003P002A036R002_AUG001,3,2,15253,2,35,300,Shoulder Bridge (aug 1),train,2626,aug_1
12454,M003P002A036R003_AUG000,3,2,15254,3,35,300,Shoulder Bridge (aug 0),train,2627,aug_0
12455,M003P002A036R003_AUG001,3,2,15255,3,35,300,Shoulder Bridge (aug 1),train,2627,aug_1
12456,M003P002A037R001_AUG000,3,2,15256,1,36,300,Prone Press-ups (aug 0),train,2628,aug_0
12457,M003P002A037R001_AUG001,3,2,15257,1,36,300,Prone Press-ups (aug 1),train,2628,aug_1
12458,M003P002A037R002_AUG000,3,2,15258,2,36,300,Prone Press-ups (aug 0),train,2629,aug_0
12459,M003P002A037R002_AUG001,3,2,15259,2,36,300,Prone Press-ups (aug 1),train,2629,aug_1
12460,M003P002A037R003_AUG000,3,2,15260,3,36,300,Prone Press-ups (aug 0),train,2630,aug_0
12461,M003P002A037R003_AUG001,3,2,15261,3,36,300,Prone Press-ups (aug 1),train,2630,aug_1
12462,M003P002A038R001_AUG000,3,2,15262,1,37,300,Bent-over Torso Rotation (aug 0),train,2631,aug_0
12463,M003P002A038R001_AUG001,3,2,15263,1,37,300,Bent-over Torso Rotation (aug 1),train,2631,aug_1
12464,M003P002A038R002_AUG000,3,2,15264,2,37,300,Bent-over Torso Rotation (aug 0),train,2632,aug_0
12465,M003P002A038R002_AUG001,3,2,15265,2,37,300,Bent-over Torso Rotation (aug 1),train,2632,aug_1
12466,M003P002A038R003_AUG000,3,2,15266,3,37,300,Bent-over Torso Rotation (aug 0),train,2633,aug_0
12467,M003P002A038R003_AUG001,3,2,15267,3,37,300,Bent-over Torso Rotation (aug 1),train,2633,aug_1
12468,M003P002A039R001_AUG000,3,2,15268,1,38,300,Lying Arm Pull (aug 0),train,2634,aug_0
12469,M003P002A039R001_AUG001,3,2,15269,1,38,300,Lying Arm Pull (aug 1),train,2634,aug_1
12470,M003P002A039R002_AUG000,3,2,15270,2,38,300,Lying Arm Pull (aug 0),train,2635,aug_0
12471,M003P002A039R002_AUG001,3,2,15271,2,38,300,Lying Arm Pull (aug 1),train,2635,aug_1
12472,M003P002A039R003_AUG000,3,2,15272,3,38,300,Lying Arm Pull (aug 0),train,2636,aug_0
12473,M003P002A039R003_AUG001,3,2,15273,3,38,300,Lying Arm Pull (aug 1),train,2636,aug_1
12474,M003P002A040R001_AUG000,3,2,15274,1,39,300,Prone Press Up With Torso Rotation (aug 0),train,2637,aug_0
12475,M003P002A040R001_AUG001,3,2,15275,1,39,300,Prone Press Up With Torso Rotation (aug 1),train,2637,aug_1
12476,M003P002A040R002_AUG000,3,2,15276,2,39,300,Prone Press Up With Torso Rotation (aug 0),train,2638,aug_0
12477,M003P002A040R002_AUG001,3,2,15277,2,39,300,Prone Press Up With Torso Rotation (aug 1),train,2638,aug_1
12478,M003P002A040R003_AUG000,3,2,15278,3,39,300,Prone Press Up With Torso Rotation (aug 0),train,2639,aug_0
12479,M003P002A040R003_AUG001,3,2,15279,3,39,300,Prone Press Up With Torso Rotation (aug 1),train,2639,aug_1
12480,M003P002A041R001_AUG000,3,2,15280,1,40,300,Breaststroke Push-ups (aug 0),train,2640,aug_0
12481,M003P002A041R001_AUG001,3,2,15281,1,40,300,Breaststroke Push-ups (aug 1),train,2640,aug_1
12482,M003P002A041R002_AUG000,3,2,15282,2,40,300,Breaststroke Push-ups (aug 0),train,2641,aug_0
12483,M003P002A041R002_AUG001,3,2,15283,2,40,300,Breaststroke Push-ups (aug 1),train,2641,aug_1
12484,M003P002A041R003_AUG000,3,2,15284,3,40,300,Breaststroke Push-ups (aug 0),train,2642,aug_0
12485,M003P002A041R003_AUG001,3,2,15285,3,40,300,Breaststroke Push-ups (aug 1),train,2642,aug_1
12486,M003P002A042R001_AUG000,3,2,15286,1,41,300,Sit-ups (aug 0),train,2643,aug_0
12487,M003P002A042R001_AUG001,3,2,15287,1,41,300,Sit-ups (aug 1),train,2643,aug_1
12488,M003P002A042R002_AUG000,3,2,15288,2,41,300,Sit-ups (aug 0),train,2644,aug_0
12489,M003P002A042R002_AUG001,3,2,15289,2,41,300,Sit-ups (aug 1),train,2644,aug_1
12490,M003P002A042R003_AUG000,3,2,15290,3,41,300,Sit-ups (aug 0),train,2645,aug_0
12491,M003P002A042R003_AUG001,3,2,15291,3,41,300,Sit-ups (aug 1),train,2645,aug_1
12492,M003P002A043R001_AUG000,3,2,15292,1,42,300,Side-lying Left Leg Forward Raise (aug 0),train,2646,aug_0
12493,M003P002A043R001_AUG001,3,2,15293,1,42,300,Side-lying Left Leg Forward Raise (aug 1),train,2646,aug_1
12494,M003P002A043R002_AUG000,3,2,15294,2,42,300,Side-lying Left Leg Forward Raise (aug 0),train,2647,aug_0
12495,M003P002A043R002_AUG001,3,2,15295,2,42,300,Side-lying Left Leg Forward Raise (aug 1),train,2647,aug_1
12496,M003P002A043R003_AUG000,3,2,15296,3,42,300,Side-lying Left Leg Forward Raise (aug 0),train,2648,aug_0
12497,M003P002A043R003_AUG001,3,2,15297,3,42,300,Side-lying Left Leg Forward Raise (aug 1),train,2648,aug_1
12498,M003P002A044R001_AUG000,3,2,15298,1,43,300,Right Leg Reverse Lunge (aug 0),train,2649,aug_0
12499,M003P002A044R001_AUG001,3,2,15299,1,43,300,Right Leg Reverse Lunge (aug 1),train,2649,aug_1
12500,M003P002A044R002_AUG000,3,2,15300,2,43,300,Right Leg Reverse Lunge (aug 0),train,2650,aug_0
12501,M003P002A044R002_AUG001,3,2,15301,2,43,300,Right Leg Reverse Lunge (aug 1),train,2650,aug_1
12502,M003P002A044R003_AUG000,3,2,15302,3,43,300,Right Leg Reverse Lunge (aug 0),train,2651,aug_0
12503,M003P002A044R003_AUG001,3,2,15303,3,43,300,Right Leg Reverse Lunge (aug 1),train,2651,aug_1
12504,M003P002A045R001_AUG000,3,2,15304,1,44,300,Kneeling Left Knee Lift (aug 0),train,2652,aug_0
12505,M003P002A045R001_AUG001,3,2,15305,1,44,300,Kneeling Left Knee Lift (aug 1),train,2652,aug_1
12506,M003P002A045R002_AUG000,3,2,15306,2,44,300,Kneeling Left Knee Lift (aug 0),train,2653,aug_0
12507,M003P002A045R002_AUG001,3,2,15307,2,44,300,Kneeling Left Knee Lift (aug 1),train,2653,aug_1
12508,M003P002A045R003_AUG000,3,2,15308,3,44,300,Kneeling Left Knee Lift (aug 0),train,2654,aug_0
12509,M003P002A045R003_AUG001,3,2,15309,3,44,300,Kneeling Left Knee Lift (aug 1),train,2654,aug_1
12510,M003P002A046R001_AUG000,3,2,15310,1,45,300,Alternate Reverse Lunge (aug 0),train,2655,aug_0
12511,M003P002A046R001_AUG001,3,2,15311,1,45,300,Alternate Reverse Lunge (aug 1),train,2655,aug_1
12512,M003P002A046R002_AUG000,3,2,15312,2,45,300,Alternate Reverse Lunge (aug 0),train,2656,aug_0
12513,M003P002A046R002_AUG001,3,2,15313,2,45,300,Alternate Reverse Lunge (aug 1),train,2656,aug_1
12514,M003P002A046R003_AUG000,3,2,15314,3,45,300,Alternate Reverse Lunge (aug 0),train,2657,aug_0
12515,M003P002A046R003_AUG001,3,2,15315,3,45,300,Alternate Reverse Lunge (aug 1),train,2657,aug_1
12516,M003P002A047R001_AUG000,3,2,15316,1,46,300,Side-lying Right Leg Backward Kick (aug 0),train,2658,aug_0
12517,M003P002A047R001_AUG001,3,2,15317,1,46,300,Side-lying Right Leg Backward Kick (aug 1),train,2658,aug_1
12518,M003P002A047R002_AUG000,3,2,15318,2,46,300,Side-lying Right Leg Backward Kick (aug 0),train,2659,aug_0
12519,M003P002A047R002_AUG001,3,2,15319,2,46,300,Side-lying Right Leg Backward Kick (aug 1),train,2659,aug_1
12520,M003P002A047R003_AUG000,3,2,15320,3,46,300,Side-lying Right Leg Backward Kick (aug 0),train,2660,aug_0
12521,M003P002A047R003_AUG001,3,2,15321,3,46,300,Side-lying Right Leg Backward Kick (aug 1),train,2660,aug_1
12522,M003P002A048R001_AUG000,3,2,15322,1,47,300,Left Leg Lunge With Knee Lift (aug 0),train,2661,aug_0
12523,M003P002A048R001_AUG001,3,2,15323,1,47,300,Left Leg Lunge With Knee Lift (aug 1),train,2661,aug_1
12524,M003P002A048R002_AUG000,3,2,15324,2,47,300,Left Leg Lunge With Knee Lift (aug 0),train,2662,aug_0
12525,M003P002A048R002_AUG001,3,2,15325,2,47,300,Left Leg Lunge With Knee Lift (aug 1),train,2662,aug_1
12526,M003P002A048R003_AUG000,3,2,15326,3,47,300,Left Leg Lunge With Knee Lift (aug 0),train,2663,aug_0
12527,M003P002A048R003_AUG001,3,2,15327,3,47,300,Left Leg Lunge With Knee Lift (aug 1),train,2663,aug_1
12528,M003P002A049R001_AUG000,3,2,15328,1,48,300,Sumo Squat (aug 0),train,2664,aug_0
12529,M003P002A049R001_AUG001,3,2,15329,1,48,300,Sumo Squat (aug 1),train,2664,aug_1
12530,M003P002A049R002_AUG000,3,2,15330,2,48,300,Sumo Squat (aug 0),train,2665,aug_0
12531,M003P002A049R002_AUG001,3,2,15331,2,48,300,Sumo Squat (aug 1),train,2665,aug_1
12532,M003P002A049R003_AUG000,3,2,15332,3,48,300,Sumo Squat (aug 0),train,2666,aug_0
12533,M003P002A049R003_AUG001,3,2,15333,3,48,300,Sumo Squat (aug 1),train,2666,aug_1
12534,M003P002A050R001_AUG000,3,2,15334,1,49,300,Straight Leg Calf Raise (aug 0),train,2667,aug_0
12535,M003P002A050R001_AUG001,3,2,15335,1,49,300,Straight Leg Calf Raise (aug 1),train,2667,aug_1
12536,M003P002A050R002_AUG000,3,2,15336,2,49,300,Straight Leg Calf Raise (aug 0),train,2668,aug_0
12537,M003P002A050R002_AUG001,3,2,15337,2,49,300,Straight Leg Calf Raise (aug 1),train,2668,aug_1
12538,M003P002A050R003_AUG000,3,2,15338,3,49,300,Straight Leg Calf Raise (aug 0),train,2669,aug_0
12539,M003P002A050R003_AUG001,3,2,15339,3,49,300,Straight Leg Calf Raise (aug 1),train,2669,aug_1
12540,M003P002A051R001_AUG000,3,2,15340,1,50,300,Squat Jump (aug 0),train,2670,aug_0
12541,M003P002A051R001_AUG001,3,2,15341,1,50,300,Squat Jump (aug 1),train,2670,aug_1
12542,M003P002A051R002_AUG000,3,2,15342,2,50,300,Squat Jump (aug 0),train,2671,aug_0
12543,M003P002A051R002_AUG001,3,2,15343,2,50,300,Squat Jump (aug 1),train,2671,aug_1
12544,M003P002A051R003_AUG000,3,2,15344,3,50,300,Squat Jump (aug 0),train,2672,aug_0
12545,M003P002A051R003_AUG001,3,2,15345,3,50,300,Squat Jump (aug 1),train,2672,aug_1
12546,M003P002A052R001_AUG000,3,2,15346,1,51,300,Squat With Alternate Knee Lift (aug 0),train,2673,aug_0
12547,M003P002A052R001_AUG001,3,2,15347,1,51,300,Squat With Alternate Knee Lift (aug 1),train,2673,aug_1
12548,M003P002A052R002_AUG000,3,2,15348,2,51,300,Squat With Alternate Knee Lift (aug 0),train,2674,aug_0
12549,M003P002A052R002_AUG001,3,2,15349,2,51,300,Squat With Alternate Knee Lift (aug 1),train,2674,aug_1
12550,M003P002A052R003_AUG000,3,2,15350,3,51,300,Squat With Alternate Knee Lift (aug 0),train,2675,aug_0
12551,M003P002A052R003_AUG001,3,2,15351,3,51,300,Squat With Alternate Knee Lift (aug 1),train,2675,aug_1
12552,M003P002A053R001_AUG000,3,2,15352,1,52,300,Standing Alternate Butt Kick (aug 0),train,2676,aug_0
12553,M003P002A053R001_AUG001,3,2,15353,1,52,300,Standing Alternate Butt Kick (aug 1),train,2676,aug_1
12554,M003P002A053R002_AUG000,3,2,15354,2,52,300,Standing Alternate Butt Kick (aug 0),train,2677,aug_0
12555,M003P002A053R002_AUG001,3,2,15355,2,52,300,Standing Alternate Butt Kick (aug 1),train,2677,aug_1
12556,M003P002A053R003_AUG000,3,2,15356,3,52,300,Standing Alternate Butt Kick (aug 0),train,2678,aug_0
12557,M003P002A053R003_AUG001,3,2,15357,3,52,300,Standing Alternate Butt Kick (aug 1),train,2678,aug_1
12558,M003P002A054R001_AUG000,3,2,15358,1,53,300,Knee Warm-up (aug 0),train,2679,aug_0
12559,M003P002A054R001_AUG001,3,2,15359,1,53,300,Knee Warm-up (aug 1),train,2679,aug_1
12560,M003P002A054R002_AUG000,3,2,15360,2,53,300,Knee Warm-up (aug 0),train,2680,aug_0
12561,M003P002A054R002_AUG001,3,2,15361,2,53,300,Knee Warm-up (aug 1),train,2680,aug_1
12562,M003P002A054R003_AUG000,3,2,15362,3,53,300,Knee Warm-up (aug 0),train,2681,aug_0
12563,M003P002A054R003_AUG001,3,2,15363,3,53,300,Knee Warm-up (aug 1),train,2681,aug_1
12564,M003P002A055R001_AUG000,3,2,15364,1,54,300,Butt Kicks (aug 0),train,2682,aug_0
12565,M003P002A055R001_AUG001,3,2,15365,1,54,300,Butt Kicks (aug 1),train,2682,aug_1
12566,M003P002A055R002_AUG000,3,2,15366,2,54,300,Butt Kicks (aug 0),train,2683,aug_0
12567,M003P002A055R002_AUG001,3,2,15367,2,54,300,Butt Kicks (aug 1),train,2683,aug_1
12568,M003P002A055R003_AUG000,3,2,15368,3,54,300,Butt Kicks (aug 0),train,2684,aug_0
12569,M003P002A055R003_AUG001,3,2,15369,3,54,300,Butt Kicks (aug 1),train,2684,aug_1
12570,M003P002A056R001_AUG000,3,2,15370,1,55,300,Jump Left and Right (aug 0),train,2685,aug_0
12571,M003P002A056R001_AUG001,3,2,15371,1,55,300,Jump Left and Right (aug 1),train,2685,aug_1
12572,M003P002A056R002_AUG000,3,2,15372,2,55,300,Jump Left and Right (aug 0),train,2686,aug_0
12573,M003P002A056R002_AUG001,3,2,15373,2,55,300,Jump Left and Right (aug 1),train,2686,aug_1
12574,M003P002A056R003_AUG000,3,2,15374,3,55,300,Jump Left and Right (aug 0),train,2687,aug_0
12575,M003P002A056R003_AUG001,3,2,15375,3,55,300,Jump Left and Right (aug 1),train,2687,aug_1
12576,M003P002A057R001_AUG000,3,2,15376,1,56,300,Jumping Jacks (aug 0),train,2688,aug_0
12577,M003P002A057R001_AUG001,3,2,15377,1,56,300,Jumping Jacks (aug 1),train,2688,aug_1
12578,M003P002A057R002_AUG000,3,2,15378,2,56,300,Jumping Jacks (aug 0),train,2689,aug_0
12579,M003P002A057R002_AUG001,3,2,15379,2,56,300,Jumping Jacks (aug 1),train,2689,aug_1
12580,M003P002A057R003_AUG000,3,2,15380,3,56,300,Jumping Jacks (aug 0),train,2690,aug_0
12581,M003P002A057R003_AUG001,3,2,15381,3,56,300,Jumping Jacks (aug 1),train,2690,aug_1
12582,M003P002A058R001_AUG000,3,2,15382,1,57,300,High Knee (aug 0),train,2691,aug_0
12583,M003P002A058R001_AUG001,3,2,15383,1,57,300,High Knee (aug 1),train,2691,aug_1
12584,M003P002A058R002_AUG000,3,2,15384,2,57,300,High Knee (aug 0),train,2692,aug_0
12585,M003P002A058R002_AUG001,3,2,15385,2,57,300,High Knee (aug 1),train,2692,aug_1
12586,M003P002A058R003_AUG000,3,2,15386,3,57,300,High Knee (aug 0),train,2693,aug_0
12587,M003P002A058R003_AUG001,3,2,15387,3,57,300,High Knee (aug 1),train,2693,aug_1
12588,M003P002A059R001_AUG000,3,2,15388,1,58,300,Clap Jacks (aug 0),train,2694,aug_0
12589,M003P002A059R001_AUG001,3,2,15389,1,58,300,Clap Jacks (aug 1),train,2694,aug_1
12590,M003P002A059R002_AUG000,3,2,15390,2,58,300,Clap Jacks (aug 0),train,2695,aug_0
12591,M003P002A059R002_AUG001,3,2,15391,2,58,300,Clap Jacks (aug 1),train,2695,aug_1
12592,M003P002A059R003_AUG000,3,2,15392,3,58,300,Clap Jacks (aug 0),train,2696,aug_0
12593,M003P002A059R003_AUG001,3,2,15393,3,58,300,Clap Jacks (aug 1),train,2696,aug_1
12594,M003P002A060R001_AUG000,3,2,15394,1,59,300,Run In Place With Arm Swing (aug 0),train,2697,aug_0
12595,M003P002A060R001_AUG001,3,2,15395,1,59,300,Run In Place With Arm Swing (aug 1),train,2697,aug_1
12596,M003P002A060R002_AUG000,3,2,15396,2,59,300,Run In Place With Arm Swing (aug 0),train,2698,aug_0
12597,M003P002A060R002_AUG001,3,2,15397,2,59,300,Run In Place With Arm Swing (aug 1),train,2698,aug_1
12598,M003P002A060R003_AUG000,3,2,15398,3,59,300,Run In Place With Arm Swing (aug 0),train,2699,aug_0
12599,M003P002A060R003_AUG001,3,2,15399,3,59,300,Run In Place With Arm Swing (aug 1),train,2699,aug_1
12600,M003P003A001R001_AUG000,3,3,15400,1,0,300,Svend Press (aug 0),train,2700,aug_0
12601,M003P003A001R001_AUG001,3,3,15401,1,0,300,Svend Press (aug 1),train,2700,aug_1
12602,M003P003A001R002_AUG000,3,3,15402,2,0,300,Svend Press (aug 0),train,2701,aug_0
12603,M003P003A001R002_AUG001,3,3,15403,2,0,300,Svend Press (aug 1),train,2701,aug_1
12604,M003P003A001R003_AUG000,3,3,15404,3,0,300,Svend Press (aug 0),train,2702,aug_0
12605,M003P003A001R003_AUG001,3,3,15405,3,0,300,Svend Press (aug 1),train,2702,aug_1
12606,M003P003A002R001_AUG000,3,3,15406,1,1,300,Kneeling Push-ups (aug 0),train,2703,aug_0
12607,M003P003A002R001_AUG001,3,3,15407,1,1,300,Kneeling Push-ups (aug 1),train,2703,aug_1
12608,M003P003A002R002_AUG000,3,3,15408,2,1,300,Kneeling Push-ups (aug 0),train,2704,aug_0
12609,M003P003A002R002_AUG001,3,3,15409,2,1,300,Kneeling Push-ups (aug 1),train,2704,aug_1
12610,M003P003A002R003_AUG000,3,3,15410,3,1,300,Kneeling Push-ups (aug 0),train,2705,aug_0
12611,M003P003A002R003_AUG001,3,3,15411,3,1,300,Kneeling Push-ups (aug 1),train,2705,aug_1
12612,M003P003A003R001_AUG000,3,3,15412,1,2,300,Standing Straight-arm Chest Press With Resistance Band (aug 0),train,2706,aug_0
12613,M003P003A003R001_AUG001,3,3,15413,1,2,300,Standing Straight-arm Chest Press With Resistance Band (aug 1),train,2706,aug_1
12614,M003P003A003R002_AUG000,3,3,15414,2,2,300,Standing Straight-arm Chest Press With Resistance Band (aug 0),train,2707,aug_0
12615,M003P003A003R002_AUG001,3,3,15415,2,2,300,Standing Straight-arm Chest Press With Resistance Band (aug 1),train,2707,aug_1
12616,M003P003A003R003_AUG000,3,3,15416,3,2,300,Standing Straight-arm Chest Press With Resistance Band (aug 0),train,2708,aug_0
12617,M003P003A003R003_AUG001,3,3,15417,3,2,300,Standing Straight-arm Chest Press With Resistance Band (aug 1),train,2708,aug_1
12618,M003P003A004R001_AUG000,3,3,15418,1,3,300,Small Dumbbell Floor Flies (aug 0),train,2709,aug_0
12619,M003P003A004R001_AUG001,3,3,15419,1,3,300,Small Dumbbell Floor Flies (aug 1),train,2709,aug_1
12620,M003P003A004R002_AUG000,3,3,15420,2,3,300,Small Dumbbell Floor Flies (aug 0),train,2710,aug_0
12621,M003P003A004R002_AUG001,3,3,15421,2,3,300,Small Dumbbell Floor Flies (aug 1),train,2710,aug_1
12622,M003P003A004R003_AUG000,3,3,15422,3,3,300,Small Dumbbell Floor Flies (aug 0),train,2711,aug_0
12623,M003P003A004R003_AUG001,3,3,15423,3,3,300,Small Dumbbell Floor Flies (aug 1),train,2711,aug_1
12624,M003P003A005R001_AUG000,3,3,15424,1,4,300,Chest Fly (aug 0),train,2712,aug_0
12625,M003P003A005R001_AUG001,3,3,15425,1,4,300,Chest Fly (aug 1),train,2712,aug_1
12626,M003P003A005R002_AUG000,3,3,15426,2,4,300,Chest Fly (aug 0),train,2713,aug_0
12627,M003P003A005R002_AUG001,3,3,15427,2,4,300,Chest Fly (aug 1),train,2713,aug_1
12628,M003P003A005R003_AUG000,3,3,15428,3,4,300,Chest Fly (aug 0),train,2714,aug_0
12629,M003P003A005R003_AUG001,3,3,15429,3,4,300,Chest Fly (aug 1),train,2714,aug_1
12630,M003P003A006R001_AUG000,3,3,15430,1,5,300,Push-ups (aug 0),train,2715,aug_0
12631,M003P003A006R001_AUG001,3,3,15431,1,5,300,Push-ups (aug 1),train,2715,aug_1
12632,M003P003A006R002_AUG000,3,3,15432,2,5,300,Push-ups (aug 0),train,2716,aug_0
12633,M003P003A006R002_AUG001,3,3,15433,2,5,300,Push-ups (aug 1),train,2716,aug_1
12634,M003P003A006R003_AUG000,3,3,15434,3,5,300,Push-ups (aug 0),train,2717,aug_0
12635,M003P003A006R003_AUG001,3,3,15435,3,5,300,Push-ups (aug 1),train,2717,aug_1
12636,M003P003A007R001_AUG000,3,3,15436,1,6,300,Bent-over W-shape Stretch (aug 0),train,2718,aug_0
12637,M003P003A007R001_AUG001,3,3,15437,1,6,300,Bent-over W-shape Stretch (aug 1),train,2718,aug_1
12638,M003P003A007R002_AUG000,3,3,15438,2,6,300,Bent-over W-shape Stretch (aug 0),train,2719,aug_0
12639,M003P003A007R002_AUG001,3,3,15439,2,6,300,Bent-over W-shape Stretch (aug 1),train,2719,aug_1
12640,M003P003A007R003_AUG000,3,3,15440,3,6,300,Bent-over W-shape Stretch (aug 0),train,2720,aug_0
12641,M003P003A007R003_AUG001,3,3,15441,3,6,300,Bent-over W-shape Stretch (aug 1),train,2720,aug_1
12642,M003P003A008R001_AUG000,3,3,15442,1,7,300,Bent-over Y-shape Stretch (aug 0),train,2721,aug_0
12643,M003P003A008R001_AUG001,3,3,15443,1,7,300,Bent-over Y-shape Stretch (aug 1),train,2721,aug_1
12644,M003P003A008R002_AUG000,3,3,15444,2,7,300,Bent-over Y-shape Stretch (aug 0),train,2722,aug_0
12645,M003P003A008R002_AUG001,3,3,15445,2,7,300,Bent-over Y-shape Stretch (aug 1),train,2722,aug_1
12646,M003P003A008R003_AUG000,3,3,15446,3,7,300,Bent-over Y-shape Stretch (aug 0),train,2723,aug_0
12647,M003P003A008R003_AUG001,3,3,15447,3,7,300,Bent-over Y-shape Stretch (aug 1),train,2723,aug_1
12648,M003P003A009R001_AUG000,3,3,15448,1,8,300,Bent-over A-shape Stretch (aug 0),train,2724,aug_0
12649,M003P003A009R001_AUG001,3,3,15449,1,8,300,Bent-over A-shape Stretch (aug 1),train,2724,aug_1
12650,M003P003A009R002_AUG000,3,3,15450,2,8,300,Bent-over A-shape Stretch (aug 0),train,2725,aug_0
12651,M003P003A009R002_AUG001,3,3,15451,2,8,300,Bent-over A-shape Stretch (aug 1),train,2725,aug_1
12652,M003P003A009R003_AUG000,3,3,15452,3,8,300,Bent-over A-shape Stretch (aug 0),train,2726,aug_0
12653,M003P003A009R003_AUG001,3,3,15453,3,8,300,Bent-over A-shape Stretch (aug 1),train,2726,aug_1
12654,M003P003A010R001_AUG000,3,3,15454,1,9,300,Squat With Arm Lift (aug 0),train,2727,aug_0
12655,M003P003A010R001_AUG001,3,3,15455,1,9,300,Squat With Arm Lift (aug 1),train,2727,aug_1
12656,M003P003A010R002_AUG000,3,3,15456,2,9,300,Squat With Arm Lift (aug 0),train,2728,aug_0
12657,M003P003A010R002_AUG001,3,3,15457,2,9,300,Squat With Arm Lift (aug 1),train,2728,aug_1
12658,M003P003A010R003_AUG000,3,3,15458,3,9,300,Squat With Arm Lift (aug 0),train,2729,aug_0
12659,M003P003A010R003_AUG001,3,3,15459,3,9,300,Squat With Arm Lift (aug 1),train,2729,aug_1
12660,M003P003A011R001_AUG000,3,3,15460,1,10,300,Breaststroke Arm Pull (aug 0),train,2730,aug_0
12661,M003P003A011R001_AUG001,3,3,15461,1,10,300,Breaststroke Arm Pull (aug 1),train,2730,aug_1
12662,M003P003A011R002_AUG000,3,3,15462,2,10,300,Breaststroke Arm Pull (aug 0),train,2731,aug_0
12663,M003P003A011R002_AUG001,3,3,15463,2,10,300,Breaststroke Arm Pull (aug 1),train,2731,aug_1
12664,M003P003A011R003_AUG000,3,3,15464,3,10,300,Breaststroke Arm Pull (aug 0),train,2732,aug_0
12665,M003P003A011R003_AUG001,3,3,15465,3,10,300,Breaststroke Arm Pull (aug 1),train,2732,aug_1
12666,M003P003A012R001_AUG000,3,3,15466,1,11,300,Prone Y-shape Stretch (aug 0),train,2733,aug_0
12667,M003P003A012R001_AUG001,3,3,15467,1,11,300,Prone Y-shape Stretch (aug 1),train,2733,aug_1
12668,M003P003A012R002_AUG000,3,3,15468,2,11,300,Prone Y-shape Stretch (aug 0),train,2734,aug_0
12669,M003P003A012R002_AUG001,3,3,15469,2,11,300,Prone Y-shape Stretch (aug 1),train,2734,aug_1
12670,M003P003A012R003_AUG000,3,3,15470,3,11,300,Prone Y-shape Stretch (aug 0),train,2735,aug_0
12671,M003P003A012R003_AUG001,3,3,15471,3,11,300,Prone Y-shape Stretch (aug 1),train,2735,aug_1
12672,M003P003A013R001_AUG000,3,3,15472,1,12,300,Lateral Raise Forward Circles (aug 0),train,2736,aug_0
12673,M003P003A013R001_AUG001,3,3,15473,1,12,300,Lateral Raise Forward Circles (aug 1),train,2736,aug_1
12674,M003P003A013R002_AUG000,3,3,15474,2,12,300,Lateral Raise Forward Circles (aug 0),train,2737,aug_0
12675,M003P003A013R002_AUG001,3,3,15475,2,12,300,Lateral Raise Forward Circles (aug 1),train,2737,aug_1
12676,M003P003A013R003_AUG000,3,3,15476,3,12,300,Lateral Raise Forward Circles (aug 0),train,2738,aug_0
12677,M003P003A013R003_AUG001,3,3,15477,3,12,300,Lateral Raise Forward Circles (aug 1),train,2738,aug_1
12678,M003P003A014R001_AUG000,3,3,15478,1,13,300,Lateral Raise Backward Circles (aug 0),train,2739,aug_0
12679,M003P003A014R001_AUG001,3,3,15479,1,13,300,Lateral Raise Backward Circles (aug 1),train,2739,aug_1
12680,M003P003A014R002_AUG000,3,3,15480,2,13,300,Lateral Raise Backward Circles (aug 0),train,2740,aug_0
12681,M003P003A014R002_AUG001,3,3,15481,2,13,300,Lateral Raise Backward Circles (aug 1),train,2740,aug_1
12682,M003P003A014R003_AUG000,3,3,15482,3,13,300,Lateral Raise Backward Circles (aug 0),train,2741,aug_0
12683,M003P003A014R003_AUG001,3,3,15483,3,13,300,Lateral Raise Backward Circles (aug 1),train,2741,aug_1
12684,M003P003A015R001_AUG000,3,3,15484,1,14,300,Lying Shoulder Joint Upward Round (aug 0),train,2742,aug_0
12685,M003P003A015R001_AUG001,3,3,15485,1,14,300,Lying Shoulder Joint Upward Round (aug 1),train,2742,aug_1
12686,M003P003A015R002_AUG000,3,3,15486,2,14,300,Lying Shoulder Joint Upward Round (aug 0),train,2743,aug_0
12687,M003P003A015R002_AUG001,3,3,15487,2,14,300,Lying Shoulder Joint Upward Round (aug 1),train,2743,aug_1
12688,M003P003A015R003_AUG000,3,3,15488,3,14,300,Lying Shoulder Joint Upward Round (aug 0),train,2744,aug_0
12689,M003P003A015R003_AUG001,3,3,15489,3,14,300,Lying Shoulder Joint Upward Round (aug 1),train,2744,aug_1
12690,M003P003A016R001_AUG000,3,3,15490,1,15,300,Lying Shoulder Joint Downward Round (aug 0),train,2745,aug_0
12691,M003P003A016R001_AUG001,3,3,15491,1,15,300,Lying Shoulder Joint Downward Round (aug 1),train,2745,aug_1
12692,M003P003A016R002_AUG000,3,3,15492,2,15,300,Lying Shoulder Joint Downward Round (aug 0),train,2746,aug_0
12693,M003P003A016R002_AUG001,3,3,15493,2,15,300,Lying Shoulder Joint Downward Round (aug 1),train,2746,aug_1
12694,M003P003A016R003_AUG000,3,3,15494,3,15,300,Lying Shoulder Joint Downward Round (aug 0),train,2747,aug_0
12695,M003P003A016R003_AUG001,3,3,15495,3,15,300,Lying Shoulder Joint Downward Round (aug 1),train,2747,aug_1
12696,M003P003A017R001_AUG000,3,3,15496,1,16,300,Bare-handed Full Lateral Raise (aug 0),train,2748,aug_0
12697,M003P003A017R001_AUG001,3,3,15497,1,16,300,Bare-handed Full Lateral Raise (aug 1),train,2748,aug_1
12698,M003P003A017R002_AUG000,3,3,15498,2,16,300,Bare-handed Full Lateral Raise (aug 0),train,2749,aug_0
12699,M003P003A017R002_AUG001,3,3,15499,2,16,300,Bare-handed Full Lateral Raise (aug 1),train,2749,aug_1
12700,M003P003A017R003_AUG000,3,3,15500,3,16,300,Bare-handed Full Lateral Raise (aug 0),train,2750,aug_0
12701,M003P003A017R003_AUG001,3,3,15501,3,16,300,Bare-handed Full Lateral Raise (aug 1),train,2750,aug_1
12702,M003P003A018R001_AUG000,3,3,15502,1,17,300,Bare-handed Cuban Press (aug 0),train,2751,aug_0
12703,M003P003A018R001_AUG001,3,3,15503,1,17,300,Bare-handed Cuban Press (aug 1),train,2751,aug_1
12704,M003P003A018R002_AUG000,3,3,15504,2,17,300,Bare-handed Cuban Press (aug 0),train,2752,aug_0
12705,M003P003A018R002_AUG001,3,3,15505,2,17,300,Bare-handed Cuban Press (aug 1),train,2752,aug_1
12706,M003P003A018R003_AUG000,3,3,15506,3,17,300,Bare-handed Cuban Press (aug 0),train,2753,aug_0
12707,M003P003A018R003_AUG001,3,3,15507,3,17,300,Bare-handed Cuban Press (aug 1),train,2753,aug_1
12708,M003P003A019R001_AUG000,3,3,15508,1,18,300,Fortune Cat (aug 0),train,2754,aug_0
12709,M003P003A019R001_AUG001,3,3,15509,1,18,300,Fortune Cat (aug 1),train,2754,aug_1
12710,M003P003A019R002_AUG000,3,3,15510,2,18,300,Fortune Cat (aug 0),train,2755,aug_0
12711,M003P003A019R002_AUG001,3,3,15511,2,18,300,Fortune Cat (aug 1),train,2755,aug_1
12712,M003P003A019R003_AUG000,3,3,15512,3,18,300,Fortune Cat (aug 0),train,2756,aug_0
12713,M003P003A019R003_AUG001,3,3,15513,3,18,300,Fortune Cat (aug 1),train,2756,aug_1
12714,M003P003A020R001_AUG000,3,3,15514,1,19,300,Dumbbell Curls (aug 0),train,2757,aug_0
12715,M003P003A020R001_AUG001,3,3,15515,1,19,300,Dumbbell Curls (aug 1),train,2757,aug_1
12716,M003P003A020R002_AUG000,3,3,15516,2,19,300,Dumbbell Curls (aug 0),train,2758,aug_0
12717,M003P003A020R002_AUG001,3,3,15517,2,19,300,Dumbbell Curls (aug 1),train,2758,aug_1
12718,M003P003A020R003_AUG000,3,3,15518,3,19,300,Dumbbell Curls (aug 0),train,2759,aug_0
12719,M003P003A020R003_AUG001,3,3,15519,3,19,300,Dumbbell Curls (aug 1),train,2759,aug_1
12720,M003P003A021R001_AUG000,3,3,15520,1,20,300,Alternate Dumbbell Curls (aug 0),train,2760,aug_0
12721,M003P003A021R001_AUG001,3,3,15521,1,20,300,Alternate Dumbbell Curls (aug 1),train,2760,aug_1
12722,M003P003A021R002_AUG000,3,3,15522,2,20,300,Alternate Dumbbell Curls (aug 0),train,2761,aug_0
12723,M003P003A021R002_AUG001,3,3,15523,2,20,300,Alternate Dumbbell Curls (aug 1),train,2761,aug_1
12724,M003P003A021R003_AUG000,3,3,15524,3,20,300,Alternate Dumbbell Curls (aug 0),train,2762,aug_0
12725,M003P003A021R003_AUG001,3,3,15525,3,20,300,Alternate Dumbbell Curls (aug 1),train,2762,aug_1
12726,M003P003A022R001_AUG000,3,3,15526,1,21,300,Right-side Kettlebell Bent-over Row (aug 0),train,2763,aug_0
12727,M003P003A022R001_AUG001,3,3,15527,1,21,300,Right-side Kettlebell Bent-over Row (aug 1),train,2763,aug_1
12728,M003P003A022R002_AUG000,3,3,15528,2,21,300,Right-side Kettlebell Bent-over Row (aug 0),train,2764,aug_0
12729,M003P003A022R002_AUG001,3,3,15529,2,21,300,Right-side Kettlebell Bent-over Row (aug 1),train,2764,aug_1
12730,M003P003A022R003_AUG000,3,3,15530,3,21,300,Right-side Kettlebell Bent-over Row (aug 0),train,2765,aug_0
12731,M003P003A022R003_AUG001,3,3,15531,3,21,300,Right-side Kettlebell Bent-over Row (aug 1),train,2765,aug_1
12732,M003P003A023R001_AUG000,3,3,15532,1,22,300,Wrist Joint Warm-up (aug 0),train,2766,aug_0
12733,M003P003A023R001_AUG001,3,3,15533,1,22,300,Wrist Joint Warm-up (aug 1),train,2766,aug_1
12734,M003P003A023R002_AUG000,3,3,15534,2,22,300,Wrist Joint Warm-up (aug 0),train,2767,aug_0
12735,M003P003A023R002_AUG001,3,3,15535,2,22,300,Wrist Joint Warm-up (aug 1),train,2767,aug_1
12736,M003P003A023R003_AUG000,3,3,15536,3,22,300,Wrist Joint Warm-up (aug 0),train,2768,aug_0
12737,M003P003A023R003_AUG001,3,3,15537,3,22,300,Wrist Joint Warm-up (aug 1),train,2768,aug_1
12738,M003P003A024R001_AUG000,3,3,15538,1,23,300,Right-side Bent-over Tricep Extension With Resistance Band (aug 0),train,2769,aug_0
12739,M003P003A024R001_AUG001,3,3,15539,1,23,300,Right-side Bent-over Tricep Extension With Resistance Band (aug 1),train,2769,aug_1
12740,M003P003A024R002_AUG000,3,3,15540,2,23,300,Right-side Bent-over Tricep Extension With Resistance Band (aug 0),train,2770,aug_0
12741,M003P003A024R002_AUG001,3,3,15541,2,23,300,Right-side Bent-over Tricep Extension With Resistance Band (aug 1),train,2770,aug_1
12742,M003P003A024R003_AUG000,3,3,15542,3,23,300,Right-side Bent-over Tricep Extension With Resistance Band (aug 0),train,2771,aug_0
12743,M003P003A024R003_AUG001,3,3,15543,3,23,300,Right-side Bent-over Tricep Extension With Resistance Band (aug 1),train,2771,aug_1
12744,M003P003A025R001_AUG000,3,3,15544,1,24,300,Bent-over Dumbbell Tricep Extension (aug 0),train,2772,aug_0
12745,M003P003A025R001_AUG001,3,3,15545,1,24,300,Bent-over Dumbbell Tricep Extension (aug 1),train,2772,aug_1
12746,M003P003A025R002_AUG000,3,3,15546,2,24,300,Bent-over Dumbbell Tricep Extension (aug 0),train,2773,aug_0
12747,M003P003A025R002_AUG001,3,3,15547,2,24,300,Bent-over Dumbbell Tricep Extension (aug 1),train,2773,aug_1
12748,M003P003A025R003_AUG000,3,3,15548,3,24,300,Bent-over Dumbbell Tricep Extension (aug 0),train,2774,aug_0
12749,M003P003A025R003_AUG001,3,3,15549,3,24,300,Bent-over Dumbbell Tricep Extension (aug 1),train,2774,aug_1
12750,M003P003A026R001_AUG000,3,3,15550,1,25,300,Nod And Raise Head (aug 0),train,2775,aug_0
12751,M003P003A026R001_AUG001,3,3,15551,1,25,300,Nod And Raise Head (aug 1),train,2775,aug_1
12752,M003P003A026R002_AUG000,3,3,15552,2,25,300,Nod And Raise Head (aug 0),train,2776,aug_0
12753,M003P003A026R002_AUG001,3,3,15553,2,25,300,Nod And Raise Head (aug 1),train,2776,aug_1
12754,M003P003A026R003_AUG000,3,3,15554,3,25,300,Nod And Raise Head (aug 0),train,2777,aug_0
12755,M003P003A026R003_AUG001,3,3,15555,3,25,300,Nod And Raise Head (aug 1),train,2777,aug_1
12756,M003P003A027R001_AUG000,3,3,15556,1,26,300,Two-way Head Turn (aug 0),train,2778,aug_0
12757,M003P003A027R001_AUG001,3,3,15557,1,26,300,Two-way Head Turn (aug 1),train,2778,aug_1
12758,M003P003A027R002_AUG000,3,3,15558,2,26,300,Two-way Head Turn (aug 0),train,2779,aug_0
12759,M003P003A027R002_AUG001,3,3,15559,2,26,300,Two-way Head Turn (aug 1),train,2779,aug_1
12760,M003P003A027R003_AUG000,3,3,15560,3,26,300,Two-way Head Turn (aug 0),train,2780,aug_0
12761,M003P003A027R003_AUG001,3,3,15561,3,26,300,Two-way Head Turn (aug 1),train,2780,aug_1
12762,M003P003A028R001_AUG000,3,3,15562,1,27,300,Shrug And Sink The Shoulders (aug 0),train,2781,aug_0
12763,M003P003A028R001_AUG001,3,3,15563,1,27,300,Shrug And Sink The Shoulders (aug 1),train,2781,aug_1
12764,M003P003A028R002_AUG000,3,3,15564,2,27,300,Shrug And Sink The Shoulders (aug 0),train,2782,aug_0
12765,M003P003A028R002_AUG001,3,3,15565,2,27,300,Shrug And Sink The Shoulders (aug 1),train,2782,aug_1
12766,M003P003A028R003_AUG000,3,3,15566,3,27,300,Shrug And Sink The Shoulders (aug 0),train,2783,aug_0
12767,M003P003A028R003_AUG001,3,3,15567,3,27,300,Shrug And Sink The Shoulders (aug 1),train,2783,aug_1
12768,M003P003A029R001_AUG000,3,3,15568,1,28,300,Four-way Nod Head (aug 0),train,2784,aug_0
12769,M003P003A029R001_AUG001,3,3,15569,1,28,300,Four-way Nod Head (aug 1),train,2784,aug_1
12770,M003P003A029R002_AUG000,3,3,15570,2,28,300,Four-way Nod Head (aug 0),train,2785,aug_0
12771,M003P003A029R002_AUG001,3,3,15571,2,28,300,Four-way Nod Head (aug 1),train,2785,aug_1
12772,M003P003A029R003_AUG000,3,3,15572,3,28,300,Four-way Nod Head (aug 0),train,2786,aug_0
12773,M003P003A029R003_AUG001,3,3,15573,3,28,300,Four-way Nod Head (aug 1),train,2786,aug_1
12774,M003P003A030R001_AUG000,3,3,15574,1,29,300,Lying Alternate Upper-half Leg Raise (aug 0),train,2787,aug_0
12775,M003P003A030R001_AUG001,3,3,15575,1,29,300,Lying Alternate Upper-half Leg Raise (aug 1),train,2787,aug_1
12776,M003P003A030R002_AUG000,3,3,15576,2,29,300,Lying Alternate Upper-half Leg Raise (aug 0),train,2788,aug_0
12777,M003P003A030R002_AUG001,3,3,15577,2,29,300,Lying Alternate Upper-half Leg Raise (aug 1),train,2788,aug_1
12778,M003P003A030R003_AUG000,3,3,15578,3,29,300,Lying Alternate Upper-half Leg Raise (aug 0),train,2789,aug_0
12779,M003P003A030R003_AUG001,3,3,15579,3,29,300,Lying Alternate Upper-half Leg Raise (aug 1),train,2789,aug_1
12780,M003P003A031R001_AUG000,3,3,15580,1,30,300,Half Roll Back (aug 0),train,2790,aug_0
12781,M003P003A031R001_AUG001,3,3,15581,1,30,300,Half Roll Back (aug 1),train,2790,aug_1
12782,M003P003A031R002_AUG000,3,3,15582,2,30,300,Half Roll Back (aug 0),train,2791,aug_0
12783,M003P003A031R002_AUG001,3,3,15583,2,30,300,Half Roll Back (aug 1),train,2791,aug_1
12784,M003P003A031R003_AUG000,3,3,15584,3,30,300,Half Roll Back (aug 0),train,2792,aug_0
12785,M003P003A031R003_AUG001,3,3,15585,3,30,300,Half Roll Back (aug 1),train,2792,aug_1
12786,M003P003A032R001_AUG000,3,3,15586,1,31,300,Kneeling Right-side Torso Twist (aug 0),train,2793,aug_0
12787,M003P003A032R001_AUG001,3,3,15587,1,31,300,Kneeling Right-side Torso Twist (aug 1),train,2793,aug_1
12788,M003P003A032R002_AUG000,3,3,15588,2,31,300,Kneeling Right-side Torso Twist (aug 0),train,2794,aug_0
12789,M003P003A032R002_AUG001,3,3,15589,2,31,300,Kneeling Right-side Torso Twist (aug 1),train,2794,aug_1
12790,M003P003A032R003_AUG000,3,3,15590,3,31,300,Kneeling Right-side Torso Twist (aug 0),train,2795,aug_0
12791,M003P003A032R003_AUG001,3,3,15591,3,31,300,Kneeling Right-side Torso Twist (aug 1),train,2795,aug_1
12792,M003P003A033R001_AUG000,3,3,15592,1,32,300,Left-side Knee Raise And Abdominal Muscles Contract (aug 0),train,2796,aug_0
12793,M003P003A033R001_AUG001,3,3,15593,1,32,300,Left-side Knee Raise And Abdominal Muscles Contract (aug 1),train,2796,aug_1
12794,M003P003A033R002_AUG000,3,3,15594,2,32,300,Left-side Knee Raise And Abdominal Muscles Contract (aug 0),train,2797,aug_0
12795,M003P003A033R002_AUG001,3,3,15595,2,32,300,Left-side Knee Raise And Abdominal Muscles Contract (aug 1),train,2797,aug_1
12796,M003P003A033R003_AUG000,3,3,15596,3,32,300,Left-side Knee Raise And Abdominal Muscles Contract (aug 0),train,2798,aug_0
12797,M003P003A033R003_AUG001,3,3,15597,3,32,300,Left-side Knee Raise And Abdominal Muscles Contract (aug 1),train,2798,aug_1
12798,M003P003A034R001_AUG000,3,3,15598,1,33,300,Kneeling Right Leg Backward Stretch (aug 0),train,2799,aug_0
12799,M003P003A034R001_AUG001,3,3,15599,1,33,300,Kneeling Right Leg Backward Stretch (aug 1),train,2799,aug_1
12800,M003P003A034R002_AUG000,3,3,15600,2,33,300,Kneeling Right Leg Backward Stretch (aug 0),train,2800,aug_0
12801,M003P003A034R002_AUG001,3,3,15601,2,33,300,Kneeling Right Leg Backward Stretch (aug 1),train,2800,aug_1
12802,M003P003A034R003_AUG000,3,3,15602,3,33,300,Kneeling Right Leg Backward Stretch (aug 0),train,2801,aug_0
12803,M003P003A034R003_AUG001,3,3,15603,3,33,300,Kneeling Right Leg Backward Stretch (aug 1),train,2801,aug_1
12804,M003P003A035R001_AUG000,3,3,15604,1,34,300,Kneeling Right Arm Raise (aug 0),train,2802,aug_0
12805,M003P003A035R001_AUG001,3,3,15605,1,34,300,Kneeling Right Arm Raise (aug 1),train,2802,aug_1
12806,M003P003A035R002_AUG000,3,3,15606,2,34,300,Kneeling Right Arm Raise (aug 0),train,2803,aug_0
12807,M003P003A035R002_AUG001,3,3,15607,2,34,300,Kneeling Right Arm Raise (aug 1),train,2803,aug_1
12808,M003P003A035R003_AUG000,3,3,15608,3,34,300,Kneeling Right Arm Raise (aug 0),train,2804,aug_0
12809,M003P003A035R003_AUG001,3,3,15609,3,34,300,Kneeling Right Arm Raise (aug 1),train,2804,aug_1
12810,M003P003A036R001_AUG000,3,3,15610,1,35,300,Shoulder Bridge (aug 0),train,2805,aug_0
12811,M003P003A036R001_AUG001,3,3,15611,1,35,300,Shoulder Bridge (aug 1),train,2805,aug_1
12812,M003P003A036R002_AUG000,3,3,15612,2,35,300,Shoulder Bridge (aug 0),train,2806,aug_0
12813,M003P003A036R002_AUG001,3,3,15613,2,35,300,Shoulder Bridge (aug 1),train,2806,aug_1
12814,M003P003A036R003_AUG000,3,3,15614,3,35,300,Shoulder Bridge (aug 0),train,2807,aug_0
12815,M003P003A036R003_AUG001,3,3,15615,3,35,300,Shoulder Bridge (aug 1),train,2807,aug_1
12816,M003P003A037R001_AUG000,3,3,15616,1,36,300,Prone Press-ups (aug 0),train,2808,aug_0
12817,M003P003A037R001_AUG001,3,3,15617,1,36,300,Prone Press-ups (aug 1),train,2808,aug_1
12818,M003P003A037R002_AUG000,3,3,15618,2,36,300,Prone Press-ups (aug 0),train,2809,aug_0
12819,M003P003A037R002_AUG001,3,3,15619,2,36,300,Prone Press-ups (aug 1),train,2809,aug_1
12820,M003P003A037R003_AUG000,3,3,15620,3,36,300,Prone Press-ups (aug 0),train,2810,aug_0
12821,M003P003A037R003_AUG001,3,3,15621,3,36,300,Prone Press-ups (aug 1),train,2810,aug_1
12822,M003P003A038R001_AUG000,3,3,15622,1,37,300,Bent-over Torso Rotation (aug 0),train,2811,aug_0
12823,M003P003A038R001_AUG001,3,3,15623,1,37,300,Bent-over Torso Rotation (aug 1),train,2811,aug_1
12824,M003P003A038R002_AUG000,3,3,15624,2,37,300,Bent-over Torso Rotation (aug 0),train,2812,aug_0
12825,M003P003A038R002_AUG001,3,3,15625,2,37,300,Bent-over Torso Rotation (aug 1),train,2812,aug_1
12826,M003P003A038R003_AUG000,3,3,15626,3,37,300,Bent-over Torso Rotation (aug 0),train,2813,aug_0
12827,M003P003A038R003_AUG001,3,3,15627,3,37,300,Bent-over Torso Rotation (aug 1),train,2813,aug_1
12828,M003P003A039R001_AUG000,3,3,15628,1,38,300,Lying Arm Pull (aug 0),train,2814,aug_0
12829,M003P003A039R001_AUG001,3,3,15629,1,38,300,Lying Arm Pull (aug 1),train,2814,aug_1
12830,M003P003A039R002_AUG000,3,3,15630,2,38,300,Lying Arm Pull (aug 0),train,2815,aug_0
12831,M003P003A039R002_AUG001,3,3,15631,2,38,300,Lying Arm Pull (aug 1),train,2815,aug_1
12832,M003P003A039R003_AUG000,3,3,15632,3,38,300,Lying Arm Pull (aug 0),train,2816,aug_0
12833,M003P003A039R003_AUG001,3,3,15633,3,38,300,Lying Arm Pull (aug 1),train,2816,aug_1
12834,M003P003A040R001_AUG000,3,3,15634,1,39,300,Prone Press Up With Torso Rotation (aug 0),train,2817,aug_0
12835,M003P003A040R001_AUG001,3,3,15635,1,39,300,Prone Press Up With Torso Rotation (aug 1),train,2817,aug_1
12836,M003P003A040R002_AUG000,3,3,15636,2,39,300,Prone Press Up With Torso Rotation (aug 0),train,2818,aug_0
12837,M003P003A040R002_AUG001,3,3,15637,2,39,300,Prone Press Up With Torso Rotation (aug 1),train,2818,aug_1
12838,M003P003A040R003_AUG000,3,3,15638,3,39,300,Prone Press Up With Torso Rotation (aug 0),train,2819,aug_0
12839,M003P003A040R003_AUG001,3,3,15639,3,39,300,Prone Press Up With Torso Rotation (aug 1),train,2819,aug_1
12840,M003P003A041R001_AUG000,3,3,15640,1,40,300,Breaststroke Push-ups (aug 0),train,2820,aug_0
12841,M003P003A041R001_AUG001,3,3,15641,1,40,300,Breaststroke Push-ups (aug 1),train,2820,aug_1
12842,M003P003A041R002_AUG000,3,3,15642,2,40,300,Breaststroke Push-ups (aug 0),train,2821,aug_0
12843,M003P003A041R002_AUG001,3,3,15643,2,40,300,Breaststroke Push-ups (aug 1),train,2821,aug_1
12844,M003P003A041R003_AUG000,3,3,15644,3,40,300,Breaststroke Push-ups (aug 0),train,2822,aug_0
12845,M003P003A041R003_AUG001,3,3,15645,3,40,300,Breaststroke Push-ups (aug 1),train,2822,aug_1
12846,M003P003A042R001_AUG000,3,3,15646,1,41,300,Sit-ups (aug 0),train,2823,aug_0
12847,M003P003A042R001_AUG001,3,3,15647,1,41,300,Sit-ups (aug 1),train,2823,aug_1
12848,M003P003A042R002_AUG000,3,3,15648,2,41,300,Sit-ups (aug 0),train,2824,aug_0
12849,M003P003A042R002_AUG001,3,3,15649,2,41,300,Sit-ups (aug 1),train,2824,aug_1
12850,M003P003A042R003_AUG000,3,3,15650,3,41,300,Sit-ups (aug 0),train,2825,aug_0
12851,M003P003A042R003_AUG001,3,3,15651,3,41,300,Sit-ups (aug 1),train,2825,aug_1
12852,M003P003A043R001_AUG000,3,3,15652,1,42,300,Side-lying Left Leg Forward Raise (aug 0),train,2826,aug_0
12853,M003P003A043R001_AUG001,3,3,15653,1,42,300,Side-lying Left Leg Forward Raise (aug 1),train,2826,aug_1
12854,M003P003A043R002_AUG000,3,3,15654,2,42,300,Side-lying Left Leg Forward Raise (aug 0),train,2827,aug_0
12855,M003P003A043R002_AUG001,3,3,15655,2,42,300,Side-lying Left Leg Forward Raise (aug 1),train,2827,aug_1
12856,M003P003A043R003_AUG000,3,3,15656,3,42,300,Side-lying Left Leg Forward Raise (aug 0),train,2828,aug_0
12857,M003P003A043R003_AUG001,3,3,15657,3,42,300,Side-lying Left Leg Forward Raise (aug 1),train,2828,aug_1
12858,M003P003A044R001_AUG000,3,3,15658,1,43,300,Right Leg Reverse Lunge (aug 0),train,2829,aug_0
12859,M003P003A044R001_AUG001,3,3,15659,1,43,300,Right Leg Reverse Lunge (aug 1),train,2829,aug_1
12860,M003P003A044R002_AUG000,3,3,15660,2,43,300,Right Leg Reverse Lunge (aug 0),train,2830,aug_0
12861,M003P003A044R002_AUG001,3,3,15661,2,43,300,Right Leg Reverse Lunge (aug 1),train,2830,aug_1
12862,M003P003A044R003_AUG000,3,3,15662,3,43,300,Right Leg Reverse Lunge (aug 0),train,2831,aug_0
12863,M003P003A044R003_AUG001,3,3,15663,3,43,300,Right Leg Reverse Lunge (aug 1),train,2831,aug_1
12864,M003P003A045R001_AUG000,3,3,15664,1,44,300,Kneeling Left Knee Lift (aug 0),train,2832,aug_0
12865,M003P003A045R001_AUG001,3,3,15665,1,44,300,Kneeling Left Knee Lift (aug 1),train,2832,aug_1
12866,M003P003A045R002_AUG000,3,3,15666,2,44,300,Kneeling Left Knee Lift (aug 0),train,2833,aug_0
12867,M003P003A045R002_AUG001,3,3,15667,2,44,300,Kneeling Left Knee Lift (aug 1),train,2833,aug_1
12868,M003P003A045R003_AUG000,3,3,15668,3,44,300,Kneeling Left Knee Lift (aug 0),train,2834,aug_0
12869,M003P003A045R003_AUG001,3,3,15669,3,44,300,Kneeling Left Knee Lift (aug 1),train,2834,aug_1
12870,M003P003A046R001_AUG000,3,3,15670,1,45,300,Alternate Reverse Lunge (aug 0),train,2835,aug_0
12871,M003P003A046R001_AUG001,3,3,15671,1,45,300,Alternate Reverse Lunge (aug 1),train,2835,aug_1
12872,M003P003A046R002_AUG000,3,3,15672,2,45,300,Alternate Reverse Lunge (aug 0),train,2836,aug_0
12873,M003P003A046R002_AUG001,3,3,15673,2,45,300,Alternate Reverse Lunge (aug 1),train,2836,aug_1
12874,M003P003A046R003_AUG000,3,3,15674,3,45,300,Alternate Reverse Lunge (aug 0),train,2837,aug_0
12875,M003P003A046R003_AUG001,3,3,15675,3,45,300,Alternate Reverse Lunge (aug 1),train,2837,aug_1
12876,M003P003A047R001_AUG000,3,3,15676,1,46,300,Side-lying Right Leg Backward Kick (aug 0),train,2838,aug_0
12877,M003P003A047R001_AUG001,3,3,15677,1,46,300,Side-lying Right Leg Backward Kick (aug 1),train,2838,aug_1
12878,M003P003A047R002_AUG000,3,3,15678,2,46,300,Side-lying Right Leg Backward Kick (aug 0),train,2839,aug_0
12879,M003P003A047R002_AUG001,3,3,15679,2,46,300,Side-lying Right Leg Backward Kick (aug 1),train,2839,aug_1
12880,M003P003A047R003_AUG000,3,3,15680,3,46,300,Side-lying Right Leg Backward Kick (aug 0),train,2840,aug_0
12881,M003P003A047R003_AUG001,3,3,15681,3,46,300,Side-lying Right Leg Backward Kick (aug 1),train,2840,aug_1
12882,M003P003A048R001_AUG000,3,3,15682,1,47,300,Left Leg Lunge With Knee Lift (aug 0),train,2841,aug_0
12883,M003P003A048R001_AUG001,3,3,15683,1,47,300,Left Leg Lunge With Knee Lift (aug 1),train,2841,aug_1
12884,M003P003A048R002_AUG000,3,3,15684,2,47,300,Left Leg Lunge With Knee Lift (aug 0),train,2842,aug_0
12885,M003P003A048R002_AUG001,3,3,15685,2,47,300,Left Leg Lunge With Knee Lift (aug 1),train,2842,aug_1
12886,M003P003A048R003_AUG000,3,3,15686,3,47,300,Left Leg Lunge With Knee Lift (aug 0),train,2843,aug_0
12887,M003P003A048R003_AUG001,3,3,15687,3,47,300,Left Leg Lunge With Knee Lift (aug 1),train,2843,aug_1
12888,M003P003A049R001_AUG000,3,3,15688,1,48,300,Sumo Squat (aug 0),train,2844,aug_0
12889,M003P003A049R001_AUG001,3,3,15689,1,48,300,Sumo Squat (aug 1),train,2844,aug_1
12890,M003P003A049R002_AUG000,3,3,15690,2,48,300,Sumo Squat (aug 0),train,2845,aug_0
12891,M003P003A049R002_AUG001,3,3,15691,2,48,300,Sumo Squat (aug 1),train,2845,aug_1
12892,M003P003A049R003_AUG000,3,3,15692,3,48,300,Sumo Squat (aug 0),train,2846,aug_0
12893,M003P003A049R003_AUG001,3,3,15693,3,48,300,Sumo Squat (aug 1),train,2846,aug_1
12894,M003P003A050R001_AUG000,3,3,15694,1,49,300,Straight Leg Calf Raise (aug 0),train,2847,aug_0
12895,M003P003A050R001_AUG001,3,3,15695,1,49,300,Straight Leg Calf Raise (aug 1),train,2847,aug_1
12896,M003P003A050R002_AUG000,3,3,15696,2,49,300,Straight Leg Calf Raise (aug 0),train,2848,aug_0
12897,M003P003A050R002_AUG001,3,3,15697,2,49,300,Straight Leg Calf Raise (aug 1),train,2848,aug_1
12898,M003P003A050R003_AUG000,3,3,15698,3,49,300,Straight Leg Calf Raise (aug 0),train,2849,aug_0
12899,M003P003A050R003_AUG001,3,3,15699,3,49,300,Straight Leg Calf Raise (aug 1),train,2849,aug_1
12900,M003P003A051R001_AUG000,3,3,15700,1,50,300,Squat Jump (aug 0),train,2850,aug_0
12901,M003P003A051R001_AUG001,3,3,15701,1,50,300,Squat Jump (aug 1),train,2850,aug_1
12902,M003P003A051R002_AUG000,3,3,15702,2,50,300,Squat Jump (aug 0),train,2851,aug_0
12903,M003P003A051R002_AUG001,3,3,15703,2,50,300,Squat Jump (aug 1),train,2851,aug_1
12904,M003P003A051R003_AUG000,3,3,15704,3,50,300,Squat Jump (aug 0),train,2852,aug_0
12905,M003P003A051R003_AUG001,3,3,15705,3,50,300,Squat Jump (aug 1),train,2852,aug_1
12906,M003P003A052R001_AUG000,3,3,15706,1,51,300,Squat With Alternate Knee Lift (aug 0),train,2853,aug_0
12907,M003P003A052R001_AUG001,3,3,15707,1,51,300,Squat With Alternate Knee Lift (aug 1),train,2853,aug_1
12908,M003P003A052R002_AUG000,3,3,15708,2,51,300,Squat With Alternate Knee Lift (aug 0),train,2854,aug_0
12909,M003P003A052R002_AUG001,3,3,15709,2,51,300,Squat With Alternate Knee Lift (aug 1),train,2854,aug_1
12910,M003P003A052R003_AUG000,3,3,15710,3,51,300,Squat With Alternate Knee Lift (aug 0),train,2855,aug_0
12911,M003P003A052R003_AUG001,3,3,15711,3,51,300,Squat With Alternate Knee Lift (aug 1),train,2855,aug_1
12912,M003P003A053R001_AUG000,3,3,15712,1,52,300,Standing Alternate Butt Kick (aug 0),train,2856,aug_0
12913,M003P003A053R001_AUG001,3,3,15713,1,52,300,Standing Alternate Butt Kick (aug 1),train,2856,aug_1
12914,M003P003A053R002_AUG000,3,3,15714,2,52,300,Standing Alternate Butt Kick (aug 0),train,2857,aug_0
12915,M003P003A053R002_AUG001,3,3,15715,2,52,300,Standing Alternate Butt Kick (aug 1),train,2857,aug_1
12916,M003P003A053R003_AUG000,3,3,15716,3,52,300,Standing Alternate Butt Kick (aug 0),train,2858,aug_0
12917,M003P003A053R003_AUG001,3,3,15717,3,52,300,Standing Alternate Butt Kick (aug 1),train,2858,aug_1
12918,M003P003A054R001_AUG000,3,3,15718,1,53,300,Knee Warm-up (aug 0),train,2859,aug_0
12919,M003P003A054R001_AUG001,3,3,15719,1,53,300,Knee Warm-up (aug 1),train,2859,aug_1
12920,M003P003A054R002_AUG000,3,3,15720,2,53,300,Knee Warm-up (aug 0),train,2860,aug_0
12921,M003P003A054R002_AUG001,3,3,15721,2,53,300,Knee Warm-up (aug 1),train,2860,aug_1
12922,M003P003A054R003_AUG000,3,3,15722,3,53,300,Knee Warm-up (aug 0),train,2861,aug_0
12923,M003P003A054R003_AUG001,3,3,15723,3,53,300,Knee Warm-up (aug 1),train,2861,aug_1
12924,M003P003A055R001_AUG000,3,3,15724,1,54,300,Butt Kicks (aug 0),train,2862,aug_0
12925,M003P003A055R001_AUG001,3,3,15725,1,54,300,Butt Kicks (aug 1),train,2862,aug_1
12926,M003P003A055R002_AUG000,3,3,15726,2,54,300,Butt Kicks (aug 0),train,2863,aug_0
12927,M003P003A055R002_AUG001,3,3,15727,2,54,300,Butt Kicks (aug 1),train,2863,aug_1
12928,M003P003A055R003_AUG000,3,3,15728,3,54,300,Butt Kicks (aug 0),train,2864,aug_0
12929,M003P003A055R003_AUG001,3,3,15729,3,54,300,Butt Kicks (aug 1),train,2864,aug_1
12930,M003P003A056R001_AUG000,3,3,15730,1,55,300,Jump Left and Right (aug 0),train,2865,aug_0
12931,M003P003A056R001_AUG001,3,3,15731,1,55,300,Jump Left and Right (aug 1),train,2865,aug_1
12932,M003P003A056R002_AUG000,3,3,15732,2,55,300,Jump Left and Right (aug 0),train,2866,aug_0
12933,M003P003A056R002_AUG001,3,3,15733,2,55,300,Jump Left and Right (aug 1),train,2866,aug_1
12934,M003P003A056R003_AUG000,3,3,15734,3,55,300,Jump Left and Right (aug 0),train,2867,aug_0
12935,M003P003A056R003_AUG001,3,3,15735,3,55,300,Jump Left and Right (aug 1),train,2867,aug_1
12936,M003P003A057R001_AUG000,3,3,15736,1,56,300,Jumping Jacks (aug 0),train,2868,aug_0
12937,M003P003A057R001_AUG001,3,3,15737,1,56,300,Jumping Jacks (aug 1),train,2868,aug_1
12938,M003P003A057R002_AUG000,3,3,15738,2,56,300,Jumping Jacks (aug 0),train,2869,aug_0
12939,M003P003A057R002_AUG001,3,3,15739,2,56,300,Jumping Jacks (aug 1),train,2869,aug_1
12940,M003P003A057R003_AUG000,3,3,15740,3,56,300,Jumping Jacks (aug 0),train,2870,aug_0
12941,M003P003A057R003_AUG001,3,3,15741,3,56,300,Jumping Jacks (aug 1),train,2870,aug_1
12942,M003P003A058R001_AUG000,3,3,15742,1,57,300,High Knee (aug 0),train,2871,aug_0
12943,M003P003A058R001_AUG001,3,3,15743,1,57,300,High Knee (aug 1),train,2871,aug_1
12944,M003P003A058R002_AUG000,3,3,15744,2,57,300,High Knee (aug 0),train,2872,aug_0
12945,M003P003A058R002_AUG001,3,3,15745,2,57,300,High Knee (aug 1),train,2872,aug_1
12946,M003P003A058R003_AUG000,3,3,15746,3,57,300,High Knee (aug 0),train,2873,aug_0
12947,M003P003A058R003_AUG001,3,3,15747,3,57,300,High Knee (aug 1),train,2873,aug_1
12948,M003P003A059R001_AUG000,3,3,15748,1,58,300,Clap Jacks (aug 0),train,2874,aug_0
12949,M003P003A059R001_AUG001,3,3,15749,1,58,300,Clap Jacks (aug 1),train,2874,aug_1
12950,M003P003A059R002_AUG000,3,3,15750,2,58,300,Clap Jacks (aug 0),train,2875,aug_0
12951,M003P003A059R002_AUG001,3,3,15751,2,58,300,Clap Jacks (aug 1),train,2875,aug_1
12952,M003P003A059R003_AUG000,3,3,15752,3,58,300,Clap Jacks (aug 0),train,2876,aug_0
12953,M003P003A059R003_AUG001,3,3,15753,3,58,300,Clap Jacks (aug 1),train,2876,aug_1
12954,M003P003A060R001_AUG000,3,3,15754,1,59,300,Run In Place With Arm Swing (aug 0),train,2877,aug_0
12955,M003P003A060R001_AUG001,3,3,15755,1,59,300,Run In Place With Arm Swing (aug 1),train,2877,aug_1
12956,M003P003A060R002_AUG000,3,3,15756,2,59,300,Run In Place With Arm Swing (aug 0),train,2878,aug_0
12957,M003P003A060R002_AUG001,3,3,15757,2,59,300,Run In Place With Arm Swing (aug 1),train,2878,aug_1
12958,M003P003A060R003_AUG000,3,3,15758,3,59,300,Run In Place With Arm Swing (aug 0),train,2879,aug_0
12959,M003P003A060R003_AUG001,3,3,15759,3,59,300,Run In Place With Arm Swing (aug 1),train,2879,aug_1
12960,M003P004A001R001_AUG000,3,4,15760,1,0,300,Svend Press (aug 0),train,2880,aug_0
12961,M003P004A001R001_AUG001,3,4,15761,1,0,300,Svend Press (aug 1),train,2880,aug_1
12962,M003P004A001R002_AUG000,3,4,15762,2,0,300,Svend Press (aug 0),train,2881,aug_0
12963,M003P004A001R002_AUG001,3,4,15763,2,0,300,Svend Press (aug 1),train,2881,aug_1
12964,M003P004A001R003_AUG000,3,4,15764,3,0,300,Svend Press (aug 0),train,2882,aug_0
12965,M003P004A001R003_AUG001,3,4,15765,3,0,300,Svend Press (aug 1),train,2882,aug_1
12966,M003P004A002R001_AUG000,3,4,15766,1,1,300,Kneeling Push-ups (aug 0),train,2883,aug_0
12967,M003P004A002R001_AUG001,3,4,15767,1,1,300,Kneeling Push-ups (aug 1),train,2883,aug_1
12968,M003P004A002R002_AUG000,3,4,15768,2,1,300,Kneeling Push-ups (aug 0),train,2884,aug_0
12969,M003P004A002R002_AUG001,3,4,15769,2,1,300,Kneeling Push-ups (aug 1),train,2884,aug_1
12970,M003P004A002R003_AUG000,3,4,15770,3,1,300,Kneeling Push-ups (aug 0),train,2885,aug_0
12971,M003P004A002R003_AUG001,3,4,15771,3,1,300,Kneeling Push-ups (aug 1),train,2885,aug_1
12972,M003P004A003R001_AUG000,3,4,15772,1,2,300,Standing Straight-arm Chest Press With Resistance Band (aug 0),train,2886,aug_0
12973,M003P004A003R001_AUG001,3,4,15773,1,2,300,Standing Straight-arm Chest Press With Resistance Band (aug 1),train,2886,aug_1
12974,M003P004A003R002_AUG000,3,4,15774,2,2,300,Standing Straight-arm Chest Press With Resistance Band (aug 0),train,2887,aug_0
12975,M003P004A003R002_AUG001,3,4,15775,2,2,300,Standing Straight-arm Chest Press With Resistance Band (aug 1),train,2887,aug_1
12976,M003P004A003R003_AUG000,3,4,15776,3,2,300,Standing Straight-arm Chest Press With Resistance Band (aug 0),train,2888,aug_0
12977,M003P004A003R003_AUG001,3,4,15777,3,2,300,Standing Straight-arm Chest Press With Resistance Band (aug 1),train,2888,aug_1
12978,M003P004A004R001_AUG000,3,4,15778,1,3,300,Small Dumbbell Floor Flies (aug 0),train,2889,aug_0
12979,M003P004A004R001_AUG001,3,4,15779,1,3,300,Small Dumbbell Floor Flies (aug 1),train,2889,aug_1
12980,M003P004A004R002_AUG000,3,4,15780,2,3,300,Small Dumbbell Floor Flies (aug 0),train,2890,aug_0
12981,M003P004A004R002_AUG001,3,4,15781,2,3,300,Small Dumbbell Floor Flies (aug 1),train,2890,aug_1
12982,M003P004A004R003_AUG000,3,4,15782,3,3,300,Small Dumbbell Floor Flies (aug 0),train,2891,aug_0
12983,M003P004A004R003_AUG001,3,4,15783,3,3,300,Small Dumbbell Floor Flies (aug 1),train,2891,aug_1
12984,M003P004A005R001_AUG000,3,4,15784,1,4,300,Chest Fly (aug 0),train,2892,aug_0
12985,M003P004A005R001_AUG001,3,4,15785,1,4,300,Chest Fly (aug 1),train,2892,aug_1
12986,M003P004A005R002_AUG000,3,4,15786,2,4,300,Chest Fly (aug 0),train,2893,aug_0
12987,M003P004A005R002_AUG001,3,4,15787,2,4,300,Chest Fly (aug 1),train,2893,aug_1
12988,M003P004A005R003_AUG000,3,4,15788,3,4,300,Chest Fly (aug 0),train,2894,aug_0
12989,M003P004A005R003_AUG001,3,4,15789,3,4,300,Chest Fly (aug 1),train,2894,aug_1
12990,M003P004A006R001_AUG000,3,4,15790,1,5,300,Push-ups (aug 0),train,2895,aug_0
12991,M003P004A006R001_AUG001,3,4,15791,1,5,300,Push-ups (aug 1),train,2895,aug_1
12992,M003P004A006R002_AUG000,3,4,15792,2,5,300,Push-ups (aug 0),train,2896,aug_0
12993,M003P004A006R002_AUG001,3,4,15793,2,5,300,Push-ups (aug 1),train,2896,aug_1
12994,M003P004A006R003_AUG000,3,4,15794,3,5,300,Push-ups (aug 0),train,2897,aug_0
12995,M003P004A006R003_AUG001,3,4,15795,3,5,300,Push-ups (aug 1),train,2897,aug_1
12996,M003P004A007R001_AUG000,3,4,15796,1,6,300,Bent-over W-shape Stretch (aug 0),train,2898,aug_0
12997,M003P004A007R001_AUG001,3,4,15797,1,6,300,Bent-over W-shape Stretch (aug 1),train,2898,aug_1
12998,M003P004A007R002_AUG000,3,4,15798,2,6,300,Bent-over W-shape Stretch (aug 0),train,2899,aug_0
12999,M003P004A007R002_AUG001,3,4,15799,2,6,300,Bent-over W-shape Stretch (aug 1),train,2899,aug_1
13000,M003P004A007R003_AUG000,3,4,15800,3,6,300,Bent-over W-shape Stretch (aug 0),train,2900,aug_0
13001,M003P004A007R003_AUG001,3,4,15801,3,6,300,Bent-over W-shape Stretch (aug 1),train,2900,aug_1
13002,M003P004A008R001_AUG000,3,4,15802,1,7,300,Bent-over Y-shape Stretch (aug 0),train,2901,aug_0
13003,M003P004A008R001_AUG001,3,4,15803,1,7,300,Bent-over Y-shape Stretch (aug 1),train,2901,aug_1
13004,M003P004A008R002_AUG000,3,4,15804,2,7,300,Bent-over Y-shape Stretch (aug 0),train,2902,aug_0
13005,M003P004A008R002_AUG001,3,4,15805,2,7,300,Bent-over Y-shape Stretch (aug 1),train,2902,aug_1
13006,M003P004A008R003_AUG000,3,4,15806,3,7,300,Bent-over Y-shape Stretch (aug 0),train,2903,aug_0
13007,M003P004A008R003_AUG001,3,4,15807,3,7,300,Bent-over Y-shape Stretch (aug 1),train,2903,aug_1
13008,M003P004A009R001_AUG000,3,4,15808,1,8,300,Bent-over A-shape Stretch (aug 0),train,2904,aug_0
13009,M003P004A009R001_AUG001,3,4,15809,1,8,300,Bent-over A-shape Stretch (aug 1),train,2904,aug_1
13010,M003P004A009R002_AUG000,3,4,15810,2,8,300,Bent-over A-shape Stretch (aug 0),train,2905,aug_0
13011,M003P004A009R002_AUG001,3,4,15811,2,8,300,Bent-over A-shape Stretch (aug 1),train,2905,aug_1
13012,M003P004A009R003_AUG000,3,4,15812,3,8,300,Bent-over A-shape Stretch (aug 0),train,2906,aug_0
13013,M003P004A009R003_AUG001,3,4,15813,3,8,300,Bent-over A-shape Stretch (aug 1),train,2906,aug_1
13014,M003P004A010R001_AUG000,3,4,15814,1,9,300,Squat With Arm Lift (aug 0),train,2907,aug_0
13015,M003P004A010R001_AUG001,3,4,15815,1,9,300,Squat With Arm Lift (aug 1),train,2907,aug_1
13016,M003P004A010R002_AUG000,3,4,15816,2,9,300,Squat With Arm Lift (aug 0),train,2908,aug_0
13017,M003P004A010R002_AUG001,3,4,15817,2,9,300,Squat With Arm Lift (aug 1),train,2908,aug_1
13018,M003P004A010R003_AUG000,3,4,15818,3,9,300,Squat With Arm Lift (aug 0),train,2909,aug_0
13019,M003P004A010R003_AUG001,3,4,15819,3,9,300,Squat With Arm Lift (aug 1),train,2909,aug_1
13020,M003P004A011R001_AUG000,3,4,15820,1,10,300,Breaststroke Arm Pull (aug 0),train,2910,aug_0
13021,M003P004A011R001_AUG001,3,4,15821,1,10,300,Breaststroke Arm Pull (aug 1),train,2910,aug_1
13022,M003P004A011R002_AUG000,3,4,15822,2,10,300,Breaststroke Arm Pull (aug 0),train,2911,aug_0
13023,M003P004A011R002_AUG001,3,4,15823,2,10,300,Breaststroke Arm Pull (aug 1),train,2911,aug_1
13024,M003P004A011R003_AUG000,3,4,15824,3,10,300,Breaststroke Arm Pull (aug 0),train,2912,aug_0
13025,M003P004A011R003_AUG001,3,4,15825,3,10,300,Breaststroke Arm Pull (aug 1),train,2912,aug_1
13026,M003P004A012R001_AUG000,3,4,15826,1,11,300,Prone Y-shape Stretch (aug 0),train,2913,aug_0
13027,M003P004A012R001_AUG001,3,4,15827,1,11,300,Prone Y-shape Stretch (aug 1),train,2913,aug_1
13028,M003P004A012R002_AUG000,3,4,15828,2,11,300,Prone Y-shape Stretch (aug 0),train,2914,aug_0
13029,M003P004A012R002_AUG001,3,4,15829,2,11,300,Prone Y-shape Stretch (aug 1),train,2914,aug_1
13030,M003P004A012R003_AUG000,3,4,15830,3,11,300,Prone Y-shape Stretch (aug 0),train,2915,aug_0
13031,M003P004A012R003_AUG001,3,4,15831,3,11,300,Prone Y-shape Stretch (aug 1),train,2915,aug_1
13032,M003P004A013R001_AUG000,3,4,15832,1,12,300,Lateral Raise Forward Circles (aug 0),train,2916,aug_0
13033,M003P004A013R001_AUG001,3,4,15833,1,12,300,Lateral Raise Forward Circles (aug 1),train,2916,aug_1
13034,M003P004A013R002_AUG000,3,4,15834,2,12,300,Lateral Raise Forward Circles (aug 0),train,2917,aug_0
13035,M003P004A013R002_AUG001,3,4,15835,2,12,300,Lateral Raise Forward Circles (aug 1),train,2917,aug_1
13036,M003P004A013R003_AUG000,3,4,15836,3,12,300,Lateral Raise Forward Circles (aug 0),train,2918,aug_0
13037,M003P004A013R003_AUG001,3,4,15837,3,12,300,Lateral Raise Forward Circles (aug 1),train,2918,aug_1
13038,M003P004A014R001_AUG000,3,4,15838,1,13,300,Lateral Raise Backward Circles (aug 0),train,2919,aug_0
13039,M003P004A014R001_AUG001,3,4,15839,1,13,300,Lateral Raise Backward Circles (aug 1),train,2919,aug_1
13040,M003P004A014R002_AUG000,3,4,15840,2,13,300,Lateral Raise Backward Circles (aug 0),train,2920,aug_0
13041,M003P004A014R002_AUG001,3,4,15841,2,13,300,Lateral Raise Backward Circles (aug 1),train,2920,aug_1
13042,M003P004A014R003_AUG000,3,4,15842,3,13,300,Lateral Raise Backward Circles (aug 0),train,2921,aug_0
13043,M003P004A014R003_AUG001,3,4,15843,3,13,300,Lateral Raise Backward Circles (aug 1),train,2921,aug_1
13044,M003P004A015R001_AUG000,3,4,15844,1,14,300,Lying Shoulder Joint Upward Round (aug 0),train,2922,aug_0
13045,M003P004A015R001_AUG001,3,4,15845,1,14,300,Lying Shoulder Joint Upward Round (aug 1),train,2922,aug_1
13046,M003P004A015R002_AUG000,3,4,15846,2,14,300,Lying Shoulder Joint Upward Round (aug 0),train,2923,aug_0
13047,M003P004A015R002_AUG001,3,4,15847,2,14,300,Lying Shoulder Joint Upward Round (aug 1),train,2923,aug_1
13048,M003P004A015R003_AUG000,3,4,15848,3,14,300,Lying Shoulder Joint Upward Round (aug 0),train,2924,aug_0
13049,M003P004A015R003_AUG001,3,4,15849,3,14,300,Lying Shoulder Joint Upward Round (aug 1),train,2924,aug_1
13050,M003P004A016R001_AUG000,3,4,15850,1,15,300,Lying Shoulder Joint Downward Round (aug 0),train,2925,aug_0
13051,M003P004A016R001_AUG001,3,4,15851,1,15,300,Lying Shoulder Joint Downward Round (aug 1),train,2925,aug_1
13052,M003P004A016R002_AUG000,3,4,15852,2,15,300,Lying Shoulder Joint Downward Round (aug 0),train,2926,aug_0
13053,M003P004A016R002_AUG001,3,4,15853,2,15,300,Lying Shoulder Joint Downward Round (aug 1),train,2926,aug_1
13054,M003P004A016R003_AUG000,3,4,15854,3,15,300,Lying Shoulder Joint Downward Round (aug 0),train,2927,aug_0
13055,M003P004A016R003_AUG001,3,4,15855,3,15,300,Lying Shoulder Joint Downward Round (aug 1),train,2927,aug_1
13056,M003P004A017R001_AUG000,3,4,15856,1,16,300,Bare-handed Full Lateral Raise (aug 0),train,2928,aug_0
13057,M003P004A017R001_AUG001,3,4,15857,1,16,300,Bare-handed Full Lateral Raise (aug 1),train,2928,aug_1
13058,M003P004A017R002_AUG000,3,4,15858,2,16,300,Bare-handed Full Lateral Raise (aug 0),train,2929,aug_0
13059,M003P004A017R002_AUG001,3,4,15859,2,16,300,Bare-handed Full Lateral Raise (aug 1),train,2929,aug_1
13060,M003P004A017R003_AUG000,3,4,15860,3,16,300,Bare-handed Full Lateral Raise (aug 0),train,2930,aug_0
13061,M003P004A017R003_AUG001,3,4,15861,3,16,300,Bare-handed Full Lateral Raise (aug 1),train,2930,aug_1
13062,M003P004A018R001_AUG000,3,4,15862,1,17,300,Bare-handed Cuban Press (aug 0),train,2931,aug_0
13063,M003P004A018R001_AUG001,3,4,15863,1,17,300,Bare-handed Cuban Press (aug 1),train,2931,aug_1
13064,M003P004A018R002_AUG000,3,4,15864,2,17,300,Bare-handed Cuban Press (aug 0),train,2932,aug_0
13065,M003P004A018R002_AUG001,3,4,15865,2,17,300,Bare-handed Cuban Press (aug 1),train,2932,aug_1
13066,M003P004A018R003_AUG000,3,4,15866,3,17,300,Bare-handed Cuban Press (aug 0),train,2933,aug_0
13067,M003P004A018R003_AUG001,3,4,15867,3,17,300,Bare-handed Cuban Press (aug 1),train,2933,aug_1
13068,M003P004A019R001_AUG000,3,4,15868,1,18,300,Fortune Cat (aug 0),train,2934,aug_0
13069,M003P004A019R001_AUG001,3,4,15869,1,18,300,Fortune Cat (aug 1),train,2934,aug_1
13070,M003P004A019R002_AUG000,3,4,15870,2,18,300,Fortune Cat (aug 0),train,2935,aug_0
13071,M003P004A019R002_AUG001,3,4,15871,2,18,300,Fortune Cat (aug 1),train,2935,aug_1
13072,M003P004A019R003_AUG000,3,4,15872,3,18,300,Fortune Cat (aug 0),train,2936,aug_0
13073,M003P004A019R003_AUG001,3,4,15873,3,18,300,Fortune Cat (aug 1),train,2936,aug_1
13074,M003P004A020R001_AUG000,3,4,15874,1,19,300,Dumbbell Curls (aug 0),train,2937,aug_0
13075,M003P004A020R001_AUG001,3,4,15875,1,19,300,Dumbbell Curls (aug 1),train,2937,aug_1
13076,M003P004A020R002_AUG000,3,4,15876,2,19,300,Dumbbell Curls (aug 0),train,2938,aug_0
13077,M003P004A020R002_AUG001,3,4,15877,2,19,300,Dumbbell Curls (aug 1),train,2938,aug_1
13078,M003P004A020R003_AUG000,3,4,15878,3,19,300,Dumbbell Curls (aug 0),train,2939,aug_0
13079,M003P004A020R003_AUG001,3,4,15879,3,19,300,Dumbbell Curls (aug 1),train,2939,aug_1
13080,M003P004A021R001_AUG000,3,4,15880,1,20,300,Alternate Dumbbell Curls (aug 0),train,2940,aug_0
13081,M003P004A021R001_AUG001,3,4,15881,1,20,300,Alternate Dumbbell Curls (aug 1),train,2940,aug_1
13082,M003P004A021R002_AUG000,3,4,15882,2,20,300,Alternate Dumbbell Curls (aug 0),train,2941,aug_0
13083,M003P004A021R002_AUG001,3,4,15883,2,20,300,Alternate Dumbbell Curls (aug 1),train,2941,aug_1
13084,M003P004A021R003_AUG000,3,4,15884,3,20,300,Alternate Dumbbell Curls (aug 0),train,2942,aug_0
13085,M003P004A021R003_AUG001,3,4,15885,3,20,300,Alternate Dumbbell Curls (aug 1),train,2942,aug_1
13086,M003P004A022R001_AUG000,3,4,15886,1,21,300,Right-side Kettlebell Bent-over Row (aug 0),train,2943,aug_0
13087,M003P004A022R001_AUG001,3,4,15887,1,21,300,Right-side Kettlebell Bent-over Row (aug 1),train,2943,aug_1
13088,M003P004A022R002_AUG000,3,4,15888,2,21,300,Right-side Kettlebell Bent-over Row (aug 0),train,2944,aug_0
13089,M003P004A022R002_AUG001,3,4,15889,2,21,300,Right-side Kettlebell Bent-over Row (aug 1),train,2944,aug_1
13090,M003P004A022R003_AUG000,3,4,15890,3,21,300,Right-side Kettlebell Bent-over Row (aug 0),train,2945,aug_0
13091,M003P004A022R003_AUG001,3,4,15891,3,21,300,Right-side Kettlebell Bent-over Row (aug 1),train,2945,aug_1
13092,M003P004A023R001_AUG000,3,4,15892,1,22,300,Wrist Joint Warm-up (aug 0),train,2946,aug_0
13093,M003P004A023R001_AUG001,3,4,15893,1,22,300,Wrist Joint Warm-up (aug 1),train,2946,aug_1
13094,M003P004A023R002_AUG000,3,4,15894,2,22,300,Wrist Joint Warm-up (aug 0),train,2947,aug_0
13095,M003P004A023R002_AUG001,3,4,15895,2,22,300,Wrist Joint Warm-up (aug 1),train,2947,aug_1
13096,M003P004A023R003_AUG000,3,4,15896,3,22,300,Wrist Joint Warm-up (aug 0),train,2948,aug_0
13097,M003P004A023R003_AUG001,3,4,15897,3,22,300,Wrist Joint Warm-up (aug 1),train,2948,aug_1
13098,M003P004A024R001_AUG000,3,4,15898,1,23,300,Right-side Bent-over Tricep Extension With Resistance Band (aug 0),train,2949,aug_0
13099,M003P004A024R001_AUG001,3,4,15899,1,23,300,Right-side Bent-over Tricep Extension With Resistance Band (aug 1),train,2949,aug_1
13100,M003P004A024R002_AUG000,3,4,15900,2,23,300,Right-side Bent-over Tricep Extension With Resistance Band (aug 0),train,2950,aug_0
13101,M003P004A024R002_AUG001,3,4,15901,2,23,300,Right-side Bent-over Tricep Extension With Resistance Band (aug 1),train,2950,aug_1
13102,M003P004A024R003_AUG000,3,4,15902,3,23,300,Right-side Bent-over Tricep Extension With Resistance Band (aug 0),train,2951,aug_0
13103,M003P004A024R003_AUG001,3,4,15903,3,23,300,Right-side Bent-over Tricep Extension With Resistance Band (aug 1),train,2951,aug_1
13104,M003P004A025R001_AUG000,3,4,15904,1,24,300,Bent-over Dumbbell Tricep Extension (aug 0),train,2952,aug_0
13105,M003P004A025R001_AUG001,3,4,15905,1,24,300,Bent-over Dumbbell Tricep Extension (aug 1),train,2952,aug_1
13106,M003P004A025R002_AUG000,3,4,15906,2,24,300,Bent-over Dumbbell Tricep Extension (aug 0),train,2953,aug_0
13107,M003P004A025R002_AUG001,3,4,15907,2,24,300,Bent-over Dumbbell Tricep Extension (aug 1),train,2953,aug_1
13108,M003P004A025R003_AUG000,3,4,15908,3,24,300,Bent-over Dumbbell Tricep Extension (aug 0),train,2954,aug_0
13109,M003P004A025R003_AUG001,3,4,15909,3,24,300,Bent-over Dumbbell Tricep Extension (aug 1),train,2954,aug_1
13110,M003P004A026R001_AUG000,3,4,15910,1,25,300,Nod And Raise Head (aug 0),train,2955,aug_0
13111,M003P004A026R001_AUG001,3,4,15911,1,25,300,Nod And Raise Head (aug 1),train,2955,aug_1
13112,M003P004A026R002_AUG000,3,4,15912,2,25,300,Nod And Raise Head (aug 0),train,2956,aug_0
13113,M003P004A026R002_AUG001,3,4,15913,2,25,300,Nod And Raise Head (aug 1),train,2956,aug_1
13114,M003P004A026R003_AUG000,3,4,15914,3,25,300,Nod And Raise Head (aug 0),train,2957,aug_0
13115,M003P004A026R003_AUG001,3,4,15915,3,25,300,Nod And Raise Head (aug 1),train,2957,aug_1
13116,M003P004A027R001_AUG000,3,4,15916,1,26,300,Two-way Head Turn (aug 0),train,2958,aug_0
13117,M003P004A027R001_AUG001,3,4,15917,1,26,300,Two-way Head Turn (aug 1),train,2958,aug_1
13118,M003P004A027R002_AUG000,3,4,15918,2,26,300,Two-way Head Turn (aug 0),train,2959,aug_0
13119,M003P004A027R002_AUG001,3,4,15919,2,26,300,Two-way Head Turn (aug 1),train,2959,aug_1
13120,M003P004A027R003_AUG000,3,4,15920,3,26,300,Two-way Head Turn (aug 0),train,2960,aug_0
13121,M003P004A027R003_AUG001,3,4,15921,3,26,300,Two-way Head Turn (aug 1),train,2960,aug_1
13122,M003P004A028R001_AUG000,3,4,15922,1,27,300,Shrug And Sink The Shoulders (aug 0),train,2961,aug_0
13123,M003P004A028R001_AUG001,3,4,15923,1,27,300,Shrug And Sink The Shoulders (aug 1),train,2961,aug_1
13124,M003P004A028R002_AUG000,3,4,15924,2,27,300,Shrug And Sink The Shoulders (aug 0),train,2962,aug_0
13125,M003P004A028R002_AUG001,3,4,15925,2,27,300,Shrug And Sink The Shoulders (aug 1),train,2962,aug_1
13126,M003P004A028R003_AUG000,3,4,15926,3,27,300,Shrug And Sink The Shoulders (aug 0),train,2963,aug_0
13127,M003P004A028R003_AUG001,3,4,15927,3,27,300,Shrug And Sink The Shoulders (aug 1),train,2963,aug_1
13128,M003P004A029R001_AUG000,3,4,15928,1,28,300,Four-way Nod Head (aug 0),train,2964,aug_0
13129,M003P004A029R001_AUG001,3,4,15929,1,28,300,Four-way Nod Head (aug 1),train,2964,aug_1
13130,M003P004A029R002_AUG000,3,4,15930,2,28,300,Four-way Nod Head (aug 0),train,2965,aug_0
13131,M003P004A029R002_AUG001,3,4,15931,2,28,300,Four-way Nod Head (aug 1),train,2965,aug_1
13132,M003P004A029R003_AUG000,3,4,15932,3,28,300,Four-way Nod Head (aug 0),train,2966,aug_0
13133,M003P004A029R003_AUG001,3,4,15933,3,28,300,Four-way Nod Head (aug 1),train,2966,aug_1
13134,M003P004A030R001_AUG000,3,4,15934,1,29,300,Lying Alternate Upper-half Leg Raise (aug 0),train,2967,aug_0
13135,M003P004A030R001_AUG001,3,4,15935,1,29,300,Lying Alternate Upper-half Leg Raise (aug 1),train,2967,aug_1
13136,M003P004A030R002_AUG000,3,4,15936,2,29,300,Lying Alternate Upper-half Leg Raise (aug 0),train,2968,aug_0
13137,M003P004A030R002_AUG001,3,4,15937,2,29,300,Lying Alternate Upper-half Leg Raise (aug 1),train,2968,aug_1
13138,M003P004A030R003_AUG000,3,4,15938,3,29,300,Lying Alternate Upper-half Leg Raise (aug 0),train,2969,aug_0
13139,M003P004A030R003_AUG001,3,4,15939,3,29,300,Lying Alternate Upper-half Leg Raise (aug 1),train,2969,aug_1
13140,M003P004A031R001_AUG000,3,4,15940,1,30,300,Half Roll Back (aug 0),train,2970,aug_0
13141,M003P004A031R001_AUG001,3,4,15941,1,30,300,Half Roll Back (aug 1),train,2970,aug_1
13142,M003P004A031R002_AUG000,3,4,15942,2,30,300,Half Roll Back (aug 0),train,2971,aug_0
13143,M003P004A031R002_AUG001,3,4,15943,2,30,300,Half Roll Back (aug 1),train,2971,aug_1
13144,M003P004A031R003_AUG000,3,4,15944,3,30,300,Half Roll Back (aug 0),train,2972,aug_0
13145,M003P004A031R003_AUG001,3,4,15945,3,30,300,Half Roll Back (aug 1),train,2972,aug_1
13146,M003P004A032R001_AUG000,3,4,15946,1,31,300,Kneeling Right-side Torso Twist (aug 0),train,2973,aug_0
13147,M003P004A032R001_AUG001,3,4,15947,1,31,300,Kneeling Right-side Torso Twist (aug 1),train,2973,aug_1
13148,M003P004A032R002_AUG000,3,4,15948,2,31,300,Kneeling Right-side Torso Twist (aug 0),train,2974,aug_0
13149,M003P004A032R002_AUG001,3,4,15949,2,31,300,Kneeling Right-side Torso Twist (aug 1),train,2974,aug_1
13150,M003P004A032R003_AUG000,3,4,15950,3,31,300,Kneeling Right-side Torso Twist (aug 0),train,2975,aug_0
13151,M003P004A032R003_AUG001,3,4,15951,3,31,300,Kneeling Right-side Torso Twist (aug 1),train,2975,aug_1
13152,M003P004A033R001_AUG000,3,4,15952,1,32,300,Left-side Knee Raise And Abdominal Muscles Contract (aug 0),train,2976,aug_0
13153,M003P004A033R001_AUG001,3,4,15953,1,32,300,Left-side Knee Raise And Abdominal Muscles Contract (aug 1),train,2976,aug_1
13154,M003P004A033R002_AUG000,3,4,15954,2,32,300,Left-side Knee Raise And Abdominal Muscles Contract (aug 0),train,2977,aug_0
13155,M003P004A033R002_AUG001,3,4,15955,2,32,300,Left-side Knee Raise And Abdominal Muscles Contract (aug 1),train,2977,aug_1
13156,M003P004A033R003_AUG000,3,4,15956,3,32,300,Left-side Knee Raise And Abdominal Muscles Contract (aug 0),train,2978,aug_0
13157,M003P004A033R003_AUG001,3,4,15957,3,32,300,Left-side Knee Raise And Abdominal Muscles Contract (aug 1),train,2978,aug_1
13158,M003P004A034R001_AUG000,3,4,15958,1,33,300,Kneeling Right Leg Backward Stretch (aug 0),train,2979,aug_0
13159,M003P004A034R001_AUG001,3,4,15959,1,33,300,Kneeling Right Leg Backward Stretch (aug 1),train,2979,aug_1
13160,M003P004A034R002_AUG000,3,4,15960,2,33,300,Kneeling Right Leg Backward Stretch (aug 0),train,2980,aug_0
13161,M003P004A034R002_AUG001,3,4,15961,2,33,300,Kneeling Right Leg Backward Stretch (aug 1),train,2980,aug_1
13162,M003P004A034R003_AUG000,3,4,15962,3,33,300,Kneeling Right Leg Backward Stretch (aug 0),train,2981,aug_0
13163,M003P004A034R003_AUG001,3,4,15963,3,33,300,Kneeling Right Leg Backward Stretch (aug 1),train,2981,aug_1
13164,M003P004A035R001_AUG000,3,4,15964,1,34,300,Kneeling Right Arm Raise (aug 0),train,2982,aug_0
13165,M003P004A035R001_AUG001,3,4,15965,1,34,300,Kneeling Right Arm Raise (aug 1),train,2982,aug_1
13166,M003P004A035R002_AUG000,3,4,15966,2,34,300,Kneeling Right Arm Raise (aug 0),train,2983,aug_0
13167,M003P004A035R002_AUG001,3,4,15967,2,34,300,Kneeling Right Arm Raise (aug 1),train,2983,aug_1
13168,M003P004A035R003_AUG000,3,4,15968,3,34,300,Kneeling Right Arm Raise (aug 0),train,2984,aug_0
13169,M003P004A035R003_AUG001,3,4,15969,3,34,300,Kneeling Right Arm Raise (aug 1),train,2984,aug_1
13170,M003P004A036R001_AUG000,3,4,15970,1,35,300,Shoulder Bridge (aug 0),train,2985,aug_0
13171,M003P004A036R001_AUG001,3,4,15971,1,35,300,Shoulder Bridge (aug 1),train,2985,aug_1
13172,M003P004A036R002_AUG000,3,4,15972,2,35,300,Shoulder Bridge (aug 0),train,2986,aug_0
13173,M003P004A036R002_AUG001,3,4,15973,2,35,300,Shoulder Bridge (aug 1),train,2986,aug_1
13174,M003P004A036R003_AUG000,3,4,15974,3,35,300,Shoulder Bridge (aug 0),train,2987,aug_0
13175,M003P004A036R003_AUG001,3,4,15975,3,35,300,Shoulder Bridge (aug 1),train,2987,aug_1
13176,M003P004A037R001_AUG000,3,4,15976,1,36,300,Prone Press-ups (aug 0),train,2988,aug_0
13177,M003P004A037R001_AUG001,3,4,15977,1,36,300,Prone Press-ups (aug 1),train,2988,aug_1
13178,M003P004A037R002_AUG000,3,4,15978,2,36,300,Prone Press-ups (aug 0),train,2989,aug_0
13179,M003P004A037R002_AUG001,3,4,15979,2,36,300,Prone Press-ups (aug 1),train,2989,aug_1
13180,M003P004A037R003_AUG000,3,4,15980,3,36,300,Prone Press-ups (aug 0),train,2990,aug_0
13181,M003P004A037R003_AUG001,3,4,15981,3,36,300,Prone Press-ups (aug 1),train,2990,aug_1
13182,M003P004A038R001_AUG000,3,4,15982,1,37,300,Bent-over Torso Rotation (aug 0),train,2991,aug_0
13183,M003P004A038R001_AUG001,3,4,15983,1,37,300,Bent-over Torso Rotation (aug 1),train,2991,aug_1
13184,M003P004A038R002_AUG000,3,4,15984,2,37,300,Bent-over Torso Rotation (aug 0),train,2992,aug_0
13185,M003P004A038R002_AUG001,3,4,15985,2,37,300,Bent-over Torso Rotation (aug 1),train,2992,aug_1
13186,M003P004A038R003_AUG000,3,4,15986,3,37,300,Bent-over Torso Rotation (aug 0),train,2993,aug_0
13187,M003P004A038R003_AUG001,3,4,15987,3,37,300,Bent-over Torso Rotation (aug 1),train,2993,aug_1
13188,M003P004A039R001_AUG000,3,4,15988,1,38,300,Lying Arm Pull (aug 0),train,2994,aug_0
13189,M003P004A039R001_AUG001,3,4,15989,1,38,300,Lying Arm Pull (aug 1),train,2994,aug_1
13190,M003P004A039R002_AUG000,3,4,15990,2,38,300,Lying Arm Pull (aug 0),train,2995,aug_0
13191,M003P004A039R002_AUG001,3,4,15991,2,38,300,Lying Arm Pull (aug 1),train,2995,aug_1
13192,M003P004A039R003_AUG000,3,4,15992,3,38,300,Lying Arm Pull (aug 0),train,2996,aug_0
13193,M003P004A039R003_AUG001,3,4,15993,3,38,300,Lying Arm Pull (aug 1),train,2996,aug_1
13194,M003P004A040R001_AUG000,3,4,15994,1,39,300,Prone Press Up With Torso Rotation (aug 0),train,2997,aug_0
13195,M003P004A040R001_AUG001,3,4,15995,1,39,300,Prone Press Up With Torso Rotation (aug 1),train,2997,aug_1
13196,M003P004A040R002_AUG000,3,4,15996,2,39,300,Prone Press Up With Torso Rotation (aug 0),train,2998,aug_0
13197,M003P004A040R002_AUG001,3,4,15997,2,39,300,Prone Press Up With Torso Rotation (aug 1),train,2998,aug_1
13198,M003P004A040R003_AUG000,3,4,15998,3,39,300,Prone Press Up With Torso Rotation (aug 0),train,2999,aug_0
13199,M003P004A040R003_AUG001,3,4,15999,3,39,300,Prone Press Up With Torso Rotation (aug 1),train,2999,aug_1
13200,M003P004A041R001_AUG000,3,4,16000,1,40,300,Breaststroke Push-ups (aug 0),train,3000,aug_0
13201,M003P004A041R001_AUG001,3,4,16001,1,40,300,Breaststroke Push-ups (aug 1),train,3000,aug_1
13202,M003P004A041R002_AUG000,3,4,16002,2,40,300,Breaststroke Push-ups (aug 0),train,3001,aug_0
13203,M003P004A041R002_AUG001,3,4,16003,2,40,300,Breaststroke Push-ups (aug 1),train,3001,aug_1
13204,M003P004A041R003_AUG000,3,4,16004,3,40,300,Breaststroke Push-ups (aug 0),train,3002,aug_0
13205,M003P004A041R003_AUG001,3,4,16005,3,40,300,Breaststroke Push-ups (aug 1),train,3002,aug_1
13206,M003P004A042R001_AUG000,3,4,16006,1,41,300,Sit-ups (aug 0),train,3003,aug_0
13207,M003P004A042R001_AUG001,3,4,16007,1,41,300,Sit-ups (aug 1),train,3003,aug_1
13208,M003P004A042R002_AUG000,3,4,16008,2,41,300,Sit-ups (aug 0),train,3004,aug_0
13209,M003P004A042R002_AUG001,3,4,16009,2,41,300,Sit-ups (aug 1),train,3004,aug_1
13210,M003P004A042R003_AUG000,3,4,16010,3,41,300,Sit-ups (aug 0),train,3005,aug_0
13211,M003P004A042R003_AUG001,3,4,16011,3,41,300,Sit-ups (aug 1),train,3005,aug_1
13212,M003P004A043R001_AUG000,3,4,16012,1,42,300,Side-lying Left Leg Forward Raise (aug 0),train,3006,aug_0
13213,M003P004A043R001_AUG001,3,4,16013,1,42,300,Side-lying Left Leg Forward Raise (aug 1),train,3006,aug_1
13214,M003P004A043R002_AUG000,3,4,16014,2,42,300,Side-lying Left Leg Forward Raise (aug 0),train,3007,aug_0
13215,M003P004A043R002_AUG001,3,4,16015,2,42,300,Side-lying Left Leg Forward Raise (aug 1),train,3007,aug_1
13216,M003P004A043R003_AUG000,3,4,16016,3,42,300,Side-lying Left Leg Forward Raise (aug 0),train,3008,aug_0
13217,M003P004A043R003_AUG001,3,4,16017,3,42,300,Side-lying Left Leg Forward Raise (aug 1),train,3008,aug_1
13218,M003P004A044R001_AUG000,3,4,16018,1,43,300,Right Leg Reverse Lunge (aug 0),train,3009,aug_0
13219,M003P004A044R001_AUG001,3,4,16019,1,43,300,Right Leg Reverse Lunge (aug 1),train,3009,aug_1
13220,M003P004A044R002_AUG000,3,4,16020,2,43,300,Right Leg Reverse Lunge (aug 0),train,3010,aug_0
13221,M003P004A044R002_AUG001,3,4,16021,2,43,300,Right Leg Reverse Lunge (aug 1),train,3010,aug_1
13222,M003P004A044R003_AUG000,3,4,16022,3,43,300,Right Leg Reverse Lunge (aug 0),train,3011,aug_0
13223,M003P004A044R003_AUG001,3,4,16023,3,43,300,Right Leg Reverse Lunge (aug 1),train,3011,aug_1
13224,M003P004A045R001_AUG000,3,4,16024,1,44,300,Kneeling Left Knee Lift (aug 0),train,3012,aug_0
13225,M003P004A045R001_AUG001,3,4,16025,1,44,300,Kneeling Left Knee Lift (aug 1),train,3012,aug_1
13226,M003P004A045R002_AUG000,3,4,16026,2,44,300,Kneeling Left Knee Lift (aug 0),train,3013,aug_0
13227,M003P004A045R002_AUG001,3,4,16027,2,44,300,Kneeling Left Knee Lift (aug 1),train,3013,aug_1
13228,M003P004A045R003_AUG000,3,4,16028,3,44,300,Kneeling Left Knee Lift (aug 0),train,3014,aug_0
13229,M003P004A045R003_AUG001,3,4,16029,3,44,300,Kneeling Left Knee Lift (aug 1),train,3014,aug_1
13230,M003P004A046R001_AUG000,3,4,16030,1,45,300,Alternate Reverse Lunge (aug 0),train,3015,aug_0
13231,M003P004A046R001_AUG001,3,4,16031,1,45,300,Alternate Reverse Lunge (aug 1),train,3015,aug_1
13232,M003P004A046R002_AUG000,3,4,16032,2,45,300,Alternate Reverse Lunge (aug 0),train,3016,aug_0
13233,M003P004A046R002_AUG001,3,4,16033,2,45,300,Alternate Reverse Lunge (aug 1),train,3016,aug_1
13234,M003P004A046R003_AUG000,3,4,16034,3,45,300,Alternate Reverse Lunge (aug 0),train,3017,aug_0
13235,M003P004A046R003_AUG001,3,4,16035,3,45,300,Alternate Reverse Lunge (aug 1),train,3017,aug_1
13236,M003P004A047R001_AUG000,3,4,16036,1,46,300,Side-lying Right Leg Backward Kick (aug 0),train,3018,aug_0
13237,M003P004A047R001_AUG001,3,4,16037,1,46,300,Side-lying Right Leg Backward Kick (aug 1),train,3018,aug_1
13238,M003P004A047R002_AUG000,3,4,16038,2,46,300,Side-lying Right Leg Backward Kick (aug 0),train,3019,aug_0
13239,M003P004A047R002_AUG001,3,4,16039,2,46,300,Side-lying Right Leg Backward Kick (aug 1),train,3019,aug_1
13240,M003P004A047R003_AUG000,3,4,16040,3,46,300,Side-lying Right Leg Backward Kick (aug 0),train,3020,aug_0
13241,M003P004A047R003_AUG001,3,4,16041,3,46,300,Side-lying Right Leg Backward Kick (aug 1),train,3020,aug_1
13242,M003P004A048R001_AUG000,3,4,16042,1,47,300,Left Leg Lunge With Knee Lift (aug 0),train,3021,aug_0
13243,M003P004A048R001_AUG001,3,4,16043,1,47,300,Left Leg Lunge With Knee Lift (aug 1),train,3021,aug_1
13244,M003P004A048R002_AUG000,3,4,16044,2,47,300,Left Leg Lunge With Knee Lift (aug 0),train,3022,aug_0
13245,M003P004A048R002_AUG001,3,4,16045,2,47,300,Left Leg Lunge With Knee Lift (aug 1),train,3022,aug_1
13246,M003P004A048R003_AUG000,3,4,16046,3,47,300,Left Leg Lunge With Knee Lift (aug 0),train,3023,aug_0
13247,M003P004A048R003_AUG001,3,4,16047,3,47,300,Left Leg Lunge With Knee Lift (aug 1),train,3023,aug_1
13248,M003P004A049R001_AUG000,3,4,16048,1,48,300,Sumo Squat (aug 0),train,3024,aug_0
13249,M003P004A049R001_AUG001,3,4,16049,1,48,300,Sumo Squat (aug 1),train,3024,aug_1
13250,M003P004A049R002_AUG000,3,4,16050,2,48,300,Sumo Squat (aug 0),train,3025,aug_0
13251,M003P004A049R002_AUG001,3,4,16051,2,48,300,Sumo Squat (aug 1),train,3025,aug_1
13252,M003P004A049R003_AUG000,3,4,16052,3,48,300,Sumo Squat (aug 0),train,3026,aug_0
13253,M003P004A049R003_AUG001,3,4,16053,3,48,300,Sumo Squat (aug 1),train,3026,aug_1
13254,M003P004A050R001_AUG000,3,4,16054,1,49,300,Straight Leg Calf Raise (aug 0),train,3027,aug_0
13255,M003P004A050R001_AUG001,3,4,16055,1,49,300,Straight Leg Calf Raise (aug 1),train,3027,aug_1
13256,M003P004A050R002_AUG000,3,4,16056,2,49,300,Straight Leg Calf Raise (aug 0),train,3028,aug_0
13257,M003P004A050R002_AUG001,3,4,16057,2,49,300,Straight Leg Calf Raise (aug 1),train,3028,aug_1
13258,M003P004A050R003_AUG000,3,4,16058,3,49,300,Straight Leg Calf Raise (aug 0),train,3029,aug_0
13259,M003P004A050R003_AUG001,3,4,16059,3,49,300,Straight Leg Calf Raise (aug 1),train,3029,aug_1
13260,M003P004A051R001_AUG000,3,4,16060,1,50,300,Squat Jump (aug 0),train,3030,aug_0
13261,M003P004A051R001_AUG001,3,4,16061,1,50,300,Squat Jump (aug 1),train,3030,aug_1
13262,M003P004A051R002_AUG000,3,4,16062,2,50,300,Squat Jump (aug 0),train,3031,aug_0
13263,M003P004A051R002_AUG001,3,4,16063,2,50,300,Squat Jump (aug 1),train,3031,aug_1
13264,M003P004A051R003_AUG000,3,4,16064,3,50,300,Squat Jump (aug 0),train,3032,aug_0
13265,M003P004A051R003_AUG001,3,4,16065,3,50,300,Squat Jump (aug 1),train,3032,aug_1
13266,M003P004A052R001_AUG000,3,4,16066,1,51,300,Squat With Alternate Knee Lift (aug 0),train,3033,aug_0
13267,M003P004A052R001_AUG001,3,4,16067,1,51,300,Squat With Alternate Knee Lift (aug 1),train,3033,aug_1
13268,M003P004A052R002_AUG000,3,4,16068,2,51,300,Squat With Alternate Knee Lift (aug 0),train,3034,aug_0
13269,M003P004A052R002_AUG001,3,4,16069,2,51,300,Squat With Alternate Knee Lift (aug 1),train,3034,aug_1
13270,M003P004A052R003_AUG000,3,4,16070,3,51,300,Squat With Alternate Knee Lift (aug 0),train,3035,aug_0
13271,M003P004A052R003_AUG001,3,4,16071,3,51,300,Squat With Alternate Knee Lift (aug 1),train,3035,aug_1
13272,M003P004A053R001_AUG000,3,4,16072,1,52,300,Standing Alternate Butt Kick (aug 0),train,3036,aug_0
13273,M003P004A053R001_AUG001,3,4,16073,1,52,300,Standing Alternate Butt Kick (aug 1),train,3036,aug_1
13274,M003P004A053R002_AUG000,3,4,16074,2,52,300,Standing Alternate Butt Kick (aug 0),train,3037,aug_0
13275,M003P004A053R002_AUG001,3,4,16075,2,52,300,Standing Alternate Butt Kick (aug 1),train,3037,aug_1
13276,M003P004A053R003_AUG000,3,4,16076,3,52,300,Standing Alternate Butt Kick (aug 0),train,3038,aug_0
13277,M003P004A053R003_AUG001,3,4,16077,3,52,300,Standing Alternate Butt Kick (aug 1),train,3038,aug_1
13278,M003P004A054R001_AUG000,3,4,16078,1,53,300,Knee Warm-up (aug 0),train,3039,aug_0
13279,M003P004A054R001_AUG001,3,4,16079,1,53,300,Knee Warm-up (aug 1),train,3039,aug_1
13280,M003P004A054R002_AUG000,3,4,16080,2,53,300,Knee Warm-up (aug 0),train,3040,aug_0
13281,M003P004A054R002_AUG001,3,4,16081,2,53,300,Knee Warm-up (aug 1),train,3040,aug_1
13282,M003P004A054R003_AUG000,3,4,16082,3,53,300,Knee Warm-up (aug 0),train,3041,aug_0
13283,M003P004A054R003_AUG001,3,4,16083,3,53,300,Knee Warm-up (aug 1),train,3041,aug_1
13284,M003P004A055R001_AUG000,3,4,16084,1,54,300,Butt Kicks (aug 0),train,3042,aug_0
13285,M003P004A055R001_AUG001,3,4,16085,1,54,300,Butt Kicks (aug 1),train,3042,aug_1
13286,M003P004A055R002_AUG000,3,4,16086,2,54,300,Butt Kicks (aug 0),train,3043,aug_0
13287,M003P004A055R002_AUG001,3,4,16087,2,54,300,Butt Kicks (aug 1),train,3043,aug_1
13288,M003P004A055R003_AUG000,3,4,16088,3,54,300,Butt Kicks (aug 0),train,3044,aug_0
13289,M003P004A055R003_AUG001,3,4,16089,3,54,300,Butt Kicks (aug 1),train,3044,aug_1
13290,M003P004A056R001_AUG000,3,4,16090,1,55,300,Jump Left and Right (aug 0),train,3045,aug_0
13291,M003P004A056R001_AUG001,3,4,16091,1,55,300,Jump Left and Right (aug 1),train,3045,aug_1
13292,M003P004A056R002_AUG000,3,4,16092,2,55,300,Jump Left and Right (aug 0),train,3046,aug_0
13293,M003P004A056R002_AUG001,3,4,16093,2,55,300,Jump Left and Right (aug 1),train,3046,aug_1
13294,M003P004A056R003_AUG000,3,4,16094,3,55,300,Jump Left and Right (aug 0),train,3047,aug_0
13295,M003P004A056R003_AUG001,3,4,16095,3,55,300,Jump Left and Right (aug 1),train,3047,aug_1
13296,M003P004A057R001_AUG000,3,4,16096,1,56,300,Jumping Jacks (aug 0),train,3048,aug_0
13297,M003P004A057R001_AUG001,3,4,16097,1,56,300,Jumping Jacks (aug 1),train,3048,aug_1
13298,M003P004A057R002_AUG000,3,4,16098,2,56,300,Jumping Jacks (aug 0),train,3049,aug_0
13299,M003P004A057R002_AUG001,3,4,16099,2,56,300,Jumping Jacks (aug 1),train,3049,aug_1
13300,M003P004A057R003_AUG000,3,4,16100,3,56,300,Jumping Jacks (aug 0),train,3050,aug_0
13301,M003P004A057R003_AUG001,3,4,16101,3,56,300,Jumping Jacks (aug 1),train,3050,aug_1
13302,M003P004A058R001_AUG000,3,4,16102,1,57,300,High Knee (aug 0),train,3051,aug_0
13303,M003P004A058R001_AUG001,3,4,16103,1,57,300,High Knee (aug 1),train,3051,aug_1
13304,M003P004A058R002_AUG000,3,4,16104,2,57,300,High Knee (aug 0),train,3052,aug_0
13305,M003P004A058R002_AUG001,3,4,16105,2,57,300,High Knee (aug 1),train,3052,aug_1
13306,M003P004A058R003_AUG000,3,4,16106,3,57,300,High Knee (aug 0),train,3053,aug_0
13307,M003P004A058R003_AUG001,3,4,16107,3,57,300,High Knee (aug 1),train,3053,aug_1
13308,M003P004A059R001_AUG000,3,4,16108,1,58,300,Clap Jacks (aug 0),train,3054,aug_0
13309,M003P004A059R001_AUG001,3,4,16109,1,58,300,Clap Jacks (aug 1),train,3054,aug_1
13310,M003P004A059R002_AUG000,3,4,16110,2,58,300,Clap Jacks (aug 0),train,3055,aug_0
13311,M003P004A059R002_AUG001,3,4,16111,2,58,300,Clap Jacks (aug 1),train,3055,aug_1
13312,M003P004A059R003_AUG000,3,4,16112,3,58,300,Clap Jacks (aug 0),train,3056,aug_0
13313,M003P004A059R003_AUG001,3,4,16113,3,58,300,Clap Jacks (aug 1),train,3056,aug_1
13314,M003P004A060R001_AUG000,3,4,16114,1,59,300,Run In Place With Arm Swing (aug 0),train,3057,aug_0
13315,M003P004A060R001_AUG001,3,4,16115,1,59,300,Run In Place With Arm Swing (aug 1),train,3057,aug_1
13316,M003P004A060R002_AUG000,3,4,16116,2,59,300,Run In Place With Arm Swing (aug 0),train,3058,aug_0
13317,M003P004A060R002_AUG001,3,4,16117,2,59,300,Run In Place With Arm Swing (aug 1),train,3058,aug_1
13318,M003P004A060R003_AUG000,3,4,16118,3,59,300,Run In Place With Arm Swing (aug 0),train,3059,aug_0
13319,M003P004A060R003_AUG001,3,4,16119,3,59,300,Run In Place With Arm Swing (aug 1),train,3059,aug_1
13320,M003P006A001R001_AUG000,3,6,16120,1,0,300,Svend Press (aug 0),train,3060,aug_0
13321,M003P006A001R001_AUG001,3,6,16121,1,0,300,Svend Press (aug 1),train,3060,aug_1
13322,M003P006A001R002_AUG000,3,6,16122,2,0,300,Svend Press (aug 0),train,3061,aug_0
13323,M003P006A001R002_AUG001,3,6,16123,2,0,300,Svend Press (aug 1),train,3061,aug_1
13324,M003P006A001R003_AUG000,3,6,16124,3,0,300,Svend Press (aug 0),train,3062,aug_0
13325,M003P006A001R003_AUG001,3,6,16125,3,0,300,Svend Press (aug 1),train,3062,aug_1
13326,M003P006A002R001_AUG000,3,6,16126,1,1,300,Kneeling Push-ups (aug 0),train,3063,aug_0
13327,M003P006A002R001_AUG001,3,6,16127,1,1,300,Kneeling Push-ups (aug 1),train,3063,aug_1
13328,M003P006A002R002_AUG000,3,6,16128,2,1,300,Kneeling Push-ups (aug 0),train,3064,aug_0
13329,M003P006A002R002_AUG001,3,6,16129,2,1,300,Kneeling Push-ups (aug 1),train,3064,aug_1
13330,M003P006A002R003_AUG000,3,6,16130,3,1,300,Kneeling Push-ups (aug 0),train,3065,aug_0
13331,M003P006A002R003_AUG001,3,6,16131,3,1,300,Kneeling Push-ups (aug 1),train,3065,aug_1
13332,M003P006A003R001_AUG000,3,6,16132,1,2,300,Standing Straight-arm Chest Press With Resistance Band (aug 0),train,3066,aug_0
13333,M003P006A003R001_AUG001,3,6,16133,1,2,300,Standing Straight-arm Chest Press With Resistance Band (aug 1),train,3066,aug_1
13334,M003P006A003R002_AUG000,3,6,16134,2,2,300,Standing Straight-arm Chest Press With Resistance Band (aug 0),train,3067,aug_0
13335,M003P006A003R002_AUG001,3,6,16135,2,2,300,Standing Straight-arm Chest Press With Resistance Band (aug 1),train,3067,aug_1
13336,M003P006A003R003_AUG000,3,6,16136,3,2,300,Standing Straight-arm Chest Press With Resistance Band (aug 0),train,3068,aug_0
13337,M003P006A003R003_AUG001,3,6,16137,3,2,300,Standing Straight-arm Chest Press With Resistance Band (aug 1),train,3068,aug_1
13338,M003P006A004R001_AUG000,3,6,16138,1,3,300,Small Dumbbell Floor Flies (aug 0),train,3069,aug_0
13339,M003P006A004R001_AUG001,3,6,16139,1,3,300,Small Dumbbell Floor Flies (aug 1),train,3069,aug_1
13340,M003P006A004R002_AUG000,3,6,16140,2,3,300,Small Dumbbell Floor Flies (aug 0),train,3070,aug_0
13341,M003P006A004R002_AUG001,3,6,16141,2,3,300,Small Dumbbell Floor Flies (aug 1),train,3070,aug_1
13342,M003P006A004R003_AUG000,3,6,16142,3,3,300,Small Dumbbell Floor Flies (aug 0),train,3071,aug_0
13343,M003P006A004R003_AUG001,3,6,16143,3,3,300,Small Dumbbell Floor Flies (aug 1),train,3071,aug_1
13344,M003P006A005R001_AUG000,3,6,16144,1,4,300,Chest Fly (aug 0),train,3072,aug_0
13345,M003P006A005R001_AUG001,3,6,16145,1,4,300,Chest Fly (aug 1),train,3072,aug_1
13346,M003P006A005R002_AUG000,3,6,16146,2,4,300,Chest Fly (aug 0),train,3073,aug_0
13347,M003P006A005R002_AUG001,3,6,16147,2,4,300,Chest Fly (aug 1),train,3073,aug_1
13348,M003P006A005R003_AUG000,3,6,16148,3,4,300,Chest Fly (aug 0),train,3074,aug_0
13349,M003P006A005R003_AUG001,3,6,16149,3,4,300,Chest Fly (aug 1),train,3074,aug_1
13350,M003P006A006R001_AUG000,3,6,16150,1,5,300,Push-ups (aug 0),train,3075,aug_0
13351,M003P006A006R001_AUG001,3,6,16151,1,5,300,Push-ups (aug 1),train,3075,aug_1
13352,M003P006A006R002_AUG000,3,6,16152,2,5,300,Push-ups (aug 0),train,3076,aug_0
13353,M003P006A006R002_AUG001,3,6,16153,2,5,300,Push-ups (aug 1),train,3076,aug_1
13354,M003P006A006R003_AUG000,3,6,16154,3,5,300,Push-ups (aug 0),train,3077,aug_0
13355,M003P006A006R003_AUG001,3,6,16155,3,5,300,Push-ups (aug 1),train,3077,aug_1
13356,M003P006A007R001_AUG000,3,6,16156,1,6,300,Bent-over W-shape Stretch (aug 0),train,3078,aug_0
13357,M003P006A007R001_AUG001,3,6,16157,1,6,300,Bent-over W-shape Stretch (aug 1),train,3078,aug_1
13358,M003P006A007R002_AUG000,3,6,16158,2,6,300,Bent-over W-shape Stretch (aug 0),train,3079,aug_0
13359,M003P006A007R002_AUG001,3,6,16159,2,6,300,Bent-over W-shape Stretch (aug 1),train,3079,aug_1
13360,M003P006A007R003_AUG000,3,6,16160,3,6,300,Bent-over W-shape Stretch (aug 0),train,3080,aug_0
13361,M003P006A007R003_AUG001,3,6,16161,3,6,300,Bent-over W-shape Stretch (aug 1),train,3080,aug_1
13362,M003P006A008R001_AUG000,3,6,16162,1,7,300,Bent-over Y-shape Stretch (aug 0),train,3081,aug_0
13363,M003P006A008R001_AUG001,3,6,16163,1,7,300,Bent-over Y-shape Stretch (aug 1),train,3081,aug_1
13364,M003P006A008R002_AUG000,3,6,16164,2,7,300,Bent-over Y-shape Stretch (aug 0),train,3082,aug_0
13365,M003P006A008R002_AUG001,3,6,16165,2,7,300,Bent-over Y-shape Stretch (aug 1),train,3082,aug_1
13366,M003P006A008R003_AUG000,3,6,16166,3,7,300,Bent-over Y-shape Stretch (aug 0),train,3083,aug_0
13367,M003P006A008R003_AUG001,3,6,16167,3,7,300,Bent-over Y-shape Stretch (aug 1),train,3083,aug_1
13368,M003P006A009R001_AUG000,3,6,16168,1,8,300,Bent-over A-shape Stretch (aug 0),train,3084,aug_0
13369,M003P006A009R001_AUG001,3,6,16169,1,8,300,Bent-over A-shape Stretch (aug 1),train,3084,aug_1
13370,M003P006A009R002_AUG000,3,6,16170,2,8,300,Bent-over A-shape Stretch (aug 0),train,3085,aug_0
13371,M003P006A009R002_AUG001,3,6,16171,2,8,300,Bent-over A-shape Stretch (aug 1),train,3085,aug_1
13372,M003P006A009R003_AUG000,3,6,16172,3,8,300,Bent-over A-shape Stretch (aug 0),train,3086,aug_0
13373,M003P006A009R003_AUG001,3,6,16173,3,8,300,Bent-over A-shape Stretch (aug 1),train,3086,aug_1
13374,M003P006A010R001_AUG000,3,6,16174,1,9,300,Squat With Arm Lift (aug 0),train,3087,aug_0
13375,M003P006A010R001_AUG001,3,6,16175,1,9,300,Squat With Arm Lift (aug 1),train,3087,aug_1
13376,M003P006A010R002_AUG000,3,6,16176,2,9,300,Squat With Arm Lift (aug 0),train,3088,aug_0
13377,M003P006A010R002_AUG001,3,6,16177,2,9,300,Squat With Arm Lift (aug 1),train,3088,aug_1
13378,M003P006A010R003_AUG000,3,6,16178,3,9,300,Squat With Arm Lift (aug 0),train,3089,aug_0
13379,M003P006A010R003_AUG001,3,6,16179,3,9,300,Squat With Arm Lift (aug 1),train,3089,aug_1
13380,M003P006A011R001_AUG000,3,6,16180,1,10,300,Breaststroke Arm Pull (aug 0),train,3090,aug_0
13381,M003P006A011R001_AUG001,3,6,16181,1,10,300,Breaststroke Arm Pull (aug 1),train,3090,aug_1
13382,M003P006A011R002_AUG000,3,6,16182,2,10,300,Breaststroke Arm Pull (aug 0),train,3091,aug_0
13383,M003P006A011R002_AUG001,3,6,16183,2,10,300,Breaststroke Arm Pull (aug 1),train,3091,aug_1
13384,M003P006A011R003_AUG000,3,6,16184,3,10,300,Breaststroke Arm Pull (aug 0),train,3092,aug_0
13385,M003P006A011R003_AUG001,3,6,16185,3,10,300,Breaststroke Arm Pull (aug 1),train,3092,aug_1
13386,M003P006A012R001_AUG000,3,6,16186,1,11,300,Prone Y-shape Stretch (aug 0),train,3093,aug_0
13387,M003P006A012R001_AUG001,3,6,16187,1,11,300,Prone Y-shape Stretch (aug 1),train,3093,aug_1
13388,M003P006A012R002_AUG000,3,6,16188,2,11,300,Prone Y-shape Stretch (aug 0),train,3094,aug_0
13389,M003P006A012R002_AUG001,3,6,16189,2,11,300,Prone Y-shape Stretch (aug 1),train,3094,aug_1
13390,M003P006A012R003_AUG000,3,6,16190,3,11,300,Prone Y-shape Stretch (aug 0),train,3095,aug_0
13391,M003P006A012R003_AUG001,3,6,16191,3,11,300,Prone Y-shape Stretch (aug 1),train,3095,aug_1
13392,M003P006A013R001_AUG000,3,6,16192,1,12,300,Lateral Raise Forward Circles (aug 0),train,3096,aug_0
13393,M003P006A013R001_AUG001,3,6,16193,1,12,300,Lateral Raise Forward Circles (aug 1),train,3096,aug_1
13394,M003P006A013R002_AUG000,3,6,16194,2,12,300,Lateral Raise Forward Circles (aug 0),train,3097,aug_0
13395,M003P006A013R002_AUG001,3,6,16195,2,12,300,Lateral Raise Forward Circles (aug 1),train,3097,aug_1
13396,M003P006A013R003_AUG000,3,6,16196,3,12,300,Lateral Raise Forward Circles (aug 0),train,3098,aug_0
13397,M003P006A013R003_AUG001,3,6,16197,3,12,300,Lateral Raise Forward Circles (aug 1),train,3098,aug_1
13398,M003P006A014R001_AUG000,3,6,16198,1,13,300,Lateral Raise Backward Circles (aug 0),train,3099,aug_0
13399,M003P006A014R001_AUG001,3,6,16199,1,13,300,Lateral Raise Backward Circles (aug 1),train,3099,aug_1
13400,M003P006A014R002_AUG000,3,6,16200,2,13,300,Lateral Raise Backward Circles (aug 0),train,3100,aug_0
13401,M003P006A014R002_AUG001,3,6,16201,2,13,300,Lateral Raise Backward Circles (aug 1),train,3100,aug_1
13402,M003P006A014R003_AUG000,3,6,16202,3,13,300,Lateral Raise Backward Circles (aug 0),train,3101,aug_0
13403,M003P006A014R003_AUG001,3,6,16203,3,13,300,Lateral Raise Backward Circles (aug 1),train,3101,aug_1
13404,M003P006A015R001_AUG000,3,6,16204,1,14,300,Lying Shoulder Joint Upward Round (aug 0),train,3102,aug_0
13405,M003P006A015R001_AUG001,3,6,16205,1,14,300,Lying Shoulder Joint Upward Round (aug 1),train,3102,aug_1
13406,M003P006A015R002_AUG000,3,6,16206,2,14,300,Lying Shoulder Joint Upward Round (aug 0),train,3103,aug_0
13407,M003P006A015R002_AUG001,3,6,16207,2,14,300,Lying Shoulder Joint Upward Round (aug 1),train,3103,aug_1
13408,M003P006A015R003_AUG000,3,6,16208,3,14,300,Lying Shoulder Joint Upward Round (aug 0),train,3104,aug_0
13409,M003P006A015R003_AUG001,3,6,16209,3,14,300,Lying Shoulder Joint Upward Round (aug 1),train,3104,aug_1
13410,M003P006A016R001_AUG000,3,6,16210,1,15,300,Lying Shoulder Joint Downward Round (aug 0),train,3105,aug_0
13411,M003P006A016R001_AUG001,3,6,16211,1,15,300,Lying Shoulder Joint Downward Round (aug 1),train,3105,aug_1
13412,M003P006A016R002_AUG000,3,6,16212,2,15,300,Lying Shoulder Joint Downward Round (aug 0),train,3106,aug_0
13413,M003P006A016R002_AUG001,3,6,16213,2,15,300,Lying Shoulder Joint Downward Round (aug 1),train,3106,aug_1
13414,M003P006A016R003_AUG000,3,6,16214,3,15,300,Lying Shoulder Joint Downward Round (aug 0),train,3107,aug_0
13415,M003P006A016R003_AUG001,3,6,16215,3,15,300,Lying Shoulder Joint Downward Round (aug 1),train,3107,aug_1
13416,M003P006A017R001_AUG000,3,6,16216,1,16,300,Bare-handed Full Lateral Raise (aug 0),train,3108,aug_0
13417,M003P006A017R001_AUG001,3,6,16217,1,16,300,Bare-handed Full Lateral Raise (aug 1),train,3108,aug_1
13418,M003P006A017R002_AUG000,3,6,16218,2,16,300,Bare-handed Full Lateral Raise (aug 0),train,3109,aug_0
13419,M003P006A017R002_AUG001,3,6,16219,2,16,300,Bare-handed Full Lateral Raise (aug 1),train,3109,aug_1
13420,M003P006A017R003_AUG000,3,6,16220,3,16,300,Bare-handed Full Lateral Raise (aug 0),train,3110,aug_0
13421,M003P006A017R003_AUG001,3,6,16221,3,16,300,Bare-handed Full Lateral Raise (aug 1),train,3110,aug_1
13422,M003P006A018R001_AUG000,3,6,16222,1,17,300,Bare-handed Cuban Press (aug 0),train,3111,aug_0
13423,M003P006A018R001_AUG001,3,6,16223,1,17,300,Bare-handed Cuban Press (aug 1),train,3111,aug_1
13424,M003P006A018R002_AUG000,3,6,16224,2,17,300,Bare-handed Cuban Press (aug 0),train,3112,aug_0
13425,M003P006A018R002_AUG001,3,6,16225,2,17,300,Bare-handed Cuban Press (aug 1),train,3112,aug_1
13426,M003P006A018R003_AUG000,3,6,16226,3,17,300,Bare-handed Cuban Press (aug 0),train,3113,aug_0
13427,M003P006A018R003_AUG001,3,6,16227,3,17,300,Bare-handed Cuban Press (aug 1),train,3113,aug_1
13428,M003P006A019R001_AUG000,3,6,16228,1,18,300,Fortune Cat (aug 0),train,3114,aug_0
13429,M003P006A019R001_AUG001,3,6,16229,1,18,300,Fortune Cat (aug 1),train,3114,aug_1
13430,M003P006A019R002_AUG000,3,6,16230,2,18,300,Fortune Cat (aug 0),train,3115,aug_0
13431,M003P006A019R002_AUG001,3,6,16231,2,18,300,Fortune Cat (aug 1),train,3115,aug_1
13432,M003P006A019R003_AUG000,3,6,16232,3,18,300,Fortune Cat (aug 0),train,3116,aug_0
13433,M003P006A019R003_AUG001,3,6,16233,3,18,300,Fortune Cat (aug 1),train,3116,aug_1
13434,M003P006A020R001_AUG000,3,6,16234,1,19,300,Dumbbell Curls (aug 0),train,3117,aug_0
13435,M003P006A020R001_AUG001,3,6,16235,1,19,300,Dumbbell Curls (aug 1),train,3117,aug_1
13436,M003P006A020R002_AUG000,3,6,16236,2,19,300,Dumbbell Curls (aug 0),train,3118,aug_0
13437,M003P006A020R002_AUG001,3,6,16237,2,19,300,Dumbbell Curls (aug 1),train,3118,aug_1
13438,M003P006A020R003_AUG000,3,6,16238,3,19,300,Dumbbell Curls (aug 0),train,3119,aug_0
13439,M003P006A020R003_AUG001,3,6,16239,3,19,300,Dumbbell Curls (aug 1),train,3119,aug_1
13440,M003P006A021R001_AUG000,3,6,16240,1,20,300,Alternate Dumbbell Curls (aug 0),train,3120,aug_0
13441,M003P006A021R001_AUG001,3,6,16241,1,20,300,Alternate Dumbbell Curls (aug 1),train,3120,aug_1
13442,M003P006A021R002_AUG000,3,6,16242,2,20,300,Alternate Dumbbell Curls (aug 0),train,3121,aug_0
13443,M003P006A021R002_AUG001,3,6,16243,2,20,300,Alternate Dumbbell Curls (aug 1),train,3121,aug_1
13444,M003P006A021R003_AUG000,3,6,16244,3,20,300,Alternate Dumbbell Curls (aug 0),train,3122,aug_0
13445,M003P006A021R003_AUG001,3,6,16245,3,20,300,Alternate Dumbbell Curls (aug 1),train,3122,aug_1
13446,M003P006A022R001_AUG000,3,6,16246,1,21,300,Right-side Kettlebell Bent-over Row (aug 0),train,3123,aug_0
13447,M003P006A022R001_AUG001,3,6,16247,1,21,300,Right-side Kettlebell Bent-over Row (aug 1),train,3123,aug_1
13448,M003P006A022R002_AUG000,3,6,16248,2,21,300,Right-side Kettlebell Bent-over Row (aug 0),train,3124,aug_0
13449,M003P006A022R002_AUG001,3,6,16249,2,21,300,Right-side Kettlebell Bent-over Row (aug 1),train,3124,aug_1
13450,M003P006A022R003_AUG000,3,6,16250,3,21,300,Right-side Kettlebell Bent-over Row (aug 0),train,3125,aug_0
13451,M003P006A022R003_AUG001,3,6,16251,3,21,300,Right-side Kettlebell Bent-over Row (aug 1),train,3125,aug_1
13452,M003P006A023R001_AUG000,3,6,16252,1,22,300,Wrist Joint Warm-up (aug 0),train,3126,aug_0
13453,M003P006A023R001_AUG001,3,6,16253,1,22,300,Wrist Joint Warm-up (aug 1),train,3126,aug_1
13454,M003P006A023R002_AUG000,3,6,16254,2,22,300,Wrist Joint Warm-up (aug 0),train,3127,aug_0
13455,M003P006A023R002_AUG001,3,6,16255,2,22,300,Wrist Joint Warm-up (aug 1),train,3127,aug_1
13456,M003P006A023R003_AUG000,3,6,16256,3,22,300,Wrist Joint Warm-up (aug 0),train,3128,aug_0
13457,M003P006A023R003_AUG001,3,6,16257,3,22,300,Wrist Joint Warm-up (aug 1),train,3128,aug_1
13458,M003P006A024R001_AUG000,3,6,16258,1,23,300,Right-side Bent-over Tricep Extension With Resistance Band (aug 0),train,3129,aug_0
13459,M003P006A024R001_AUG001,3,6,16259,1,23,300,Right-side Bent-over Tricep Extension With Resistance Band (aug 1),train,3129,aug_1
13460,M003P006A024R002_AUG000,3,6,16260,2,23,300,Right-side Bent-over Tricep Extension With Resistance Band (aug 0),train,3130,aug_0
13461,M003P006A024R002_AUG001,3,6,16261,2,23,300,Right-side Bent-over Tricep Extension With Resistance Band (aug 1),train,3130,aug_1
13462,M003P006A024R003_AUG000,3,6,16262,3,23,300,Right-side Bent-over Tricep Extension With Resistance Band (aug 0),train,3131,aug_0
13463,M003P006A024R003_AUG001,3,6,16263,3,23,300,Right-side Bent-over Tricep Extension With Resistance Band (aug 1),train,3131,aug_1
13464,M003P006A025R001_AUG000,3,6,16264,1,24,300,Bent-over Dumbbell Tricep Extension (aug 0),train,3132,aug_0
13465,M003P006A025R001_AUG001,3,6,16265,1,24,300,Bent-over Dumbbell Tricep Extension (aug 1),train,3132,aug_1
13466,M003P006A025R002_AUG000,3,6,16266,2,24,300,Bent-over Dumbbell Tricep Extension (aug 0),train,3133,aug_0
13467,M003P006A025R002_AUG001,3,6,16267,2,24,300,Bent-over Dumbbell Tricep Extension (aug 1),train,3133,aug_1
13468,M003P006A025R003_AUG000,3,6,16268,3,24,300,Bent-over Dumbbell Tricep Extension (aug 0),train,3134,aug_0
13469,M003P006A025R003_AUG001,3,6,16269,3,24,300,Bent-over Dumbbell Tricep Extension (aug 1),train,3134,aug_1
13470,M003P006A026R001_AUG000,3,6,16270,1,25,300,Nod And Raise Head (aug 0),train,3135,aug_0
13471,M003P006A026R001_AUG001,3,6,16271,1,25,300,Nod And Raise Head (aug 1),train,3135,aug_1
13472,M003P006A026R002_AUG000,3,6,16272,2,25,300,Nod And Raise Head (aug 0),train,3136,aug_0
13473,M003P006A026R002_AUG001,3,6,16273,2,25,300,Nod And Raise Head (aug 1),train,3136,aug_1
13474,M003P006A026R003_AUG000,3,6,16274,3,25,300,Nod And Raise Head (aug 0),train,3137,aug_0
13475,M003P006A026R003_AUG001,3,6,16275,3,25,300,Nod And Raise Head (aug 1),train,3137,aug_1
13476,M003P006A027R001_AUG000,3,6,16276,1,26,300,Two-way Head Turn (aug 0),train,3138,aug_0
13477,M003P006A027R001_AUG001,3,6,16277,1,26,300,Two-way Head Turn (aug 1),train,3138,aug_1
13478,M003P006A027R002_AUG000,3,6,16278,2,26,300,Two-way Head Turn (aug 0),train,3139,aug_0
13479,M003P006A027R002_AUG001,3,6,16279,2,26,300,Two-way Head Turn (aug 1),train,3139,aug_1
13480,M003P006A027R003_AUG000,3,6,16280,3,26,300,Two-way Head Turn (aug 0),train,3140,aug_0
13481,M003P006A027R003_AUG001,3,6,16281,3,26,300,Two-way Head Turn (aug 1),train,3140,aug_1
13482,M003P006A028R001_AUG000,3,6,16282,1,27,300,Shrug And Sink The Shoulders (aug 0),train,3141,aug_0
13483,M003P006A028R001_AUG001,3,6,16283,1,27,300,Shrug And Sink The Shoulders (aug 1),train,3141,aug_1
13484,M003P006A028R002_AUG000,3,6,16284,2,27,300,Shrug And Sink The Shoulders (aug 0),train,3142,aug_0
13485,M003P006A028R002_AUG001,3,6,16285,2,27,300,Shrug And Sink The Shoulders (aug 1),train,3142,aug_1
13486,M003P006A028R003_AUG000,3,6,16286,3,27,300,Shrug And Sink The Shoulders (aug 0),train,3143,aug_0
13487,M003P006A028R003_AUG001,3,6,16287,3,27,300,Shrug And Sink The Shoulders (aug 1),train,3143,aug_1
13488,M003P006A029R001_AUG000,3,6,16288,1,28,300,Four-way Nod Head (aug 0),train,3144,aug_0
13489,M003P006A029R001_AUG001,3,6,16289,1,28,300,Four-way Nod Head (aug 1),train,3144,aug_1
13490,M003P006A029R002_AUG000,3,6,16290,2,28,300,Four-way Nod Head (aug 0),train,3145,aug_0
13491,M003P006A029R002_AUG001,3,6,16291,2,28,300,Four-way Nod Head (aug 1),train,3145,aug_1
13492,M003P006A029R003_AUG000,3,6,16292,3,28,300,Four-way Nod Head (aug 0),train,3146,aug_0
13493,M003P006A029R003_AUG001,3,6,16293,3,28,300,Four-way Nod Head (aug 1),train,3146,aug_1
13494,M003P006A030R001_AUG000,3,6,16294,1,29,300,Lying Alternate Upper-half Leg Raise (aug 0),train,3147,aug_0
13495,M003P006A030R001_AUG001,3,6,16295,1,29,300,Lying Alternate Upper-half Leg Raise (aug 1),train,3147,aug_1
13496,M003P006A030R002_AUG000,3,6,16296,2,29,300,Lying Alternate Upper-half Leg Raise (aug 0),train,3148,aug_0
13497,M003P006A030R002_AUG001,3,6,16297,2,29,300,Lying Alternate Upper-half Leg Raise (aug 1),train,3148,aug_1
13498,M003P006A030R003_AUG000,3,6,16298,3,29,300,Lying Alternate Upper-half Leg Raise (aug 0),train,3149,aug_0
13499,M003P006A030R003_AUG001,3,6,16299,3,29,300,Lying Alternate Upper-half Leg Raise (aug 1),train,3149,aug_1
13500,M003P006A031R001_AUG000,3,6,16300,1,30,300,Half Roll Back (aug 0),train,3150,aug_0
13501,M003P006A031R001_AUG001,3,6,16301,1,30,300,Half Roll Back (aug 1),train,3150,aug_1
13502,M003P006A031R002_AUG000,3,6,16302,2,30,300,Half Roll Back (aug 0),train,3151,aug_0
13503,M003P006A031R002_AUG001,3,6,16303,2,30,300,Half Roll Back (aug 1),train,3151,aug_1
13504,M003P006A031R003_AUG000,3,6,16304,3,30,300,Half Roll Back (aug 0),train,3152,aug_0
13505,M003P006A031R003_AUG001,3,6,16305,3,30,300,Half Roll Back (aug 1),train,3152,aug_1
13506,M003P006A032R001_AUG000,3,6,16306,1,31,300,Kneeling Right-side Torso Twist (aug 0),train,3153,aug_0
13507,M003P006A032R001_AUG001,3,6,16307,1,31,300,Kneeling Right-side Torso Twist (aug 1),train,3153,aug_1
13508,M003P006A032R002_AUG000,3,6,16308,2,31,300,Kneeling Right-side Torso Twist (aug 0),train,3154,aug_0
13509,M003P006A032R002_AUG001,3,6,16309,2,31,300,Kneeling Right-side Torso Twist (aug 1),train,3154,aug_1
13510,M003P006A032R003_AUG000,3,6,16310,3,31,300,Kneeling Right-side Torso Twist (aug 0),train,3155,aug_0
13511,M003P006A032R003_AUG001,3,6,16311,3,31,300,Kneeling Right-side Torso Twist (aug 1),train,3155,aug_1
13512,M003P006A033R001_AUG000,3,6,16312,1,32,300,Left-side Knee Raise And Abdominal Muscles Contract (aug 0),train,3156,aug_0
13513,M003P006A033R001_AUG001,3,6,16313,1,32,300,Left-side Knee Raise And Abdominal Muscles Contract (aug 1),train,3156,aug_1
13514,M003P006A033R002_AUG000,3,6,16314,2,32,300,Left-side Knee Raise And Abdominal Muscles Contract (aug 0),train,3157,aug_0
13515,M003P006A033R002_AUG001,3,6,16315,2,32,300,Left-side Knee Raise And Abdominal Muscles Contract (aug 1),train,3157,aug_1
13516,M003P006A033R003_AUG000,3,6,16316,3,32,300,Left-side Knee Raise And Abdominal Muscles Contract (aug 0),train,3158,aug_0
13517,M003P006A033R003_AUG001,3,6,16317,3,32,300,Left-side Knee Raise And Abdominal Muscles Contract (aug 1),train,3158,aug_1
13518,M003P006A034R001_AUG000,3,6,16318,1,33,300,Kneeling Right Leg Backward Stretch (aug 0),train,3159,aug_0
13519,M003P006A034R001_AUG001,3,6,16319,1,33,300,Kneeling Right Leg Backward Stretch (aug 1),train,3159,aug_1
13520,M003P006A034R002_AUG000,3,6,16320,2,33,300,Kneeling Right Leg Backward Stretch (aug 0),train,3160,aug_0
13521,M003P006A034R002_AUG001,3,6,16321,2,33,300,Kneeling Right Leg Backward Stretch (aug 1),train,3160,aug_1
13522,M003P006A034R003_AUG000,3,6,16322,3,33,300,Kneeling Right Leg Backward Stretch (aug 0),train,3161,aug_0
13523,M003P006A034R003_AUG001,3,6,16323,3,33,300,Kneeling Right Leg Backward Stretch (aug 1),train,3161,aug_1
13524,M003P006A035R001_AUG000,3,6,16324,1,34,300,Kneeling Right Arm Raise (aug 0),train,3162,aug_0
13525,M003P006A035R001_AUG001,3,6,16325,1,34,300,Kneeling Right Arm Raise (aug 1),train,3162,aug_1
13526,M003P006A035R002_AUG000,3,6,16326,2,34,300,Kneeling Right Arm Raise (aug 0),train,3163,aug_0
13527,M003P006A035R002_AUG001,3,6,16327,2,34,300,Kneeling Right Arm Raise (aug 1),train,3163,aug_1
13528,M003P006A035R003_AUG000,3,6,16328,3,34,300,Kneeling Right Arm Raise (aug 0),train,3164,aug_0
13529,M003P006A035R003_AUG001,3,6,16329,3,34,300,Kneeling Right Arm Raise (aug 1),train,3164,aug_1
13530,M003P006A036R001_AUG000,3,6,16330,1,35,300,Shoulder Bridge (aug 0),train,3165,aug_0
13531,M003P006A036R001_AUG001,3,6,16331,1,35,300,Shoulder Bridge (aug 1),train,3165,aug_1
13532,M003P006A036R002_AUG000,3,6,16332,2,35,300,Shoulder Bridge (aug 0),train,3166,aug_0
13533,M003P006A036R002_AUG001,3,6,16333,2,35,300,Shoulder Bridge (aug 1),train,3166,aug_1
13534,M003P006A036R003_AUG000,3,6,16334,3,35,300,Shoulder Bridge (aug 0),train,3167,aug_0
13535,M003P006A036R003_AUG001,3,6,16335,3,35,300,Shoulder Bridge (aug 1),train,3167,aug_1
13536,M003P006A037R001_AUG000,3,6,16336,1,36,300,Prone Press-ups (aug 0),train,3168,aug_0
13537,M003P006A037R001_AUG001,3,6,16337,1,36,300,Prone Press-ups (aug 1),train,3168,aug_1
13538,M003P006A037R002_AUG000,3,6,16338,2,36,300,Prone Press-ups (aug 0),train,3169,aug_0
13539,M003P006A037R002_AUG001,3,6,16339,2,36,300,Prone Press-ups (aug 1),train,3169,aug_1
13540,M003P006A037R003_AUG000,3,6,16340,3,36,300,Prone Press-ups (aug 0),train,3170,aug_0
13541,M003P006A037R003_AUG001,3,6,16341,3,36,300,Prone Press-ups (aug 1),train,3170,aug_1
13542,M003P006A038R001_AUG000,3,6,16342,1,37,300,Bent-over Torso Rotation (aug 0),train,3171,aug_0
13543,M003P006A038R001_AUG001,3,6,16343,1,37,300,Bent-over Torso Rotation (aug 1),train,3171,aug_1
13544,M003P006A038R002_AUG000,3,6,16344,2,37,300,Bent-over Torso Rotation (aug 0),train,3172,aug_0
13545,M003P006A038R002_AUG001,3,6,16345,2,37,300,Bent-over Torso Rotation (aug 1),train,3172,aug_1
13546,M003P006A038R003_AUG000,3,6,16346,3,37,300,Bent-over Torso Rotation (aug 0),train,3173,aug_0
13547,M003P006A038R003_AUG001,3,6,16347,3,37,300,Bent-over Torso Rotation (aug 1),train,3173,aug_1
13548,M003P006A039R001_AUG000,3,6,16348,1,38,300,Lying Arm Pull (aug 0),train,3174,aug_0
13549,M003P006A039R001_AUG001,3,6,16349,1,38,300,Lying Arm Pull (aug 1),train,3174,aug_1
13550,M003P006A039R002_AUG000,3,6,16350,2,38,300,Lying Arm Pull (aug 0),train,3175,aug_0
13551,M003P006A039R002_AUG001,3,6,16351,2,38,300,Lying Arm Pull (aug 1),train,3175,aug_1
13552,M003P006A039R003_AUG000,3,6,16352,3,38,300,Lying Arm Pull (aug 0),train,3176,aug_0
13553,M003P006A039R003_AUG001,3,6,16353,3,38,300,Lying Arm Pull (aug 1),train,3176,aug_1
13554,M003P006A040R001_AUG000,3,6,16354,1,39,300,Prone Press Up With Torso Rotation (aug 0),train,3177,aug_0
13555,M003P006A040R001_AUG001,3,6,16355,1,39,300,Prone Press Up With Torso Rotation (aug 1),train,3177,aug_1
13556,M003P006A040R002_AUG000,3,6,16356,2,39,300,Prone Press Up With Torso Rotation (aug 0),train,3178,aug_0
13557,M003P006A040R002_AUG001,3,6,16357,2,39,300,Prone Press Up With Torso Rotation (aug 1),train,3178,aug_1
13558,M003P006A040R003_AUG000,3,6,16358,3,39,300,Prone Press Up With Torso Rotation (aug 0),train,3179,aug_0
13559,M003P006A040R003_AUG001,3,6,16359,3,39,300,Prone Press Up With Torso Rotation (aug 1),train,3179,aug_1
13560,M003P006A041R001_AUG000,3,6,16360,1,40,300,Breaststroke Push-ups (aug 0),train,3180,aug_0
13561,M003P006A041R001_AUG001,3,6,16361,1,40,300,Breaststroke Push-ups (aug 1),train,3180,aug_1
13562,M003P006A041R002_AUG000,3,6,16362,2,40,300,Breaststroke Push-ups (aug 0),train,3181,aug_0
13563,M003P006A041R002_AUG001,3,6,16363,2,40,300,Breaststroke Push-ups (aug 1),train,3181,aug_1
13564,M003P006A041R003_AUG000,3,6,16364,3,40,300,Breaststroke Push-ups (aug 0),train,3182,aug_0
13565,M003P006A041R003_AUG001,3,6,16365,3,40,300,Breaststroke Push-ups (aug 1),train,3182,aug_1
13566,M003P006A042R001_AUG000,3,6,16366,1,41,300,Sit-ups (aug 0),train,3183,aug_0
13567,M003P006A042R001_AUG001,3,6,16367,1,41,300,Sit-ups (aug 1),train,3183,aug_1
13568,M003P006A042R002_AUG000,3,6,16368,2,41,300,Sit-ups (aug 0),train,3184,aug_0
13569,M003P006A042R002_AUG001,3,6,16369,2,41,300,Sit-ups (aug 1),train,3184,aug_1
13570,M003P006A042R003_AUG000,3,6,16370,3,41,300,Sit-ups (aug 0),train,3185,aug_0
13571,M003P006A042R003_AUG001,3,6,16371,3,41,300,Sit-ups (aug 1),train,3185,aug_1
13572,M003P006A043R001_AUG000,3,6,16372,1,42,300,Side-lying Left Leg Forward Raise (aug 0),train,3186,aug_0
13573,M003P006A043R001_AUG001,3,6,16373,1,42,300,Side-lying Left Leg Forward Raise (aug 1),train,3186,aug_1
13574,M003P006A043R002_AUG000,3,6,16374,2,42,300,Side-lying Left Leg Forward Raise (aug 0),train,3187,aug_0
13575,M003P006A043R002_AUG001,3,6,16375,2,42,300,Side-lying Left Leg Forward Raise (aug 1),train,3187,aug_1
13576,M003P006A043R003_AUG000,3,6,16376,3,42,300,Side-lying Left Leg Forward Raise (aug 0),train,3188,aug_0
13577,M003P006A043R003_AUG001,3,6,16377,3,42,300,Side-lying Left Leg Forward Raise (aug 1),train,3188,aug_1
13578,M003P006A044R001_AUG000,3,6,16378,1,43,300,Right Leg Reverse Lunge (aug 0),train,3189,aug_0
13579,M003P006A044R001_AUG001,3,6,16379,1,43,300,Right Leg Reverse Lunge (aug 1),train,3189,aug_1
13580,M003P006A044R002_AUG000,3,6,16380,2,43,300,Right Leg Reverse Lunge (aug 0),train,3190,aug_0
13581,M003P006A044R002_AUG001,3,6,16381,2,43,300,Right Leg Reverse Lunge (aug 1),train,3190,aug_1
13582,M003P006A044R003_AUG000,3,6,16382,3,43,300,Right Leg Reverse Lunge (aug 0),train,3191,aug_0
13583,M003P006A044R003_AUG001,3,6,16383,3,43,300,Right Leg Reverse Lunge (aug 1),train,3191,aug_1
13584,M003P006A045R001_AUG000,3,6,16384,1,44,300,Kneeling Left Knee Lift (aug 0),train,3192,aug_0
13585,M003P006A045R001_AUG001,3,6,16385,1,44,300,Kneeling Left Knee Lift (aug 1),train,3192,aug_1
13586,M003P006A045R002_AUG000,3,6,16386,2,44,300,Kneeling Left Knee Lift (aug 0),train,3193,aug_0
13587,M003P006A045R002_AUG001,3,6,16387,2,44,300,Kneeling Left Knee Lift (aug 1),train,3193,aug_1
13588,M003P006A045R003_AUG000,3,6,16388,3,44,300,Kneeling Left Knee Lift (aug 0),train,3194,aug_0
13589,M003P006A045R003_AUG001,3,6,16389,3,44,300,Kneeling Left Knee Lift (aug 1),train,3194,aug_1
13590,M003P006A046R001_AUG000,3,6,16390,1,45,300,Alternate Reverse Lunge (aug 0),train,3195,aug_0
13591,M003P006A046R001_AUG001,3,6,16391,1,45,300,Alternate Reverse Lunge (aug 1),train,3195,aug_1
13592,M003P006A046R002_AUG000,3,6,16392,2,45,300,Alternate Reverse Lunge (aug 0),train,3196,aug_0
13593,M003P006A046R002_AUG001,3,6,16393,2,45,300,Alternate Reverse Lunge (aug 1),train,3196,aug_1
13594,M003P006A046R003_AUG000,3,6,16394,3,45,300,Alternate Reverse Lunge (aug 0),train,3197,aug_0
13595,M003P006A046R003_AUG001,3,6,16395,3,45,300,Alternate Reverse Lunge (aug 1),train,3197,aug_1
13596,M003P006A047R001_AUG000,3,6,16396,1,46,300,Side-lying Right Leg Backward Kick (aug 0),train,3198,aug_0
13597,M003P006A047R001_AUG001,3,6,16397,1,46,300,Side-lying Right Leg Backward Kick (aug 1),train,3198,aug_1
13598,M003P006A047R002_AUG000,3,6,16398,2,46,300,Side-lying Right Leg Backward Kick (aug 0),train,3199,aug_0
13599,M003P006A047R002_AUG001,3,6,16399,2,46,300,Side-lying Right Leg Backward Kick (aug 1),train,3199,aug_1
13600,M003P006A047R003_AUG000,3,6,16400,3,46,300,Side-lying Right Leg Backward Kick (aug 0),train,3200,aug_0
13601,M003P006A047R003_AUG001,3,6,16401,3,46,300,Side-lying Right Leg Backward Kick (aug 1),train,3200,aug_1
13602,M003P006A048R001_AUG000,3,6,16402,1,47,300,Left Leg Lunge With Knee Lift (aug 0),train,3201,aug_0
13603,M003P006A048R001_AUG001,3,6,16403,1,47,300,Left Leg Lunge With Knee Lift (aug 1),train,3201,aug_1
13604,M003P006A048R002_AUG000,3,6,16404,2,47,300,Left Leg Lunge With Knee Lift (aug 0),train,3202,aug_0
13605,M003P006A048R002_AUG001,3,6,16405,2,47,300,Left Leg Lunge With Knee Lift (aug 1),train,3202,aug_1
13606,M003P006A048R003_AUG000,3,6,16406,3,47,300,Left Leg Lunge With Knee Lift (aug 0),train,3203,aug_0
13607,M003P006A048R003_AUG001,3,6,16407,3,47,300,Left Leg Lunge With Knee Lift (aug 1),train,3203,aug_1
13608,M003P006A049R001_AUG000,3,6,16408,1,48,300,Sumo Squat (aug 0),train,3204,aug_0
13609,M003P006A049R001_AUG001,3,6,16409,1,48,300,Sumo Squat (aug 1),train,3204,aug_1
13610,M003P006A049R002_AUG000,3,6,16410,2,48,300,Sumo Squat (aug 0),train,3205,aug_0
13611,M003P006A049R002_AUG001,3,6,16411,2,48,300,Sumo Squat (aug 1),train,3205,aug_1
13612,M003P006A049R003_AUG000,3,6,16412,3,48,300,Sumo Squat (aug 0),train,3206,aug_0
13613,M003P006A049R003_AUG001,3,6,16413,3,48,300,Sumo Squat (aug 1),train,3206,aug_1
13614,M003P006A050R001_AUG000,3,6,16414,1,49,300,Straight Leg Calf Raise (aug 0),train,3207,aug_0
13615,M003P006A050R001_AUG001,3,6,16415,1,49,300,Straight Leg Calf Raise (aug 1),train,3207,aug_1
13616,M003P006A050R002_AUG000,3,6,16416,2,49,300,Straight Leg Calf Raise (aug 0),train,3208,aug_0
13617,M003P006A050R002_AUG001,3,6,16417,2,49,300,Straight Leg Calf Raise (aug 1),train,3208,aug_1
13618,M003P006A050R003_AUG000,3,6,16418,3,49,300,Straight Leg Calf Raise (aug 0),train,3209,aug_0
13619,M003P006A050R003_AUG001,3,6,16419,3,49,300,Straight Leg Calf Raise (aug 1),train,3209,aug_1
13620,M003P006A051R001_AUG000,3,6,16420,1,50,300,Squat Jump (aug 0),train,3210,aug_0
13621,M003P006A051R001_AUG001,3,6,16421,1,50,300,Squat Jump (aug 1),train,3210,aug_1
13622,M003P006A051R002_AUG000,3,6,16422,2,50,300,Squat Jump (aug 0),train,3211,aug_0
13623,M003P006A051R002_AUG001,3,6,16423,2,50,300,Squat Jump (aug 1),train,3211,aug_1
13624,M003P006A051R003_AUG000,3,6,16424,3,50,300,Squat Jump (aug 0),train,3212,aug_0
13625,M003P006A051R003_AUG001,3,6,16425,3,50,300,Squat Jump (aug 1),train,3212,aug_1
13626,M003P006A052R001_AUG000,3,6,16426,1,51,300,Squat With Alternate Knee Lift (aug 0),train,3213,aug_0
13627,M003P006A052R001_AUG001,3,6,16427,1,51,300,Squat With Alternate Knee Lift (aug 1),train,3213,aug_1
13628,M003P006A052R002_AUG000,3,6,16428,2,51,300,Squat With Alternate Knee Lift (aug 0),train,3214,aug_0
13629,M003P006A052R002_AUG001,3,6,16429,2,51,300,Squat With Alternate Knee Lift (aug 1),train,3214,aug_1
13630,M003P006A052R003_AUG000,3,6,16430,3,51,300,Squat With Alternate Knee Lift (aug 0),train,3215,aug_0
13631,M003P006A052R003_AUG001,3,6,16431,3,51,300,Squat With Alternate Knee Lift (aug 1),train,3215,aug_1
13632,M003P006A053R001_AUG000,3,6,16432,1,52,300,Standing Alternate Butt Kick (aug 0),train,3216,aug_0
13633,M003P006A053R001_AUG001,3,6,16433,1,52,300,Standing Alternate Butt Kick (aug 1),train,3216,aug_1
13634,M003P006A053R002_AUG000,3,6,16434,2,52,300,Standing Alternate Butt Kick (aug 0),train,3217,aug_0
13635,M003P006A053R002_AUG001,3,6,16435,2,52,300,Standing Alternate Butt Kick (aug 1),train,3217,aug_1
13636,M003P006A053R003_AUG000,3,6,16436,3,52,300,Standing Alternate Butt Kick (aug 0),train,3218,aug_0
13637,M003P006A053R003_AUG001,3,6,16437,3,52,300,Standing Alternate Butt Kick (aug 1),train,3218,aug_1
13638,M003P006A054R001_AUG000,3,6,16438,1,53,300,Knee Warm-up (aug 0),train,3219,aug_0
13639,M003P006A054R001_AUG001,3,6,16439,1,53,300,Knee Warm-up (aug 1),train,3219,aug_1
13640,M003P006A054R002_AUG000,3,6,16440,2,53,300,Knee Warm-up (aug 0),train,3220,aug_0
13641,M003P006A054R002_AUG001,3,6,16441,2,53,300,Knee Warm-up (aug 1),train,3220,aug_1
13642,M003P006A054R003_AUG000,3,6,16442,3,53,300,Knee Warm-up (aug 0),train,3221,aug_0
13643,M003P006A054R003_AUG001,3,6,16443,3,53,300,Knee Warm-up (aug 1),train,3221,aug_1
13644,M003P006A055R001_AUG000,3,6,16444,1,54,300,Butt Kicks (aug 0),train,3222,aug_0
13645,M003P006A055R001_AUG001,3,6,16445,1,54,300,Butt Kicks (aug 1),train,3222,aug_1
13646,M003P006A055R002_AUG000,3,6,16446,2,54,300,Butt Kicks (aug 0),train,3223,aug_0
13647,M003P006A055R002_AUG001,3,6,16447,2,54,300,Butt Kicks (aug 1),train,3223,aug_1
13648,M003P006A055R003_AUG000,3,6,16448,3,54,300,Butt Kicks (aug 0),train,3224,aug_0
13649,M003P006A055R003_AUG001,3,6,16449,3,54,300,Butt Kicks (aug 1),train,3224,aug_1
13650,M003P006A056R001_AUG000,3,6,16450,1,55,300,Jump Left and Right (aug 0),train,3225,aug_0
13651,M003P006A056R001_AUG001,3,6,16451,1,55,300,Jump Left and Right (aug 1),train,3225,aug_1
13652,M003P006A056R002_AUG000,3,6,16452,2,55,300,Jump Left and Right (aug 0),train,3226,aug_0
13653,M003P006A056R002_AUG001,3,6,16453,2,55,300,Jump Left and Right (aug 1),train,3226,aug_1
13654,M003P006A056R003_AUG000,3,6,16454,3,55,300,Jump Left and Right (aug 0),train,3227,aug_0
13655,M003P006A056R003_AUG001,3,6,16455,3,55,300,Jump Left and Right (aug 1),train,3227,aug_1
13656,M003P006A057R001_AUG000,3,6,16456,1,56,300,Jumping Jacks (aug 0),train,3228,aug_0
13657,M003P006A057R001_AUG001,3,6,16457,1,56,300,Jumping Jacks (aug 1),train,3228,aug_1
13658,M003P006A057R002_AUG000,3,6,16458,2,56,300,Jumping Jacks (aug 0),train,3229,aug_0
13659,M003P006A057R002_AUG001,3,6,16459,2,56,300,Jumping Jacks (aug 1),train,3229,aug_1
13660,M003P006A057R003_AUG000,3,6,16460,3,56,300,Jumping Jacks (aug 0),train,3230,aug_0
13661,M003P006A057R003_AUG001,3,6,16461,3,56,300,Jumping Jacks (aug 1),train,3230,aug_1
13662,M003P006A058R001_AUG000,3,6,16462,1,57,300,High Knee (aug 0),train,3231,aug_0
13663,M003P006A058R001_AUG001,3,6,16463,1,57,300,High Knee (aug 1),train,3231,aug_1
13664,M003P006A058R002_AUG000,3,6,16464,2,57,300,High Knee (aug 0),train,3232,aug_0
13665,M003P006A058R002_AUG001,3,6,16465,2,57,300,High Knee (aug 1),train,3232,aug_1
13666,M003P006A058R003_AUG000,3,6,16466,3,57,300,High Knee (aug 0),train,3233,aug_0
13667,M003P006A058R003_AUG001,3,6,16467,3,57,300,High Knee (aug 1),train,3233,aug_1
13668,M003P006A059R001_AUG000,3,6,16468,1,58,300,Clap Jacks (aug 0),train,3234,aug_0
13669,M003P006A059R001_AUG001,3,6,16469,1,58,300,Clap Jacks (aug 1),train,3234,aug_1
13670,M003P006A059R002_AUG000,3,6,16470,2,58,300,Clap Jacks (aug 0),train,3235,aug_0
13671,M003P006A059R002_AUG001,3,6,16471,2,58,300,Clap Jacks (aug 1),train,3235,aug_1
13672,M003P006A059R003_AUG000,3,6,16472,3,58,300,Clap Jacks (aug 0),train,3236,aug_0
13673,M003P006A059R003_AUG001,3,6,16473,3,58,300,Clap Jacks (aug 1),train,3236,aug_1
13674,M003P006A060R001_AUG000,3,6,16474,1,59,300,Run In Place With Arm Swing (aug 0),train,3237,aug_0
13675,M003P006A060R001_AUG001,3,6,16475,1,59,300,Run In Place With Arm Swing (aug 1),train,3237,aug_1
13676,M003P006A060R002_AUG000,3,6,16476,2,59,300,Run In Place With Arm Swing (aug 0),train,3238,aug_0
13677,M003P006A060R002_AUG001,3,6,16477,2,59,300,Run In Place With Arm Swing (aug 1),train,3238,aug_1
13678,M003P006A060R003_AUG000,3,6,16478,3,59,300,Run In Place With Arm Swing (aug 0),train,3239,aug_0
13679,M003P006A060R003_AUG001,3,6,16479,3,59,300,Run In Place With Arm Swing (aug 1),train,3239,aug_1
13680,M003P007A001R001_AUG000,3,7,16480,1,0,300,Svend Press (aug 0),train,3240,aug_0
13681,M003P007A001R001_AUG001,3,7,16481,1,0,300,Svend Press (aug 1),train,3240,aug_1
13682,M003P007A001R002_AUG000,3,7,16482,2,0,300,Svend Press (aug 0),train,3241,aug_0
13683,M003P007A001R002_AUG001,3,7,16483,2,0,300,Svend Press (aug 1),train,3241,aug_1
13684,M003P007A001R003_AUG000,3,7,16484,3,0,300,Svend Press (aug 0),train,3242,aug_0
13685,M003P007A001R003_AUG001,3,7,16485,3,0,300,Svend Press (aug 1),train,3242,aug_1
13686,M003P007A002R001_AUG000,3,7,16486,1,1,300,Kneeling Push-ups (aug 0),train,3243,aug_0
13687,M003P007A002R001_AUG001,3,7,16487,1,1,300,Kneeling Push-ups (aug 1),train,3243,aug_1
13688,M003P007A002R002_AUG000,3,7,16488,2,1,300,Kneeling Push-ups (aug 0),train,3244,aug_0
13689,M003P007A002R002_AUG001,3,7,16489,2,1,300,Kneeling Push-ups (aug 1),train,3244,aug_1
13690,M003P007A002R003_AUG000,3,7,16490,3,1,300,Kneeling Push-ups (aug 0),train,3245,aug_0
13691,M003P007A002R003_AUG001,3,7,16491,3,1,300,Kneeling Push-ups (aug 1),train,3245,aug_1
13692,M003P007A003R001_AUG000,3,7,16492,1,2,300,Standing Straight-arm Chest Press With Resistance Band (aug 0),train,3246,aug_0
13693,M003P007A003R001_AUG001,3,7,16493,1,2,300,Standing Straight-arm Chest Press With Resistance Band (aug 1),train,3246,aug_1
13694,M003P007A003R002_AUG000,3,7,16494,2,2,300,Standing Straight-arm Chest Press With Resistance Band (aug 0),train,3247,aug_0
13695,M003P007A003R002_AUG001,3,7,16495,2,2,300,Standing Straight-arm Chest Press With Resistance Band (aug 1),train,3247,aug_1
13696,M003P007A003R003_AUG000,3,7,16496,3,2,300,Standing Straight-arm Chest Press With Resistance Band (aug 0),train,3248,aug_0
13697,M003P007A003R003_AUG001,3,7,16497,3,2,300,Standing Straight-arm Chest Press With Resistance Band (aug 1),train,3248,aug_1
13698,M003P007A004R001_AUG000,3,7,16498,1,3,300,Small Dumbbell Floor Flies (aug 0),train,3249,aug_0
13699,M003P007A004R001_AUG001,3,7,16499,1,3,300,Small Dumbbell Floor Flies (aug 1),train,3249,aug_1
13700,M003P007A004R002_AUG000,3,7,16500,2,3,300,Small Dumbbell Floor Flies (aug 0),train,3250,aug_0
13701,M003P007A004R002_AUG001,3,7,16501,2,3,300,Small Dumbbell Floor Flies (aug 1),train,3250,aug_1
13702,M003P007A004R003_AUG000,3,7,16502,3,3,300,Small Dumbbell Floor Flies (aug 0),train,3251,aug_0
13703,M003P007A004R003_AUG001,3,7,16503,3,3,300,Small Dumbbell Floor Flies (aug 1),train,3251,aug_1
13704,M003P007A005R001_AUG000,3,7,16504,1,4,300,Chest Fly (aug 0),train,3252,aug_0
13705,M003P007A005R001_AUG001,3,7,16505,1,4,300,Chest Fly (aug 1),train,3252,aug_1
13706,M003P007A005R002_AUG000,3,7,16506,2,4,300,Chest Fly (aug 0),train,3253,aug_0
13707,M003P007A005R002_AUG001,3,7,16507,2,4,300,Chest Fly (aug 1),train,3253,aug_1
13708,M003P007A005R003_AUG000,3,7,16508,3,4,300,Chest Fly (aug 0),train,3254,aug_0
13709,M003P007A005R003_AUG001,3,7,16509,3,4,300,Chest Fly (aug 1),train,3254,aug_1
13710,M003P007A006R001_AUG000,3,7,16510,1,5,300,Push-ups (aug 0),train,3255,aug_0
13711,M003P007A006R001_AUG001,3,7,16511,1,5,300,Push-ups (aug 1),train,3255,aug_1
13712,M003P007A006R002_AUG000,3,7,16512,2,5,300,Push-ups (aug 0),train,3256,aug_0
13713,M003P007A006R002_AUG001,3,7,16513,2,5,300,Push-ups (aug 1),train,3256,aug_1
13714,M003P007A006R003_AUG000,3,7,16514,3,5,300,Push-ups (aug 0),train,3257,aug_0
13715,M003P007A006R003_AUG001,3,7,16515,3,5,300,Push-ups (aug 1),train,3257,aug_1
13716,M003P007A007R001_AUG000,3,7,16516,1,6,300,Bent-over W-shape Stretch (aug 0),train,3258,aug_0
13717,M003P007A007R001_AUG001,3,7,16517,1,6,300,Bent-over W-shape Stretch (aug 1),train,3258,aug_1
13718,M003P007A007R002_AUG000,3,7,16518,2,6,300,Bent-over W-shape Stretch (aug 0),train,3259,aug_0
13719,M003P007A007R002_AUG001,3,7,16519,2,6,300,Bent-over W-shape Stretch (aug 1),train,3259,aug_1
13720,M003P007A007R003_AUG000,3,7,16520,3,6,300,Bent-over W-shape Stretch (aug 0),train,3260,aug_0
13721,M003P007A007R003_AUG001,3,7,16521,3,6,300,Bent-over W-shape Stretch (aug 1),train,3260,aug_1
13722,M003P007A008R001_AUG000,3,7,16522,1,7,300,Bent-over Y-shape Stretch (aug 0),train,3261,aug_0
13723,M003P007A008R001_AUG001,3,7,16523,1,7,300,Bent-over Y-shape Stretch (aug 1),train,3261,aug_1
13724,M003P007A008R002_AUG000,3,7,16524,2,7,300,Bent-over Y-shape Stretch (aug 0),train,3262,aug_0
13725,M003P007A008R002_AUG001,3,7,16525,2,7,300,Bent-over Y-shape Stretch (aug 1),train,3262,aug_1
13726,M003P007A008R003_AUG000,3,7,16526,3,7,300,Bent-over Y-shape Stretch (aug 0),train,3263,aug_0
13727,M003P007A008R003_AUG001,3,7,16527,3,7,300,Bent-over Y-shape Stretch (aug 1),train,3263,aug_1
13728,M003P007A009R001_AUG000,3,7,16528,1,8,300,Bent-over A-shape Stretch (aug 0),train,3264,aug_0
13729,M003P007A009R001_AUG001,3,7,16529,1,8,300,Bent-over A-shape Stretch (aug 1),train,3264,aug_1
13730,M003P007A009R002_AUG000,3,7,16530,2,8,300,Bent-over A-shape Stretch (aug 0),train,3265,aug_0
13731,M003P007A009R002_AUG001,3,7,16531,2,8,300,Bent-over A-shape Stretch (aug 1),train,3265,aug_1
13732,M003P007A009R003_AUG000,3,7,16532,3,8,300,Bent-over A-shape Stretch (aug 0),train,3266,aug_0
13733,M003P007A009R003_AUG001,3,7,16533,3,8,300,Bent-over A-shape Stretch (aug 1),train,3266,aug_1
13734,M003P007A010R001_AUG000,3,7,16534,1,9,300,Squat With Arm Lift (aug 0),train,3267,aug_0
13735,M003P007A010R001_AUG001,3,7,16535,1,9,300,Squat With Arm Lift (aug 1),train,3267,aug_1
13736,M003P007A010R002_AUG000,3,7,16536,2,9,300,Squat With Arm Lift (aug 0),train,3268,aug_0
13737,M003P007A010R002_AUG001,3,7,16537,2,9,300,Squat With Arm Lift (aug 1),train,3268,aug_1
13738,M003P007A010R003_AUG000,3,7,16538,3,9,300,Squat With Arm Lift (aug 0),train,3269,aug_0
13739,M003P007A010R003_AUG001,3,7,16539,3,9,300,Squat With Arm Lift (aug 1),train,3269,aug_1
13740,M003P007A011R001_AUG000,3,7,16540,1,10,300,Breaststroke Arm Pull (aug 0),train,3270,aug_0
13741,M003P007A011R001_AUG001,3,7,16541,1,10,300,Breaststroke Arm Pull (aug 1),train,3270,aug_1
13742,M003P007A011R002_AUG000,3,7,16542,2,10,300,Breaststroke Arm Pull (aug 0),train,3271,aug_0
13743,M003P007A011R002_AUG001,3,7,16543,2,10,300,Breaststroke Arm Pull (aug 1),train,3271,aug_1
13744,M003P007A011R003_AUG000,3,7,16544,3,10,300,Breaststroke Arm Pull (aug 0),train,3272,aug_0
13745,M003P007A011R003_AUG001,3,7,16545,3,10,300,Breaststroke Arm Pull (aug 1),train,3272,aug_1
13746,M003P007A012R001_AUG000,3,7,16546,1,11,300,Prone Y-shape Stretch (aug 0),train,3273,aug_0
13747,M003P007A012R001_AUG001,3,7,16547,1,11,300,Prone Y-shape Stretch (aug 1),train,3273,aug_1
13748,M003P007A012R002_AUG000,3,7,16548,2,11,300,Prone Y-shape Stretch (aug 0),train,3274,aug_0
13749,M003P007A012R002_AUG001,3,7,16549,2,11,300,Prone Y-shape Stretch (aug 1),train,3274,aug_1
13750,M003P007A012R003_AUG000,3,7,16550,3,11,300,Prone Y-shape Stretch (aug 0),train,3275,aug_0
13751,M003P007A012R003_AUG001,3,7,16551,3,11,300,Prone Y-shape Stretch (aug 1),train,3275,aug_1
13752,M003P007A013R001_AUG000,3,7,16552,1,12,300,Lateral Raise Forward Circles (aug 0),train,3276,aug_0
13753,M003P007A013R001_AUG001,3,7,16553,1,12,300,Lateral Raise Forward Circles (aug 1),train,3276,aug_1
13754,M003P007A013R002_AUG000,3,7,16554,2,12,300,Lateral Raise Forward Circles (aug 0),train,3277,aug_0
13755,M003P007A013R002_AUG001,3,7,16555,2,12,300,Lateral Raise Forward Circles (aug 1),train,3277,aug_1
13756,M003P007A013R003_AUG000,3,7,16556,3,12,300,Lateral Raise Forward Circles (aug 0),train,3278,aug_0
13757,M003P007A013R003_AUG001,3,7,16557,3,12,300,Lateral Raise Forward Circles (aug 1),train,3278,aug_1
13758,M003P007A014R001_AUG000,3,7,16558,1,13,300,Lateral Raise Backward Circles (aug 0),train,3279,aug_0
13759,M003P007A014R001_AUG001,3,7,16559,1,13,300,Lateral Raise Backward Circles (aug 1),train,3279,aug_1
13760,M003P007A014R002_AUG000,3,7,16560,2,13,300,Lateral Raise Backward Circles (aug 0),train,3280,aug_0
13761,M003P007A014R002_AUG001,3,7,16561,2,13,300,Lateral Raise Backward Circles (aug 1),train,3280,aug_1
13762,M003P007A014R003_AUG000,3,7,16562,3,13,300,Lateral Raise Backward Circles (aug 0),train,3281,aug_0
13763,M003P007A014R003_AUG001,3,7,16563,3,13,300,Lateral Raise Backward Circles (aug 1),train,3281,aug_1
13764,M003P007A015R001_AUG000,3,7,16564,1,14,300,Lying Shoulder Joint Upward Round (aug 0),train,3282,aug_0
13765,M003P007A015R001_AUG001,3,7,16565,1,14,300,Lying Shoulder Joint Upward Round (aug 1),train,3282,aug_1
13766,M003P007A015R002_AUG000,3,7,16566,2,14,300,Lying Shoulder Joint Upward Round (aug 0),train,3283,aug_0
13767,M003P007A015R002_AUG001,3,7,16567,2,14,300,Lying Shoulder Joint Upward Round (aug 1),train,3283,aug_1
13768,M003P007A015R003_AUG000,3,7,16568,3,14,300,Lying Shoulder Joint Upward Round (aug 0),train,3284,aug_0
13769,M003P007A015R003_AUG001,3,7,16569,3,14,300,Lying Shoulder Joint Upward Round (aug 1),train,3284,aug_1
13770,M003P007A016R001_AUG000,3,7,16570,1,15,300,Lying Shoulder Joint Downward Round (aug 0),train,3285,aug_0
13771,M003P007A016R001_AUG001,3,7,16571,1,15,300,Lying Shoulder Joint Downward Round (aug 1),train,3285,aug_1
13772,M003P007A016R002_AUG000,3,7,16572,2,15,300,Lying Shoulder Joint Downward Round (aug 0),train,3286,aug_0
13773,M003P007A016R002_AUG001,3,7,16573,2,15,300,Lying Shoulder Joint Downward Round (aug 1),train,3286,aug_1
13774,M003P007A016R003_AUG000,3,7,16574,3,15,300,Lying Shoulder Joint Downward Round (aug 0),train,3287,aug_0
13775,M003P007A016R003_AUG001,3,7,16575,3,15,300,Lying Shoulder Joint Downward Round (aug 1),train,3287,aug_1
13776,M003P007A017R001_AUG000,3,7,16576,1,16,300,Bare-handed Full Lateral Raise (aug 0),train,3288,aug_0
13777,M003P007A017R001_AUG001,3,7,16577,1,16,300,Bare-handed Full Lateral Raise (aug 1),train,3288,aug_1
13778,M003P007A017R002_AUG000,3,7,16578,2,16,300,Bare-handed Full Lateral Raise (aug 0),train,3289,aug_0
13779,M003P007A017R002_AUG001,3,7,16579,2,16,300,Bare-handed Full Lateral Raise (aug 1),train,3289,aug_1
13780,M003P007A017R003_AUG000,3,7,16580,3,16,300,Bare-handed Full Lateral Raise (aug 0),train,3290,aug_0
13781,M003P007A017R003_AUG001,3,7,16581,3,16,300,Bare-handed Full Lateral Raise (aug 1),train,3290,aug_1
13782,M003P007A018R001_AUG000,3,7,16582,1,17,300,Bare-handed Cuban Press (aug 0),train,3291,aug_0
13783,M003P007A018R001_AUG001,3,7,16583,1,17,300,Bare-handed Cuban Press (aug 1),train,3291,aug_1
13784,M003P007A018R002_AUG000,3,7,16584,2,17,300,Bare-handed Cuban Press (aug 0),train,3292,aug_0
13785,M003P007A018R002_AUG001,3,7,16585,2,17,300,Bare-handed Cuban Press (aug 1),train,3292,aug_1
13786,M003P007A018R003_AUG000,3,7,16586,3,17,300,Bare-handed Cuban Press (aug 0),train,3293,aug_0
13787,M003P007A018R003_AUG001,3,7,16587,3,17,300,Bare-handed Cuban Press (aug 1),train,3293,aug_1
13788,M003P007A019R001_AUG000,3,7,16588,1,18,300,Fortune Cat (aug 0),train,3294,aug_0
13789,M003P007A019R001_AUG001,3,7,16589,1,18,300,Fortune Cat (aug 1),train,3294,aug_1
13790,M003P007A019R002_AUG000,3,7,16590,2,18,300,Fortune Cat (aug 0),train,3295,aug_0
13791,M003P007A019R002_AUG001,3,7,16591,2,18,300,Fortune Cat (aug 1),train,3295,aug_1
13792,M003P007A019R003_AUG000,3,7,16592,3,18,300,Fortune Cat (aug 0),train,3296,aug_0
13793,M003P007A019R003_AUG001,3,7,16593,3,18,300,Fortune Cat (aug 1),train,3296,aug_1
13794,M003P007A020R001_AUG000,3,7,16594,1,19,300,Dumbbell Curls (aug 0),train,3297,aug_0
13795,M003P007A020R001_AUG001,3,7,16595,1,19,300,Dumbbell Curls (aug 1),train,3297,aug_1
13796,M003P007A020R002_AUG000,3,7,16596,2,19,300,Dumbbell Curls (aug 0),train,3298,aug_0
13797,M003P007A020R002_AUG001,3,7,16597,2,19,300,Dumbbell Curls (aug 1),train,3298,aug_1
13798,M003P007A020R003_AUG000,3,7,16598,3,19,300,Dumbbell Curls (aug 0),train,3299,aug_0
13799,M003P007A020R003_AUG001,3,7,16599,3,19,300,Dumbbell Curls (aug 1),train,3299,aug_1
13800,M003P007A021R001_AUG000,3,7,16600,1,20,300,Alternate Dumbbell Curls (aug 0),train,3300,aug_0
13801,M003P007A021R001_AUG001,3,7,16601,1,20,300,Alternate Dumbbell Curls (aug 1),train,3300,aug_1
13802,M003P007A021R002_AUG000,3,7,16602,2,20,300,Alternate Dumbbell Curls (aug 0),train,3301,aug_0
13803,M003P007A021R002_AUG001,3,7,16603,2,20,300,Alternate Dumbbell Curls (aug 1),train,3301,aug_1
13804,M003P007A021R003_AUG000,3,7,16604,3,20,300,Alternate Dumbbell Curls (aug 0),train,3302,aug_0
13805,M003P007A021R003_AUG001,3,7,16605,3,20,300,Alternate Dumbbell Curls (aug 1),train,3302,aug_1
13806,M003P007A022R001_AUG000,3,7,16606,1,21,300,Right-side Kettlebell Bent-over Row (aug 0),train,3303,aug_0
13807,M003P007A022R001_AUG001,3,7,16607,1,21,300,Right-side Kettlebell Bent-over Row (aug 1),train,3303,aug_1
13808,M003P007A022R002_AUG000,3,7,16608,2,21,300,Right-side Kettlebell Bent-over Row (aug 0),train,3304,aug_0
13809,M003P007A022R002_AUG001,3,7,16609,2,21,300,Right-side Kettlebell Bent-over Row (aug 1),train,3304,aug_1
13810,M003P007A022R003_AUG000,3,7,16610,3,21,300,Right-side Kettlebell Bent-over Row (aug 0),train,3305,aug_0
13811,M003P007A022R003_AUG001,3,7,16611,3,21,300,Right-side Kettlebell Bent-over Row (aug 1),train,3305,aug_1
13812,M003P007A023R001_AUG000,3,7,16612,1,22,300,Wrist Joint Warm-up (aug 0),train,3306,aug_0
13813,M003P007A023R001_AUG001,3,7,16613,1,22,300,Wrist Joint Warm-up (aug 1),train,3306,aug_1
13814,M003P007A023R002_AUG000,3,7,16614,2,22,300,Wrist Joint Warm-up (aug 0),train,3307,aug_0
13815,M003P007A023R002_AUG001,3,7,16615,2,22,300,Wrist Joint Warm-up (aug 1),train,3307,aug_1
13816,M003P007A023R003_AUG000,3,7,16616,3,22,300,Wrist Joint Warm-up (aug 0),train,3308,aug_0
13817,M003P007A023R003_AUG001,3,7,16617,3,22,300,Wrist Joint Warm-up (aug 1),train,3308,aug_1
13818,M003P007A024R001_AUG000,3,7,16618,1,23,300,Right-side Bent-over Tricep Extension With Resistance Band (aug 0),train,3309,aug_0
13819,M003P007A024R001_AUG001,3,7,16619,1,23,300,Right-side Bent-over Tricep Extension With Resistance Band (aug 1),train,3309,aug_1
13820,M003P007A024R002_AUG000,3,7,16620,2,23,300,Right-side Bent-over Tricep Extension With Resistance Band (aug 0),train,3310,aug_0
13821,M003P007A024R002_AUG001,3,7,16621,2,23,300,Right-side Bent-over Tricep Extension With Resistance Band (aug 1),train,3310,aug_1
13822,M003P007A024R003_AUG000,3,7,16622,3,23,300,Right-side Bent-over Tricep Extension With Resistance Band (aug 0),train,3311,aug_0
13823,M003P007A024R003_AUG001,3,7,16623,3,23,300,Right-side Bent-over Tricep Extension With Resistance Band (aug 1),train,3311,aug_1
13824,M003P007A025R001_AUG000,3,7,16624,1,24,300,Bent-over Dumbbell Tricep Extension (aug 0),train,3312,aug_0
13825,M003P007A025R001_AUG001,3,7,16625,1,24,300,Bent-over Dumbbell Tricep Extension (aug 1),train,3312,aug_1
13826,M003P007A025R002_AUG000,3,7,16626,2,24,300,Bent-over Dumbbell Tricep Extension (aug 0),train,3313,aug_0
13827,M003P007A025R002_AUG001,3,7,16627,2,24,300,Bent-over Dumbbell Tricep Extension (aug 1),train,3313,aug_1
13828,M003P007A025R003_AUG000,3,7,16628,3,24,300,Bent-over Dumbbell Tricep Extension (aug 0),train,3314,aug_0
13829,M003P007A025R003_AUG001,3,7,16629,3,24,300,Bent-over Dumbbell Tricep Extension (aug 1),train,3314,aug_1
13830,M003P007A026R001_AUG000,3,7,16630,1,25,300,Nod And Raise Head (aug 0),train,3315,aug_0
13831,M003P007A026R001_AUG001,3,7,16631,1,25,300,Nod And Raise Head (aug 1),train,3315,aug_1
13832,M003P007A026R002_AUG000,3,7,16632,2,25,300,Nod And Raise Head (aug 0),train,3316,aug_0
13833,M003P007A026R002_AUG001,3,7,16633,2,25,300,Nod And Raise Head (aug 1),train,3316,aug_1
13834,M003P007A026R003_AUG000,3,7,16634,3,25,300,Nod And Raise Head (aug 0),train,3317,aug_0
13835,M003P007A026R003_AUG001,3,7,16635,3,25,300,Nod And Raise Head (aug 1),train,3317,aug_1
13836,M003P007A027R001_AUG000,3,7,16636,1,26,300,Two-way Head Turn (aug 0),train,3318,aug_0
13837,M003P007A027R001_AUG001,3,7,16637,1,26,300,Two-way Head Turn (aug 1),train,3318,aug_1
13838,M003P007A027R002_AUG000,3,7,16638,2,26,300,Two-way Head Turn (aug 0),train,3319,aug_0
13839,M003P007A027R002_AUG001,3,7,16639,2,26,300,Two-way Head Turn (aug 1),train,3319,aug_1
13840,M003P007A027R003_AUG000,3,7,16640,3,26,300,Two-way Head Turn (aug 0),train,3320,aug_0
13841,M003P007A027R003_AUG001,3,7,16641,3,26,300,Two-way Head Turn (aug 1),train,3320,aug_1
13842,M003P007A028R001_AUG000,3,7,16642,1,27,300,Shrug And Sink The Shoulders (aug 0),train,3321,aug_0
13843,M003P007A028R001_AUG001,3,7,16643,1,27,300,Shrug And Sink The Shoulders (aug 1),train,3321,aug_1
13844,M003P007A028R002_AUG000,3,7,16644,2,27,300,Shrug And Sink The Shoulders (aug 0),train,3322,aug_0
13845,M003P007A028R002_AUG001,3,7,16645,2,27,300,Shrug And Sink The Shoulders (aug 1),train,3322,aug_1
13846,M003P007A028R003_AUG000,3,7,16646,3,27,300,Shrug And Sink The Shoulders (aug 0),train,3323,aug_0
13847,M003P007A028R003_AUG001,3,7,16647,3,27,300,Shrug And Sink The Shoulders (aug 1),train,3323,aug_1
13848,M003P007A029R001_AUG000,3,7,16648,1,28,300,Four-way Nod Head (aug 0),train,3324,aug_0
13849,M003P007A029R001_AUG001,3,7,16649,1,28,300,Four-way Nod Head (aug 1),train,3324,aug_1
13850,M003P007A029R002_AUG000,3,7,16650,2,28,300,Four-way Nod Head (aug 0),train,3325,aug_0
13851,M003P007A029R002_AUG001,3,7,16651,2,28,300,Four-way Nod Head (aug 1),train,3325,aug_1
13852,M003P007A029R003_AUG000,3,7,16652,3,28,300,Four-way Nod Head (aug 0),train,3326,aug_0
13853,M003P007A029R003_AUG001,3,7,16653,3,28,300,Four-way Nod Head (aug 1),train,3326,aug_1
13854,M003P007A030R001_AUG000,3,7,16654,1,29,300,Lying Alternate Upper-half Leg Raise (aug 0),train,3327,aug_0
13855,M003P007A030R001_AUG001,3,7,16655,1,29,300,Lying Alternate Upper-half Leg Raise (aug 1),train,3327,aug_1
13856,M003P007A030R002_AUG000,3,7,16656,2,29,300,Lying Alternate Upper-half Leg Raise (aug 0),train,3328,aug_0
13857,M003P007A030R002_AUG001,3,7,16657,2,29,300,Lying Alternate Upper-half Leg Raise (aug 1),train,3328,aug_1
13858,M003P007A030R003_AUG000,3,7,16658,3,29,300,Lying Alternate Upper-half Leg Raise (aug 0),train,3329,aug_0
13859,M003P007A030R003_AUG001,3,7,16659,3,29,300,Lying Alternate Upper-half Leg Raise (aug 1),train,3329,aug_1
13860,M003P007A031R001_AUG000,3,7,16660,1,30,300,Half Roll Back (aug 0),train,3330,aug_0
13861,M003P007A031R001_AUG001,3,7,16661,1,30,300,Half Roll Back (aug 1),train,3330,aug_1
13862,M003P007A031R002_AUG000,3,7,16662,2,30,300,Half Roll Back (aug 0),train,3331,aug_0
13863,M003P007A031R002_AUG001,3,7,16663,2,30,300,Half Roll Back (aug 1),train,3331,aug_1
13864,M003P007A031R003_AUG000,3,7,16664,3,30,300,Half Roll Back (aug 0),train,3332,aug_0
13865,M003P007A031R003_AUG001,3,7,16665,3,30,300,Half Roll Back (aug 1),train,3332,aug_1
13866,M003P007A032R001_AUG000,3,7,16666,1,31,300,Kneeling Right-side Torso Twist (aug 0),train,3333,aug_0
13867,M003P007A032R001_AUG001,3,7,16667,1,31,300,Kneeling Right-side Torso Twist (aug 1),train,3333,aug_1
13868,M003P007A032R002_AUG000,3,7,16668,2,31,300,Kneeling Right-side Torso Twist (aug 0),train,3334,aug_0
13869,M003P007A032R002_AUG001,3,7,16669,2,31,300,Kneeling Right-side Torso Twist (aug 1),train,3334,aug_1
13870,M003P007A032R003_AUG000,3,7,16670,3,31,300,Kneeling Right-side Torso Twist (aug 0),train,3335,aug_0
13871,M003P007A032R003_AUG001,3,7,16671,3,31,300,Kneeling Right-side Torso Twist (aug 1),train,3335,aug_1
13872,M003P007A033R001_AUG000,3,7,16672,1,32,300,Left-side Knee Raise And Abdominal Muscles Contract (aug 0),train,3336,aug_0
13873,M003P007A033R001_AUG001,3,7,16673,1,32,300,Left-side Knee Raise And Abdominal Muscles Contract (aug 1),train,3336,aug_1
13874,M003P007A033R002_AUG000,3,7,16674,2,32,300,Left-side Knee Raise And Abdominal Muscles Contract (aug 0),train,3337,aug_0
13875,M003P007A033R002_AUG001,3,7,16675,2,32,300,Left-side Knee Raise And Abdominal Muscles Contract (aug 1),train,3337,aug_1
13876,M003P007A033R003_AUG000,3,7,16676,3,32,300,Left-side Knee Raise And Abdominal Muscles Contract (aug 0),train,3338,aug_0
13877,M003P007A033R003_AUG001,3,7,16677,3,32,300,Left-side Knee Raise And Abdominal Muscles Contract (aug 1),train,3338,aug_1
13878,M003P007A034R001_AUG000,3,7,16678,1,33,300,Kneeling Right Leg Backward Stretch (aug 0),train,3339,aug_0
13879,M003P007A034R001_AUG001,3,7,16679,1,33,300,Kneeling Right Leg Backward Stretch (aug 1),train,3339,aug_1
13880,M003P007A034R002_AUG000,3,7,16680,2,33,300,Kneeling Right Leg Backward Stretch (aug 0),train,3340,aug_0
13881,M003P007A034R002_AUG001,3,7,16681,2,33,300,Kneeling Right Leg Backward Stretch (aug 1),train,3340,aug_1
13882,M003P007A034R003_AUG000,3,7,16682,3,33,300,Kneeling Right Leg Backward Stretch (aug 0),train,3341,aug_0
13883,M003P007A034R003_AUG001,3,7,16683,3,33,300,Kneeling Right Leg Backward Stretch (aug 1),train,3341,aug_1
13884,M003P007A035R001_AUG000,3,7,16684,1,34,300,Kneeling Right Arm Raise (aug 0),train,3342,aug_0
13885,M003P007A035R001_AUG001,3,7,16685,1,34,300,Kneeling Right Arm Raise (aug 1),train,3342,aug_1
13886,M003P007A035R002_AUG000,3,7,16686,2,34,300,Kneeling Right Arm Raise (aug 0),train,3343,aug_0
13887,M003P007A035R002_AUG001,3,7,16687,2,34,300,Kneeling Right Arm Raise (aug 1),train,3343,aug_1
13888,M003P007A035R003_AUG000,3,7,16688,3,34,300,Kneeling Right Arm Raise (aug 0),train,3344,aug_0
13889,M003P007A035R003_AUG001,3,7,16689,3,34,300,Kneeling Right Arm Raise (aug 1),train,3344,aug_1
13890,M003P007A036R001_AUG000,3,7,16690,1,35,300,Shoulder Bridge (aug 0),train,3345,aug_0
13891,M003P007A036R001_AUG001,3,7,16691,1,35,300,Shoulder Bridge (aug 1),train,3345,aug_1
13892,M003P007A036R002_AUG000,3,7,16692,2,35,300,Shoulder Bridge (aug 0),train,3346,aug_0
13893,M003P007A036R002_AUG001,3,7,16693,2,35,300,Shoulder Bridge (aug 1),train,3346,aug_1
13894,M003P007A036R003_AUG000,3,7,16694,3,35,300,Shoulder Bridge (aug 0),train,3347,aug_0
13895,M003P007A036R003_AUG001,3,7,16695,3,35,300,Shoulder Bridge (aug 1),train,3347,aug_1
13896,M003P007A037R001_AUG000,3,7,16696,1,36,300,Prone Press-ups (aug 0),train,3348,aug_0
13897,M003P007A037R001_AUG001,3,7,16697,1,36,300,Prone Press-ups (aug 1),train,3348,aug_1
13898,M003P007A037R002_AUG000,3,7,16698,2,36,300,Prone Press-ups (aug 0),train,3349,aug_0
13899,M003P007A037R002_AUG001,3,7,16699,2,36,300,Prone Press-ups (aug 1),train,3349,aug_1
13900,M003P007A037R003_AUG000,3,7,16700,3,36,300,Prone Press-ups (aug 0),train,3350,aug_0
13901,M003P007A037R003_AUG001,3,7,16701,3,36,300,Prone Press-ups (aug 1),train,3350,aug_1
13902,M003P007A038R001_AUG000,3,7,16702,1,37,300,Bent-over Torso Rotation (aug 0),train,3351,aug_0
13903,M003P007A038R001_AUG001,3,7,16703,1,37,300,Bent-over Torso Rotation (aug 1),train,3351,aug_1
13904,M003P007A038R002_AUG000,3,7,16704,2,37,300,Bent-over Torso Rotation (aug 0),train,3352,aug_0
13905,M003P007A038R002_AUG001,3,7,16705,2,37,300,Bent-over Torso Rotation (aug 1),train,3352,aug_1
13906,M003P007A038R003_AUG000,3,7,16706,3,37,300,Bent-over Torso Rotation (aug 0),train,3353,aug_0
13907,M003P007A038R003_AUG001,3,7,16707,3,37,300,Bent-over Torso Rotation (aug 1),train,3353,aug_1
13908,M003P007A039R001_AUG000,3,7,16708,1,38,300,Lying Arm Pull (aug 0),train,3354,aug_0
13909,M003P007A039R001_AUG001,3,7,16709,1,38,300,Lying Arm Pull (aug 1),train,3354,aug_1
13910,M003P007A039R002_AUG000,3,7,16710,2,38,300,Lying Arm Pull (aug 0),train,3355,aug_0
13911,M003P007A039R002_AUG001,3,7,16711,2,38,300,Lying Arm Pull (aug 1),train,3355,aug_1
13912,M003P007A039R003_AUG000,3,7,16712,3,38,300,Lying Arm Pull (aug 0),train,3356,aug_0
13913,M003P007A039R003_AUG001,3,7,16713,3,38,300,Lying Arm Pull (aug 1),train,3356,aug_1
13914,M003P007A040R001_AUG000,3,7,16714,1,39,300,Prone Press Up With Torso Rotation (aug 0),train,3357,aug_0
13915,M003P007A040R001_AUG001,3,7,16715,1,39,300,Prone Press Up With Torso Rotation (aug 1),train,3357,aug_1
13916,M003P007A040R002_AUG000,3,7,16716,2,39,300,Prone Press Up With Torso Rotation (aug 0),train,3358,aug_0
13917,M003P007A040R002_AUG001,3,7,16717,2,39,300,Prone Press Up With Torso Rotation (aug 1),train,3358,aug_1
13918,M003P007A040R003_AUG000,3,7,16718,3,39,300,Prone Press Up With Torso Rotation (aug 0),train,3359,aug_0
13919,M003P007A040R003_AUG001,3,7,16719,3,39,300,Prone Press Up With Torso Rotation (aug 1),train,3359,aug_1
13920,M003P007A041R001_AUG000,3,7,16720,1,40,300,Breaststroke Push-ups (aug 0),train,3360,aug_0
13921,M003P007A041R001_AUG001,3,7,16721,1,40,300,Breaststroke Push-ups (aug 1),train,3360,aug_1
13922,M003P007A041R002_AUG000,3,7,16722,2,40,300,Breaststroke Push-ups (aug 0),train,3361,aug_0
13923,M003P007A041R002_AUG001,3,7,16723,2,40,300,Breaststroke Push-ups (aug 1),train,3361,aug_1
13924,M003P007A041R003_AUG000,3,7,16724,3,40,300,Breaststroke Push-ups (aug 0),train,3362,aug_0
13925,M003P007A041R003_AUG001,3,7,16725,3,40,300,Breaststroke Push-ups (aug 1),train,3362,aug_1
13926,M003P007A042R001_AUG000,3,7,16726,1,41,300,Sit-ups (aug 0),train,3363,aug_0
13927,M003P007A042R001_AUG001,3,7,16727,1,41,300,Sit-ups (aug 1),train,3363,aug_1
13928,M003P007A042R002_AUG000,3,7,16728,2,41,300,Sit-ups (aug 0),train,3364,aug_0
13929,M003P007A042R002_AUG001,3,7,16729,2,41,300,Sit-ups (aug 1),train,3364,aug_1
13930,M003P007A042R003_AUG000,3,7,16730,3,41,300,Sit-ups (aug 0),train,3365,aug_0
13931,M003P007A042R003_AUG001,3,7,16731,3,41,300,Sit-ups (aug 1),train,3365,aug_1
13932,M003P007A043R001_AUG000,3,7,16732,1,42,300,Side-lying Left Leg Forward Raise (aug 0),train,3366,aug_0
13933,M003P007A043R001_AUG001,3,7,16733,1,42,300,Side-lying Left Leg Forward Raise (aug 1),train,3366,aug_1
13934,M003P007A043R002_AUG000,3,7,16734,2,42,300,Side-lying Left Leg Forward Raise (aug 0),train,3367,aug_0
13935,M003P007A043R002_AUG001,3,7,16735,2,42,300,Side-lying Left Leg Forward Raise (aug 1),train,3367,aug_1
13936,M003P007A043R003_AUG000,3,7,16736,3,42,300,Side-lying Left Leg Forward Raise (aug 0),train,3368,aug_0
13937,M003P007A043R003_AUG001,3,7,16737,3,42,300,Side-lying Left Leg Forward Raise (aug 1),train,3368,aug_1
13938,M003P007A044R001_AUG000,3,7,16738,1,43,300,Right Leg Reverse Lunge (aug 0),train,3369,aug_0
13939,M003P007A044R001_AUG001,3,7,16739,1,43,300,Right Leg Reverse Lunge (aug 1),train,3369,aug_1
13940,M003P007A044R002_AUG000,3,7,16740,2,43,300,Right Leg Reverse Lunge (aug 0),train,3370,aug_0
13941,M003P007A044R002_AUG001,3,7,16741,2,43,300,Right Leg Reverse Lunge (aug 1),train,3370,aug_1
13942,M003P007A044R003_AUG000,3,7,16742,3,43,300,Right Leg Reverse Lunge (aug 0),train,3371,aug_0
13943,M003P007A044R003_AUG001,3,7,16743,3,43,300,Right Leg Reverse Lunge (aug 1),train,3371,aug_1
13944,M003P007A045R001_AUG000,3,7,16744,1,44,300,Kneeling Left Knee Lift (aug 0),train,3372,aug_0
13945,M003P007A045R001_AUG001,3,7,16745,1,44,300,Kneeling Left Knee Lift (aug 1),train,3372,aug_1
13946,M003P007A045R002_AUG000,3,7,16746,2,44,300,Kneeling Left Knee Lift (aug 0),train,3373,aug_0
13947,M003P007A045R002_AUG001,3,7,16747,2,44,300,Kneeling Left Knee Lift (aug 1),train,3373,aug_1
13948,M003P007A045R003_AUG000,3,7,16748,3,44,300,Kneeling Left Knee Lift (aug 0),train,3374,aug_0
13949,M003P007A045R003_AUG001,3,7,16749,3,44,300,Kneeling Left Knee Lift (aug 1),train,3374,aug_1
13950,M003P007A046R001_AUG000,3,7,16750,1,45,300,Alternate Reverse Lunge (aug 0),train,3375,aug_0
13951,M003P007A046R001_AUG001,3,7,16751,1,45,300,Alternate Reverse Lunge (aug 1),train,3375,aug_1
13952,M003P007A046R002_AUG000,3,7,16752,2,45,300,Alternate Reverse Lunge (aug 0),train,3376,aug_0
13953,M003P007A046R002_AUG001,3,7,16753,2,45,300,Alternate Reverse Lunge (aug 1),train,3376,aug_1
13954,M003P007A046R003_AUG000,3,7,16754,3,45,300,Alternate Reverse Lunge (aug 0),train,3377,aug_0
13955,M003P007A046R003_AUG001,3,7,16755,3,45,300,Alternate Reverse Lunge (aug 1),train,3377,aug_1
13956,M003P007A047R001_AUG000,3,7,16756,1,46,300,Side-lying Right Leg Backward Kick (aug 0),train,3378,aug_0
13957,M003P007A047R001_AUG001,3,7,16757,1,46,300,Side-lying Right Leg Backward Kick (aug 1),train,3378,aug_1
13958,M003P007A047R002_AUG000,3,7,16758,2,46,300,Side-lying Right Leg Backward Kick (aug 0),train,3379,aug_0
13959,M003P007A047R002_AUG001,3,7,16759,2,46,300,Side-lying Right Leg Backward Kick (aug 1),train,3379,aug_1
13960,M003P007A047R003_AUG000,3,7,16760,3,46,300,Side-lying Right Leg Backward Kick (aug 0),train,3380,aug_0
13961,M003P007A047R003_AUG001,3,7,16761,3,46,300,Side-lying Right Leg Backward Kick (aug 1),train,3380,aug_1
13962,M003P007A048R001_AUG000,3,7,16762,1,47,300,Left Leg Lunge With Knee Lift (aug 0),train,3381,aug_0
13963,M003P007A048R001_AUG001,3,7,16763,1,47,300,Left Leg Lunge With Knee Lift (aug 1),train,3381,aug_1
13964,M003P007A048R002_AUG000,3,7,16764,2,47,300,Left Leg Lunge With Knee Lift (aug 0),train,3382,aug_0
13965,M003P007A048R002_AUG001,3,7,16765,2,47,300,Left Leg Lunge With Knee Lift (aug 1),train,3382,aug_1
13966,M003P007A048R003_AUG000,3,7,16766,3,47,300,Left Leg Lunge With Knee Lift (aug 0),train,3383,aug_0
13967,M003P007A048R003_AUG001,3,7,16767,3,47,300,Left Leg Lunge With Knee Lift (aug 1),train,3383,aug_1
13968,M003P007A049R001_AUG000,3,7,16768,1,48,300,Sumo Squat (aug 0),train,3384,aug_0
13969,M003P007A049R001_AUG001,3,7,16769,1,48,300,Sumo Squat (aug 1),train,3384,aug_1
13970,M003P007A049R002_AUG000,3,7,16770,2,48,300,Sumo Squat (aug 0),train,3385,aug_0
13971,M003P007A049R002_AUG001,3,7,16771,2,48,300,Sumo Squat (aug 1),train,3385,aug_1
13972,M003P007A049R003_AUG000,3,7,16772,3,48,300,Sumo Squat (aug 0),train,3386,aug_0
13973,M003P007A049R003_AUG001,3,7,16773,3,48,300,Sumo Squat (aug 1),train,3386,aug_1
13974,M003P007A050R001_AUG000,3,7,16774,1,49,300,Straight Leg Calf Raise (aug 0),train,3387,aug_0
13975,M003P007A050R001_AUG001,3,7,16775,1,49,300,Straight Leg Calf Raise (aug 1),train,3387,aug_1
13976,M003P007A050R002_AUG000,3,7,16776,2,49,300,Straight Leg Calf Raise (aug 0),train,3388,aug_0
13977,M003P007A050R002_AUG001,3,7,16777,2,49,300,Straight Leg Calf Raise (aug 1),train,3388,aug_1
13978,M003P007A050R003_AUG000,3,7,16778,3,49,300,Straight Leg Calf Raise (aug 0),train,3389,aug_0
13979,M003P007A050R003_AUG001,3,7,16779,3,49,300,Straight Leg Calf Raise (aug 1),train,3389,aug_1
13980,M003P007A051R001_AUG000,3,7,16780,1,50,300,Squat Jump (aug 0),train,3390,aug_0
13981,M003P007A051R001_AUG001,3,7,16781,1,50,300,Squat Jump (aug 1),train,3390,aug_1
13982,M003P007A051R002_AUG000,3,7,16782,2,50,300,Squat Jump (aug 0),train,3391,aug_0
13983,M003P007A051R002_AUG001,3,7,16783,2,50,300,Squat Jump (aug 1),train,3391,aug_1
13984,M003P007A051R003_AUG000,3,7,16784,3,50,300,Squat Jump (aug 0),train,3392,aug_0
13985,M003P007A051R003_AUG001,3,7,16785,3,50,300,Squat Jump (aug 1),train,3392,aug_1
13986,M003P007A052R001_AUG000,3,7,16786,1,51,300,Squat With Alternate Knee Lift (aug 0),train,3393,aug_0
13987,M003P007A052R001_AUG001,3,7,16787,1,51,300,Squat With Alternate Knee Lift (aug 1),train,3393,aug_1
13988,M003P007A052R002_AUG000,3,7,16788,2,51,300,Squat With Alternate Knee Lift (aug 0),train,3394,aug_0
13989,M003P007A052R002_AUG001,3,7,16789,2,51,300,Squat With Alternate Knee Lift (aug 1),train,3394,aug_1
13990,M003P007A052R003_AUG000,3,7,16790,3,51,300,Squat With Alternate Knee Lift (aug 0),train,3395,aug_0
13991,M003P007A052R003_AUG001,3,7,16791,3,51,300,Squat With Alternate Knee Lift (aug 1),train,3395,aug_1
13992,M003P007A053R001_AUG000,3,7,16792,1,52,300,Standing Alternate Butt Kick (aug 0),train,3396,aug_0
13993,M003P007A053R001_AUG001,3,7,16793,1,52,300,Standing Alternate Butt Kick (aug 1),train,3396,aug_1
13994,M003P007A053R002_AUG000,3,7,16794,2,52,300,Standing Alternate Butt Kick (aug 0),train,3397,aug_0
13995,M003P007A053R002_AUG001,3,7,16795,2,52,300,Standing Alternate Butt Kick (aug 1),train,3397,aug_1
13996,M003P007A053R003_AUG000,3,7,16796,3,52,300,Standing Alternate Butt Kick (aug 0),train,3398,aug_0
13997,M003P007A053R003_AUG001,3,7,16797,3,52,300,Standing Alternate Butt Kick (aug 1),train,3398,aug_1
13998,M003P007A054R001_AUG000,3,7,16798,1,53,300,Knee Warm-up (aug 0),train,3399,aug_0
13999,M003P007A054R001_AUG001,3,7,16799,1,53,300,Knee Warm-up (aug 1),train,3399,aug_1
14000,M003P007A054R002_AUG000,3,7,16800,2,53,300,Knee Warm-up (aug 0),train,3400,aug_0
14001,M003P007A054R002_AUG001,3,7,16801,2,53,300,Knee Warm-up (aug 1),train,3400,aug_1
14002,M003P007A054R003_AUG000,3,7,16802,3,53,300,Knee Warm-up (aug 0),train,3401,aug_0
14003,M003P007A054R003_AUG001,3,7,16803,3,53,300,Knee Warm-up (aug 1),train,3401,aug_1
14004,M003P007A055R001_AUG000,3,7,16804,1,54,300,Butt Kicks (aug 0),train,3402,aug_0
14005,M003P007A055R001_AUG001,3,7,16805,1,54,300,Butt Kicks (aug 1),train,3402,aug_1
14006,M003P007A055R002_AUG000,3,7,16806,2,54,300,Butt Kicks (aug 0),train,3403,aug_0
14007,M003P007A055R002_AUG001,3,7,16807,2,54,300,Butt Kicks (aug 1),train,3403,aug_1
14008,M003P007A055R003_AUG000,3,7,16808,3,54,300,Butt Kicks (aug 0),train,3404,aug_0
14009,M003P007A055R003_AUG001,3,7,16809,3,54,300,Butt Kicks (aug 1),train,3404,aug_1
14010,M003P007A056R001_AUG000,3,7,16810,1,55,300,Jump Left and Right (aug 0),train,3405,aug_0
14011,M003P007A056R001_AUG001,3,7,16811,1,55,300,Jump Left and Right (aug 1),train,3405,aug_1
14012,M003P007A056R002_AUG000,3,7,16812,2,55,300,Jump Left and Right (aug 0),train,3406,aug_0
14013,M003P007A056R002_AUG001,3,7,16813,2,55,300,Jump Left and Right (aug 1),train,3406,aug_1
14014,M003P007A056R003_AUG000,3,7,16814,3,55,300,Jump Left and Right (aug 0),train,3407,aug_0
14015,M003P007A056R003_AUG001,3,7,16815,3,55,300,Jump Left and Right (aug 1),train,3407,aug_1
14016,M003P007A057R001_AUG000,3,7,16816,1,56,300,Jumping Jacks (aug 0),train,3408,aug_0
14017,M003P007A057R001_AUG001,3,7,16817,1,56,300,Jumping Jacks (aug 1),train,3408,aug_1
14018,M003P007A057R002_AUG000,3,7,16818,2,56,300,Jumping Jacks (aug 0),train,3409,aug_0
14019,M003P007A057R002_AUG001,3,7,16819,2,56,300,Jumping Jacks (aug 1),train,3409,aug_1
14020,M003P007A057R003_AUG000,3,7,16820,3,56,300,Jumping Jacks (aug 0),train,3410,aug_0
14021,M003P007A057R003_AUG001,3,7,16821,3,56,300,Jumping Jacks (aug 1),train,3410,aug_1
14022,M003P007A058R001_AUG000,3,7,16822,1,57,300,High Knee (aug 0),train,3411,aug_0
14023,M003P007A058R001_AUG001,3,7,16823,1,57,300,High Knee (aug 1),train,3411,aug_1
14024,M003P007A058R002_AUG000,3,7,16824,2,57,300,High Knee (aug 0),train,3412,aug_0
14025,M003P007A058R002_AUG001,3,7,16825,2,57,300,High Knee (aug 1),train,3412,aug_1
14026,M003P007A058R003_AUG000,3,7,16826,3,57,300,High Knee (aug 0),train,3413,aug_0
14027,M003P007A058R003_AUG001,3,7,16827,3,57,300,High Knee (aug 1),train,3413,aug_1
14028,M003P007A059R001_AUG000,3,7,16828,1,58,300,Clap Jacks (aug 0),train,3414,aug_0
14029,M003P007A059R001_AUG001,3,7,16829,1,58,300,Clap Jacks (aug 1),train,3414,aug_1
14030,M003P007A059R002_AUG000,3,7,16830,2,58,300,Clap Jacks (aug 0),train,3415,aug_0
14031,M003P007A059R002_AUG001,3,7,16831,2,58,300,Clap Jacks (aug 1),train,3415,aug_1
14032,M003P007A059R003_AUG000,3,7,16832,3,58,300,Clap Jacks (aug 0),train,3416,aug_0
14033,M003P007A059R003_AUG001,3,7,16833,3,58,300,Clap Jacks (aug 1),train,3416,aug_1
14034,M003P007A060R001_AUG000,3,7,16834,1,59,300,Run In Place With Arm Swing (aug 0),train,3417,aug_0
14035,M003P007A060R001_AUG001,3,7,16835,1,59,300,Run In Place With Arm Swing (aug 1),train,3417,aug_1
14036,M003P007A060R002_AUG000,3,7,16836,2,59,300,Run In Place With Arm Swing (aug 0),train,3418,aug_0
14037,M003P007A060R002_AUG001,3,7,16837,2,59,300,Run In Place With Arm Swing (aug 1),train,3418,aug_1
14038,M003P007A060R003_AUG000,3,7,16838,3,59,300,Run In Place With Arm Swing (aug 0),train,3419,aug_0
14039,M003P007A060R003_AUG001,3,7,16839,3,59,300,Run In Place With Arm Swing (aug 1),train,3419,aug_1
14040,M003P008A001R001_AUG000,3,8,16840,1,0,300,Svend Press (aug 0),train,3420,aug_0
14041,M003P008A001R001_AUG001,3,8,16841,1,0,300,Svend Press (aug 1),train,3420,aug_1
14042,M003P008A001R002_AUG000,3,8,16842,2,0,300,Svend Press (aug 0),train,3421,aug_0
14043,M003P008A001R002_AUG001,3,8,16843,2,0,300,Svend Press (aug 1),train,3421,aug_1
14044,M003P008A001R003_AUG000,3,8,16844,3,0,300,Svend Press (aug 0),train,3422,aug_0
14045,M003P008A001R003_AUG001,3,8,16845,3,0,300,Svend Press (aug 1),train,3422,aug_1
14046,M003P008A002R001_AUG000,3,8,16846,1,1,300,Kneeling Push-ups (aug 0),train,3423,aug_0
14047,M003P008A002R001_AUG001,3,8,16847,1,1,300,Kneeling Push-ups (aug 1),train,3423,aug_1
14048,M003P008A002R002_AUG000,3,8,16848,2,1,300,Kneeling Push-ups (aug 0),train,3424,aug_0
14049,M003P008A002R002_AUG001,3,8,16849,2,1,300,Kneeling Push-ups (aug 1),train,3424,aug_1
14050,M003P008A002R003_AUG000,3,8,16850,3,1,300,Kneeling Push-ups (aug 0),train,3425,aug_0
14051,M003P008A002R003_AUG001,3,8,16851,3,1,300,Kneeling Push-ups (aug 1),train,3425,aug_1
14052,M003P008A003R001_AUG000,3,8,16852,1,2,300,Standing Straight-arm Chest Press With Resistance Band (aug 0),train,3426,aug_0
14053,M003P008A003R001_AUG001,3,8,16853,1,2,300,Standing Straight-arm Chest Press With Resistance Band (aug 1),train,3426,aug_1
14054,M003P008A003R002_AUG000,3,8,16854,2,2,300,Standing Straight-arm Chest Press With Resistance Band (aug 0),train,3427,aug_0
14055,M003P008A003R002_AUG001,3,8,16855,2,2,300,Standing Straight-arm Chest Press With Resistance Band (aug 1),train,3427,aug_1
14056,M003P008A003R003_AUG000,3,8,16856,3,2,300,Standing Straight-arm Chest Press With Resistance Band (aug 0),train,3428,aug_0
14057,M003P008A003R003_AUG001,3,8,16857,3,2,300,Standing Straight-arm Chest Press With Resistance Band (aug 1),train,3428,aug_1
14058,M003P008A004R001_AUG000,3,8,16858,1,3,300,Small Dumbbell Floor Flies (aug 0),train,3429,aug_0
14059,M003P008A004R001_AUG001,3,8,16859,1,3,300,Small Dumbbell Floor Flies (aug 1),train,3429,aug_1
14060,M003P008A004R002_AUG000,3,8,16860,2,3,300,Small Dumbbell Floor Flies (aug 0),train,3430,aug_0
14061,M003P008A004R002_AUG001,3,8,16861,2,3,300,Small Dumbbell Floor Flies (aug 1),train,3430,aug_1
14062,M003P008A004R003_AUG000,3,8,16862,3,3,300,Small Dumbbell Floor Flies (aug 0),train,3431,aug_0
14063,M003P008A004R003_AUG001,3,8,16863,3,3,300,Small Dumbbell Floor Flies (aug 1),train,3431,aug_1
14064,M003P008A005R001_AUG000,3,8,16864,1,4,300,Chest Fly (aug 0),train,3432,aug_0
14065,M003P008A005R001_AUG001,3,8,16865,1,4,300,Chest Fly (aug 1),train,3432,aug_1
14066,M003P008A005R002_AUG000,3,8,16866,2,4,300,Chest Fly (aug 0),train,3433,aug_0
14067,M003P008A005R002_AUG001,3,8,16867,2,4,300,Chest Fly (aug 1),train,3433,aug_1
14068,M003P008A005R003_AUG000,3,8,16868,3,4,300,Chest Fly (aug 0),train,3434,aug_0
14069,M003P008A005R003_AUG001,3,8,16869,3,4,300,Chest Fly (aug 1),train,3434,aug_1
14070,M003P008A006R001_AUG000,3,8,16870,1,5,300,Push-ups (aug 0),train,3435,aug_0
14071,M003P008A006R001_AUG001,3,8,16871,1,5,300,Push-ups (aug 1),train,3435,aug_1
14072,M003P008A006R002_AUG000,3,8,16872,2,5,300,Push-ups (aug 0),train,3436,aug_0
14073,M003P008A006R002_AUG001,3,8,16873,2,5,300,Push-ups (aug 1),train,3436,aug_1
14074,M003P008A006R003_AUG000,3,8,16874,3,5,300,Push-ups (aug 0),train,3437,aug_0
14075,M003P008A006R003_AUG001,3,8,16875,3,5,300,Push-ups (aug 1),train,3437,aug_1
14076,M003P008A007R001_AUG000,3,8,16876,1,6,300,Bent-over W-shape Stretch (aug 0),train,3438,aug_0
14077,M003P008A007R001_AUG001,3,8,16877,1,6,300,Bent-over W-shape Stretch (aug 1),train,3438,aug_1
14078,M003P008A007R002_AUG000,3,8,16878,2,6,300,Bent-over W-shape Stretch (aug 0),train,3439,aug_0
14079,M003P008A007R002_AUG001,3,8,16879,2,6,300,Bent-over W-shape Stretch (aug 1),train,3439,aug_1
14080,M003P008A007R003_AUG000,3,8,16880,3,6,300,Bent-over W-shape Stretch (aug 0),train,3440,aug_0
14081,M003P008A007R003_AUG001,3,8,16881,3,6,300,Bent-over W-shape Stretch (aug 1),train,3440,aug_1
14082,M003P008A008R001_AUG000,3,8,16882,1,7,300,Bent-over Y-shape Stretch (aug 0),train,3441,aug_0
14083,M003P008A008R001_AUG001,3,8,16883,1,7,300,Bent-over Y-shape Stretch (aug 1),train,3441,aug_1
14084,M003P008A008R002_AUG000,3,8,16884,2,7,300,Bent-over Y-shape Stretch (aug 0),train,3442,aug_0
14085,M003P008A008R002_AUG001,3,8,16885,2,7,300,Bent-over Y-shape Stretch (aug 1),train,3442,aug_1
14086,M003P008A008R003_AUG000,3,8,16886,3,7,300,Bent-over Y-shape Stretch (aug 0),train,3443,aug_0
14087,M003P008A008R003_AUG001,3,8,16887,3,7,300,Bent-over Y-shape Stretch (aug 1),train,3443,aug_1
14088,M003P008A009R001_AUG000,3,8,16888,1,8,300,Bent-over A-shape Stretch (aug 0),train,3444,aug_0
14089,M003P008A009R001_AUG001,3,8,16889,1,8,300,Bent-over A-shape Stretch (aug 1),train,3444,aug_1
14090,M003P008A009R002_AUG000,3,8,16890,2,8,300,Bent-over A-shape Stretch (aug 0),train,3445,aug_0
14091,M003P008A009R002_AUG001,3,8,16891,2,8,300,Bent-over A-shape Stretch (aug 1),train,3445,aug_1
14092,M003P008A009R003_AUG000,3,8,16892,3,8,300,Bent-over A-shape Stretch (aug 0),train,3446,aug_0
14093,M003P008A009R003_AUG001,3,8,16893,3,8,300,Bent-over A-shape Stretch (aug 1),train,3446,aug_1
14094,M003P008A010R001_AUG000,3,8,16894,1,9,300,Squat With Arm Lift (aug 0),train,3447,aug_0
14095,M003P008A010R001_AUG001,3,8,16895,1,9,300,Squat With Arm Lift (aug 1),train,3447,aug_1
14096,M003P008A010R002_AUG000,3,8,16896,2,9,300,Squat With Arm Lift (aug 0),train,3448,aug_0
14097,M003P008A010R002_AUG001,3,8,16897,2,9,300,Squat With Arm Lift (aug 1),train,3448,aug_1
14098,M003P008A010R003_AUG000,3,8,16898,3,9,300,Squat With Arm Lift (aug 0),train,3449,aug_0
14099,M003P008A010R003_AUG001,3,8,16899,3,9,300,Squat With Arm Lift (aug 1),train,3449,aug_1
14100,M003P008A011R001_AUG000,3,8,16900,1,10,300,Breaststroke Arm Pull (aug 0),train,3450,aug_0
14101,M003P008A011R001_AUG001,3,8,16901,1,10,300,Breaststroke Arm Pull (aug 1),train,3450,aug_1
14102,M003P008A011R002_AUG000,3,8,16902,2,10,300,Breaststroke Arm Pull (aug 0),train,3451,aug_0
14103,M003P008A011R002_AUG001,3,8,16903,2,10,300,Breaststroke Arm Pull (aug 1),train,3451,aug_1
14104,M003P008A011R003_AUG000,3,8,16904,3,10,300,Breaststroke Arm Pull (aug 0),train,3452,aug_0
14105,M003P008A011R003_AUG001,3,8,16905,3,10,300,Breaststroke Arm Pull (aug 1),train,3452,aug_1
14106,M003P008A012R001_AUG000,3,8,16906,1,11,300,Prone Y-shape Stretch (aug 0),train,3453,aug_0
14107,M003P008A012R001_AUG001,3,8,16907,1,11,300,Prone Y-shape Stretch (aug 1),train,3453,aug_1
14108,M003P008A012R002_AUG000,3,8,16908,2,11,300,Prone Y-shape Stretch (aug 0),train,3454,aug_0
14109,M003P008A012R002_AUG001,3,8,16909,2,11,300,Prone Y-shape Stretch (aug 1),train,3454,aug_1
14110,M003P008A012R003_AUG000,3,8,16910,3,11,300,Prone Y-shape Stretch (aug 0),train,3455,aug_0
14111,M003P008A012R003_AUG001,3,8,16911,3,11,300,Prone Y-shape Stretch (aug 1),train,3455,aug_1
14112,M003P008A013R001_AUG000,3,8,16912,1,12,300,Lateral Raise Forward Circles (aug 0),train,3456,aug_0
14113,M003P008A013R001_AUG001,3,8,16913,1,12,300,Lateral Raise Forward Circles (aug 1),train,3456,aug_1
14114,M003P008A013R002_AUG000,3,8,16914,2,12,300,Lateral Raise Forward Circles (aug 0),train,3457,aug_0
14115,M003P008A013R002_AUG001,3,8,16915,2,12,300,Lateral Raise Forward Circles (aug 1),train,3457,aug_1
14116,M003P008A013R003_AUG000,3,8,16916,3,12,300,Lateral Raise Forward Circles (aug 0),train,3458,aug_0
14117,M003P008A013R003_AUG001,3,8,16917,3,12,300,Lateral Raise Forward Circles (aug 1),train,3458,aug_1
14118,M003P008A014R001_AUG000,3,8,16918,1,13,300,Lateral Raise Backward Circles (aug 0),train,3459,aug_0
14119,M003P008A014R001_AUG001,3,8,16919,1,13,300,Lateral Raise Backward Circles (aug 1),train,3459,aug_1
14120,M003P008A014R002_AUG000,3,8,16920,2,13,300,Lateral Raise Backward Circles (aug 0),train,3460,aug_0
14121,M003P008A014R002_AUG001,3,8,16921,2,13,300,Lateral Raise Backward Circles (aug 1),train,3460,aug_1
14122,M003P008A014R003_AUG000,3,8,16922,3,13,300,Lateral Raise Backward Circles (aug 0),train,3461,aug_0
14123,M003P008A014R003_AUG001,3,8,16923,3,13,300,Lateral Raise Backward Circles (aug 1),train,3461,aug_1
14124,M003P008A015R001_AUG000,3,8,16924,1,14,300,Lying Shoulder Joint Upward Round (aug 0),train,3462,aug_0
14125,M003P008A015R001_AUG001,3,8,16925,1,14,300,Lying Shoulder Joint Upward Round (aug 1),train,3462,aug_1
14126,M003P008A015R002_AUG000,3,8,16926,2,14,300,Lying Shoulder Joint Upward Round (aug 0),train,3463,aug_0
14127,M003P008A015R002_AUG001,3,8,16927,2,14,300,Lying Shoulder Joint Upward Round (aug 1),train,3463,aug_1
14128,M003P008A015R003_AUG000,3,8,16928,3,14,300,Lying Shoulder Joint Upward Round (aug 0),train,3464,aug_0
14129,M003P008A015R003_AUG001,3,8,16929,3,14,300,Lying Shoulder Joint Upward Round (aug 1),train,3464,aug_1
14130,M003P008A016R001_AUG000,3,8,16930,1,15,300,Lying Shoulder Joint Downward Round (aug 0),train,3465,aug_0
14131,M003P008A016R001_AUG001,3,8,16931,1,15,300,Lying Shoulder Joint Downward Round (aug 1),train,3465,aug_1
14132,M003P008A016R002_AUG000,3,8,16932,2,15,300,Lying Shoulder Joint Downward Round (aug 0),train,3466,aug_0
14133,M003P008A016R002_AUG001,3,8,16933,2,15,300,Lying Shoulder Joint Downward Round (aug 1),train,3466,aug_1
14134,M003P008A016R003_AUG000,3,8,16934,3,15,300,Lying Shoulder Joint Downward Round (aug 0),train,3467,aug_0
14135,M003P008A016R003_AUG001,3,8,16935,3,15,300,Lying Shoulder Joint Downward Round (aug 1),train,3467,aug_1
14136,M003P008A017R001_AUG000,3,8,16936,1,16,300,Bare-handed Full Lateral Raise (aug 0),train,3468,aug_0
14137,M003P008A017R001_AUG001,3,8,16937,1,16,300,Bare-handed Full Lateral Raise (aug 1),train,3468,aug_1
14138,M003P008A017R002_AUG000,3,8,16938,2,16,300,Bare-handed Full Lateral Raise (aug 0),train,3469,aug_0
14139,M003P008A017R002_AUG001,3,8,16939,2,16,300,Bare-handed Full Lateral Raise (aug 1),train,3469,aug_1
14140,M003P008A017R003_AUG000,3,8,16940,3,16,300,Bare-handed Full Lateral Raise (aug 0),train,3470,aug_0
14141,M003P008A017R003_AUG001,3,8,16941,3,16,300,Bare-handed Full Lateral Raise (aug 1),train,3470,aug_1
14142,M003P008A018R001_AUG000,3,8,16942,1,17,300,Bare-handed Cuban Press (aug 0),train,3471,aug_0
14143,M003P008A018R001_AUG001,3,8,16943,1,17,300,Bare-handed Cuban Press (aug 1),train,3471,aug_1
14144,M003P008A018R002_AUG000,3,8,16944,2,17,300,Bare-handed Cuban Press (aug 0),train,3472,aug_0
14145,M003P008A018R002_AUG001,3,8,16945,2,17,300,Bare-handed Cuban Press (aug 1),train,3472,aug_1
14146,M003P008A018R003_AUG000,3,8,16946,3,17,300,Bare-handed Cuban Press (aug 0),train,3473,aug_0
14147,M003P008A018R003_AUG001,3,8,16947,3,17,300,Bare-handed Cuban Press (aug 1),train,3473,aug_1
14148,M003P008A019R001_AUG000,3,8,16948,1,18,300,Fortune Cat (aug 0),train,3474,aug_0
14149,M003P008A019R001_AUG001,3,8,16949,1,18,300,Fortune Cat (aug 1),train,3474,aug_1
14150,M003P008A019R002_AUG000,3,8,16950,2,18,300,Fortune Cat (aug 0),train,3475,aug_0
14151,M003P008A019R002_AUG001,3,8,16951,2,18,300,Fortune Cat (aug 1),train,3475,aug_1
14152,M003P008A019R003_AUG000,3,8,16952,3,18,300,Fortune Cat (aug 0),train,3476,aug_0
14153,M003P008A019R003_AUG001,3,8,16953,3,18,300,Fortune Cat (aug 1),train,3476,aug_1
14154,M003P008A020R001_AUG000,3,8,16954,1,19,300,Dumbbell Curls (aug 0),train,3477,aug_0
14155,M003P008A020R001_AUG001,3,8,16955,1,19,300,Dumbbell Curls (aug 1),train,3477,aug_1
14156,M003P008A020R002_AUG000,3,8,16956,2,19,300,Dumbbell Curls (aug 0),train,3478,aug_0
14157,M003P008A020R002_AUG001,3,8,16957,2,19,300,Dumbbell Curls (aug 1),train,3478,aug_1
14158,M003P008A020R003_AUG000,3,8,16958,3,19,300,Dumbbell Curls (aug 0),train,3479,aug_0
14159,M003P008A020R003_AUG001,3,8,16959,3,19,300,Dumbbell Curls (aug 1),train,3479,aug_1
14160,M003P008A021R001_AUG000,3,8,16960,1,20,300,Alternate Dumbbell Curls (aug 0),train,3480,aug_0
14161,M003P008A021R001_AUG001,3,8,16961,1,20,300,Alternate Dumbbell Curls (aug 1),train,3480,aug_1
14162,M003P008A021R002_AUG000,3,8,16962,2,20,300,Alternate Dumbbell Curls (aug 0),train,3481,aug_0
14163,M003P008A021R002_AUG001,3,8,16963,2,20,300,Alternate Dumbbell Curls (aug 1),train,3481,aug_1
14164,M003P008A021R003_AUG000,3,8,16964,3,20,300,Alternate Dumbbell Curls (aug 0),train,3482,aug_0
14165,M003P008A021R003_AUG001,3,8,16965,3,20,300,Alternate Dumbbell Curls (aug 1),train,3482,aug_1
14166,M003P008A022R001_AUG000,3,8,16966,1,21,300,Right-side Kettlebell Bent-over Row (aug 0),train,3483,aug_0
14167,M003P008A022R001_AUG001,3,8,16967,1,21,300,Right-side Kettlebell Bent-over Row (aug 1),train,3483,aug_1
14168,M003P008A022R002_AUG000,3,8,16968,2,21,300,Right-side Kettlebell Bent-over Row (aug 0),train,3484,aug_0
14169,M003P008A022R002_AUG001,3,8,16969,2,21,300,Right-side Kettlebell Bent-over Row (aug 1),train,3484,aug_1
14170,M003P008A022R003_AUG000,3,8,16970,3,21,300,Right-side Kettlebell Bent-over Row (aug 0),train,3485,aug_0
14171,M003P008A022R003_AUG001,3,8,16971,3,21,300,Right-side Kettlebell Bent-over Row (aug 1),train,3485,aug_1
14172,M003P008A023R001_AUG000,3,8,16972,1,22,300,Wrist Joint Warm-up (aug 0),train,3486,aug_0
14173,M003P008A023R001_AUG001,3,8,16973,1,22,300,Wrist Joint Warm-up (aug 1),train,3486,aug_1
14174,M003P008A023R002_AUG000,3,8,16974,2,22,300,Wrist Joint Warm-up (aug 0),train,3487,aug_0
14175,M003P008A023R002_AUG001,3,8,16975,2,22,300,Wrist Joint Warm-up (aug 1),train,3487,aug_1
14176,M003P008A023R003_AUG000,3,8,16976,3,22,300,Wrist Joint Warm-up (aug 0),train,3488,aug_0
14177,M003P008A023R003_AUG001,3,8,16977,3,22,300,Wrist Joint Warm-up (aug 1),train,3488,aug_1
14178,M003P008A024R001_AUG000,3,8,16978,1,23,300,Right-side Bent-over Tricep Extension With Resistance Band (aug 0),train,3489,aug_0
14179,M003P008A024R001_AUG001,3,8,16979,1,23,300,Right-side Bent-over Tricep Extension With Resistance Band (aug 1),train,3489,aug_1
14180,M003P008A024R002_AUG000,3,8,16980,2,23,300,Right-side Bent-over Tricep Extension With Resistance Band (aug 0),train,3490,aug_0
14181,M003P008A024R002_AUG001,3,8,16981,2,23,300,Right-side Bent-over Tricep Extension With Resistance Band (aug 1),train,3490,aug_1
14182,M003P008A024R003_AUG000,3,8,16982,3,23,300,Right-side Bent-over Tricep Extension With Resistance Band (aug 0),train,3491,aug_0
14183,M003P008A024R003_AUG001,3,8,16983,3,23,300,Right-side Bent-over Tricep Extension With Resistance Band (aug 1),train,3491,aug_1
14184,M003P008A025R001_AUG000,3,8,16984,1,24,300,Bent-over Dumbbell Tricep Extension (aug 0),train,3492,aug_0
14185,M003P008A025R001_AUG001,3,8,16985,1,24,300,Bent-over Dumbbell Tricep Extension (aug 1),train,3492,aug_1
14186,M003P008A025R002_AUG000,3,8,16986,2,24,300,Bent-over Dumbbell Tricep Extension (aug 0),train,3493,aug_0
14187,M003P008A025R002_AUG001,3,8,16987,2,24,300,Bent-over Dumbbell Tricep Extension (aug 1),train,3493,aug_1
14188,M003P008A025R003_AUG000,3,8,16988,3,24,300,Bent-over Dumbbell Tricep Extension (aug 0),train,3494,aug_0
14189,M003P008A025R003_AUG001,3,8,16989,3,24,300,Bent-over Dumbbell Tricep Extension (aug 1),train,3494,aug_1
14190,M003P008A026R001_AUG000,3,8,16990,1,25,300,Nod And Raise Head (aug 0),train,3495,aug_0
14191,M003P008A026R001_AUG001,3,8,16991,1,25,300,Nod And Raise Head (aug 1),train,3495,aug_1
14192,M003P008A026R002_AUG000,3,8,16992,2,25,300,Nod And Raise Head (aug 0),train,3496,aug_0
14193,M003P008A026R002_AUG001,3,8,16993,2,25,300,Nod And Raise Head (aug 1),train,3496,aug_1
14194,M003P008A026R003_AUG000,3,8,16994,3,25,300,Nod And Raise Head (aug 0),train,3497,aug_0
14195,M003P008A026R003_AUG001,3,8,16995,3,25,300,Nod And Raise Head (aug 1),train,3497,aug_1
14196,M003P008A027R001_AUG000,3,8,16996,1,26,300,Two-way Head Turn (aug 0),train,3498,aug_0
14197,M003P008A027R001_AUG001,3,8,16997,1,26,300,Two-way Head Turn (aug 1),train,3498,aug_1
14198,M003P008A027R002_AUG000,3,8,16998,2,26,300,Two-way Head Turn (aug 0),train,3499,aug_0
14199,M003P008A027R002_AUG001,3,8,16999,2,26,300,Two-way Head Turn (aug 1),train,3499,aug_1
14200,M003P008A027R003_AUG000,3,8,17000,3,26,300,Two-way Head Turn (aug 0),train,3500,aug_0
14201,M003P008A027R003_AUG001,3,8,17001,3,26,300,Two-way Head Turn (aug 1),train,3500,aug_1
14202,M003P008A028R001_AUG000,3,8,17002,1,27,300,Shrug And Sink The Shoulders (aug 0),train,3501,aug_0
14203,M003P008A028R001_AUG001,3,8,17003,1,27,300,Shrug And Sink The Shoulders (aug 1),train,3501,aug_1
14204,M003P008A028R002_AUG000,3,8,17004,2,27,300,Shrug And Sink The Shoulders (aug 0),train,3502,aug_0
14205,M003P008A028R002_AUG001,3,8,17005,2,27,300,Shrug And Sink The Shoulders (aug 1),train,3502,aug_1
14206,M003P008A028R003_AUG000,3,8,17006,3,27,300,Shrug And Sink The Shoulders (aug 0),train,3503,aug_0
14207,M003P008A028R003_AUG001,3,8,17007,3,27,300,Shrug And Sink The Shoulders (aug 1),train,3503,aug_1
14208,M003P008A029R001_AUG000,3,8,17008,1,28,300,Four-way Nod Head (aug 0),train,3504,aug_0
14209,M003P008A029R001_AUG001,3,8,17009,1,28,300,Four-way Nod Head (aug 1),train,3504,aug_1
14210,M003P008A029R002_AUG000,3,8,17010,2,28,300,Four-way Nod Head (aug 0),train,3505,aug_0
14211,M003P008A029R002_AUG001,3,8,17011,2,28,300,Four-way Nod Head (aug 1),train,3505,aug_1
14212,M003P008A029R003_AUG000,3,8,17012,3,28,300,Four-way Nod Head (aug 0),train,3506,aug_0
14213,M003P008A029R003_AUG001,3,8,17013,3,28,300,Four-way Nod Head (aug 1),train,3506,aug_1
14214,M003P008A030R001_AUG000,3,8,17014,1,29,300,Lying Alternate Upper-half Leg Raise (aug 0),train,3507,aug_0
14215,M003P008A030R001_AUG001,3,8,17015,1,29,300,Lying Alternate Upper-half Leg Raise (aug 1),train,3507,aug_1
14216,M003P008A030R002_AUG000,3,8,17016,2,29,300,Lying Alternate Upper-half Leg Raise (aug 0),train,3508,aug_0
14217,M003P008A030R002_AUG001,3,8,17017,2,29,300,Lying Alternate Upper-half Leg Raise (aug 1),train,3508,aug_1
14218,M003P008A030R003_AUG000,3,8,17018,3,29,300,Lying Alternate Upper-half Leg Raise (aug 0),train,3509,aug_0
14219,M003P008A030R003_AUG001,3,8,17019,3,29,300,Lying Alternate Upper-half Leg Raise (aug 1),train,3509,aug_1
14220,M003P008A031R001_AUG000,3,8,17020,1,30,300,Half Roll Back (aug 0),train,3510,aug_0
14221,M003P008A031R001_AUG001,3,8,17021,1,30,300,Half Roll Back (aug 1),train,3510,aug_1
14222,M003P008A031R002_AUG000,3,8,17022,2,30,300,Half Roll Back (aug 0),train,3511,aug_0
14223,M003P008A031R002_AUG001,3,8,17023,2,30,300,Half Roll Back (aug 1),train,3511,aug_1
14224,M003P008A031R003_AUG000,3,8,17024,3,30,300,Half Roll Back (aug 0),train,3512,aug_0
14225,M003P008A031R003_AUG001,3,8,17025,3,30,300,Half Roll Back (aug 1),train,3512,aug_1
14226,M003P008A032R001_AUG000,3,8,17026,1,31,300,Kneeling Right-side Torso Twist (aug 0),train,3513,aug_0
14227,M003P008A032R001_AUG001,3,8,17027,1,31,300,Kneeling Right-side Torso Twist (aug 1),train,3513,aug_1
14228,M003P008A032R002_AUG000,3,8,17028,2,31,300,Kneeling Right-side Torso Twist (aug 0),train,3514,aug_0
14229,M003P008A032R002_AUG001,3,8,17029,2,31,300,Kneeling Right-side Torso Twist (aug 1),train,3514,aug_1
14230,M003P008A032R003_AUG000,3,8,17030,3,31,300,Kneeling Right-side Torso Twist (aug 0),train,3515,aug_0
14231,M003P008A032R003_AUG001,3,8,17031,3,31,300,Kneeling Right-side Torso Twist (aug 1),train,3515,aug_1
14232,M003P008A033R001_AUG000,3,8,17032,1,32,300,Left-side Knee Raise And Abdominal Muscles Contract (aug 0),train,3516,aug_0
14233,M003P008A033R001_AUG001,3,8,17033,1,32,300,Left-side Knee Raise And Abdominal Muscles Contract (aug 1),train,3516,aug_1
14234,M003P008A033R002_AUG000,3,8,17034,2,32,300,Left-side Knee Raise And Abdominal Muscles Contract (aug 0),train,3517,aug_0
14235,M003P008A033R002_AUG001,3,8,17035,2,32,300,Left-side Knee Raise And Abdominal Muscles Contract (aug 1),train,3517,aug_1
14236,M003P008A033R003_AUG000,3,8,17036,3,32,300,Left-side Knee Raise And Abdominal Muscles Contract (aug 0),train,3518,aug_0
14237,M003P008A033R003_AUG001,3,8,17037,3,32,300,Left-side Knee Raise And Abdominal Muscles Contract (aug 1),train,3518,aug_1
14238,M003P008A034R001_AUG000,3,8,17038,1,33,300,Kneeling Right Leg Backward Stretch (aug 0),train,3519,aug_0
14239,M003P008A034R001_AUG001,3,8,17039,1,33,300,Kneeling Right Leg Backward Stretch (aug 1),train,3519,aug_1
14240,M003P008A034R002_AUG000,3,8,17040,2,33,300,Kneeling Right Leg Backward Stretch (aug 0),train,3520,aug_0
14241,M003P008A034R002_AUG001,3,8,17041,2,33,300,Kneeling Right Leg Backward Stretch (aug 1),train,3520,aug_1
14242,M003P008A034R003_AUG000,3,8,17042,3,33,300,Kneeling Right Leg Backward Stretch (aug 0),train,3521,aug_0
14243,M003P008A034R003_AUG001,3,8,17043,3,33,300,Kneeling Right Leg Backward Stretch (aug 1),train,3521,aug_1
14244,M003P008A035R001_AUG000,3,8,17044,1,34,300,Kneeling Right Arm Raise (aug 0),train,3522,aug_0
14245,M003P008A035R001_AUG001,3,8,17045,1,34,300,Kneeling Right Arm Raise (aug 1),train,3522,aug_1
14246,M003P008A035R002_AUG000,3,8,17046,2,34,300,Kneeling Right Arm Raise (aug 0),train,3523,aug_0
14247,M003P008A035R002_AUG001,3,8,17047,2,34,300,Kneeling Right Arm Raise (aug 1),train,3523,aug_1
14248,M003P008A035R003_AUG000,3,8,17048,3,34,300,Kneeling Right Arm Raise (aug 0),train,3524,aug_0
14249,M003P008A035R003_AUG001,3,8,17049,3,34,300,Kneeling Right Arm Raise (aug 1),train,3524,aug_1
14250,M003P008A036R001_AUG000,3,8,17050,1,35,300,Shoulder Bridge (aug 0),train,3525,aug_0
14251,M003P008A036R001_AUG001,3,8,17051,1,35,300,Shoulder Bridge (aug 1),train,3525,aug_1
14252,M003P008A036R002_AUG000,3,8,17052,2,35,300,Shoulder Bridge (aug 0),train,3526,aug_0
14253,M003P008A036R002_AUG001,3,8,17053,2,35,300,Shoulder Bridge (aug 1),train,3526,aug_1
14254,M003P008A036R003_AUG000,3,8,17054,3,35,300,Shoulder Bridge (aug 0),train,3527,aug_0
14255,M003P008A036R003_AUG001,3,8,17055,3,35,300,Shoulder Bridge (aug 1),train,3527,aug_1
14256,M003P008A037R001_AUG000,3,8,17056,1,36,300,Prone Press-ups (aug 0),train,3528,aug_0
14257,M003P008A037R001_AUG001,3,8,17057,1,36,300,Prone Press-ups (aug 1),train,3528,aug_1
14258,M003P008A037R002_AUG000,3,8,17058,2,36,300,Prone Press-ups (aug 0),train,3529,aug_0
14259,M003P008A037R002_AUG001,3,8,17059,2,36,300,Prone Press-ups (aug 1),train,3529,aug_1
14260,M003P008A037R003_AUG000,3,8,17060,3,36,300,Prone Press-ups (aug 0),train,3530,aug_0
14261,M003P008A037R003_AUG001,3,8,17061,3,36,300,Prone Press-ups (aug 1),train,3530,aug_1
14262,M003P008A038R001_AUG000,3,8,17062,1,37,300,Bent-over Torso Rotation (aug 0),train,3531,aug_0
14263,M003P008A038R001_AUG001,3,8,17063,1,37,300,Bent-over Torso Rotation (aug 1),train,3531,aug_1
14264,M003P008A038R002_AUG000,3,8,17064,2,37,300,Bent-over Torso Rotation (aug 0),train,3532,aug_0
14265,M003P008A038R002_AUG001,3,8,17065,2,37,300,Bent-over Torso Rotation (aug 1),train,3532,aug_1
14266,M003P008A038R003_AUG000,3,8,17066,3,37,300,Bent-over Torso Rotation (aug 0),train,3533,aug_0
14267,M003P008A038R003_AUG001,3,8,17067,3,37,300,Bent-over Torso Rotation (aug 1),train,3533,aug_1
14268,M003P008A039R001_AUG000,3,8,17068,1,38,300,Lying Arm Pull (aug 0),train,3534,aug_0
14269,M003P008A039R001_AUG001,3,8,17069,1,38,300,Lying Arm Pull (aug 1),train,3534,aug_1
14270,M003P008A039R002_AUG000,3,8,17070,2,38,300,Lying Arm Pull (aug 0),train,3535,aug_0
14271,M003P008A039R002_AUG001,3,8,17071,2,38,300,Lying Arm Pull (aug 1),train,3535,aug_1
14272,M003P008A039R003_AUG000,3,8,17072,3,38,300,Lying Arm Pull (aug 0),train,3536,aug_0
14273,M003P008A039R003_AUG001,3,8,17073,3,38,300,Lying Arm Pull (aug 1),train,3536,aug_1
14274,M003P008A040R001_AUG000,3,8,17074,1,39,300,Prone Press Up With Torso Rotation (aug 0),train,3537,aug_0
14275,M003P008A040R001_AUG001,3,8,17075,1,39,300,Prone Press Up With Torso Rotation (aug 1),train,3537,aug_1
14276,M003P008A040R002_AUG000,3,8,17076,2,39,300,Prone Press Up With Torso Rotation (aug 0),train,3538,aug_0
14277,M003P008A040R002_AUG001,3,8,17077,2,39,300,Prone Press Up With Torso Rotation (aug 1),train,3538,aug_1
14278,M003P008A040R003_AUG000,3,8,17078,3,39,300,Prone Press Up With Torso Rotation (aug 0),train,3539,aug_0
14279,M003P008A040R003_AUG001,3,8,17079,3,39,300,Prone Press Up With Torso Rotation (aug 1),train,3539,aug_1
14280,M003P008A041R001_AUG000,3,8,17080,1,40,300,Breaststroke Push-ups (aug 0),train,3540,aug_0
14281,M003P008A041R001_AUG001,3,8,17081,1,40,300,Breaststroke Push-ups (aug 1),train,3540,aug_1
14282,M003P008A041R002_AUG000,3,8,17082,2,40,300,Breaststroke Push-ups (aug 0),train,3541,aug_0
14283,M003P008A041R002_AUG001,3,8,17083,2,40,300,Breaststroke Push-ups (aug 1),train,3541,aug_1
14284,M003P008A041R003_AUG000,3,8,17084,3,40,300,Breaststroke Push-ups (aug 0),train,3542,aug_0
14285,M003P008A041R003_AUG001,3,8,17085,3,40,300,Breaststroke Push-ups (aug 1),train,3542,aug_1
14286,M003P008A042R001_AUG000,3,8,17086,1,41,300,Sit-ups (aug 0),train,3543,aug_0
14287,M003P008A042R001_AUG001,3,8,17087,1,41,300,Sit-ups (aug 1),train,3543,aug_1
14288,M003P008A042R002_AUG000,3,8,17088,2,41,300,Sit-ups (aug 0),train,3544,aug_0
14289,M003P008A042R002_AUG001,3,8,17089,2,41,300,Sit-ups (aug 1),train,3544,aug_1
14290,M003P008A042R003_AUG000,3,8,17090,3,41,300,Sit-ups (aug 0),train,3545,aug_0
14291,M003P008A042R003_AUG001,3,8,17091,3,41,300,Sit-ups (aug 1),train,3545,aug_1
14292,M003P008A043R001_AUG000,3,8,17092,1,42,300,Side-lying Left Leg Forward Raise (aug 0),train,3546,aug_0
14293,M003P008A043R001_AUG001,3,8,17093,1,42,300,Side-lying Left Leg Forward Raise (aug 1),train,3546,aug_1
14294,M003P008A043R002_AUG000,3,8,17094,2,42,300,Side-lying Left Leg Forward Raise (aug 0),train,3547,aug_0
14295,M003P008A043R002_AUG001,3,8,17095,2,42,300,Side-lying Left Leg Forward Raise (aug 1),train,3547,aug_1
14296,M003P008A043R003_AUG000,3,8,17096,3,42,300,Side-lying Left Leg Forward Raise (aug 0),train,3548,aug_0
14297,M003P008A043R003_AUG001,3,8,17097,3,42,300,Side-lying Left Leg Forward Raise (aug 1),train,3548,aug_1
14298,M003P008A044R001_AUG000,3,8,17098,1,43,300,Right Leg Reverse Lunge (aug 0),train,3549,aug_0
14299,M003P008A044R001_AUG001,3,8,17099,1,43,300,Right Leg Reverse Lunge (aug 1),train,3549,aug_1
14300,M003P008A044R002_AUG000,3,8,17100,2,43,300,Right Leg Reverse Lunge (aug 0),train,3550,aug_0
14301,M003P008A044R002_AUG001,3,8,17101,2,43,300,Right Leg Reverse Lunge (aug 1),train,3550,aug_1
14302,M003P008A044R003_AUG000,3,8,17102,3,43,300,Right Leg Reverse Lunge (aug 0),train,3551,aug_0
14303,M003P008A044R003_AUG001,3,8,17103,3,43,300,Right Leg Reverse Lunge (aug 1),train,3551,aug_1
14304,M003P008A045R001_AUG000,3,8,17104,1,44,300,Kneeling Left Knee Lift (aug 0),train,3552,aug_0
14305,M003P008A045R001_AUG001,3,8,17105,1,44,300,Kneeling Left Knee Lift (aug 1),train,3552,aug_1
14306,M003P008A045R002_AUG000,3,8,17106,2,44,300,Kneeling Left Knee Lift (aug 0),train,3553,aug_0
14307,M003P008A045R002_AUG001,3,8,17107,2,44,300,Kneeling Left Knee Lift (aug 1),train,3553,aug_1
14308,M003P008A045R003_AUG000,3,8,17108,3,44,300,Kneeling Left Knee Lift (aug 0),train,3554,aug_0
14309,M003P008A045R003_AUG001,3,8,17109,3,44,300,Kneeling Left Knee Lift (aug 1),train,3554,aug_1
14310,M003P008A046R001_AUG000,3,8,17110,1,45,300,Alternate Reverse Lunge (aug 0),train,3555,aug_0
14311,M003P008A046R001_AUG001,3,8,17111,1,45,300,Alternate Reverse Lunge (aug 1),train,3555,aug_1
14312,M003P008A046R002_AUG000,3,8,17112,2,45,300,Alternate Reverse Lunge (aug 0),train,3556,aug_0
14313,M003P008A046R002_AUG001,3,8,17113,2,45,300,Alternate Reverse Lunge (aug 1),train,3556,aug_1
14314,M003P008A046R003_AUG000,3,8,17114,3,45,300,Alternate Reverse Lunge (aug 0),train,3557,aug_0
14315,M003P008A046R003_AUG001,3,8,17115,3,45,300,Alternate Reverse Lunge (aug 1),train,3557,aug_1
14316,M003P008A047R001_AUG000,3,8,17116,1,46,300,Side-lying Right Leg Backward Kick (aug 0),train,3558,aug_0
14317,M003P008A047R001_AUG001,3,8,17117,1,46,300,Side-lying Right Leg Backward Kick (aug 1),train,3558,aug_1
14318,M003P008A047R002_AUG000,3,8,17118,2,46,300,Side-lying Right Leg Backward Kick (aug 0),train,3559,aug_0
14319,M003P008A047R002_AUG001,3,8,17119,2,46,300,Side-lying Right Leg Backward Kick (aug 1),train,3559,aug_1
14320,M003P008A047R003_AUG000,3,8,17120,3,46,300,Side-lying Right Leg Backward Kick (aug 0),train,3560,aug_0
14321,M003P008A047R003_AUG001,3,8,17121,3,46,300,Side-lying Right Leg Backward Kick (aug 1),train,3560,aug_1
14322,M003P008A048R001_AUG000,3,8,17122,1,47,300,Left Leg Lunge With Knee Lift (aug 0),train,3561,aug_0
14323,M003P008A048R001_AUG001,3,8,17123,1,47,300,Left Leg Lunge With Knee Lift (aug 1),train,3561,aug_1
14324,M003P008A048R002_AUG000,3,8,17124,2,47,300,Left Leg Lunge With Knee Lift (aug 0),train,3562,aug_0
14325,M003P008A048R002_AUG001,3,8,17125,2,47,300,Left Leg Lunge With Knee Lift (aug 1),train,3562,aug_1
14326,M003P008A048R003_AUG000,3,8,17126,3,47,300,Left Leg Lunge With Knee Lift (aug 0),train,3563,aug_0
14327,M003P008A048R003_AUG001,3,8,17127,3,47,300,Left Leg Lunge With Knee Lift (aug 1),train,3563,aug_1
14328,M003P008A049R001_AUG000,3,8,17128,1,48,300,Sumo Squat (aug 0),train,3564,aug_0
14329,M003P008A049R001_AUG001,3,8,17129,1,48,300,Sumo Squat (aug 1),train,3564,aug_1
14330,M003P008A049R002_AUG000,3,8,17130,2,48,300,Sumo Squat (aug 0),train,3565,aug_0
14331,M003P008A049R002_AUG001,3,8,17131,2,48,300,Sumo Squat (aug 1),train,3565,aug_1
14332,M003P008A049R003_AUG000,3,8,17132,3,48,300,Sumo Squat (aug 0),train,3566,aug_0
14333,M003P008A049R003_AUG001,3,8,17133,3,48,300,Sumo Squat (aug 1),train,3566,aug_1
14334,M003P008A050R001_AUG000,3,8,17134,1,49,300,Straight Leg Calf Raise (aug 0),train,3567,aug_0
14335,M003P008A050R001_AUG001,3,8,17135,1,49,300,Straight Leg Calf Raise (aug 1),train,3567,aug_1
14336,M003P008A050R002_AUG000,3,8,17136,2,49,300,Straight Leg Calf Raise (aug 0),train,3568,aug_0
14337,M003P008A050R002_AUG001,3,8,17137,2,49,300,Straight Leg Calf Raise (aug 1),train,3568,aug_1
14338,M003P008A050R003_AUG000,3,8,17138,3,49,300,Straight Leg Calf Raise (aug 0),train,3569,aug_0
14339,M003P008A050R003_AUG001,3,8,17139,3,49,300,Straight Leg Calf Raise (aug 1),train,3569,aug_1
14340,M003P008A051R001_AUG000,3,8,17140,1,50,300,Squat Jump (aug 0),train,3570,aug_0
14341,M003P008A051R001_AUG001,3,8,17141,1,50,300,Squat Jump (aug 1),train,3570,aug_1
14342,M003P008A051R002_AUG000,3,8,17142,2,50,300,Squat Jump (aug 0),train,3571,aug_0
14343,M003P008A051R002_AUG001,3,8,17143,2,50,300,Squat Jump (aug 1),train,3571,aug_1
14344,M003P008A051R003_AUG000,3,8,17144,3,50,300,Squat Jump (aug 0),train,3572,aug_0
14345,M003P008A051R003_AUG001,3,8,17145,3,50,300,Squat Jump (aug 1),train,3572,aug_1
14346,M003P008A052R001_AUG000,3,8,17146,1,51,300,Squat With Alternate Knee Lift (aug 0),train,3573,aug_0
14347,M003P008A052R001_AUG001,3,8,17147,1,51,300,Squat With Alternate Knee Lift (aug 1),train,3573,aug_1
14348,M003P008A052R002_AUG000,3,8,17148,2,51,300,Squat With Alternate Knee Lift (aug 0),train,3574,aug_0
14349,M003P008A052R002_AUG001,3,8,17149,2,51,300,Squat With Alternate Knee Lift (aug 1),train,3574,aug_1
14350,M003P008A052R003_AUG000,3,8,17150,3,51,300,Squat With Alternate Knee Lift (aug 0),train,3575,aug_0
14351,M003P008A052R003_AUG001,3,8,17151,3,51,300,Squat With Alternate Knee Lift (aug 1),train,3575,aug_1
14352,M003P008A053R001_AUG000,3,8,17152,1,52,300,Standing Alternate Butt Kick (aug 0),train,3576,aug_0
14353,M003P008A053R001_AUG001,3,8,17153,1,52,300,Standing Alternate Butt Kick (aug 1),train,3576,aug_1
14354,M003P008A053R002_AUG000,3,8,17154,2,52,300,Standing Alternate Butt Kick (aug 0),train,3577,aug_0
14355,M003P008A053R002_AUG001,3,8,17155,2,52,300,Standing Alternate Butt Kick (aug 1),train,3577,aug_1
14356,M003P008A053R003_AUG000,3,8,17156,3,52,300,Standing Alternate Butt Kick (aug 0),train,3578,aug_0
14357,M003P008A053R003_AUG001,3,8,17157,3,52,300,Standing Alternate Butt Kick (aug 1),train,3578,aug_1
14358,M003P008A054R001_AUG000,3,8,17158,1,53,300,Knee Warm-up (aug 0),train,3579,aug_0
14359,M003P008A054R001_AUG001,3,8,17159,1,53,300,Knee Warm-up (aug 1),train,3579,aug_1
14360,M003P008A054R002_AUG000,3,8,17160,2,53,300,Knee Warm-up (aug 0),train,3580,aug_0
14361,M003P008A054R002_AUG001,3,8,17161,2,53,300,Knee Warm-up (aug 1),train,3580,aug_1
14362,M003P008A054R003_AUG000,3,8,17162,3,53,300,Knee Warm-up (aug 0),train,3581,aug_0
14363,M003P008A054R003_AUG001,3,8,17163,3,53,300,Knee Warm-up (aug 1),train,3581,aug_1
14364,M003P008A055R001_AUG000,3,8,17164,1,54,300,Butt Kicks (aug 0),train,3582,aug_0
14365,M003P008A055R001_AUG001,3,8,17165,1,54,300,Butt Kicks (aug 1),train,3582,aug_1
14366,M003P008A055R002_AUG000,3,8,17166,2,54,300,Butt Kicks (aug 0),train,3583,aug_0
14367,M003P008A055R002_AUG001,3,8,17167,2,54,300,Butt Kicks (aug 1),train,3583,aug_1
14368,M003P008A055R003_AUG000,3,8,17168,3,54,300,Butt Kicks (aug 0),train,3584,aug_0
14369,M003P008A055R003_AUG001,3,8,17169,3,54,300,Butt Kicks (aug 1),train,3584,aug_1
14370,M003P008A056R001_AUG000,3,8,17170,1,55,300,Jump Left and Right (aug 0),train,3585,aug_0
14371,M003P008A056R001_AUG001,3,8,17171,1,55,300,Jump Left and Right (aug 1),train,3585,aug_1
14372,M003P008A056R002_AUG000,3,8,17172,2,55,300,Jump Left and Right (aug 0),train,3586,aug_0
14373,M003P008A056R002_AUG001,3,8,17173,2,55,300,Jump Left and Right (aug 1),train,3586,aug_1
14374,M003P008A056R003_AUG000,3,8,17174,3,55,300,Jump Left and Right (aug 0),train,3587,aug_0
14375,M003P008A056R003_AUG001,3,8,17175,3,55,300,Jump Left and Right (aug 1),train,3587,aug_1
14376,M003P008A057R001_AUG000,3,8,17176,1,56,300,Jumping Jacks (aug 0),train,3588,aug_0
14377,M003P008A057R001_AUG001,3,8,17177,1,56,300,Jumping Jacks (aug 1),train,3588,aug_1
14378,M003P008A057R002_AUG000,3,8,17178,2,56,300,Jumping Jacks (aug 0),train,3589,aug_0
14379,M003P008A057R002_AUG001,3,8,17179,2,56,300,Jumping Jacks (aug 1),train,3589,aug_1
14380,M003P008A057R003_AUG000,3,8,17180,3,56,300,Jumping Jacks (aug 0),train,3590,aug_0
14381,M003P008A057R003_AUG001,3,8,17181,3,56,300,Jumping Jacks (aug 1),train,3590,aug_1
14382,M003P008A058R001_AUG000,3,8,17182,1,57,300,High Knee (aug 0),train,3591,aug_0
14383,M003P008A058R001_AUG001,3,8,17183,1,57,300,High Knee (aug 1),train,3591,aug_1
14384,M003P008A058R002_AUG000,3,8,17184,2,57,300,High Knee (aug 0),train,3592,aug_0
14385,M003P008A058R002_AUG001,3,8,17185,2,57,300,High Knee (aug 1),train,3592,aug_1
14386,M003P008A058R003_AUG000,3,8,17186,3,57,300,High Knee (aug 0),train,3593,aug_0
14387,M003P008A058R003_AUG001,3,8,17187,3,57,300,High Knee (aug 1),train,3593,aug_1
14388,M003P008A059R001_AUG000,3,8,17188,1,58,300,Clap Jacks (aug 0),train,3594,aug_0
14389,M003P008A059R001_AUG001,3,8,17189,1,58,300,Clap Jacks (aug 1),train,3594,aug_1
14390,M003P008A059R002_AUG000,3,8,17190,2,58,300,Clap Jacks (aug 0),train,3595,aug_0
14391,M003P008A059R002_AUG001,3,8,17191,2,58,300,Clap Jacks (aug 1),train,3595,aug_1
14392,M003P008A059R003_AUG000,3,8,17192,3,58,300,Clap Jacks (aug 0),train,3596,aug_0
14393,M003P008A059R003_AUG001,3,8,17193,3,58,300,Clap Jacks (aug 1),train,3596,aug_1
14394,M003P008A060R001_AUG000,3,8,17194,1,59,300,Run In Place With Arm Swing (aug 0),train,3597,aug_0
14395,M003P008A060R001_AUG001,3,8,17195,1,59,300,Run In Place With Arm Swing (aug 1),train,3597,aug_1
14396,M003P008A060R002_AUG000,3,8,17196,2,59,300,Run In Place With Arm Swing (aug 0),train,3598,aug_0
14397,M003P008A060R002_AUG001,3,8,17197,2,59,300,Run In Place With Arm Swing (aug 1),train,3598,aug_1
14398,M003P008A060R003_AUG000,3,8,17198,3,59,300,Run In Place With Arm Swing (aug 0),train,3599,aug_0
14399,M003P008A060R003_AUG001,3,8,17199,3,59,300,Run In Place With Arm Swing (aug 1),train,3599,aug_1
14400,M003P009A001R001_AUG000,3,9,17200,1,0,300,Svend Press (aug 0),train,3600,aug_0
14401,M003P009A001R001_AUG001,3,9,17201,1,0,300,Svend Press (aug 1),train,3600,aug_1
14402,M003P009A001R002_AUG000,3,9,17202,2,0,300,Svend Press (aug 0),train,3601,aug_0
14403,M003P009A001R002_AUG001,3,9,17203,2,0,300,Svend Press (aug 1),train,3601,aug_1
14404,M003P009A001R003_AUG000,3,9,17204,3,0,300,Svend Press (aug 0),train,3602,aug_0
14405,M003P009A001R003_AUG001,3,9,17205,3,0,300,Svend Press (aug 1),train,3602,aug_1
14406,M003P009A002R001_AUG000,3,9,17206,1,1,300,Kneeling Push-ups (aug 0),train,3603,aug_0
14407,M003P009A002R001_AUG001,3,9,17207,1,1,300,Kneeling Push-ups (aug 1),train,3603,aug_1
14408,M003P009A002R002_AUG000,3,9,17208,2,1,300,Kneeling Push-ups (aug 0),train,3604,aug_0
14409,M003P009A002R002_AUG001,3,9,17209,2,1,300,Kneeling Push-ups (aug 1),train,3604,aug_1
14410,M003P009A002R003_AUG000,3,9,17210,3,1,300,Kneeling Push-ups (aug 0),train,3605,aug_0
14411,M003P009A002R003_AUG001,3,9,17211,3,1,300,Kneeling Push-ups (aug 1),train,3605,aug_1
14412,M003P009A003R001_AUG000,3,9,17212,1,2,300,Standing Straight-arm Chest Press With Resistance Band (aug 0),train,3606,aug_0
14413,M003P009A003R001_AUG001,3,9,17213,1,2,300,Standing Straight-arm Chest Press With Resistance Band (aug 1),train,3606,aug_1
14414,M003P009A003R002_AUG000,3,9,17214,2,2,300,Standing Straight-arm Chest Press With Resistance Band (aug 0),train,3607,aug_0
14415,M003P009A003R002_AUG001,3,9,17215,2,2,300,Standing Straight-arm Chest Press With Resistance Band (aug 1),train,3607,aug_1
14416,M003P009A003R003_AUG000,3,9,17216,3,2,300,Standing Straight-arm Chest Press With Resistance Band (aug 0),train,3608,aug_0
14417,M003P009A003R003_AUG001,3,9,17217,3,2,300,Standing Straight-arm Chest Press With Resistance Band (aug 1),train,3608,aug_1
14418,M003P009A004R001_AUG000,3,9,17218,1,3,300,Small Dumbbell Floor Flies (aug 0),train,3609,aug_0
14419,M003P009A004R001_AUG001,3,9,17219,1,3,300,Small Dumbbell Floor Flies (aug 1),train,3609,aug_1
14420,M003P009A004R002_AUG000,3,9,17220,2,3,300,Small Dumbbell Floor Flies (aug 0),train,3610,aug_0
14421,M003P009A004R002_AUG001,3,9,17221,2,3,300,Small Dumbbell Floor Flies (aug 1),train,3610,aug_1
14422,M003P009A004R003_AUG000,3,9,17222,3,3,300,Small Dumbbell Floor Flies (aug 0),train,3611,aug_0
14423,M003P009A004R003_AUG001,3,9,17223,3,3,300,Small Dumbbell Floor Flies (aug 1),train,3611,aug_1
14424,M003P009A005R001_AUG000,3,9,17224,1,4,300,Chest Fly (aug 0),train,3612,aug_0
14425,M003P009A005R001_AUG001,3,9,17225,1,4,300,Chest Fly (aug 1),train,3612,aug_1
14426,M003P009A005R002_AUG000,3,9,17226,2,4,300,Chest Fly (aug 0),train,3613,aug_0
14427,M003P009A005R002_AUG001,3,9,17227,2,4,300,Chest Fly (aug 1),train,3613,aug_1
14428,M003P009A005R003_AUG000,3,9,17228,3,4,300,Chest Fly (aug 0),train,3614,aug_0
14429,M003P009A005R003_AUG001,3,9,17229,3,4,300,Chest Fly (aug 1),train,3614,aug_1
14430,M003P009A006R001_AUG000,3,9,17230,1,5,300,Push-ups (aug 0),train,3615,aug_0
14431,M003P009A006R001_AUG001,3,9,17231,1,5,300,Push-ups (aug 1),train,3615,aug_1
14432,M003P009A006R002_AUG000,3,9,17232,2,5,300,Push-ups (aug 0),train,3616,aug_0
14433,M003P009A006R002_AUG001,3,9,17233,2,5,300,Push-ups (aug 1),train,3616,aug_1
14434,M003P009A006R003_AUG000,3,9,17234,3,5,300,Push-ups (aug 0),train,3617,aug_0
14435,M003P009A006R003_AUG001,3,9,17235,3,5,300,Push-ups (aug 1),train,3617,aug_1
14436,M003P009A007R001_AUG000,3,9,17236,1,6,300,Bent-over W-shape Stretch (aug 0),train,3618,aug_0
14437,M003P009A007R001_AUG001,3,9,17237,1,6,300,Bent-over W-shape Stretch (aug 1),train,3618,aug_1
14438,M003P009A007R002_AUG000,3,9,17238,2,6,300,Bent-over W-shape Stretch (aug 0),train,3619,aug_0
14439,M003P009A007R002_AUG001,3,9,17239,2,6,300,Bent-over W-shape Stretch (aug 1),train,3619,aug_1
14440,M003P009A007R003_AUG000,3,9,17240,3,6,300,Bent-over W-shape Stretch (aug 0),train,3620,aug_0
14441,M003P009A007R003_AUG001,3,9,17241,3,6,300,Bent-over W-shape Stretch (aug 1),train,3620,aug_1
14442,M003P009A008R001_AUG000,3,9,17242,1,7,300,Bent-over Y-shape Stretch (aug 0),train,3621,aug_0
14443,M003P009A008R001_AUG001,3,9,17243,1,7,300,Bent-over Y-shape Stretch (aug 1),train,3621,aug_1
14444,M003P009A008R002_AUG000,3,9,17244,2,7,300,Bent-over Y-shape Stretch (aug 0),train,3622,aug_0
14445,M003P009A008R002_AUG001,3,9,17245,2,7,300,Bent-over Y-shape Stretch (aug 1),train,3622,aug_1
14446,M003P009A008R003_AUG000,3,9,17246,3,7,300,Bent-over Y-shape Stretch (aug 0),train,3623,aug_0
14447,M003P009A008R003_AUG001,3,9,17247,3,7,300,Bent-over Y-shape Stretch (aug 1),train,3623,aug_1
14448,M003P009A009R001_AUG000,3,9,17248,1,8,300,Bent-over A-shape Stretch (aug 0),train,3624,aug_0
14449,M003P009A009R001_AUG001,3,9,17249,1,8,300,Bent-over A-shape Stretch (aug 1),train,3624,aug_1
14450,M003P009A009R002_AUG000,3,9,17250,2,8,300,Bent-over A-shape Stretch (aug 0),train,3625,aug_0
14451,M003P009A009R002_AUG001,3,9,17251,2,8,300,Bent-over A-shape Stretch (aug 1),train,3625,aug_1
14452,M003P009A009R003_AUG000,3,9,17252,3,8,300,Bent-over A-shape Stretch (aug 0),train,3626,aug_0
14453,M003P009A009R003_AUG001,3,9,17253,3,8,300,Bent-over A-shape Stretch (aug 1),train,3626,aug_1
14454,M003P009A010R001_AUG000,3,9,17254,1,9,300,Squat With Arm Lift (aug 0),train,3627,aug_0
14455,M003P009A010R001_AUG001,3,9,17255,1,9,300,Squat With Arm Lift (aug 1),train,3627,aug_1
14456,M003P009A010R002_AUG000,3,9,17256,2,9,300,Squat With Arm Lift (aug 0),train,3628,aug_0
14457,M003P009A010R002_AUG001,3,9,17257,2,9,300,Squat With Arm Lift (aug 1),train,3628,aug_1
14458,M003P009A010R003_AUG000,3,9,17258,3,9,300,Squat With Arm Lift (aug 0),train,3629,aug_0
14459,M003P009A010R003_AUG001,3,9,17259,3,9,300,Squat With Arm Lift (aug 1),train,3629,aug_1
14460,M003P009A011R001_AUG000,3,9,17260,1,10,300,Breaststroke Arm Pull (aug 0),train,3630,aug_0
14461,M003P009A011R001_AUG001,3,9,17261,1,10,300,Breaststroke Arm Pull (aug 1),train,3630,aug_1
14462,M003P009A011R002_AUG000,3,9,17262,2,10,300,Breaststroke Arm Pull (aug 0),train,3631,aug_0
14463,M003P009A011R002_AUG001,3,9,17263,2,10,300,Breaststroke Arm Pull (aug 1),train,3631,aug_1
14464,M003P009A011R003_AUG000,3,9,17264,3,10,300,Breaststroke Arm Pull (aug 0),train,3632,aug_0
14465,M003P009A011R003_AUG001,3,9,17265,3,10,300,Breaststroke Arm Pull (aug 1),train,3632,aug_1
14466,M003P009A012R001_AUG000,3,9,17266,1,11,300,Prone Y-shape Stretch (aug 0),train,3633,aug_0
14467,M003P009A012R001_AUG001,3,9,17267,1,11,300,Prone Y-shape Stretch (aug 1),train,3633,aug_1
14468,M003P009A012R002_AUG000,3,9,17268,2,11,300,Prone Y-shape Stretch (aug 0),train,3634,aug_0
14469,M003P009A012R002_AUG001,3,9,17269,2,11,300,Prone Y-shape Stretch (aug 1),train,3634,aug_1
14470,M003P009A012R003_AUG000,3,9,17270,3,11,300,Prone Y-shape Stretch (aug 0),train,3635,aug_0
14471,M003P009A012R003_AUG001,3,9,17271,3,11,300,Prone Y-shape Stretch (aug 1),train,3635,aug_1
14472,M003P009A013R001_AUG000,3,9,17272,1,12,300,Lateral Raise Forward Circles (aug 0),train,3636,aug_0
14473,M003P009A013R001_AUG001,3,9,17273,1,12,300,Lateral Raise Forward Circles (aug 1),train,3636,aug_1
14474,M003P009A013R002_AUG000,3,9,17274,2,12,300,Lateral Raise Forward Circles (aug 0),train,3637,aug_0
14475,M003P009A013R002_AUG001,3,9,17275,2,12,300,Lateral Raise Forward Circles (aug 1),train,3637,aug_1
14476,M003P009A013R003_AUG000,3,9,17276,3,12,300,Lateral Raise Forward Circles (aug 0),train,3638,aug_0
14477,M003P009A013R003_AUG001,3,9,17277,3,12,300,Lateral Raise Forward Circles (aug 1),train,3638,aug_1
14478,M003P009A014R001_AUG000,3,9,17278,1,13,300,Lateral Raise Backward Circles (aug 0),train,3639,aug_0
14479,M003P009A014R001_AUG001,3,9,17279,1,13,300,Lateral Raise Backward Circles (aug 1),train,3639,aug_1
14480,M003P009A014R002_AUG000,3,9,17280,2,13,300,Lateral Raise Backward Circles (aug 0),train,3640,aug_0
14481,M003P009A014R002_AUG001,3,9,17281,2,13,300,Lateral Raise Backward Circles (aug 1),train,3640,aug_1
14482,M003P009A014R003_AUG000,3,9,17282,3,13,300,Lateral Raise Backward Circles (aug 0),train,3641,aug_0
14483,M003P009A014R003_AUG001,3,9,17283,3,13,300,Lateral Raise Backward Circles (aug 1),train,3641,aug_1
14484,M003P009A015R001_AUG000,3,9,17284,1,14,300,Lying Shoulder Joint Upward Round (aug 0),train,3642,aug_0
14485,M003P009A015R001_AUG001,3,9,17285,1,14,300,Lying Shoulder Joint Upward Round (aug 1),train,3642,aug_1
14486,M003P009A015R002_AUG000,3,9,17286,2,14,300,Lying Shoulder Joint Upward Round (aug 0),train,3643,aug_0
14487,M003P009A015R002_AUG001,3,9,17287,2,14,300,Lying Shoulder Joint Upward Round (aug 1),train,3643,aug_1
14488,M003P009A015R003_AUG000,3,9,17288,3,14,300,Lying Shoulder Joint Upward Round (aug 0),train,3644,aug_0
14489,M003P009A015R003_AUG001,3,9,17289,3,14,300,Lying Shoulder Joint Upward Round (aug 1),train,3644,aug_1
14490,M003P009A016R001_AUG000,3,9,17290,1,15,300,Lying Shoulder Joint Downward Round (aug 0),train,3645,aug_0
14491,M003P009A016R001_AUG001,3,9,17291,1,15,300,Lying Shoulder Joint Downward Round (aug 1),train,3645,aug_1
14492,M003P009A016R002_AUG000,3,9,17292,2,15,300,Lying Shoulder Joint Downward Round (aug 0),train,3646,aug_0
14493,M003P009A016R002_AUG001,3,9,17293,2,15,300,Lying Shoulder Joint Downward Round (aug 1),train,3646,aug_1
14494,M003P009A016R003_AUG000,3,9,17294,3,15,300,Lying Shoulder Joint Downward Round (aug 0),train,3647,aug_0
14495,M003P009A016R003_AUG001,3,9,17295,3,15,300,Lying Shoulder Joint Downward Round (aug 1),train,3647,aug_1
14496,M003P009A017R001_AUG000,3,9,17296,1,16,300,Bare-handed Full Lateral Raise (aug 0),train,3648,aug_0
14497,M003P009A017R001_AUG001,3,9,17297,1,16,300,Bare-handed Full Lateral Raise (aug 1),train,3648,aug_1
14498,M003P009A017R002_AUG000,3,9,17298,2,16,300,Bare-handed Full Lateral Raise (aug 0),train,3649,aug_0
14499,M003P009A017R002_AUG001,3,9,17299,2,16,300,Bare-handed Full Lateral Raise (aug 1),train,3649,aug_1
14500,M003P009A017R003_AUG000,3,9,17300,3,16,300,Bare-handed Full Lateral Raise (aug 0),train,3650,aug_0
14501,M003P009A017R003_AUG001,3,9,17301,3,16,300,Bare-handed Full Lateral Raise (aug 1),train,3650,aug_1
14502,M003P009A018R001_AUG000,3,9,17302,1,17,300,Bare-handed Cuban Press (aug 0),train,3651,aug_0
14503,M003P009A018R001_AUG001,3,9,17303,1,17,300,Bare-handed Cuban Press (aug 1),train,3651,aug_1
14504,M003P009A018R002_AUG000,3,9,17304,2,17,300,Bare-handed Cuban Press (aug 0),train,3652,aug_0
14505,M003P009A018R002_AUG001,3,9,17305,2,17,300,Bare-handed Cuban Press (aug 1),train,3652,aug_1
14506,M003P009A018R003_AUG000,3,9,17306,3,17,300,Bare-handed Cuban Press (aug 0),train,3653,aug_0
14507,M003P009A018R003_AUG001,3,9,17307,3,17,300,Bare-handed Cuban Press (aug 1),train,3653,aug_1
14508,M003P009A019R001_AUG000,3,9,17308,1,18,300,Fortune Cat (aug 0),train,3654,aug_0
14509,M003P009A019R001_AUG001,3,9,17309,1,18,300,Fortune Cat (aug 1),train,3654,aug_1
14510,M003P009A019R002_AUG000,3,9,17310,2,18,300,Fortune Cat (aug 0),train,3655,aug_0
14511,M003P009A019R002_AUG001,3,9,17311,2,18,300,Fortune Cat (aug 1),train,3655,aug_1
14512,M003P009A019R003_AUG000,3,9,17312,3,18,300,Fortune Cat (aug 0),train,3656,aug_0
14513,M003P009A019R003_AUG001,3,9,17313,3,18,300,Fortune Cat (aug 1),train,3656,aug_1
14514,M003P009A020R001_AUG000,3,9,17314,1,19,300,Dumbbell Curls (aug 0),train,3657,aug_0
14515,M003P009A020R001_AUG001,3,9,17315,1,19,300,Dumbbell Curls (aug 1),train,3657,aug_1
14516,M003P009A020R002_AUG000,3,9,17316,2,19,300,Dumbbell Curls (aug 0),train,3658,aug_0
14517,M003P009A020R002_AUG001,3,9,17317,2,19,300,Dumbbell Curls (aug 1),train,3658,aug_1
14518,M003P009A020R003_AUG000,3,9,17318,3,19,300,Dumbbell Curls (aug 0),train,3659,aug_0
14519,M003P009A020R003_AUG001,3,9,17319,3,19,300,Dumbbell Curls (aug 1),train,3659,aug_1
14520,M003P009A021R001_AUG000,3,9,17320,1,20,300,Alternate Dumbbell Curls (aug 0),train,3660,aug_0
14521,M003P009A021R001_AUG001,3,9,17321,1,20,300,Alternate Dumbbell Curls (aug 1),train,3660,aug_1
14522,M003P009A021R002_AUG000,3,9,17322,2,20,300,Alternate Dumbbell Curls (aug 0),train,3661,aug_0
14523,M003P009A021R002_AUG001,3,9,17323,2,20,300,Alternate Dumbbell Curls (aug 1),train,3661,aug_1
14524,M003P009A021R003_AUG000,3,9,17324,3,20,300,Alternate Dumbbell Curls (aug 0),train,3662,aug_0
14525,M003P009A021R003_AUG001,3,9,17325,3,20,300,Alternate Dumbbell Curls (aug 1),train,3662,aug_1
14526,M003P009A022R001_AUG000,3,9,17326,1,21,300,Right-side Kettlebell Bent-over Row (aug 0),train,3663,aug_0
14527,M003P009A022R001_AUG001,3,9,17327,1,21,300,Right-side Kettlebell Bent-over Row (aug 1),train,3663,aug_1
14528,M003P009A022R002_AUG000,3,9,17328,2,21,300,Right-side Kettlebell Bent-over Row (aug 0),train,3664,aug_0
14529,M003P009A022R002_AUG001,3,9,17329,2,21,300,Right-side Kettlebell Bent-over Row (aug 1),train,3664,aug_1
14530,M003P009A022R003_AUG000,3,9,17330,3,21,300,Right-side Kettlebell Bent-over Row (aug 0),train,3665,aug_0
14531,M003P009A022R003_AUG001,3,9,17331,3,21,300,Right-side Kettlebell Bent-over Row (aug 1),train,3665,aug_1
14532,M003P009A023R001_AUG000,3,9,17332,1,22,300,Wrist Joint Warm-up (aug 0),train,3666,aug_0
14533,M003P009A023R001_AUG001,3,9,17333,1,22,300,Wrist Joint Warm-up (aug 1),train,3666,aug_1
14534,M003P009A023R002_AUG000,3,9,17334,2,22,300,Wrist Joint Warm-up (aug 0),train,3667,aug_0
14535,M003P009A023R002_AUG001,3,9,17335,2,22,300,Wrist Joint Warm-up (aug 1),train,3667,aug_1
14536,M003P009A023R003_AUG000,3,9,17336,3,22,300,Wrist Joint Warm-up (aug 0),train,3668,aug_0
14537,M003P009A023R003_AUG001,3,9,17337,3,22,300,Wrist Joint Warm-up (aug 1),train,3668,aug_1
14538,M003P009A024R001_AUG000,3,9,17338,1,23,300,Right-side Bent-over Tricep Extension With Resistance Band (aug 0),train,3669,aug_0
14539,M003P009A024R001_AUG001,3,9,17339,1,23,300,Right-side Bent-over Tricep Extension With Resistance Band (aug 1),train,3669,aug_1
14540,M003P009A024R002_AUG000,3,9,17340,2,23,300,Right-side Bent-over Tricep Extension With Resistance Band (aug 0),train,3670,aug_0
14541,M003P009A024R002_AUG001,3,9,17341,2,23,300,Right-side Bent-over Tricep Extension With Resistance Band (aug 1),train,3670,aug_1
14542,M003P009A024R003_AUG000,3,9,17342,3,23,300,Right-side Bent-over Tricep Extension With Resistance Band (aug 0),train,3671,aug_0
14543,M003P009A024R003_AUG001,3,9,17343,3,23,300,Right-side Bent-over Tricep Extension With Resistance Band (aug 1),train,3671,aug_1
14544,M003P009A025R001_AUG000,3,9,17344,1,24,300,Bent-over Dumbbell Tricep Extension (aug 0),train,3672,aug_0
14545,M003P009A025R001_AUG001,3,9,17345,1,24,300,Bent-over Dumbbell Tricep Extension (aug 1),train,3672,aug_1
14546,M003P009A025R002_AUG000,3,9,17346,2,24,300,Bent-over Dumbbell Tricep Extension (aug 0),train,3673,aug_0
14547,M003P009A025R002_AUG001,3,9,17347,2,24,300,Bent-over Dumbbell Tricep Extension (aug 1),train,3673,aug_1
14548,M003P009A025R003_AUG000,3,9,17348,3,24,300,Bent-over Dumbbell Tricep Extension (aug 0),train,3674,aug_0
14549,M003P009A025R003_AUG001,3,9,17349,3,24,300,Bent-over Dumbbell Tricep Extension (aug 1),train,3674,aug_1
14550,M003P009A026R001_AUG000,3,9,17350,1,25,300,Nod And Raise Head (aug 0),train,3675,aug_0
14551,M003P009A026R001_AUG001,3,9,17351,1,25,300,Nod And Raise Head (aug 1),train,3675,aug_1
14552,M003P009A026R002_AUG000,3,9,17352,2,25,300,Nod And Raise Head (aug 0),train,3676,aug_0
14553,M003P009A026R002_AUG001,3,9,17353,2,25,300,Nod And Raise Head (aug 1),train,3676,aug_1
14554,M003P009A026R003_AUG000,3,9,17354,3,25,300,Nod And Raise Head (aug 0),train,3677,aug_0
14555,M003P009A026R003_AUG001,3,9,17355,3,25,300,Nod And Raise Head (aug 1),train,3677,aug_1
14556,M003P009A027R001_AUG000,3,9,17356,1,26,300,Two-way Head Turn (aug 0),train,3678,aug_0
14557,M003P009A027R001_AUG001,3,9,17357,1,26,300,Two-way Head Turn (aug 1),train,3678,aug_1
14558,M003P009A027R002_AUG000,3,9,17358,2,26,300,Two-way Head Turn (aug 0),train,3679,aug_0
14559,M003P009A027R002_AUG001,3,9,17359,2,26,300,Two-way Head Turn (aug 1),train,3679,aug_1
14560,M003P009A027R003_AUG000,3,9,17360,3,26,300,Two-way Head Turn (aug 0),train,3680,aug_0
14561,M003P009A027R003_AUG001,3,9,17361,3,26,300,Two-way Head Turn (aug 1),train,3680,aug_1
14562,M003P009A028R001_AUG000,3,9,17362,1,27,300,Shrug And Sink The Shoulders (aug 0),train,3681,aug_0
14563,M003P009A028R001_AUG001,3,9,17363,1,27,300,Shrug And Sink The Shoulders (aug 1),train,3681,aug_1
14564,M003P009A028R002_AUG000,3,9,17364,2,27,300,Shrug And Sink The Shoulders (aug 0),train,3682,aug_0
14565,M003P009A028R002_AUG001,3,9,17365,2,27,300,Shrug And Sink The Shoulders (aug 1),train,3682,aug_1
14566,M003P009A028R003_AUG000,3,9,17366,3,27,300,Shrug And Sink The Shoulders (aug 0),train,3683,aug_0
14567,M003P009A028R003_AUG001,3,9,17367,3,27,300,Shrug And Sink The Shoulders (aug 1),train,3683,aug_1
14568,M003P009A029R001_AUG000,3,9,17368,1,28,300,Four-way Nod Head (aug 0),train,3684,aug_0
14569,M003P009A029R001_AUG001,3,9,17369,1,28,300,Four-way Nod Head (aug 1),train,3684,aug_1
14570,M003P009A029R002_AUG000,3,9,17370,2,28,300,Four-way Nod Head (aug 0),train,3685,aug_0
14571,M003P009A029R002_AUG001,3,9,17371,2,28,300,Four-way Nod Head (aug 1),train,3685,aug_1
14572,M003P009A029R003_AUG000,3,9,17372,3,28,300,Four-way Nod Head (aug 0),train,3686,aug_0
14573,M003P009A029R003_AUG001,3,9,17373,3,28,300,Four-way Nod Head (aug 1),train,3686,aug_1
14574,M003P009A030R001_AUG000,3,9,17374,1,29,300,Lying Alternate Upper-half Leg Raise (aug 0),train,3687,aug_0
14575,M003P009A030R001_AUG001,3,9,17375,1,29,300,Lying Alternate Upper-half Leg Raise (aug 1),train,3687,aug_1
14576,M003P009A030R002_AUG000,3,9,17376,2,29,300,Lying Alternate Upper-half Leg Raise (aug 0),train,3688,aug_0
14577,M003P009A030R002_AUG001,3,9,17377,2,29,300,Lying Alternate Upper-half Leg Raise (aug 1),train,3688,aug_1
14578,M003P009A030R003_AUG000,3,9,17378,3,29,300,Lying Alternate Upper-half Leg Raise (aug 0),train,3689,aug_0
14579,M003P009A030R003_AUG001,3,9,17379,3,29,300,Lying Alternate Upper-half Leg Raise (aug 1),train,3689,aug_1
14580,M003P009A031R001_AUG000,3,9,17380,1,30,300,Half Roll Back (aug 0),train,3690,aug_0
14581,M003P009A031R001_AUG001,3,9,17381,1,30,300,Half Roll Back (aug 1),train,3690,aug_1
14582,M003P009A031R002_AUG000,3,9,17382,2,30,300,Half Roll Back (aug 0),train,3691,aug_0
14583,M003P009A031R002_AUG001,3,9,17383,2,30,300,Half Roll Back (aug 1),train,3691,aug_1
14584,M003P009A031R003_AUG000,3,9,17384,3,30,300,Half Roll Back (aug 0),train,3692,aug_0
14585,M003P009A031R003_AUG001,3,9,17385,3,30,300,Half Roll Back (aug 1),train,3692,aug_1
14586,M003P009A032R001_AUG000,3,9,17386,1,31,300,Kneeling Right-side Torso Twist (aug 0),train,3693,aug_0
14587,M003P009A032R001_AUG001,3,9,17387,1,31,300,Kneeling Right-side Torso Twist (aug 1),train,3693,aug_1
14588,M003P009A032R002_AUG000,3,9,17388,2,31,300,Kneeling Right-side Torso Twist (aug 0),train,3694,aug_0
14589,M003P009A032R002_AUG001,3,9,17389,2,31,300,Kneeling Right-side Torso Twist (aug 1),train,3694,aug_1
14590,M003P009A032R003_AUG000,3,9,17390,3,31,300,Kneeling Right-side Torso Twist (aug 0),train,3695,aug_0
14591,M003P009A032R003_AUG001,3,9,17391,3,31,300,Kneeling Right-side Torso Twist (aug 1),train,3695,aug_1
14592,M003P009A033R001_AUG000,3,9,17392,1,32,300,Left-side Knee Raise And Abdominal Muscles Contract (aug 0),train,3696,aug_0
14593,M003P009A033R001_AUG001,3,9,17393,1,32,300,Left-side Knee Raise And Abdominal Muscles Contract (aug 1),train,3696,aug_1
14594,M003P009A033R002_AUG000,3,9,17394,2,32,300,Left-side Knee Raise And Abdominal Muscles Contract (aug 0),train,3697,aug_0
14595,M003P009A033R002_AUG001,3,9,17395,2,32,300,Left-side Knee Raise And Abdominal Muscles Contract (aug 1),train,3697,aug_1
14596,M003P009A033R003_AUG000,3,9,17396,3,32,300,Left-side Knee Raise And Abdominal Muscles Contract (aug 0),train,3698,aug_0
14597,M003P009A033R003_AUG001,3,9,17397,3,32,300,Left-side Knee Raise And Abdominal Muscles Contract (aug 1),train,3698,aug_1
14598,M003P009A034R001_AUG000,3,9,17398,1,33,300,Kneeling Right Leg Backward Stretch (aug 0),train,3699,aug_0
14599,M003P009A034R001_AUG001,3,9,17399,1,33,300,Kneeling Right Leg Backward Stretch (aug 1),train,3699,aug_1
14600,M003P009A034R002_AUG000,3,9,17400,2,33,300,Kneeling Right Leg Backward Stretch (aug 0),train,3700,aug_0
14601,M003P009A034R002_AUG001,3,9,17401,2,33,300,Kneeling Right Leg Backward Stretch (aug 1),train,3700,aug_1
14602,M003P009A034R003_AUG000,3,9,17402,3,33,300,Kneeling Right Leg Backward Stretch (aug 0),train,3701,aug_0
14603,M003P009A034R003_AUG001,3,9,17403,3,33,300,Kneeling Right Leg Backward Stretch (aug 1),train,3701,aug_1
14604,M003P009A035R001_AUG000,3,9,17404,1,34,300,Kneeling Right Arm Raise (aug 0),train,3702,aug_0
14605,M003P009A035R001_AUG001,3,9,17405,1,34,300,Kneeling Right Arm Raise (aug 1),train,3702,aug_1
14606,M003P009A035R002_AUG000,3,9,17406,2,34,300,Kneeling Right Arm Raise (aug 0),train,3703,aug_0
14607,M003P009A035R002_AUG001,3,9,17407,2,34,300,Kneeling Right Arm Raise (aug 1),train,3703,aug_1
14608,M003P009A035R003_AUG000,3,9,17408,3,34,300,Kneeling Right Arm Raise (aug 0),train,3704,aug_0
14609,M003P009A035R003_AUG001,3,9,17409,3,34,300,Kneeling Right Arm Raise (aug 1),train,3704,aug_1
14610,M003P009A036R001_AUG000,3,9,17410,1,35,300,Shoulder Bridge (aug 0),train,3705,aug_0
14611,M003P009A036R001_AUG001,3,9,17411,1,35,300,Shoulder Bridge (aug 1),train,3705,aug_1
14612,M003P009A036R002_AUG000,3,9,17412,2,35,300,Shoulder Bridge (aug 0),train,3706,aug_0
14613,M003P009A036R002_AUG001,3,9,17413,2,35,300,Shoulder Bridge (aug 1),train,3706,aug_1
14614,M003P009A036R003_AUG000,3,9,17414,3,35,300,Shoulder Bridge (aug 0),train,3707,aug_0
14615,M003P009A036R003_AUG001,3,9,17415,3,35,300,Shoulder Bridge (aug 1),train,3707,aug_1
14616,M003P009A037R001_AUG000,3,9,17416,1,36,300,Prone Press-ups (aug 0),train,3708,aug_0
14617,M003P009A037R001_AUG001,3,9,17417,1,36,300,Prone Press-ups (aug 1),train,3708,aug_1
14618,M003P009A037R002_AUG000,3,9,17418,2,36,300,Prone Press-ups (aug 0),train,3709,aug_0
14619,M003P009A037R002_AUG001,3,9,17419,2,36,300,Prone Press-ups (aug 1),train,3709,aug_1
14620,M003P009A037R003_AUG000,3,9,17420,3,36,300,Prone Press-ups (aug 0),train,3710,aug_0
14621,M003P009A037R003_AUG001,3,9,17421,3,36,300,Prone Press-ups (aug 1),train,3710,aug_1
14622,M003P009A038R001_AUG000,3,9,17422,1,37,300,Bent-over Torso Rotation (aug 0),train,3711,aug_0
14623,M003P009A038R001_AUG001,3,9,17423,1,37,300,Bent-over Torso Rotation (aug 1),train,3711,aug_1
14624,M003P009A038R002_AUG000,3,9,17424,2,37,300,Bent-over Torso Rotation (aug 0),train,3712,aug_0
14625,M003P009A038R002_AUG001,3,9,17425,2,37,300,Bent-over Torso Rotation (aug 1),train,3712,aug_1
14626,M003P009A038R003_AUG000,3,9,17426,3,37,300,Bent-over Torso Rotation (aug 0),train,3713,aug_0
14627,M003P009A038R003_AUG001,3,9,17427,3,37,300,Bent-over Torso Rotation (aug 1),train,3713,aug_1
14628,M003P009A039R001_AUG000,3,9,17428,1,38,300,Lying Arm Pull (aug 0),train,3714,aug_0
14629,M003P009A039R001_AUG001,3,9,17429,1,38,300,Lying Arm Pull (aug 1),train,3714,aug_1
14630,M003P009A039R002_AUG000,3,9,17430,2,38,300,Lying Arm Pull (aug 0),train,3715,aug_0
14631,M003P009A039R002_AUG001,3,9,17431,2,38,300,Lying Arm Pull (aug 1),train,3715,aug_1
14632,M003P009A039R003_AUG000,3,9,17432,3,38,300,Lying Arm Pull (aug 0),train,3716,aug_0
14633,M003P009A039R003_AUG001,3,9,17433,3,38,300,Lying Arm Pull (aug 1),train,3716,aug_1
14634,M003P009A040R001_AUG000,3,9,17434,1,39,300,Prone Press Up With Torso Rotation (aug 0),train,3717,aug_0
14635,M003P009A040R001_AUG001,3,9,17435,1,39,300,Prone Press Up With Torso Rotation (aug 1),train,3717,aug_1
14636,M003P009A040R002_AUG000,3,9,17436,2,39,300,Prone Press Up With Torso Rotation (aug 0),train,3718,aug_0
14637,M003P009A040R002_AUG001,3,9,17437,2,39,300,Prone Press Up With Torso Rotation (aug 1),train,3718,aug_1
14638,M003P009A040R003_AUG000,3,9,17438,3,39,300,Prone Press Up With Torso Rotation (aug 0),train,3719,aug_0
14639,M003P009A040R003_AUG001,3,9,17439,3,39,300,Prone Press Up With Torso Rotation (aug 1),train,3719,aug_1
14640,M003P009A041R001_AUG000,3,9,17440,1,40,300,Breaststroke Push-ups (aug 0),train,3720,aug_0
14641,M003P009A041R001_AUG001,3,9,17441,1,40,300,Breaststroke Push-ups (aug 1),train,3720,aug_1
14642,M003P009A041R002_AUG000,3,9,17442,2,40,300,Breaststroke Push-ups (aug 0),train,3721,aug_0
14643,M003P009A041R002_AUG001,3,9,17443,2,40,300,Breaststroke Push-ups (aug 1),train,3721,aug_1
14644,M003P009A041R003_AUG000,3,9,17444,3,40,300,Breaststroke Push-ups (aug 0),train,3722,aug_0
14645,M003P009A041R003_AUG001,3,9,17445,3,40,300,Breaststroke Push-ups (aug 1),train,3722,aug_1
14646,M003P009A042R001_AUG000,3,9,17446,1,41,300,Sit-ups (aug 0),train,3723,aug_0
14647,M003P009A042R001_AUG001,3,9,17447,1,41,300,Sit-ups (aug 1),train,3723,aug_1
14648,M003P009A042R002_AUG000,3,9,17448,2,41,300,Sit-ups (aug 0),train,3724,aug_0
14649,M003P009A042R002_AUG001,3,9,17449,2,41,300,Sit-ups (aug 1),train,3724,aug_1
14650,M003P009A042R003_AUG000,3,9,17450,3,41,300,Sit-ups (aug 0),train,3725,aug_0
14651,M003P009A042R003_AUG001,3,9,17451,3,41,300,Sit-ups (aug 1),train,3725,aug_1
14652,M003P009A043R001_AUG000,3,9,17452,1,42,300,Side-lying Left Leg Forward Raise (aug 0),train,3726,aug_0
14653,M003P009A043R001_AUG001,3,9,17453,1,42,300,Side-lying Left Leg Forward Raise (aug 1),train,3726,aug_1
14654,M003P009A043R002_AUG000,3,9,17454,2,42,300,Side-lying Left Leg Forward Raise (aug 0),train,3727,aug_0
14655,M003P009A043R002_AUG001,3,9,17455,2,42,300,Side-lying Left Leg Forward Raise (aug 1),train,3727,aug_1
14656,M003P009A043R003_AUG000,3,9,17456,3,42,300,Side-lying Left Leg Forward Raise (aug 0),train,3728,aug_0
14657,M003P009A043R003_AUG001,3,9,17457,3,42,300,Side-lying Left Leg Forward Raise (aug 1),train,3728,aug_1
14658,M003P009A044R001_AUG000,3,9,17458,1,43,300,Right Leg Reverse Lunge (aug 0),train,3729,aug_0
14659,M003P009A044R001_AUG001,3,9,17459,1,43,300,Right Leg Reverse Lunge (aug 1),train,3729,aug_1
14660,M003P009A044R002_AUG000,3,9,17460,2,43,300,Right Leg Reverse Lunge (aug 0),train,3730,aug_0
14661,M003P009A044R002_AUG001,3,9,17461,2,43,300,Right Leg Reverse Lunge (aug 1),train,3730,aug_1
14662,M003P009A044R003_AUG000,3,9,17462,3,43,300,Right Leg Reverse Lunge (aug 0),train,3731,aug_0
14663,M003P009A044R003_AUG001,3,9,17463,3,43,300,Right Leg Reverse Lunge (aug 1),train,3731,aug_1
14664,M003P009A045R001_AUG000,3,9,17464,1,44,300,Kneeling Left Knee Lift (aug 0),train,3732,aug_0
14665,M003P009A045R001_AUG001,3,9,17465,1,44,300,Kneeling Left Knee Lift (aug 1),train,3732,aug_1
14666,M003P009A045R002_AUG000,3,9,17466,2,44,300,Kneeling Left Knee Lift (aug 0),train,3733,aug_0
14667,M003P009A045R002_AUG001,3,9,17467,2,44,300,Kneeling Left Knee Lift (aug 1),train,3733,aug_1
14668,M003P009A045R003_AUG000,3,9,17468,3,44,300,Kneeling Left Knee Lift (aug 0),train,3734,aug_0
14669,M003P009A045R003_AUG001,3,9,17469,3,44,300,Kneeling Left Knee Lift (aug 1),train,3734,aug_1
14670,M003P009A046R001_AUG000,3,9,17470,1,45,300,Alternate Reverse Lunge (aug 0),train,3735,aug_0
14671,M003P009A046R001_AUG001,3,9,17471,1,45,300,Alternate Reverse Lunge (aug 1),train,3735,aug_1
14672,M003P009A046R002_AUG000,3,9,17472,2,45,300,Alternate Reverse Lunge (aug 0),train,3736,aug_0
14673,M003P009A046R002_AUG001,3,9,17473,2,45,300,Alternate Reverse Lunge (aug 1),train,3736,aug_1
14674,M003P009A046R003_AUG000,3,9,17474,3,45,300,Alternate Reverse Lunge (aug 0),train,3737,aug_0
14675,M003P009A046R003_AUG001,3,9,17475,3,45,300,Alternate Reverse Lunge (aug 1),train,3737,aug_1
14676,M003P009A047R001_AUG000,3,9,17476,1,46,300,Side-lying Right Leg Backward Kick (aug 0),train,3738,aug_0
14677,M003P009A047R001_AUG001,3,9,17477,1,46,300,Side-lying Right Leg Backward Kick (aug 1),train,3738,aug_1
14678,M003P009A047R002_AUG000,3,9,17478,2,46,300,Side-lying Right Leg Backward Kick (aug 0),train,3739,aug_0
14679,M003P009A047R002_AUG001,3,9,17479,2,46,300,Side-lying Right Leg Backward Kick (aug 1),train,3739,aug_1
14680,M003P009A047R003_AUG000,3,9,17480,3,46,300,Side-lying Right Leg Backward Kick (aug 0),train,3740,aug_0
14681,M003P009A047R003_AUG001,3,9,17481,3,46,300,Side-lying Right Leg Backward Kick (aug 1),train,3740,aug_1
14682,M003P009A048R001_AUG000,3,9,17482,1,47,300,Left Leg Lunge With Knee Lift (aug 0),train,3741,aug_0
14683,M003P009A048R001_AUG001,3,9,17483,1,47,300,Left Leg Lunge With Knee Lift (aug 1),train,3741,aug_1
14684,M003P009A048R002_AUG000,3,9,17484,2,47,300,Left Leg Lunge With Knee Lift (aug 0),train,3742,aug_0
14685,M003P009A048R002_AUG001,3,9,17485,2,47,300,Left Leg Lunge With Knee Lift (aug 1),train,3742,aug_1
14686,M003P009A048R003_AUG000,3,9,17486,3,47,300,Left Leg Lunge With Knee Lift (aug 0),train,3743,aug_0
14687,M003P009A048R003_AUG001,3,9,17487,3,47,300,Left Leg Lunge With Knee Lift (aug 1),train,3743,aug_1
14688,M003P009A049R001_AUG000,3,9,17488,1,48,300,Sumo Squat (aug 0),train,3744,aug_0
14689,M003P009A049R001_AUG001,3,9,17489,1,48,300,Sumo Squat (aug 1),train,3744,aug_1
14690,M003P009A049R002_AUG000,3,9,17490,2,48,300,Sumo Squat (aug 0),train,3745,aug_0
14691,M003P009A049R002_AUG001,3,9,17491,2,48,300,Sumo Squat (aug 1),train,3745,aug_1
14692,M003P009A049R003_AUG000,3,9,17492,3,48,300,Sumo Squat (aug 0),train,3746,aug_0
14693,M003P009A049R003_AUG001,3,9,17493,3,48,300,Sumo Squat (aug 1),train,3746,aug_1
14694,M003P009A050R001_AUG000,3,9,17494,1,49,300,Straight Leg Calf Raise (aug 0),train,3747,aug_0
14695,M003P009A050R001_AUG001,3,9,17495,1,49,300,Straight Leg Calf Raise (aug 1),train,3747,aug_1
14696,M003P009A050R002_AUG000,3,9,17496,2,49,300,Straight Leg Calf Raise (aug 0),train,3748,aug_0
14697,M003P009A050R002_AUG001,3,9,17497,2,49,300,Straight Leg Calf Raise (aug 1),train,3748,aug_1
14698,M003P009A050R003_AUG000,3,9,17498,3,49,300,Straight Leg Calf Raise (aug 0),train,3749,aug_0
14699,M003P009A050R003_AUG001,3,9,17499,3,49,300,Straight Leg Calf Raise (aug 1),train,3749,aug_1
14700,M003P009A051R001_AUG000,3,9,17500,1,50,300,Squat Jump (aug 0),train,3750,aug_0
14701,M003P009A051R001_AUG001,3,9,17501,1,50,300,Squat Jump (aug 1),train,3750,aug_1
14702,M003P009A051R002_AUG000,3,9,17502,2,50,300,Squat Jump (aug 0),train,3751,aug_0
14703,M003P009A051R002_AUG001,3,9,17503,2,50,300,Squat Jump (aug 1),train,3751,aug_1
14704,M003P009A051R003_AUG000,3,9,17504,3,50,300,Squat Jump (aug 0),train,3752,aug_0
14705,M003P009A051R003_AUG001,3,9,17505,3,50,300,Squat Jump (aug 1),train,3752,aug_1
14706,M003P009A052R001_AUG000,3,9,17506,1,51,300,Squat With Alternate Knee Lift (aug 0),train,3753,aug_0
14707,M003P009A052R001_AUG001,3,9,17507,1,51,300,Squat With Alternate Knee Lift (aug 1),train,3753,aug_1
14708,M003P009A052R002_AUG000,3,9,17508,2,51,300,Squat With Alternate Knee Lift (aug 0),train,3754,aug_0
14709,M003P009A052R002_AUG001,3,9,17509,2,51,300,Squat With Alternate Knee Lift (aug 1),train,3754,aug_1
14710,M003P009A052R003_AUG000,3,9,17510,3,51,300,Squat With Alternate Knee Lift (aug 0),train,3755,aug_0
14711,M003P009A052R003_AUG001,3,9,17511,3,51,300,Squat With Alternate Knee Lift (aug 1),train,3755,aug_1
14712,M003P009A053R001_AUG000,3,9,17512,1,52,300,Standing Alternate Butt Kick (aug 0),train,3756,aug_0
14713,M003P009A053R001_AUG001,3,9,17513,1,52,300,Standing Alternate Butt Kick (aug 1),train,3756,aug_1
14714,M003P009A053R002_AUG000,3,9,17514,2,52,300,Standing Alternate Butt Kick (aug 0),train,3757,aug_0
14715,M003P009A053R002_AUG001,3,9,17515,2,52,300,Standing Alternate Butt Kick (aug 1),train,3757,aug_1
14716,M003P009A053R003_AUG000,3,9,17516,3,52,300,Standing Alternate Butt Kick (aug 0),train,3758,aug_0
14717,M003P009A053R003_AUG001,3,9,17517,3,52,300,Standing Alternate Butt Kick (aug 1),train,3758,aug_1
14718,M003P009A054R001_AUG000,3,9,17518,1,53,300,Knee Warm-up (aug 0),train,3759,aug_0
14719,M003P009A054R001_AUG001,3,9,17519,1,53,300,Knee Warm-up (aug 1),train,3759,aug_1
14720,M003P009A054R002_AUG000,3,9,17520,2,53,300,Knee Warm-up (aug 0),train,3760,aug_0
14721,M003P009A054R002_AUG001,3,9,17521,2,53,300,Knee Warm-up (aug 1),train,3760,aug_1
14722,M003P009A054R003_AUG000,3,9,17522,3,53,300,Knee Warm-up (aug 0),train,3761,aug_0
14723,M003P009A054R003_AUG001,3,9,17523,3,53,300,Knee Warm-up (aug 1),train,3761,aug_1
14724,M003P009A055R001_AUG000,3,9,17524,1,54,300,Butt Kicks (aug 0),train,3762,aug_0
14725,M003P009A055R001_AUG001,3,9,17525,1,54,300,Butt Kicks (aug 1),train,3762,aug_1
14726,M003P009A055R002_AUG000,3,9,17526,2,54,300,Butt Kicks (aug 0),train,3763,aug_0
14727,M003P009A055R002_AUG001,3,9,17527,2,54,300,Butt Kicks (aug 1),train,3763,aug_1
14728,M003P009A055R003_AUG000,3,9,17528,3,54,300,Butt Kicks (aug 0),train,3764,aug_0
14729,M003P009A055R003_AUG001,3,9,17529,3,54,300,Butt Kicks (aug 1),train,3764,aug_1
14730,M003P009A056R001_AUG000,3,9,17530,1,55,300,Jump Left and Right (aug 0),train,3765,aug_0
14731,M003P009A056R001_AUG001,3,9,17531,1,55,300,Jump Left and Right (aug 1),train,3765,aug_1
14732,M003P009A056R002_AUG000,3,9,17532,2,55,300,Jump Left and Right (aug 0),train,3766,aug_0
14733,M003P009A056R002_AUG001,3,9,17533,2,55,300,Jump Left and Right (aug 1),train,3766,aug_1
14734,M003P009A056R003_AUG000,3,9,17534,3,55,300,Jump Left and Right (aug 0),train,3767,aug_0
14735,M003P009A056R003_AUG001,3,9,17535,3,55,300,Jump Left and Right (aug 1),train,3767,aug_1
14736,M003P009A057R001_AUG000,3,9,17536,1,56,300,Jumping Jacks (aug 0),train,3768,aug_0
14737,M003P009A057R001_AUG001,3,9,17537,1,56,300,Jumping Jacks (aug 1),train,3768,aug_1
14738,M003P009A057R002_AUG000,3,9,17538,2,56,300,Jumping Jacks (aug 0),train,3769,aug_0
14739,M003P009A057R002_AUG001,3,9,17539,2,56,300,Jumping Jacks (aug 1),train,3769,aug_1
14740,M003P009A057R003_AUG000,3,9,17540,3,56,300,Jumping Jacks (aug 0),train,3770,aug_0
14741,M003P009A057R003_AUG001,3,9,17541,3,56,300,Jumping Jacks (aug 1),train,3770,aug_1
14742,M003P009A058R001_AUG000,3,9,17542,1,57,300,High Knee (aug 0),train,3771,aug_0
14743,M003P009A058R001_AUG001,3,9,17543,1,57,300,High Knee (aug 1),train,3771,aug_1
14744,M003P009A058R002_AUG000,3,9,17544,2,57,300,High Knee (aug 0),train,3772,aug_0
14745,M003P009A058R002_AUG001,3,9,17545,2,57,300,High Knee (aug 1),train,3772,aug_1
14746,M003P009A058R003_AUG000,3,9,17546,3,57,300,High Knee (aug 0),train,3773,aug_0
14747,M003P009A058R003_AUG001,3,9,17547,3,57,300,High Knee (aug 1),train,3773,aug_1
14748,M003P009A059R001_AUG000,3,9,17548,1,58,300,Clap Jacks (aug 0),train,3774,aug_0
14749,M003P009A059R001_AUG001,3,9,17549,1,58,300,Clap Jacks (aug 1),train,3774,aug_1
14750,M003P009A059R002_AUG000,3,9,17550,2,58,300,Clap Jacks (aug 0),train,3775,aug_0
14751,M003P009A059R002_AUG001,3,9,17551,2,58,300,Clap Jacks (aug 1),train,3775,aug_1
14752,M003P009A059R003_AUG000,3,9,17552,3,58,300,Clap Jacks (aug 0),train,3776,aug_0
14753,M003P009A059R003_AUG001,3,9,17553,3,58,300,Clap Jacks (aug 1),train,3776,aug_1
14754,M003P009A060R001_AUG000,3,9,17554,1,59,300,Run In Place With Arm Swing (aug 0),train,3777,aug_0
14755,M003P009A060R001_AUG001,3,9,17555,1,59,300,Run In Place With Arm Swing (aug 1),train,3777,aug_1
14756,M003P009A060R002_AUG000,3,9,17556,2,59,300,Run In Place With Arm Swing (aug 0),train,3778,aug_0
14757,M003P009A060R002_AUG001,3,9,17557,2,59,300,Run In Place With Arm Swing (aug 1),train,3778,aug_1
14758,M003P009A060R003_AUG000,3,9,17558,3,59,300,Run In Place With Arm Swing (aug 0),train,3779,aug_0
14759,M003P009A060R003_AUG001,3,9,17559,3,59,300,Run In Place With Arm Swing (aug 1),train,3779,aug_1
14760,M004P002A001R001_AUG000,4,2,17560,1,0,300,Svend Press (aug 0),train,3780,aug_0
14761,M004P002A001R001_AUG001,4,2,17561,1,0,300,Svend Press (aug 1),train,3780,aug_1
14762,M004P002A001R002_AUG000,4,2,17562,2,0,300,Svend Press (aug 0),train,3781,aug_0
14763,M004P002A001R002_AUG001,4,2,17563,2,0,300,Svend Press (aug 1),train,3781,aug_1
14764,M004P002A001R003_AUG000,4,2,17564,3,0,300,Svend Press (aug 0),train,3782,aug_0
14765,M004P002A001R003_AUG001,4,2,17565,3,0,300,Svend Press (aug 1),train,3782,aug_1
14766,M004P002A002R001_AUG000,4,2,17566,1,1,300,Kneeling Push-ups (aug 0),train,3783,aug_0
14767,M004P002A002R001_AUG001,4,2,17567,1,1,300,Kneeling Push-ups (aug 1),train,3783,aug_1
14768,M004P002A002R002_AUG000,4,2,17568,2,1,300,Kneeling Push-ups (aug 0),train,3784,aug_0
14769,M004P002A002R002_AUG001,4,2,17569,2,1,300,Kneeling Push-ups (aug 1),train,3784,aug_1
14770,M004P002A002R003_AUG000,4,2,17570,3,1,300,Kneeling Push-ups (aug 0),train,3785,aug_0
14771,M004P002A002R003_AUG001,4,2,17571,3,1,300,Kneeling Push-ups (aug 1),train,3785,aug_1
14772,M004P002A003R001_AUG000,4,2,17572,1,2,300,Standing Straight-arm Chest Press With Resistance Band (aug 0),train,3786,aug_0
14773,M004P002A003R001_AUG001,4,2,17573,1,2,300,Standing Straight-arm Chest Press With Resistance Band (aug 1),train,3786,aug_1
14774,M004P002A003R002_AUG000,4,2,17574,2,2,300,Standing Straight-arm Chest Press With Resistance Band (aug 0),train,3787,aug_0
14775,M004P002A003R002_AUG001,4,2,17575,2,2,300,Standing Straight-arm Chest Press With Resistance Band (aug 1),train,3787,aug_1
14776,M004P002A003R003_AUG000,4,2,17576,3,2,300,Standing Straight-arm Chest Press With Resistance Band (aug 0),train,3788,aug_0
14777,M004P002A003R003_AUG001,4,2,17577,3,2,300,Standing Straight-arm Chest Press With Resistance Band (aug 1),train,3788,aug_1
14778,M004P002A004R001_AUG000,4,2,17578,1,3,300,Small Dumbbell Floor Flies (aug 0),train,3789,aug_0
14779,M004P002A004R001_AUG001,4,2,17579,1,3,300,Small Dumbbell Floor Flies (aug 1),train,3789,aug_1
14780,M004P002A004R002_AUG000,4,2,17580,2,3,300,Small Dumbbell Floor Flies (aug 0),train,3790,aug_0
14781,M004P002A004R002_AUG001,4,2,17581,2,3,300,Small Dumbbell Floor Flies (aug 1),train,3790,aug_1
14782,M004P002A004R003_AUG000,4,2,17582,3,3,300,Small Dumbbell Floor Flies (aug 0),train,3791,aug_0
14783,M004P002A004R003_AUG001,4,2,17583,3,3,300,Small Dumbbell Floor Flies (aug 1),train,3791,aug_1
14784,M004P002A005R001_AUG000,4,2,17584,1,4,300,Chest Fly (aug 0),train,3792,aug_0
14785,M004P002A005R001_AUG001,4,2,17585,1,4,300,Chest Fly (aug 1),train,3792,aug_1
14786,M004P002A005R002_AUG000,4,2,17586,2,4,300,Chest Fly (aug 0),train,3793,aug_0
14787,M004P002A005R002_AUG001,4,2,17587,2,4,300,Chest Fly (aug 1),train,3793,aug_1
14788,M004P002A005R003_AUG000,4,2,17588,3,4,300,Chest Fly (aug 0),train,3794,aug_0
14789,M004P002A005R003_AUG001,4,2,17589,3,4,300,Chest Fly (aug 1),train,3794,aug_1
14790,M004P002A006R001_AUG000,4,2,17590,1,5,300,Push-ups (aug 0),train,3795,aug_0
14791,M004P002A006R001_AUG001,4,2,17591,1,5,300,Push-ups (aug 1),train,3795,aug_1
14792,M004P002A006R002_AUG000,4,2,17592,2,5,300,Push-ups (aug 0),train,3796,aug_0
14793,M004P002A006R002_AUG001,4,2,17593,2,5,300,Push-ups (aug 1),train,3796,aug_1
14794,M004P002A006R003_AUG000,4,2,17594,3,5,300,Push-ups (aug 0),train,3797,aug_0
14795,M004P002A006R003_AUG001,4,2,17595,3,5,300,Push-ups (aug 1),train,3797,aug_1
14796,M004P002A007R001_AUG000,4,2,17596,1,6,300,Bent-over W-shape Stretch (aug 0),train,3798,aug_0
14797,M004P002A007R001_AUG001,4,2,17597,1,6,300,Bent-over W-shape Stretch (aug 1),train,3798,aug_1
14798,M004P002A007R002_AUG000,4,2,17598,2,6,300,Bent-over W-shape Stretch (aug 0),train,3799,aug_0
14799,M004P002A007R002_AUG001,4,2,17599,2,6,300,Bent-over W-shape Stretch (aug 1),train,3799,aug_1
14800,M004P002A007R003_AUG000,4,2,17600,3,6,300,Bent-over W-shape Stretch (aug 0),train,3800,aug_0
14801,M004P002A007R003_AUG001,4,2,17601,3,6,300,Bent-over W-shape Stretch (aug 1),train,3800,aug_1
14802,M004P002A008R001_AUG000,4,2,17602,1,7,300,Bent-over Y-shape Stretch (aug 0),train,3801,aug_0
14803,M004P002A008R001_AUG001,4,2,17603,1,7,300,Bent-over Y-shape Stretch (aug 1),train,3801,aug_1
14804,M004P002A008R002_AUG000,4,2,17604,2,7,300,Bent-over Y-shape Stretch (aug 0),train,3802,aug_0
14805,M004P002A008R002_AUG001,4,2,17605,2,7,300,Bent-over Y-shape Stretch (aug 1),train,3802,aug_1
14806,M004P002A008R003_AUG000,4,2,17606,3,7,300,Bent-over Y-shape Stretch (aug 0),train,3803,aug_0
14807,M004P002A008R003_AUG001,4,2,17607,3,7,300,Bent-over Y-shape Stretch (aug 1),train,3803,aug_1
14808,M004P002A009R001_AUG000,4,2,17608,1,8,300,Bent-over A-shape Stretch (aug 0),train,3804,aug_0
14809,M004P002A009R001_AUG001,4,2,17609,1,8,300,Bent-over A-shape Stretch (aug 1),train,3804,aug_1
14810,M004P002A009R002_AUG000,4,2,17610,2,8,300,Bent-over A-shape Stretch (aug 0),train,3805,aug_0
14811,M004P002A009R002_AUG001,4,2,17611,2,8,300,Bent-over A-shape Stretch (aug 1),train,3805,aug_1
14812,M004P002A009R003_AUG000,4,2,17612,3,8,300,Bent-over A-shape Stretch (aug 0),train,3806,aug_0
14813,M004P002A009R003_AUG001,4,2,17613,3,8,300,Bent-over A-shape Stretch (aug 1),train,3806,aug_1
14814,M004P002A010R001_AUG000,4,2,17614,1,9,300,Squat With Arm Lift (aug 0),train,3807,aug_0
14815,M004P002A010R001_AUG001,4,2,17615,1,9,300,Squat With Arm Lift (aug 1),train,3807,aug_1
14816,M004P002A010R002_AUG000,4,2,17616,2,9,300,Squat With Arm Lift (aug 0),train,3808,aug_0
14817,M004P002A010R002_AUG001,4,2,17617,2,9,300,Squat With Arm Lift (aug 1),train,3808,aug_1
14818,M004P002A010R003_AUG000,4,2,17618,3,9,300,Squat With Arm Lift (aug 0),train,3809,aug_0
14819,M004P002A010R003_AUG001,4,2,17619,3,9,300,Squat With Arm Lift (aug 1),train,3809,aug_1
14820,M004P002A011R001_AUG000,4,2,17620,1,10,300,Breaststroke Arm Pull (aug 0),train,3810,aug_0
14821,M004P002A011R001_AUG001,4,2,17621,1,10,300,Breaststroke Arm Pull (aug 1),train,3810,aug_1
14822,M004P002A011R002_AUG000,4,2,17622,2,10,300,Breaststroke Arm Pull (aug 0),train,3811,aug_0
14823,M004P002A011R002_AUG001,4,2,17623,2,10,300,Breaststroke Arm Pull (aug 1),train,3811,aug_1
14824,M004P002A011R003_AUG000,4,2,17624,3,10,300,Breaststroke Arm Pull (aug 0),train,3812,aug_0
14825,M004P002A011R003_AUG001,4,2,17625,3,10,300,Breaststroke Arm Pull (aug 1),train,3812,aug_1
14826,M004P002A012R001_AUG000,4,2,17626,1,11,300,Prone Y-shape Stretch (aug 0),train,3813,aug_0
14827,M004P002A012R001_AUG001,4,2,17627,1,11,300,Prone Y-shape Stretch (aug 1),train,3813,aug_1
14828,M004P002A012R002_AUG000,4,2,17628,2,11,300,Prone Y-shape Stretch (aug 0),train,3814,aug_0
14829,M004P002A012R002_AUG001,4,2,17629,2,11,300,Prone Y-shape Stretch (aug 1),train,3814,aug_1
14830,M004P002A012R003_AUG000,4,2,17630,3,11,300,Prone Y-shape Stretch (aug 0),train,3815,aug_0
14831,M004P002A012R003_AUG001,4,2,17631,3,11,300,Prone Y-shape Stretch (aug 1),train,3815,aug_1
14832,M004P002A013R001_AUG000,4,2,17632,1,12,300,Lateral Raise Forward Circles (aug 0),train,3816,aug_0
14833,M004P002A013R001_AUG001,4,2,17633,1,12,300,Lateral Raise Forward Circles (aug 1),train,3816,aug_1
14834,M004P002A013R002_AUG000,4,2,17634,2,12,300,Lateral Raise Forward Circles (aug 0),train,3817,aug_0
14835,M004P002A013R002_AUG001,4,2,17635,2,12,300,Lateral Raise Forward Circles (aug 1),train,3817,aug_1
14836,M004P002A013R003_AUG000,4,2,17636,3,12,300,Lateral Raise Forward Circles (aug 0),train,3818,aug_0
14837,M004P002A013R003_AUG001,4,2,17637,3,12,300,Lateral Raise Forward Circles (aug 1),train,3818,aug_1
14838,M004P002A014R001_AUG000,4,2,17638,1,13,300,Lateral Raise Backward Circles (aug 0),train,3819,aug_0
14839,M004P002A014R001_AUG001,4,2,17639,1,13,300,Lateral Raise Backward Circles (aug 1),train,3819,aug_1
14840,M004P002A014R002_AUG000,4,2,17640,2,13,300,Lateral Raise Backward Circles (aug 0),train,3820,aug_0
14841,M004P002A014R002_AUG001,4,2,17641,2,13,300,Lateral Raise Backward Circles (aug 1),train,3820,aug_1
14842,M004P002A014R003_AUG000,4,2,17642,3,13,300,Lateral Raise Backward Circles (aug 0),train,3821,aug_0
14843,M004P002A014R003_AUG001,4,2,17643,3,13,300,Lateral Raise Backward Circles (aug 1),train,3821,aug_1
14844,M004P002A015R001_AUG000,4,2,17644,1,14,300,Lying Shoulder Joint Upward Round (aug 0),train,3822,aug_0
14845,M004P002A015R001_AUG001,4,2,17645,1,14,300,Lying Shoulder Joint Upward Round (aug 1),train,3822,aug_1
14846,M004P002A015R002_AUG000,4,2,17646,2,14,300,Lying Shoulder Joint Upward Round (aug 0),train,3823,aug_0
14847,M004P002A015R002_AUG001,4,2,17647,2,14,300,Lying Shoulder Joint Upward Round (aug 1),train,3823,aug_1
14848,M004P002A015R003_AUG000,4,2,17648,3,14,300,Lying Shoulder Joint Upward Round (aug 0),train,3824,aug_0
14849,M004P002A015R003_AUG001,4,2,17649,3,14,300,Lying Shoulder Joint Upward Round (aug 1),train,3824,aug_1
14850,M004P002A016R001_AUG000,4,2,17650,1,15,300,Lying Shoulder Joint Downward Round (aug 0),train,3825,aug_0
14851,M004P002A016R001_AUG001,4,2,17651,1,15,300,Lying Shoulder Joint Downward Round (aug 1),train,3825,aug_1
14852,M004P002A016R002_AUG000,4,2,17652,2,15,300,Lying Shoulder Joint Downward Round (aug 0),train,3826,aug_0
14853,M004P002A016R002_AUG001,4,2,17653,2,15,300,Lying Shoulder Joint Downward Round (aug 1),train,3826,aug_1
14854,M004P002A016R003_AUG000,4,2,17654,3,15,300,Lying Shoulder Joint Downward Round (aug 0),train,3827,aug_0
14855,M004P002A016R003_AUG001,4,2,17655,3,15,300,Lying Shoulder Joint Downward Round (aug 1),train,3827,aug_1
14856,M004P002A017R001_AUG000,4,2,17656,1,16,300,Bare-handed Full Lateral Raise (aug 0),train,3828,aug_0
14857,M004P002A017R001_AUG001,4,2,17657,1,16,300,Bare-handed Full Lateral Raise (aug 1),train,3828,aug_1
14858,M004P002A017R002_AUG000,4,2,17658,2,16,300,Bare-handed Full Lateral Raise (aug 0),train,3829,aug_0
14859,M004P002A017R002_AUG001,4,2,17659,2,16,300,Bare-handed Full Lateral Raise (aug 1),train,3829,aug_1
14860,M004P002A017R003_AUG000,4,2,17660,3,16,300,Bare-handed Full Lateral Raise (aug 0),train,3830,aug_0
14861,M004P002A017R003_AUG001,4,2,17661,3,16,300,Bare-handed Full Lateral Raise (aug 1),train,3830,aug_1
14862,M004P002A018R001_AUG000,4,2,17662,1,17,300,Bare-handed Cuban Press (aug 0),train,3831,aug_0
14863,M004P002A018R001_AUG001,4,2,17663,1,17,300,Bare-handed Cuban Press (aug 1),train,3831,aug_1
14864,M004P002A018R002_AUG000,4,2,17664,2,17,300,Bare-handed Cuban Press (aug 0),train,3832,aug_0
14865,M004P002A018R002_AUG001,4,2,17665,2,17,300,Bare-handed Cuban Press (aug 1),train,3832,aug_1
14866,M004P002A018R003_AUG000,4,2,17666,3,17,300,Bare-handed Cuban Press (aug 0),train,3833,aug_0
14867,M004P002A018R003_AUG001,4,2,17667,3,17,300,Bare-handed Cuban Press (aug 1),train,3833,aug_1
14868,M004P002A019R001_AUG000,4,2,17668,1,18,300,Fortune Cat (aug 0),train,3834,aug_0
14869,M004P002A019R001_AUG001,4,2,17669,1,18,300,Fortune Cat (aug 1),train,3834,aug_1
14870,M004P002A019R002_AUG000,4,2,17670,2,18,300,Fortune Cat (aug 0),train,3835,aug_0
14871,M004P002A019R002_AUG001,4,2,17671,2,18,300,Fortune Cat (aug 1),train,3835,aug_1
14872,M004P002A019R003_AUG000,4,2,17672,3,18,300,Fortune Cat (aug 0),train,3836,aug_0
14873,M004P002A019R003_AUG001,4,2,17673,3,18,300,Fortune Cat (aug 1),train,3836,aug_1
14874,M004P002A020R001_AUG000,4,2,17674,1,19,300,Dumbbell Curls (aug 0),train,3837,aug_0
14875,M004P002A020R001_AUG001,4,2,17675,1,19,300,Dumbbell Curls (aug 1),train,3837,aug_1
14876,M004P002A020R002_AUG000,4,2,17676,2,19,300,Dumbbell Curls (aug 0),train,3838,aug_0
14877,M004P002A020R002_AUG001,4,2,17677,2,19,300,Dumbbell Curls (aug 1),train,3838,aug_1
14878,M004P002A020R003_AUG000,4,2,17678,3,19,300,Dumbbell Curls (aug 0),train,3839,aug_0
14879,M004P002A020R003_AUG001,4,2,17679,3,19,300,Dumbbell Curls (aug 1),train,3839,aug_1
14880,M004P002A021R001_AUG000,4,2,17680,1,20,300,Alternate Dumbbell Curls (aug 0),train,3840,aug_0
14881,M004P002A021R001_AUG001,4,2,17681,1,20,300,Alternate Dumbbell Curls (aug 1),train,3840,aug_1
14882,M004P002A021R002_AUG000,4,2,17682,2,20,300,Alternate Dumbbell Curls (aug 0),train,3841,aug_0
14883,M004P002A021R002_AUG001,4,2,17683,2,20,300,Alternate Dumbbell Curls (aug 1),train,3841,aug_1
14884,M004P002A021R003_AUG000,4,2,17684,3,20,300,Alternate Dumbbell Curls (aug 0),train,3842,aug_0
14885,M004P002A021R003_AUG001,4,2,17685,3,20,300,Alternate Dumbbell Curls (aug 1),train,3842,aug_1
14886,M004P002A022R001_AUG000,4,2,17686,1,21,300,Right-side Kettlebell Bent-over Row (aug 0),train,3843,aug_0
14887,M004P002A022R001_AUG001,4,2,17687,1,21,300,Right-side Kettlebell Bent-over Row (aug 1),train,3843,aug_1
14888,M004P002A022R002_AUG000,4,2,17688,2,21,300,Right-side Kettlebell Bent-over Row (aug 0),train,3844,aug_0
14889,M004P002A022R002_AUG001,4,2,17689,2,21,300,Right-side Kettlebell Bent-over Row (aug 1),train,3844,aug_1
14890,M004P002A022R003_AUG000,4,2,17690,3,21,300,Right-side Kettlebell Bent-over Row (aug 0),train,3845,aug_0
14891,M004P002A022R003_AUG001,4,2,17691,3,21,300,Right-side Kettlebell Bent-over Row (aug 1),train,3845,aug_1
14892,M004P002A023R001_AUG000,4,2,17692,1,22,300,Wrist Joint Warm-up (aug 0),train,3846,aug_0
14893,M004P002A023R001_AUG001,4,2,17693,1,22,300,Wrist Joint Warm-up (aug 1),train,3846,aug_1
14894,M004P002A023R002_AUG000,4,2,17694,2,22,300,Wrist Joint Warm-up (aug 0),train,3847,aug_0
14895,M004P002A023R002_AUG001,4,2,17695,2,22,300,Wrist Joint Warm-up (aug 1),train,3847,aug_1
14896,M004P002A023R003_AUG000,4,2,17696,3,22,300,Wrist Joint Warm-up (aug 0),train,3848,aug_0
14897,M004P002A023R003_AUG001,4,2,17697,3,22,300,Wrist Joint Warm-up (aug 1),train,3848,aug_1
14898,M004P002A024R001_AUG000,4,2,17698,1,23,300,Right-side Bent-over Tricep Extension With Resistance Band (aug 0),train,3849,aug_0
14899,M004P002A024R001_AUG001,4,2,17699,1,23,300,Right-side Bent-over Tricep Extension With Resistance Band (aug 1),train,3849,aug_1
14900,M004P002A024R002_AUG000,4,2,17700,2,23,300,Right-side Bent-over Tricep Extension With Resistance Band (aug 0),train,3850,aug_0
14901,M004P002A024R002_AUG001,4,2,17701,2,23,300,Right-side Bent-over Tricep Extension With Resistance Band (aug 1),train,3850,aug_1
14902,M004P002A024R003_AUG000,4,2,17702,3,23,300,Right-side Bent-over Tricep Extension With Resistance Band (aug 0),train,3851,aug_0
14903,M004P002A024R003_AUG001,4,2,17703,3,23,300,Right-side Bent-over Tricep Extension With Resistance Band (aug 1),train,3851,aug_1
14904,M004P002A025R001_AUG000,4,2,17704,1,24,300,Bent-over Dumbbell Tricep Extension (aug 0),train,3852,aug_0
14905,M004P002A025R001_AUG001,4,2,17705,1,24,300,Bent-over Dumbbell Tricep Extension (aug 1),train,3852,aug_1
14906,M004P002A025R002_AUG000,4,2,17706,2,24,300,Bent-over Dumbbell Tricep Extension (aug 0),train,3853,aug_0
14907,M004P002A025R002_AUG001,4,2,17707,2,24,300,Bent-over Dumbbell Tricep Extension (aug 1),train,3853,aug_1
14908,M004P002A025R003_AUG000,4,2,17708,3,24,300,Bent-over Dumbbell Tricep Extension (aug 0),train,3854,aug_0
14909,M004P002A025R003_AUG001,4,2,17709,3,24,300,Bent-over Dumbbell Tricep Extension (aug 1),train,3854,aug_1
14910,M004P002A026R001_AUG000,4,2,17710,1,25,300,Nod And Raise Head (aug 0),train,3855,aug_0
14911,M004P002A026R001_AUG001,4,2,17711,1,25,300,Nod And Raise Head (aug 1),train,3855,aug_1
14912,M004P002A026R002_AUG000,4,2,17712,2,25,300,Nod And Raise Head (aug 0),train,3856,aug_0
14913,M004P002A026R002_AUG001,4,2,17713,2,25,300,Nod And Raise Head (aug 1),train,3856,aug_1
14914,M004P002A026R003_AUG000,4,2,17714,3,25,300,Nod And Raise Head (aug 0),train,3857,aug_0
14915,M004P002A026R003_AUG001,4,2,17715,3,25,300,Nod And Raise Head (aug 1),train,3857,aug_1
14916,M004P002A027R001_AUG000,4,2,17716,1,26,300,Two-way Head Turn (aug 0),train,3858,aug_0
14917,M004P002A027R001_AUG001,4,2,17717,1,26,300,Two-way Head Turn (aug 1),train,3858,aug_1
14918,M004P002A027R002_AUG000,4,2,17718,2,26,300,Two-way Head Turn (aug 0),train,3859,aug_0
14919,M004P002A027R002_AUG001,4,2,17719,2,26,300,Two-way Head Turn (aug 1),train,3859,aug_1
14920,M004P002A027R003_AUG000,4,2,17720,3,26,300,Two-way Head Turn (aug 0),train,3860,aug_0
14921,M004P002A027R003_AUG001,4,2,17721,3,26,300,Two-way Head Turn (aug 1),train,3860,aug_1
14922,M004P002A028R001_AUG000,4,2,17722,1,27,300,Shrug And Sink The Shoulders (aug 0),train,3861,aug_0
14923,M004P002A028R001_AUG001,4,2,17723,1,27,300,Shrug And Sink The Shoulders (aug 1),train,3861,aug_1
14924,M004P002A028R002_AUG000,4,2,17724,2,27,300,Shrug And Sink The Shoulders (aug 0),train,3862,aug_0
14925,M004P002A028R002_AUG001,4,2,17725,2,27,300,Shrug And Sink The Shoulders (aug 1),train,3862,aug_1
14926,M004P002A028R003_AUG000,4,2,17726,3,27,300,Shrug And Sink The Shoulders (aug 0),train,3863,aug_0
14927,M004P002A028R003_AUG001,4,2,17727,3,27,300,Shrug And Sink The Shoulders (aug 1),train,3863,aug_1
14928,M004P002A029R001_AUG000,4,2,17728,1,28,300,Four-way Nod Head (aug 0),train,3864,aug_0
14929,M004P002A029R001_AUG001,4,2,17729,1,28,300,Four-way Nod Head (aug 1),train,3864,aug_1
14930,M004P002A029R002_AUG000,4,2,17730,2,28,300,Four-way Nod Head (aug 0),train,3865,aug_0
14931,M004P002A029R002_AUG001,4,2,17731,2,28,300,Four-way Nod Head (aug 1),train,3865,aug_1
14932,M004P002A029R003_AUG000,4,2,17732,3,28,300,Four-way Nod Head (aug 0),train,3866,aug_0
14933,M004P002A029R003_AUG001,4,2,17733,3,28,300,Four-way Nod Head (aug 1),train,3866,aug_1
14934,M004P002A030R001_AUG000,4,2,17734,1,29,300,Lying Alternate Upper-half Leg Raise (aug 0),train,3867,aug_0
14935,M004P002A030R001_AUG001,4,2,17735,1,29,300,Lying Alternate Upper-half Leg Raise (aug 1),train,3867,aug_1
14936,M004P002A030R002_AUG000,4,2,17736,2,29,300,Lying Alternate Upper-half Leg Raise (aug 0),train,3868,aug_0
14937,M004P002A030R002_AUG001,4,2,17737,2,29,300,Lying Alternate Upper-half Leg Raise (aug 1),train,3868,aug_1
14938,M004P002A030R003_AUG000,4,2,17738,3,29,300,Lying Alternate Upper-half Leg Raise (aug 0),train,3869,aug_0
14939,M004P002A030R003_AUG001,4,2,17739,3,29,300,Lying Alternate Upper-half Leg Raise (aug 1),train,3869,aug_1
14940,M004P002A031R001_AUG000,4,2,17740,1,30,300,Half Roll Back (aug 0),train,3870,aug_0
14941,M004P002A031R001_AUG001,4,2,17741,1,30,300,Half Roll Back (aug 1),train,3870,aug_1
14942,M004P002A031R002_AUG000,4,2,17742,2,30,300,Half Roll Back (aug 0),train,3871,aug_0
14943,M004P002A031R002_AUG001,4,2,17743,2,30,300,Half Roll Back (aug 1),train,3871,aug_1
14944,M004P002A031R003_AUG000,4,2,17744,3,30,300,Half Roll Back (aug 0),train,3872,aug_0
14945,M004P002A031R003_AUG001,4,2,17745,3,30,300,Half Roll Back (aug 1),train,3872,aug_1
14946,M004P002A032R001_AUG000,4,2,17746,1,31,300,Kneeling Right-side Torso Twist (aug 0),train,3873,aug_0
14947,M004P002A032R001_AUG001,4,2,17747,1,31,300,Kneeling Right-side Torso Twist (aug 1),train,3873,aug_1
14948,M004P002A032R002_AUG000,4,2,17748,2,31,300,Kneeling Right-side Torso Twist (aug 0),train,3874,aug_0
14949,M004P002A032R002_AUG001,4,2,17749,2,31,300,Kneeling Right-side Torso Twist (aug 1),train,3874,aug_1
14950,M004P002A032R003_AUG000,4,2,17750,3,31,300,Kneeling Right-side Torso Twist (aug 0),train,3875,aug_0
14951,M004P002A032R003_AUG001,4,2,17751,3,31,300,Kneeling Right-side Torso Twist (aug 1),train,3875,aug_1
14952,M004P002A033R001_AUG000,4,2,17752,1,32,300,Left-side Knee Raise And Abdominal Muscles Contract (aug 0),train,3876,aug_0
14953,M004P002A033R001_AUG001,4,2,17753,1,32,300,Left-side Knee Raise And Abdominal Muscles Contract (aug 1),train,3876,aug_1
14954,M004P002A033R002_AUG000,4,2,17754,2,32,300,Left-side Knee Raise And Abdominal Muscles Contract (aug 0),train,3877,aug_0
14955,M004P002A033R002_AUG001,4,2,17755,2,32,300,Left-side Knee Raise And Abdominal Muscles Contract (aug 1),train,3877,aug_1
14956,M004P002A033R003_AUG000,4,2,17756,3,32,300,Left-side Knee Raise And Abdominal Muscles Contract (aug 0),train,3878,aug_0
14957,M004P002A033R003_AUG001,4,2,17757,3,32,300,Left-side Knee Raise And Abdominal Muscles Contract (aug 1),train,3878,aug_1
14958,M004P002A034R001_AUG000,4,2,17758,1,33,300,Kneeling Right Leg Backward Stretch (aug 0),train,3879,aug_0
14959,M004P002A034R001_AUG001,4,2,17759,1,33,300,Kneeling Right Leg Backward Stretch (aug 1),train,3879,aug_1
14960,M004P002A034R002_AUG000,4,2,17760,2,33,300,Kneeling Right Leg Backward Stretch (aug 0),train,3880,aug_0
14961,M004P002A034R002_AUG001,4,2,17761,2,33,300,Kneeling Right Leg Backward Stretch (aug 1),train,3880,aug_1
14962,M004P002A034R003_AUG000,4,2,17762,3,33,300,Kneeling Right Leg Backward Stretch (aug 0),train,3881,aug_0
14963,M004P002A034R003_AUG001,4,2,17763,3,33,300,Kneeling Right Leg Backward Stretch (aug 1),train,3881,aug_1
14964,M004P002A035R001_AUG000,4,2,17764,1,34,300,Kneeling Right Arm Raise (aug 0),train,3882,aug_0
14965,M004P002A035R001_AUG001,4,2,17765,1,34,300,Kneeling Right Arm Raise (aug 1),train,3882,aug_1
14966,M004P002A035R002_AUG000,4,2,17766,2,34,300,Kneeling Right Arm Raise (aug 0),train,3883,aug_0
14967,M004P002A035R002_AUG001,4,2,17767,2,34,300,Kneeling Right Arm Raise (aug 1),train,3883,aug_1
14968,M004P002A035R003_AUG000,4,2,17768,3,34,300,Kneeling Right Arm Raise (aug 0),train,3884,aug_0
14969,M004P002A035R003_AUG001,4,2,17769,3,34,300,Kneeling Right Arm Raise (aug 1),train,3884,aug_1
14970,M004P002A036R001_AUG000,4,2,17770,1,35,300,Shoulder Bridge (aug 0),train,3885,aug_0
14971,M004P002A036R001_AUG001,4,2,17771,1,35,300,Shoulder Bridge (aug 1),train,3885,aug_1
14972,M004P002A036R002_AUG000,4,2,17772,2,35,300,Shoulder Bridge (aug 0),train,3886,aug_0
14973,M004P002A036R002_AUG001,4,2,17773,2,35,300,Shoulder Bridge (aug 1),train,3886,aug_1
14974,M004P002A036R003_AUG000,4,2,17774,3,35,300,Shoulder Bridge (aug 0),train,3887,aug_0
14975,M004P002A036R003_AUG001,4,2,17775,3,35,300,Shoulder Bridge (aug 1),train,3887,aug_1
14976,M004P002A037R001_AUG000,4,2,17776,1,36,300,Prone Press-ups (aug 0),train,3888,aug_0
14977,M004P002A037R001_AUG001,4,2,17777,1,36,300,Prone Press-ups (aug 1),train,3888,aug_1
14978,M004P002A037R002_AUG000,4,2,17778,2,36,300,Prone Press-ups (aug 0),train,3889,aug_0
14979,M004P002A037R002_AUG001,4,2,17779,2,36,300,Prone Press-ups (aug 1),train,3889,aug_1
14980,M004P002A037R003_AUG000,4,2,17780,3,36,300,Prone Press-ups (aug 0),train,3890,aug_0
14981,M004P002A037R003_AUG001,4,2,17781,3,36,300,Prone Press-ups (aug 1),train,3890,aug_1
14982,M004P002A038R001_AUG000,4,2,17782,1,37,300,Bent-over Torso Rotation (aug 0),train,3891,aug_0
14983,M004P002A038R001_AUG001,4,2,17783,1,37,300,Bent-over Torso Rotation (aug 1),train,3891,aug_1
14984,M004P002A038R002_AUG000,4,2,17784,2,37,300,Bent-over Torso Rotation (aug 0),train,3892,aug_0
14985,M004P002A038R002_AUG001,4,2,17785,2,37,300,Bent-over Torso Rotation (aug 1),train,3892,aug_1
14986,M004P002A038R003_AUG000,4,2,17786,3,37,300,Bent-over Torso Rotation (aug 0),train,3893,aug_0
14987,M004P002A038R003_AUG001,4,2,17787,3,37,300,Bent-over Torso Rotation (aug 1),train,3893,aug_1
14988,M004P002A039R001_AUG000,4,2,17788,1,38,300,Lying Arm Pull (aug 0),train,3894,aug_0
14989,M004P002A039R001_AUG001,4,2,17789,1,38,300,Lying Arm Pull (aug 1),train,3894,aug_1
14990,M004P002A039R002_AUG000,4,2,17790,2,38,300,Lying Arm Pull (aug 0),train,3895,aug_0
14991,M004P002A039R002_AUG001,4,2,17791,2,38,300,Lying Arm Pull (aug 1),train,3895,aug_1
14992,M004P002A039R003_AUG000,4,2,17792,3,38,300,Lying Arm Pull (aug 0),train,3896,aug_0
14993,M004P002A039R003_AUG001,4,2,17793,3,38,300,Lying Arm Pull (aug 1),train,3896,aug_1
14994,M004P002A040R001_AUG000,4,2,17794,1,39,300,Prone Press Up With Torso Rotation (aug 0),train,3897,aug_0
14995,M004P002A040R001_AUG001,4,2,17795,1,39,300,Prone Press Up With Torso Rotation (aug 1),train,3897,aug_1
14996,M004P002A040R002_AUG000,4,2,17796,2,39,300,Prone Press Up With Torso Rotation (aug 0),train,3898,aug_0
14997,M004P002A040R002_AUG001,4,2,17797,2,39,300,Prone Press Up With Torso Rotation (aug 1),train,3898,aug_1
14998,M004P002A040R003_AUG000,4,2,17798,3,39,300,Prone Press Up With Torso Rotation (aug 0),train,3899,aug_0
14999,M004P002A040R003_AUG001,4,2,17799,3,39,300,Prone Press Up With Torso Rotation (aug 1),train,3899,aug_1
15000,M004P002A041R001_AUG000,4,2,17800,1,40,300,Breaststroke Push-ups (aug 0),train,3900,aug_0
15001,M004P002A041R001_AUG001,4,2,17801,1,40,300,Breaststroke Push-ups (aug 1),train,3900,aug_1
15002,M004P002A041R002_AUG000,4,2,17802,2,40,300,Breaststroke Push-ups (aug 0),train,3901,aug_0
15003,M004P002A041R002_AUG001,4,2,17803,2,40,300,Breaststroke Push-ups (aug 1),train,3901,aug_1
15004,M004P002A041R003_AUG000,4,2,17804,3,40,300,Breaststroke Push-ups (aug 0),train,3902,aug_0
15005,M004P002A041R003_AUG001,4,2,17805,3,40,300,Breaststroke Push-ups (aug 1),train,3902,aug_1
15006,M004P002A042R001_AUG000,4,2,17806,1,41,300,Sit-ups (aug 0),train,3903,aug_0
15007,M004P002A042R001_AUG001,4,2,17807,1,41,300,Sit-ups (aug 1),train,3903,aug_1
15008,M004P002A042R002_AUG000,4,2,17808,2,41,300,Sit-ups (aug 0),train,3904,aug_0
15009,M004P002A042R002_AUG001,4,2,17809,2,41,300,Sit-ups (aug 1),train,3904,aug_1
15010,M004P002A042R003_AUG000,4,2,17810,3,41,300,Sit-ups (aug 0),train,3905,aug_0
15011,M004P002A042R003_AUG001,4,2,17811,3,41,300,Sit-ups (aug 1),train,3905,aug_1
15012,M004P002A043R001_AUG000,4,2,17812,1,42,300,Side-lying Left Leg Forward Raise (aug 0),train,3906,aug_0
15013,M004P002A043R001_AUG001,4,2,17813,1,42,300,Side-lying Left Leg Forward Raise (aug 1),train,3906,aug_1
15014,M004P002A043R002_AUG000,4,2,17814,2,42,300,Side-lying Left Leg Forward Raise (aug 0),train,3907,aug_0
15015,M004P002A043R002_AUG001,4,2,17815,2,42,300,Side-lying Left Leg Forward Raise (aug 1),train,3907,aug_1
15016,M004P002A043R003_AUG000,4,2,17816,3,42,300,Side-lying Left Leg Forward Raise (aug 0),train,3908,aug_0
15017,M004P002A043R003_AUG001,4,2,17817,3,42,300,Side-lying Left Leg Forward Raise (aug 1),train,3908,aug_1
15018,M004P002A044R001_AUG000,4,2,17818,1,43,300,Right Leg Reverse Lunge (aug 0),train,3909,aug_0
15019,M004P002A044R001_AUG001,4,2,17819,1,43,300,Right Leg Reverse Lunge (aug 1),train,3909,aug_1
15020,M004P002A044R002_AUG000,4,2,17820,2,43,300,Right Leg Reverse Lunge (aug 0),train,3910,aug_0
15021,M004P002A044R002_AUG001,4,2,17821,2,43,300,Right Leg Reverse Lunge (aug 1),train,3910,aug_1
15022,M004P002A044R003_AUG000,4,2,17822,3,43,300,Right Leg Reverse Lunge (aug 0),train,3911,aug_0
15023,M004P002A044R003_AUG001,4,2,17823,3,43,300,Right Leg Reverse Lunge (aug 1),train,3911,aug_1
15024,M004P002A045R001_AUG000,4,2,17824,1,44,300,Kneeling Left Knee Lift (aug 0),train,3912,aug_0
15025,M004P002A045R001_AUG001,4,2,17825,1,44,300,Kneeling Left Knee Lift (aug 1),train,3912,aug_1
15026,M004P002A045R002_AUG000,4,2,17826,2,44,300,Kneeling Left Knee Lift (aug 0),train,3913,aug_0
15027,M004P002A045R002_AUG001,4,2,17827,2,44,300,Kneeling Left Knee Lift (aug 1),train,3913,aug_1
15028,M004P002A045R003_AUG000,4,2,17828,3,44,300,Kneeling Left Knee Lift (aug 0),train,3914,aug_0
15029,M004P002A045R003_AUG001,4,2,17829,3,44,300,Kneeling Left Knee Lift (aug 1),train,3914,aug_1
15030,M004P002A046R001_AUG000,4,2,17830,1,45,300,Alternate Reverse Lunge (aug 0),train,3915,aug_0
15031,M004P002A046R001_AUG001,4,2,17831,1,45,300,Alternate Reverse Lunge (aug 1),train,3915,aug_1
15032,M004P002A046R002_AUG000,4,2,17832,2,45,300,Alternate Reverse Lunge (aug 0),train,3916,aug_0
15033,M004P002A046R002_AUG001,4,2,17833,2,45,300,Alternate Reverse Lunge (aug 1),train,3916,aug_1
15034,M004P002A046R003_AUG000,4,2,17834,3,45,300,Alternate Reverse Lunge (aug 0),train,3917,aug_0
15035,M004P002A046R003_AUG001,4,2,17835,3,45,300,Alternate Reverse Lunge (aug 1),train,3917,aug_1
15036,M004P002A047R001_AUG000,4,2,17836,1,46,300,Side-lying Right Leg Backward Kick (aug 0),train,3918,aug_0
15037,M004P002A047R001_AUG001,4,2,17837,1,46,300,Side-lying Right Leg Backward Kick (aug 1),train,3918,aug_1
15038,M004P002A047R002_AUG000,4,2,17838,2,46,300,Side-lying Right Leg Backward Kick (aug 0),train,3919,aug_0
15039,M004P002A047R002_AUG001,4,2,17839,2,46,300,Side-lying Right Leg Backward Kick (aug 1),train,3919,aug_1
15040,M004P002A047R003_AUG000,4,2,17840,3,46,300,Side-lying Right Leg Backward Kick (aug 0),train,3920,aug_0
15041,M004P002A047R003_AUG001,4,2,17841,3,46,300,Side-lying Right Leg Backward Kick (aug 1),train,3920,aug_1
15042,M004P002A048R001_AUG000,4,2,17842,1,47,300,Left Leg Lunge With Knee Lift (aug 0),train,3921,aug_0
15043,M004P002A048R001_AUG001,4,2,17843,1,47,300,Left Leg Lunge With Knee Lift (aug 1),train,3921,aug_1
15044,M004P002A048R002_AUG000,4,2,17844,2,47,300,Left Leg Lunge With Knee Lift (aug 0),train,3922,aug_0
15045,M004P002A048R002_AUG001,4,2,17845,2,47,300,Left Leg Lunge With Knee Lift (aug 1),train,3922,aug_1
15046,M004P002A048R003_AUG000,4,2,17846,3,47,300,Left Leg Lunge With Knee Lift (aug 0),train,3923,aug_0
15047,M004P002A048R003_AUG001,4,2,17847,3,47,300,Left Leg Lunge With Knee Lift (aug 1),train,3923,aug_1
15048,M004P002A049R001_AUG000,4,2,17848,1,48,300,Sumo Squat (aug 0),train,3924,aug_0
15049,M004P002A049R001_AUG001,4,2,17849,1,48,300,Sumo Squat (aug 1),train,3924,aug_1
15050,M004P002A049R002_AUG000,4,2,17850,2,48,300,Sumo Squat (aug 0),train,3925,aug_0
15051,M004P002A049R002_AUG001,4,2,17851,2,48,300,Sumo Squat (aug 1),train,3925,aug_1
15052,M004P002A049R003_AUG000,4,2,17852,3,48,300,Sumo Squat (aug 0),train,3926,aug_0
15053,M004P002A049R003_AUG001,4,2,17853,3,48,300,Sumo Squat (aug 1),train,3926,aug_1
15054,M004P002A050R001_AUG000,4,2,17854,1,49,300,Straight Leg Calf Raise (aug 0),train,3927,aug_0
15055,M004P002A050R001_AUG001,4,2,17855,1,49,300,Straight Leg Calf Raise (aug 1),train,3927,aug_1
15056,M004P002A050R002_AUG000,4,2,17856,2,49,300,Straight Leg Calf Raise (aug 0),train,3928,aug_0
15057,M004P002A050R002_AUG001,4,2,17857,2,49,300,Straight Leg Calf Raise (aug 1),train,3928,aug_1
15058,M004P002A050R003_AUG000,4,2,17858,3,49,300,Straight Leg Calf Raise (aug 0),train,3929,aug_0
15059,M004P002A050R003_AUG001,4,2,17859,3,49,300,Straight Leg Calf Raise (aug 1),train,3929,aug_1
15060,M004P002A051R001_AUG000,4,2,17860,1,50,300,Squat Jump (aug 0),train,3930,aug_0
15061,M004P002A051R001_AUG001,4,2,17861,1,50,300,Squat Jump (aug 1),train,3930,aug_1
15062,M004P002A051R002_AUG000,4,2,17862,2,50,300,Squat Jump (aug 0),train,3931,aug_0
15063,M004P002A051R002_AUG001,4,2,17863,2,50,300,Squat Jump (aug 1),train,3931,aug_1
15064,M004P002A051R003_AUG000,4,2,17864,3,50,300,Squat Jump (aug 0),train,3932,aug_0
15065,M004P002A051R003_AUG001,4,2,17865,3,50,300,Squat Jump (aug 1),train,3932,aug_1
15066,M004P002A052R001_AUG000,4,2,17866,1,51,300,Squat With Alternate Knee Lift (aug 0),train,3933,aug_0
15067,M004P002A052R001_AUG001,4,2,17867,1,51,300,Squat With Alternate Knee Lift (aug 1),train,3933,aug_1
15068,M004P002A052R002_AUG000,4,2,17868,2,51,300,Squat With Alternate Knee Lift (aug 0),train,3934,aug_0
15069,M004P002A052R002_AUG001,4,2,17869,2,51,300,Squat With Alternate Knee Lift (aug 1),train,3934,aug_1
15070,M004P002A052R003_AUG000,4,2,17870,3,51,300,Squat With Alternate Knee Lift (aug 0),train,3935,aug_0
15071,M004P002A052R003_AUG001,4,2,17871,3,51,300,Squat With Alternate Knee Lift (aug 1),train,3935,aug_1
15072,M004P002A053R001_AUG000,4,2,17872,1,52,300,Standing Alternate Butt Kick (aug 0),train,3936,aug_0
15073,M004P002A053R001_AUG001,4,2,17873,1,52,300,Standing Alternate Butt Kick (aug 1),train,3936,aug_1
15074,M004P002A053R002_AUG000,4,2,17874,2,52,300,Standing Alternate Butt Kick (aug 0),train,3937,aug_0
15075,M004P002A053R002_AUG001,4,2,17875,2,52,300,Standing Alternate Butt Kick (aug 1),train,3937,aug_1
15076,M004P002A053R003_AUG000,4,2,17876,3,52,300,Standing Alternate Butt Kick (aug 0),train,3938,aug_0
15077,M004P002A053R003_AUG001,4,2,17877,3,52,300,Standing Alternate Butt Kick (aug 1),train,3938,aug_1
15078,M004P002A054R001_AUG000,4,2,17878,1,53,300,Knee Warm-up (aug 0),train,3939,aug_0
15079,M004P002A054R001_AUG001,4,2,17879,1,53,300,Knee Warm-up (aug 1),train,3939,aug_1
15080,M004P002A054R002_AUG000,4,2,17880,2,53,300,Knee Warm-up (aug 0),train,3940,aug_0
15081,M004P002A054R002_AUG001,4,2,17881,2,53,300,Knee Warm-up (aug 1),train,3940,aug_1
15082,M004P002A054R003_AUG000,4,2,17882,3,53,300,Knee Warm-up (aug 0),train,3941,aug_0
15083,M004P002A054R003_AUG001,4,2,17883,3,53,300,Knee Warm-up (aug 1),train,3941,aug_1
15084,M004P002A055R001_AUG000,4,2,17884,1,54,300,Butt Kicks (aug 0),train,3942,aug_0
15085,M004P002A055R001_AUG001,4,2,17885,1,54,300,Butt Kicks (aug 1),train,3942,aug_1
15086,M004P002A055R002_AUG000,4,2,17886,2,54,300,Butt Kicks (aug 0),train,3943,aug_0
15087,M004P002A055R002_AUG001,4,2,17887,2,54,300,Butt Kicks (aug 1),train,3943,aug_1
15088,M004P002A055R003_AUG000,4,2,17888,3,54,300,Butt Kicks (aug 0),train,3944,aug_0
15089,M004P002A055R003_AUG001,4,2,17889,3,54,300,Butt Kicks (aug 1),train,3944,aug_1
15090,M004P002A056R001_AUG000,4,2,17890,1,55,300,Jump Left and Right (aug 0),train,3945,aug_0
15091,M004P002A056R001_AUG001,4,2,17891,1,55,300,Jump Left and Right (aug 1),train,3945,aug_1
15092,M004P002A056R002_AUG000,4,2,17892,2,55,300,Jump Left and Right (aug 0),train,3946,aug_0
15093,M004P002A056R002_AUG001,4,2,17893,2,55,300,Jump Left and Right (aug 1),train,3946,aug_1
15094,M004P002A056R003_AUG000,4,2,17894,3,55,300,Jump Left and Right (aug 0),train,3947,aug_0
15095,M004P002A056R003_AUG001,4,2,17895,3,55,300,Jump Left and Right (aug 1),train,3947,aug_1
15096,M004P002A057R001_AUG000,4,2,17896,1,56,300,Jumping Jacks (aug 0),train,3948,aug_0
15097,M004P002A057R001_AUG001,4,2,17897,1,56,300,Jumping Jacks (aug 1),train,3948,aug_1
15098,M004P002A057R002_AUG000,4,2,17898,2,56,300,Jumping Jacks (aug 0),train,3949,aug_0
15099,M004P002A057R002_AUG001,4,2,17899,2,56,300,Jumping Jacks (aug 1),train,3949,aug_1
15100,M004P002A057R003_AUG000,4,2,17900,3,56,300,Jumping Jacks (aug 0),train,3950,aug_0
15101,M004P002A057R003_AUG001,4,2,17901,3,56,300,Jumping Jacks (aug 1),train,3950,aug_1
15102,M004P002A058R001_AUG000,4,2,17902,1,57,300,High Knee (aug 0),train,3951,aug_0
15103,M004P002A058R001_AUG001,4,2,17903,1,57,300,High Knee (aug 1),train,3951,aug_1
15104,M004P002A058R002_AUG000,4,2,17904,2,57,300,High Knee (aug 0),train,3952,aug_0
15105,M004P002A058R002_AUG001,4,2,17905,2,57,300,High Knee (aug 1),train,3952,aug_1
15106,M004P002A058R003_AUG000,4,2,17906,3,57,300,High Knee (aug 0),train,3953,aug_0
15107,M004P002A058R003_AUG001,4,2,17907,3,57,300,High Knee (aug 1),train,3953,aug_1
15108,M004P002A059R001_AUG000,4,2,17908,1,58,300,Clap Jacks (aug 0),train,3954,aug_0
15109,M004P002A059R001_AUG001,4,2,17909,1,58,300,Clap Jacks (aug 1),train,3954,aug_1
15110,M004P002A059R002_AUG000,4,2,17910,2,58,300,Clap Jacks (aug 0),train,3955,aug_0
15111,M004P002A059R002_AUG001,4,2,17911,2,58,300,Clap Jacks (aug 1),train,3955,aug_1
15112,M004P002A059R003_AUG000,4,2,17912,3,58,300,Clap Jacks (aug 0),train,3956,aug_0
15113,M004P002A059R003_AUG001,4,2,17913,3,58,300,Clap Jacks (aug 1),train,3956,aug_1
15114,M004P002A060R001_AUG000,4,2,17914,1,59,300,Run In Place With Arm Swing (aug 0),train,3957,aug_0
15115,M004P002A060R001_AUG001,4,2,17915,1,59,300,Run In Place With Arm Swing (aug 1),train,3957,aug_1
15116,M004P002A060R002_AUG000,4,2,17916,2,59,300,Run In Place With Arm Swing (aug 0),train,3958,aug_0
15117,M004P002A060R002_AUG001,4,2,17917,2,59,300,Run In Place With Arm Swing (aug 1),train,3958,aug_1
15118,M004P002A060R003_AUG000,4,2,17918,3,59,300,Run In Place With Arm Swing (aug 0),train,3959,aug_0
15119,M004P002A060R003_AUG001,4,2,17919,3,59,300,Run In Place With Arm Swing (aug 1),train,3959,aug_1
15120,M004P003A001R001_AUG000,4,3,17920,1,0,300,Svend Press (aug 0),train,3960,aug_0
15121,M004P003A001R001_AUG001,4,3,17921,1,0,300,Svend Press (aug 1),train,3960,aug_1
15122,M004P003A001R002_AUG000,4,3,17922,2,0,300,Svend Press (aug 0),train,3961,aug_0
15123,M004P003A001R002_AUG001,4,3,17923,2,0,300,Svend Press (aug 1),train,3961,aug_1
15124,M004P003A001R003_AUG000,4,3,17924,3,0,300,Svend Press (aug 0),train,3962,aug_0
15125,M004P003A001R003_AUG001,4,3,17925,3,0,300,Svend Press (aug 1),train,3962,aug_1
15126,M004P003A002R001_AUG000,4,3,17926,1,1,300,Kneeling Push-ups (aug 0),train,3963,aug_0
15127,M004P003A002R001_AUG001,4,3,17927,1,1,300,Kneeling Push-ups (aug 1),train,3963,aug_1
15128,M004P003A002R002_AUG000,4,3,17928,2,1,300,Kneeling Push-ups (aug 0),train,3964,aug_0
15129,M004P003A002R002_AUG001,4,3,17929,2,1,300,Kneeling Push-ups (aug 1),train,3964,aug_1
15130,M004P003A002R003_AUG000,4,3,17930,3,1,300,Kneeling Push-ups (aug 0),train,3965,aug_0
15131,M004P003A002R003_AUG001,4,3,17931,3,1,300,Kneeling Push-ups (aug 1),train,3965,aug_1
15132,M004P003A003R001_AUG000,4,3,17932,1,2,300,Standing Straight-arm Chest Press With Resistance Band (aug 0),train,3966,aug_0
15133,M004P003A003R001_AUG001,4,3,17933,1,2,300,Standing Straight-arm Chest Press With Resistance Band (aug 1),train,3966,aug_1
15134,M004P003A003R002_AUG000,4,3,17934,2,2,300,Standing Straight-arm Chest Press With Resistance Band (aug 0),train,3967,aug_0
15135,M004P003A003R002_AUG001,4,3,17935,2,2,300,Standing Straight-arm Chest Press With Resistance Band (aug 1),train,3967,aug_1
15136,M004P003A003R003_AUG000,4,3,17936,3,2,300,Standing Straight-arm Chest Press With Resistance Band (aug 0),train,3968,aug_0
15137,M004P003A003R003_AUG001,4,3,17937,3,2,300,Standing Straight-arm Chest Press With Resistance Band (aug 1),train,3968,aug_1
15138,M004P003A004R001_AUG000,4,3,17938,1,3,300,Small Dumbbell Floor Flies (aug 0),train,3969,aug_0
15139,M004P003A004R001_AUG001,4,3,17939,1,3,300,Small Dumbbell Floor Flies (aug 1),train,3969,aug_1
15140,M004P003A004R002_AUG000,4,3,17940,2,3,300,Small Dumbbell Floor Flies (aug 0),train,3970,aug_0
15141,M004P003A004R002_AUG001,4,3,17941,2,3,300,Small Dumbbell Floor Flies (aug 1),train,3970,aug_1
15142,M004P003A004R003_AUG000,4,3,17942,3,3,300,Small Dumbbell Floor Flies (aug 0),train,3971,aug_0
15143,M004P003A004R003_AUG001,4,3,17943,3,3,300,Small Dumbbell Floor Flies (aug 1),train,3971,aug_1
15144,M004P003A005R001_AUG000,4,3,17944,1,4,300,Chest Fly (aug 0),train,3972,aug_0
15145,M004P003A005R001_AUG001,4,3,17945,1,4,300,Chest Fly (aug 1),train,3972,aug_1
15146,M004P003A005R002_AUG000,4,3,17946,2,4,300,Chest Fly (aug 0),train,3973,aug_0
15147,M004P003A005R002_AUG001,4,3,17947,2,4,300,Chest Fly (aug 1),train,3973,aug_1
15148,M004P003A005R003_AUG000,4,3,17948,3,4,300,Chest Fly (aug 0),train,3974,aug_0
15149,M004P003A005R003_AUG001,4,3,17949,3,4,300,Chest Fly (aug 1),train,3974,aug_1
15150,M004P003A006R001_AUG000,4,3,17950,1,5,300,Push-ups (aug 0),train,3975,aug_0
15151,M004P003A006R001_AUG001,4,3,17951,1,5,300,Push-ups (aug 1),train,3975,aug_1
15152,M004P003A006R002_AUG000,4,3,17952,2,5,300,Push-ups (aug 0),train,3976,aug_0
15153,M004P003A006R002_AUG001,4,3,17953,2,5,300,Push-ups (aug 1),train,3976,aug_1
15154,M004P003A006R003_AUG000,4,3,17954,3,5,300,Push-ups (aug 0),train,3977,aug_0
15155,M004P003A006R003_AUG001,4,3,17955,3,5,300,Push-ups (aug 1),train,3977,aug_1
15156,M004P003A007R001_AUG000,4,3,17956,1,6,300,Bent-over W-shape Stretch (aug 0),train,3978,aug_0
15157,M004P003A007R001_AUG001,4,3,17957,1,6,300,Bent-over W-shape Stretch (aug 1),train,3978,aug_1
15158,M004P003A007R002_AUG000,4,3,17958,2,6,300,Bent-over W-shape Stretch (aug 0),train,3979,aug_0
15159,M004P003A007R002_AUG001,4,3,17959,2,6,300,Bent-over W-shape Stretch (aug 1),train,3979,aug_1
15160,M004P003A007R003_AUG000,4,3,17960,3,6,300,Bent-over W-shape Stretch (aug 0),train,3980,aug_0
15161,M004P003A007R003_AUG001,4,3,17961,3,6,300,Bent-over W-shape Stretch (aug 1),train,3980,aug_1
15162,M004P003A008R001_AUG000,4,3,17962,1,7,300,Bent-over Y-shape Stretch (aug 0),train,3981,aug_0
15163,M004P003A008R001_AUG001,4,3,17963,1,7,300,Bent-over Y-shape Stretch (aug 1),train,3981,aug_1
15164,M004P003A008R002_AUG000,4,3,17964,2,7,300,Bent-over Y-shape Stretch (aug 0),train,3982,aug_0
15165,M004P003A008R002_AUG001,4,3,17965,2,7,300,Bent-over Y-shape Stretch (aug 1),train,3982,aug_1
15166,M004P003A008R003_AUG000,4,3,17966,3,7,300,Bent-over Y-shape Stretch (aug 0),train,3983,aug_0
15167,M004P003A008R003_AUG001,4,3,17967,3,7,300,Bent-over Y-shape Stretch (aug 1),train,3983,aug_1
15168,M004P003A009R001_AUG000,4,3,17968,1,8,300,Bent-over A-shape Stretch (aug 0),train,3984,aug_0
15169,M004P003A009R001_AUG001,4,3,17969,1,8,300,Bent-over A-shape Stretch (aug 1),train,3984,aug_1
15170,M004P003A009R002_AUG000,4,3,17970,2,8,300,Bent-over A-shape Stretch (aug 0),train,3985,aug_0
15171,M004P003A009R002_AUG001,4,3,17971,2,8,300,Bent-over A-shape Stretch (aug 1),train,3985,aug_1
15172,M004P003A009R003_AUG000,4,3,17972,3,8,300,Bent-over A-shape Stretch (aug 0),train,3986,aug_0
15173,M004P003A009R003_AUG001,4,3,17973,3,8,300,Bent-over A-shape Stretch (aug 1),train,3986,aug_1
15174,M004P003A010R001_AUG000,4,3,17974,1,9,300,Squat With Arm Lift (aug 0),train,3987,aug_0
15175,M004P003A010R001_AUG001,4,3,17975,1,9,300,Squat With Arm Lift (aug 1),train,3987,aug_1
15176,M004P003A010R002_AUG000,4,3,17976,2,9,300,Squat With Arm Lift (aug 0),train,3988,aug_0
15177,M004P003A010R002_AUG001,4,3,17977,2,9,300,Squat With Arm Lift (aug 1),train,3988,aug_1
15178,M004P003A010R003_AUG000,4,3,17978,3,9,300,Squat With Arm Lift (aug 0),train,3989,aug_0
15179,M004P003A010R003_AUG001,4,3,17979,3,9,300,Squat With Arm Lift (aug 1),train,3989,aug_1
15180,M004P003A011R001_AUG000,4,3,17980,1,10,300,Breaststroke Arm Pull (aug 0),train,3990,aug_0
15181,M004P003A011R001_AUG001,4,3,17981,1,10,300,Breaststroke Arm Pull (aug 1),train,3990,aug_1
15182,M004P003A011R002_AUG000,4,3,17982,2,10,300,Breaststroke Arm Pull (aug 0),train,3991,aug_0
15183,M004P003A011R002_AUG001,4,3,17983,2,10,300,Breaststroke Arm Pull (aug 1),train,3991,aug_1
15184,M004P003A011R003_AUG000,4,3,17984,3,10,300,Breaststroke Arm Pull (aug 0),train,3992,aug_0
15185,M004P003A011R003_AUG001,4,3,17985,3,10,300,Breaststroke Arm Pull (aug 1),train,3992,aug_1
15186,M004P003A012R001_AUG000,4,3,17986,1,11,300,Prone Y-shape Stretch (aug 0),train,3993,aug_0
15187,M004P003A012R001_AUG001,4,3,17987,1,11,300,Prone Y-shape Stretch (aug 1),train,3993,aug_1
15188,M004P003A012R002_AUG000,4,3,17988,2,11,300,Prone Y-shape Stretch (aug 0),train,3994,aug_0
15189,M004P003A012R002_AUG001,4,3,17989,2,11,300,Prone Y-shape Stretch (aug 1),train,3994,aug_1
15190,M004P003A012R003_AUG000,4,3,17990,3,11,300,Prone Y-shape Stretch (aug 0),train,3995,aug_0
15191,M004P003A012R003_AUG001,4,3,17991,3,11,300,Prone Y-shape Stretch (aug 1),train,3995,aug_1
15192,M004P003A013R001_AUG000,4,3,17992,1,12,300,Lateral Raise Forward Circles (aug 0),train,3996,aug_0
15193,M004P003A013R001_AUG001,4,3,17993,1,12,300,Lateral Raise Forward Circles (aug 1),train,3996,aug_1
15194,M004P003A013R002_AUG000,4,3,17994,2,12,300,Lateral Raise Forward Circles (aug 0),train,3997,aug_0
15195,M004P003A013R002_AUG001,4,3,17995,2,12,300,Lateral Raise Forward Circles (aug 1),train,3997,aug_1
15196,M004P003A013R003_AUG000,4,3,17996,3,12,300,Lateral Raise Forward Circles (aug 0),train,3998,aug_0
15197,M004P003A013R003_AUG001,4,3,17997,3,12,300,Lateral Raise Forward Circles (aug 1),train,3998,aug_1
15198,M004P003A014R001_AUG000,4,3,17998,1,13,300,Lateral Raise Backward Circles (aug 0),train,3999,aug_0
15199,M004P003A014R001_AUG001,4,3,17999,1,13,300,Lateral Raise Backward Circles (aug 1),train,3999,aug_1
15200,M004P003A014R002_AUG000,4,3,18000,2,13,300,Lateral Raise Backward Circles (aug 0),train,4000,aug_0
15201,M004P003A014R002_AUG001,4,3,18001,2,13,300,Lateral Raise Backward Circles (aug 1),train,4000,aug_1
15202,M004P003A014R003_AUG000,4,3,18002,3,13,300,Lateral Raise Backward Circles (aug 0),train,4001,aug_0
15203,M004P003A014R003_AUG001,4,3,18003,3,13,300,Lateral Raise Backward Circles (aug 1),train,4001,aug_1
15204,M004P003A015R001_AUG000,4,3,18004,1,14,300,Lying Shoulder Joint Upward Round (aug 0),train,4002,aug_0
15205,M004P003A015R001_AUG001,4,3,18005,1,14,300,Lying Shoulder Joint Upward Round (aug 1),train,4002,aug_1
15206,M004P003A015R002_AUG000,4,3,18006,2,14,300,Lying Shoulder Joint Upward Round (aug 0),train,4003,aug_0
15207,M004P003A015R002_AUG001,4,3,18007,2,14,300,Lying Shoulder Joint Upward Round (aug 1),train,4003,aug_1
15208,M004P003A015R003_AUG000,4,3,18008,3,14,300,Lying Shoulder Joint Upward Round (aug 0),train,4004,aug_0
15209,M004P003A015R003_AUG001,4,3,18009,3,14,300,Lying Shoulder Joint Upward Round (aug 1),train,4004,aug_1
15210,M004P003A016R001_AUG000,4,3,18010,1,15,300,Lying Shoulder Joint Downward Round (aug 0),train,4005,aug_0
15211,M004P003A016R001_AUG001,4,3,18011,1,15,300,Lying Shoulder Joint Downward Round (aug 1),train,4005,aug_1
15212,M004P003A016R002_AUG000,4,3,18012,2,15,300,Lying Shoulder Joint Downward Round (aug 0),train,4006,aug_0
15213,M004P003A016R002_AUG001,4,3,18013,2,15,300,Lying Shoulder Joint Downward Round (aug 1),train,4006,aug_1
15214,M004P003A016R003_AUG000,4,3,18014,3,15,300,Lying Shoulder Joint Downward Round (aug 0),train,4007,aug_0
15215,M004P003A016R003_AUG001,4,3,18015,3,15,300,Lying Shoulder Joint Downward Round (aug 1),train,4007,aug_1
15216,M004P003A017R001_AUG000,4,3,18016,1,16,300,Bare-handed Full Lateral Raise (aug 0),train,4008,aug_0
15217,M004P003A017R001_AUG001,4,3,18017,1,16,300,Bare-handed Full Lateral Raise (aug 1),train,4008,aug_1
15218,M004P003A017R002_AUG000,4,3,18018,2,16,300,Bare-handed Full Lateral Raise (aug 0),train,4009,aug_0
15219,M004P003A017R002_AUG001,4,3,18019,2,16,300,Bare-handed Full Lateral Raise (aug 1),train,4009,aug_1
15220,M004P003A017R003_AUG000,4,3,18020,3,16,300,Bare-handed Full Lateral Raise (aug 0),train,4010,aug_0
15221,M004P003A017R003_AUG001,4,3,18021,3,16,300,Bare-handed Full Lateral Raise (aug 1),train,4010,aug_1
15222,M004P003A018R001_AUG000,4,3,18022,1,17,300,Bare-handed Cuban Press (aug 0),train,4011,aug_0
15223,M004P003A018R001_AUG001,4,3,18023,1,17,300,Bare-handed Cuban Press (aug 1),train,4011,aug_1
15224,M004P003A018R002_AUG000,4,3,18024,2,17,300,Bare-handed Cuban Press (aug 0),train,4012,aug_0
15225,M004P003A018R002_AUG001,4,3,18025,2,17,300,Bare-handed Cuban Press (aug 1),train,4012,aug_1
15226,M004P003A018R003_AUG000,4,3,18026,3,17,300,Bare-handed Cuban Press (aug 0),train,4013,aug_0
15227,M004P003A018R003_AUG001,4,3,18027,3,17,300,Bare-handed Cuban Press (aug 1),train,4013,aug_1
15228,M004P003A019R001_AUG000,4,3,18028,1,18,300,Fortune Cat (aug 0),train,4014,aug_0
15229,M004P003A019R001_AUG001,4,3,18029,1,18,300,Fortune Cat (aug 1),train,4014,aug_1
15230,M004P003A019R002_AUG000,4,3,18030,2,18,300,Fortune Cat (aug 0),train,4015,aug_0
15231,M004P003A019R002_AUG001,4,3,18031,2,18,300,Fortune Cat (aug 1),train,4015,aug_1
15232,M004P003A019R003_AUG000,4,3,18032,3,18,300,Fortune Cat (aug 0),train,4016,aug_0
15233,M004P003A019R003_AUG001,4,3,18033,3,18,300,Fortune Cat (aug 1),train,4016,aug_1
15234,M004P003A020R001_AUG000,4,3,18034,1,19,300,Dumbbell Curls (aug 0),train,4017,aug_0
15235,M004P003A020R001_AUG001,4,3,18035,1,19,300,Dumbbell Curls (aug 1),train,4017,aug_1
15236,M004P003A020R002_AUG000,4,3,18036,2,19,300,Dumbbell Curls (aug 0),train,4018,aug_0
15237,M004P003A020R002_AUG001,4,3,18037,2,19,300,Dumbbell Curls (aug 1),train,4018,aug_1
15238,M004P003A020R003_AUG000,4,3,18038,3,19,300,Dumbbell Curls (aug 0),train,4019,aug_0
15239,M004P003A020R003_AUG001,4,3,18039,3,19,300,Dumbbell Curls (aug 1),train,4019,aug_1
15240,M004P003A021R001_AUG000,4,3,18040,1,20,300,Alternate Dumbbell Curls (aug 0),train,4020,aug_0
15241,M004P003A021R001_AUG001,4,3,18041,1,20,300,Alternate Dumbbell Curls (aug 1),train,4020,aug_1
15242,M004P003A021R002_AUG000,4,3,18042,2,20,300,Alternate Dumbbell Curls (aug 0),train,4021,aug_0
15243,M004P003A021R002_AUG001,4,3,18043,2,20,300,Alternate Dumbbell Curls (aug 1),train,4021,aug_1
15244,M004P003A021R003_AUG000,4,3,18044,3,20,300,Alternate Dumbbell Curls (aug 0),train,4022,aug_0
15245,M004P003A021R003_AUG001,4,3,18045,3,20,300,Alternate Dumbbell Curls (aug 1),train,4022,aug_1
15246,M004P003A022R001_AUG000,4,3,18046,1,21,300,Right-side Kettlebell Bent-over Row (aug 0),train,4023,aug_0
15247,M004P003A022R001_AUG001,4,3,18047,1,21,300,Right-side Kettlebell Bent-over Row (aug 1),train,4023,aug_1
15248,M004P003A022R002_AUG000,4,3,18048,2,21,300,Right-side Kettlebell Bent-over Row (aug 0),train,4024,aug_0
15249,M004P003A022R002_AUG001,4,3,18049,2,21,300,Right-side Kettlebell Bent-over Row (aug 1),train,4024,aug_1
15250,M004P003A022R003_AUG000,4,3,18050,3,21,300,Right-side Kettlebell Bent-over Row (aug 0),train,4025,aug_0
15251,M004P003A022R003_AUG001,4,3,18051,3,21,300,Right-side Kettlebell Bent-over Row (aug 1),train,4025,aug_1
15252,M004P003A023R001_AUG000,4,3,18052,1,22,300,Wrist Joint Warm-up (aug 0),train,4026,aug_0
15253,M004P003A023R001_AUG001,4,3,18053,1,22,300,Wrist Joint Warm-up (aug 1),train,4026,aug_1
15254,M004P003A023R002_AUG000,4,3,18054,2,22,300,Wrist Joint Warm-up (aug 0),train,4027,aug_0
15255,M004P003A023R002_AUG001,4,3,18055,2,22,300,Wrist Joint Warm-up (aug 1),train,4027,aug_1
15256,M004P003A023R003_AUG000,4,3,18056,3,22,300,Wrist Joint Warm-up (aug 0),train,4028,aug_0
15257,M004P003A023R003_AUG001,4,3,18057,3,22,300,Wrist Joint Warm-up (aug 1),train,4028,aug_1
15258,M004P003A024R001_AUG000,4,3,18058,1,23,300,Right-side Bent-over Tricep Extension With Resistance Band (aug 0),train,4029,aug_0
15259,M004P003A024R001_AUG001,4,3,18059,1,23,300,Right-side Bent-over Tricep Extension With Resistance Band (aug 1),train,4029,aug_1
15260,M004P003A024R002_AUG000,4,3,18060,2,23,300,Right-side Bent-over Tricep Extension With Resistance Band (aug 0),train,4030,aug_0
15261,M004P003A024R002_AUG001,4,3,18061,2,23,300,Right-side Bent-over Tricep Extension With Resistance Band (aug 1),train,4030,aug_1
15262,M004P003A024R003_AUG000,4,3,18062,3,23,300,Right-side Bent-over Tricep Extension With Resistance Band (aug 0),train,4031,aug_0
15263,M004P003A024R003_AUG001,4,3,18063,3,23,300,Right-side Bent-over Tricep Extension With Resistance Band (aug 1),train,4031,aug_1
15264,M004P003A025R001_AUG000,4,3,18064,1,24,300,Bent-over Dumbbell Tricep Extension (aug 0),train,4032,aug_0
15265,M004P003A025R001_AUG001,4,3,18065,1,24,300,Bent-over Dumbbell Tricep Extension (aug 1),train,4032,aug_1
15266,M004P003A025R002_AUG000,4,3,18066,2,24,300,Bent-over Dumbbell Tricep Extension (aug 0),train,4033,aug_0
15267,M004P003A025R002_AUG001,4,3,18067,2,24,300,Bent-over Dumbbell Tricep Extension (aug 1),train,4033,aug_1
15268,M004P003A025R003_AUG000,4,3,18068,3,24,300,Bent-over Dumbbell Tricep Extension (aug 0),train,4034,aug_0
15269,M004P003A025R003_AUG001,4,3,18069,3,24,300,Bent-over Dumbbell Tricep Extension (aug 1),train,4034,aug_1
15270,M004P003A026R001_AUG000,4,3,18070,1,25,300,Nod And Raise Head (aug 0),train,4035,aug_0
15271,M004P003A026R001_AUG001,4,3,18071,1,25,300,Nod And Raise Head (aug 1),train,4035,aug_1
15272,M004P003A026R002_AUG000,4,3,18072,2,25,300,Nod And Raise Head (aug 0),train,4036,aug_0
15273,M004P003A026R002_AUG001,4,3,18073,2,25,300,Nod And Raise Head (aug 1),train,4036,aug_1
15274,M004P003A026R003_AUG000,4,3,18074,3,25,300,Nod And Raise Head (aug 0),train,4037,aug_0
15275,M004P003A026R003_AUG001,4,3,18075,3,25,300,Nod And Raise Head (aug 1),train,4037,aug_1
15276,M004P003A027R001_AUG000,4,3,18076,1,26,300,Two-way Head Turn (aug 0),train,4038,aug_0
15277,M004P003A027R001_AUG001,4,3,18077,1,26,300,Two-way Head Turn (aug 1),train,4038,aug_1
15278,M004P003A027R002_AUG000,4,3,18078,2,26,300,Two-way Head Turn (aug 0),train,4039,aug_0
15279,M004P003A027R002_AUG001,4,3,18079,2,26,300,Two-way Head Turn (aug 1),train,4039,aug_1
15280,M004P003A027R003_AUG000,4,3,18080,3,26,300,Two-way Head Turn (aug 0),train,4040,aug_0
15281,M004P003A027R003_AUG001,4,3,18081,3,26,300,Two-way Head Turn (aug 1),train,4040,aug_1
15282,M004P003A028R001_AUG000,4,3,18082,1,27,300,Shrug And Sink The Shoulders (aug 0),train,4041,aug_0
15283,M004P003A028R001_AUG001,4,3,18083,1,27,300,Shrug And Sink The Shoulders (aug 1),train,4041,aug_1
15284,M004P003A028R002_AUG000,4,3,18084,2,27,300,Shrug And Sink The Shoulders (aug 0),train,4042,aug_0
15285,M004P003A028R002_AUG001,4,3,18085,2,27,300,Shrug And Sink The Shoulders (aug 1),train,4042,aug_1
15286,M004P003A028R003_AUG000,4,3,18086,3,27,300,Shrug And Sink The Shoulders (aug 0),train,4043,aug_0
15287,M004P003A028R003_AUG001,4,3,18087,3,27,300,Shrug And Sink The Shoulders (aug 1),train,4043,aug_1
15288,M004P003A029R001_AUG000,4,3,18088,1,28,300,Four-way Nod Head (aug 0),train,4044,aug_0
15289,M004P003A029R001_AUG001,4,3,18089,1,28,300,Four-way Nod Head (aug 1),train,4044,aug_1
15290,M004P003A029R002_AUG000,4,3,18090,2,28,300,Four-way Nod Head (aug 0),train,4045,aug_0
15291,M004P003A029R002_AUG001,4,3,18091,2,28,300,Four-way Nod Head (aug 1),train,4045,aug_1
15292,M004P003A029R003_AUG000,4,3,18092,3,28,300,Four-way Nod Head (aug 0),train,4046,aug_0
15293,M004P003A029R003_AUG001,4,3,18093,3,28,300,Four-way Nod Head (aug 1),train,4046,aug_1
15294,M004P003A030R001_AUG000,4,3,18094,1,29,300,Lying Alternate Upper-half Leg Raise (aug 0),train,4047,aug_0
15295,M004P003A030R001_AUG001,4,3,18095,1,29,300,Lying Alternate Upper-half Leg Raise (aug 1),train,4047,aug_1
15296,M004P003A030R002_AUG000,4,3,18096,2,29,300,Lying Alternate Upper-half Leg Raise (aug 0),train,4048,aug_0
15297,M004P003A030R002_AUG001,4,3,18097,2,29,300,Lying Alternate Upper-half Leg Raise (aug 1),train,4048,aug_1
15298,M004P003A030R003_AUG000,4,3,18098,3,29,300,Lying Alternate Upper-half Leg Raise (aug 0),train,4049,aug_0
15299,M004P003A030R003_AUG001,4,3,18099,3,29,300,Lying Alternate Upper-half Leg Raise (aug 1),train,4049,aug_1
15300,M004P003A031R001_AUG000,4,3,18100,1,30,300,Half Roll Back (aug 0),train,4050,aug_0
15301,M004P003A031R001_AUG001,4,3,18101,1,30,300,Half Roll Back (aug 1),train,4050,aug_1
15302,M004P003A031R002_AUG000,4,3,18102,2,30,300,Half Roll Back (aug 0),train,4051,aug_0
15303,M004P003A031R002_AUG001,4,3,18103,2,30,300,Half Roll Back (aug 1),train,4051,aug_1
15304,M004P003A031R003_AUG000,4,3,18104,3,30,300,Half Roll Back (aug 0),train,4052,aug_0
15305,M004P003A031R003_AUG001,4,3,18105,3,30,300,Half Roll Back (aug 1),train,4052,aug_1
15306,M004P003A032R001_AUG000,4,3,18106,1,31,300,Kneeling Right-side Torso Twist (aug 0),train,4053,aug_0
15307,M004P003A032R001_AUG001,4,3,18107,1,31,300,Kneeling Right-side Torso Twist (aug 1),train,4053,aug_1
15308,M004P003A032R002_AUG000,4,3,18108,2,31,300,Kneeling Right-side Torso Twist (aug 0),train,4054,aug_0
15309,M004P003A032R002_AUG001,4,3,18109,2,31,300,Kneeling Right-side Torso Twist (aug 1),train,4054,aug_1
15310,M004P003A032R003_AUG000,4,3,18110,3,31,300,Kneeling Right-side Torso Twist (aug 0),train,4055,aug_0
15311,M004P003A032R003_AUG001,4,3,18111,3,31,300,Kneeling Right-side Torso Twist (aug 1),train,4055,aug_1
15312,M004P003A033R001_AUG000,4,3,18112,1,32,300,Left-side Knee Raise And Abdominal Muscles Contract (aug 0),train,4056,aug_0
15313,M004P003A033R001_AUG001,4,3,18113,1,32,300,Left-side Knee Raise And Abdominal Muscles Contract (aug 1),train,4056,aug_1
15314,M004P003A033R002_AUG000,4,3,18114,2,32,300,Left-side Knee Raise And Abdominal Muscles Contract (aug 0),train,4057,aug_0
15315,M004P003A033R002_AUG001,4,3,18115,2,32,300,Left-side Knee Raise And Abdominal Muscles Contract (aug 1),train,4057,aug_1
15316,M004P003A033R003_AUG000,4,3,18116,3,32,300,Left-side Knee Raise And Abdominal Muscles Contract (aug 0),train,4058,aug_0
15317,M004P003A033R003_AUG001,4,3,18117,3,32,300,Left-side Knee Raise And Abdominal Muscles Contract (aug 1),train,4058,aug_1
15318,M004P003A034R001_AUG000,4,3,18118,1,33,300,Kneeling Right Leg Backward Stretch (aug 0),train,4059,aug_0
15319,M004P003A034R001_AUG001,4,3,18119,1,33,300,Kneeling Right Leg Backward Stretch (aug 1),train,4059,aug_1
15320,M004P003A034R002_AUG000,4,3,18120,2,33,300,Kneeling Right Leg Backward Stretch (aug 0),train,4060,aug_0
15321,M004P003A034R002_AUG001,4,3,18121,2,33,300,Kneeling Right Leg Backward Stretch (aug 1),train,4060,aug_1
15322,M004P003A034R003_AUG000,4,3,18122,3,33,300,Kneeling Right Leg Backward Stretch (aug 0),train,4061,aug_0
15323,M004P003A034R003_AUG001,4,3,18123,3,33,300,Kneeling Right Leg Backward Stretch (aug 1),train,4061,aug_1
15324,M004P003A035R001_AUG000,4,3,18124,1,34,300,Kneeling Right Arm Raise (aug 0),train,4062,aug_0
15325,M004P003A035R001_AUG001,4,3,18125,1,34,300,Kneeling Right Arm Raise (aug 1),train,4062,aug_1
15326,M004P003A035R002_AUG000,4,3,18126,2,34,300,Kneeling Right Arm Raise (aug 0),train,4063,aug_0
15327,M004P003A035R002_AUG001,4,3,18127,2,34,300,Kneeling Right Arm Raise (aug 1),train,4063,aug_1
15328,M004P003A035R003_AUG000,4,3,18128,3,34,300,Kneeling Right Arm Raise (aug 0),train,4064,aug_0
15329,M004P003A035R003_AUG001,4,3,18129,3,34,300,Kneeling Right Arm Raise (aug 1),train,4064,aug_1
15330,M004P003A036R001_AUG000,4,3,18130,1,35,300,Shoulder Bridge (aug 0),train,4065,aug_0
15331,M004P003A036R001_AUG001,4,3,18131,1,35,300,Shoulder Bridge (aug 1),train,4065,aug_1
15332,M004P003A036R002_AUG000,4,3,18132,2,35,300,Shoulder Bridge (aug 0),train,4066,aug_0
15333,M004P003A036R002_AUG001,4,3,18133,2,35,300,Shoulder Bridge (aug 1),train,4066,aug_1
15334,M004P003A036R003_AUG000,4,3,18134,3,35,300,Shoulder Bridge (aug 0),train,4067,aug_0
15335,M004P003A036R003_AUG001,4,3,18135,3,35,300,Shoulder Bridge (aug 1),train,4067,aug_1
15336,M004P003A037R001_AUG000,4,3,18136,1,36,300,Prone Press-ups (aug 0),train,4068,aug_0
15337,M004P003A037R001_AUG001,4,3,18137,1,36,300,Prone Press-ups (aug 1),train,4068,aug_1
15338,M004P003A037R002_AUG000,4,3,18138,2,36,300,Prone Press-ups (aug 0),train,4069,aug_0
15339,M004P003A037R002_AUG001,4,3,18139,2,36,300,Prone Press-ups (aug 1),train,4069,aug_1
15340,M004P003A037R003_AUG000,4,3,18140,3,36,300,Prone Press-ups (aug 0),train,4070,aug_0
15341,M004P003A037R003_AUG001,4,3,18141,3,36,300,Prone Press-ups (aug 1),train,4070,aug_1
15342,M004P003A038R001_AUG000,4,3,18142,1,37,300,Bent-over Torso Rotation (aug 0),train,4071,aug_0
15343,M004P003A038R001_AUG001,4,3,18143,1,37,300,Bent-over Torso Rotation (aug 1),train,4071,aug_1
15344,M004P003A038R002_AUG000,4,3,18144,2,37,300,Bent-over Torso Rotation (aug 0),train,4072,aug_0
15345,M004P003A038R002_AUG001,4,3,18145,2,37,300,Bent-over Torso Rotation (aug 1),train,4072,aug_1
15346,M004P003A038R003_AUG000,4,3,18146,3,37,300,Bent-over Torso Rotation (aug 0),train,4073,aug_0
15347,M004P003A038R003_AUG001,4,3,18147,3,37,300,Bent-over Torso Rotation (aug 1),train,4073,aug_1
15348,M004P003A039R001_AUG000,4,3,18148,1,38,300,Lying Arm Pull (aug 0),train,4074,aug_0
15349,M004P003A039R001_AUG001,4,3,18149,1,38,300,Lying Arm Pull (aug 1),train,4074,aug_1
15350,M004P003A039R002_AUG000,4,3,18150,2,38,300,Lying Arm Pull (aug 0),train,4075,aug_0
15351,M004P003A039R002_AUG001,4,3,18151,2,38,300,Lying Arm Pull (aug 1),train,4075,aug_1
15352,M004P003A039R003_AUG000,4,3,18152,3,38,300,Lying Arm Pull (aug 0),train,4076,aug_0
15353,M004P003A039R003_AUG001,4,3,18153,3,38,300,Lying Arm Pull (aug 1),train,4076,aug_1
15354,M004P003A040R001_AUG000,4,3,18154,1,39,300,Prone Press Up With Torso Rotation (aug 0),train,4077,aug_0
15355,M004P003A040R001_AUG001,4,3,18155,1,39,300,Prone Press Up With Torso Rotation (aug 1),train,4077,aug_1
15356,M004P003A040R002_AUG000,4,3,18156,2,39,300,Prone Press Up With Torso Rotation (aug 0),train,4078,aug_0
15357,M004P003A040R002_AUG001,4,3,18157,2,39,300,Prone Press Up With Torso Rotation (aug 1),train,4078,aug_1
15358,M004P003A040R003_AUG000,4,3,18158,3,39,300,Prone Press Up With Torso Rotation (aug 0),train,4079,aug_0
15359,M004P003A040R003_AUG001,4,3,18159,3,39,300,Prone Press Up With Torso Rotation (aug 1),train,4079,aug_1
15360,M004P003A041R001_AUG000,4,3,18160,1,40,300,Breaststroke Push-ups (aug 0),train,4080,aug_0
15361,M004P003A041R001_AUG001,4,3,18161,1,40,300,Breaststroke Push-ups (aug 1),train,4080,aug_1
15362,M004P003A041R002_AUG000,4,3,18162,2,40,300,Breaststroke Push-ups (aug 0),train,4081,aug_0
15363,M004P003A041R002_AUG001,4,3,18163,2,40,300,Breaststroke Push-ups (aug 1),train,4081,aug_1
15364,M004P003A041R003_AUG000,4,3,18164,3,40,300,Breaststroke Push-ups (aug 0),train,4082,aug_0
15365,M004P003A041R003_AUG001,4,3,18165,3,40,300,Breaststroke Push-ups (aug 1),train,4082,aug_1
15366,M004P003A042R001_AUG000,4,3,18166,1,41,300,Sit-ups (aug 0),train,4083,aug_0
15367,M004P003A042R001_AUG001,4,3,18167,1,41,300,Sit-ups (aug 1),train,4083,aug_1
15368,M004P003A042R002_AUG000,4,3,18168,2,41,300,Sit-ups (aug 0),train,4084,aug_0
15369,M004P003A042R002_AUG001,4,3,18169,2,41,300,Sit-ups (aug 1),train,4084,aug_1
15370,M004P003A042R003_AUG000,4,3,18170,3,41,300,Sit-ups (aug 0),train,4085,aug_0
15371,M004P003A042R003_AUG001,4,3,18171,3,41,300,Sit-ups (aug 1),train,4085,aug_1
15372,M004P003A043R001_AUG000,4,3,18172,1,42,300,Side-lying Left Leg Forward Raise (aug 0),train,4086,aug_0
15373,M004P003A043R001_AUG001,4,3,18173,1,42,300,Side-lying Left Leg Forward Raise (aug 1),train,4086,aug_1
15374,M004P003A043R002_AUG000,4,3,18174,2,42,300,Side-lying Left Leg Forward Raise (aug 0),train,4087,aug_0
15375,M004P003A043R002_AUG001,4,3,18175,2,42,300,Side-lying Left Leg Forward Raise (aug 1),train,4087,aug_1
15376,M004P003A043R003_AUG000,4,3,18176,3,42,300,Side-lying Left Leg Forward Raise (aug 0),train,4088,aug_0
15377,M004P003A043R003_AUG001,4,3,18177,3,42,300,Side-lying Left Leg Forward Raise (aug 1),train,4088,aug_1
15378,M004P003A044R001_AUG000,4,3,18178,1,43,300,Right Leg Reverse Lunge (aug 0),train,4089,aug_0
15379,M004P003A044R001_AUG001,4,3,18179,1,43,300,Right Leg Reverse Lunge (aug 1),train,4089,aug_1
15380,M004P003A044R002_AUG000,4,3,18180,2,43,300,Right Leg Reverse Lunge (aug 0),train,4090,aug_0
15381,M004P003A044R002_AUG001,4,3,18181,2,43,300,Right Leg Reverse Lunge (aug 1),train,4090,aug_1
15382,M004P003A044R003_AUG000,4,3,18182,3,43,300,Right Leg Reverse Lunge (aug 0),train,4091,aug_0
15383,M004P003A044R003_AUG001,4,3,18183,3,43,300,Right Leg Reverse Lunge (aug 1),train,4091,aug_1
15384,M004P003A045R001_AUG000,4,3,18184,1,44,300,Kneeling Left Knee Lift (aug 0),train,4092,aug_0
15385,M004P003A045R001_AUG001,4,3,18185,1,44,300,Kneeling Left Knee Lift (aug 1),train,4092,aug_1
15386,M004P003A045R002_AUG000,4,3,18186,2,44,300,Kneeling Left Knee Lift (aug 0),train,4093,aug_0
15387,M004P003A045R002_AUG001,4,3,18187,2,44,300,Kneeling Left Knee Lift (aug 1),train,4093,aug_1
15388,M004P003A045R003_AUG000,4,3,18188,3,44,300,Kneeling Left Knee Lift (aug 0),train,4094,aug_0
15389,M004P003A045R003_AUG001,4,3,18189,3,44,300,Kneeling Left Knee Lift (aug 1),train,4094,aug_1
15390,M004P003A046R001_AUG000,4,3,18190,1,45,300,Alternate Reverse Lunge (aug 0),train,4095,aug_0
15391,M004P003A046R001_AUG001,4,3,18191,1,45,300,Alternate Reverse Lunge (aug 1),train,4095,aug_1
15392,M004P003A046R002_AUG000,4,3,18192,2,45,300,Alternate Reverse Lunge (aug 0),train,4096,aug_0
15393,M004P003A046R002_AUG001,4,3,18193,2,45,300,Alternate Reverse Lunge (aug 1),train,4096,aug_1
15394,M004P003A046R003_AUG000,4,3,18194,3,45,300,Alternate Reverse Lunge (aug 0),train,4097,aug_0
15395,M004P003A046R003_AUG001,4,3,18195,3,45,300,Alternate Reverse Lunge (aug 1),train,4097,aug_1
15396,M004P003A047R001_AUG000,4,3,18196,1,46,300,Side-lying Right Leg Backward Kick (aug 0),train,4098,aug_0
15397,M004P003A047R001_AUG001,4,3,18197,1,46,300,Side-lying Right Leg Backward Kick (aug 1),train,4098,aug_1
15398,M004P003A047R002_AUG000,4,3,18198,2,46,300,Side-lying Right Leg Backward Kick (aug 0),train,4099,aug_0
15399,M004P003A047R002_AUG001,4,3,18199,2,46,300,Side-lying Right Leg Backward Kick (aug 1),train,4099,aug_1
15400,M004P003A047R003_AUG000,4,3,18200,3,46,300,Side-lying Right Leg Backward Kick (aug 0),train,4100,aug_0
15401,M004P003A047R003_AUG001,4,3,18201,3,46,300,Side-lying Right Leg Backward Kick (aug 1),train,4100,aug_1
15402,M004P003A048R001_AUG000,4,3,18202,1,47,300,Left Leg Lunge With Knee Lift (aug 0),train,4101,aug_0
15403,M004P003A048R001_AUG001,4,3,18203,1,47,300,Left Leg Lunge With Knee Lift (aug 1),train,4101,aug_1
15404,M004P003A048R002_AUG000,4,3,18204,2,47,300,Left Leg Lunge With Knee Lift (aug 0),train,4102,aug_0
15405,M004P003A048R002_AUG001,4,3,18205,2,47,300,Left Leg Lunge With Knee Lift (aug 1),train,4102,aug_1
15406,M004P003A048R003_AUG000,4,3,18206,3,47,300,Left Leg Lunge With Knee Lift (aug 0),train,4103,aug_0
15407,M004P003A048R003_AUG001,4,3,18207,3,47,300,Left Leg Lunge With Knee Lift (aug 1),train,4103,aug_1
15408,M004P003A049R001_AUG000,4,3,18208,1,48,300,Sumo Squat (aug 0),train,4104,aug_0
15409,M004P003A049R001_AUG001,4,3,18209,1,48,300,Sumo Squat (aug 1),train,4104,aug_1
15410,M004P003A049R002_AUG000,4,3,18210,2,48,300,Sumo Squat (aug 0),train,4105,aug_0
15411,M004P003A049R002_AUG001,4,3,18211,2,48,300,Sumo Squat (aug 1),train,4105,aug_1
15412,M004P003A049R003_AUG000,4,3,18212,3,48,300,Sumo Squat (aug 0),train,4106,aug_0
15413,M004P003A049R003_AUG001,4,3,18213,3,48,300,Sumo Squat (aug 1),train,4106,aug_1
15414,M004P003A050R001_AUG000,4,3,18214,1,49,300,Straight Leg Calf Raise (aug 0),train,4107,aug_0
15415,M004P003A050R001_AUG001,4,3,18215,1,49,300,Straight Leg Calf Raise (aug 1),train,4107,aug_1
15416,M004P003A050R002_AUG000,4,3,18216,2,49,300,Straight Leg Calf Raise (aug 0),train,4108,aug_0
15417,M004P003A050R002_AUG001,4,3,18217,2,49,300,Straight Leg Calf Raise (aug 1),train,4108,aug_1
15418,M004P003A050R003_AUG000,4,3,18218,3,49,300,Straight Leg Calf Raise (aug 0),train,4109,aug_0
15419,M004P003A050R003_AUG001,4,3,18219,3,49,300,Straight Leg Calf Raise (aug 1),train,4109,aug_1
15420,M004P003A051R001_AUG000,4,3,18220,1,50,300,Squat Jump (aug 0),train,4110,aug_0
15421,M004P003A051R001_AUG001,4,3,18221,1,50,300,Squat Jump (aug 1),train,4110,aug_1
15422,M004P003A051R002_AUG000,4,3,18222,2,50,300,Squat Jump (aug 0),train,4111,aug_0
15423,M004P003A051R002_AUG001,4,3,18223,2,50,300,Squat Jump (aug 1),train,4111,aug_1
15424,M004P003A051R003_AUG000,4,3,18224,3,50,300,Squat Jump (aug 0),train,4112,aug_0
15425,M004P003A051R003_AUG001,4,3,18225,3,50,300,Squat Jump (aug 1),train,4112,aug_1
15426,M004P003A052R001_AUG000,4,3,18226,1,51,300,Squat With Alternate Knee Lift (aug 0),train,4113,aug_0
15427,M004P003A052R001_AUG001,4,3,18227,1,51,300,Squat With Alternate Knee Lift (aug 1),train,4113,aug_1
15428,M004P003A052R002_AUG000,4,3,18228,2,51,300,Squat With Alternate Knee Lift (aug 0),train,4114,aug_0
15429,M004P003A052R002_AUG001,4,3,18229,2,51,300,Squat With Alternate Knee Lift (aug 1),train,4114,aug_1
15430,M004P003A052R003_AUG000,4,3,18230,3,51,300,Squat With Alternate Knee Lift (aug 0),train,4115,aug_0
15431,M004P003A052R003_AUG001,4,3,18231,3,51,300,Squat With Alternate Knee Lift (aug 1),train,4115,aug_1
15432,M004P003A053R001_AUG000,4,3,18232,1,52,300,Standing Alternate Butt Kick (aug 0),train,4116,aug_0
15433,M004P003A053R001_AUG001,4,3,18233,1,52,300,Standing Alternate Butt Kick (aug 1),train,4116,aug_1
15434,M004P003A053R002_AUG000,4,3,18234,2,52,300,Standing Alternate Butt Kick (aug 0),train,4117,aug_0
15435,M004P003A053R002_AUG001,4,3,18235,2,52,300,Standing Alternate Butt Kick (aug 1),train,4117,aug_1
15436,M004P003A053R003_AUG000,4,3,18236,3,52,300,Standing Alternate Butt Kick (aug 0),train,4118,aug_0
15437,M004P003A053R003_AUG001,4,3,18237,3,52,300,Standing Alternate Butt Kick (aug 1),train,4118,aug_1
15438,M004P003A054R001_AUG000,4,3,18238,1,53,300,Knee Warm-up (aug 0),train,4119,aug_0
15439,M004P003A054R001_AUG001,4,3,18239,1,53,300,Knee Warm-up (aug 1),train,4119,aug_1
15440,M004P003A054R002_AUG000,4,3,18240,2,53,300,Knee Warm-up (aug 0),train,4120,aug_0
15441,M004P003A054R002_AUG001,4,3,18241,2,53,300,Knee Warm-up (aug 1),train,4120,aug_1
15442,M004P003A054R003_AUG000,4,3,18242,3,53,300,Knee Warm-up (aug 0),train,4121,aug_0
15443,M004P003A054R003_AUG001,4,3,18243,3,53,300,Knee Warm-up (aug 1),train,4121,aug_1
15444,M004P003A055R001_AUG000,4,3,18244,1,54,300,Butt Kicks (aug 0),train,4122,aug_0
15445,M004P003A055R001_AUG001,4,3,18245,1,54,300,Butt Kicks (aug 1),train,4122,aug_1
15446,M004P003A055R002_AUG000,4,3,18246,2,54,300,Butt Kicks (aug 0),train,4123,aug_0
15447,M004P003A055R002_AUG001,4,3,18247,2,54,300,Butt Kicks (aug 1),train,4123,aug_1
15448,M004P003A055R003_AUG000,4,3,18248,3,54,300,Butt Kicks (aug 0),train,4124,aug_0
15449,M004P003A055R003_AUG001,4,3,18249,3,54,300,Butt Kicks (aug 1),train,4124,aug_1
15450,M004P003A056R001_AUG000,4,3,18250,1,55,300,Jump Left and Right (aug 0),train,4125,aug_0
15451,M004P003A056R001_AUG001,4,3,18251,1,55,300,Jump Left and Right (aug 1),train,4125,aug_1
15452,M004P003A056R002_AUG000,4,3,18252,2,55,300,Jump Left and Right (aug 0),train,4126,aug_0
15453,M004P003A056R002_AUG001,4,3,18253,2,55,300,Jump Left and Right (aug 1),train,4126,aug_1
15454,M004P003A056R003_AUG000,4,3,18254,3,55,300,Jump Left and Right (aug 0),train,4127,aug_0
15455,M004P003A056R003_AUG001,4,3,18255,3,55,300,Jump Left and Right (aug 1),train,4127,aug_1
15456,M004P003A057R001_AUG000,4,3,18256,1,56,300,Jumping Jacks (aug 0),train,4128,aug_0
15457,M004P003A057R001_AUG001,4,3,18257,1,56,300,Jumping Jacks (aug 1),train,4128,aug_1
15458,M004P003A057R002_AUG000,4,3,18258,2,56,300,Jumping Jacks (aug 0),train,4129,aug_0
15459,M004P003A057R002_AUG001,4,3,18259,2,56,300,Jumping Jacks (aug 1),train,4129,aug_1
15460,M004P003A057R003_AUG000,4,3,18260,3,56,300,Jumping Jacks (aug 0),train,4130,aug_0
15461,M004P003A057R003_AUG001,4,3,18261,3,56,300,Jumping Jacks (aug 1),train,4130,aug_1
15462,M004P003A058R001_AUG000,4,3,18262,1,57,300,High Knee (aug 0),train,4131,aug_0
15463,M004P003A058R001_AUG001,4,3,18263,1,57,300,High Knee (aug 1),train,4131,aug_1
15464,M004P003A058R002_AUG000,4,3,18264,2,57,300,High Knee (aug 0),train,4132,aug_0
15465,M004P003A058R002_AUG001,4,3,18265,2,57,300,High Knee (aug 1),train,4132,aug_1
15466,M004P003A058R003_AUG000,4,3,18266,3,57,300,High Knee (aug 0),train,4133,aug_0
15467,M004P003A058R003_AUG001,4,3,18267,3,57,300,High Knee (aug 1),train,4133,aug_1
15468,M004P003A059R001_AUG000,4,3,18268,1,58,300,Clap Jacks (aug 0),train,4134,aug_0
15469,M004P003A059R001_AUG001,4,3,18269,1,58,300,Clap Jacks (aug 1),train,4134,aug_1
15470,M004P003A059R002_AUG000,4,3,18270,2,58,300,Clap Jacks (aug 0),train,4135,aug_0
15471,M004P003A059R002_AUG001,4,3,18271,2,58,300,Clap Jacks (aug 1),train,4135,aug_1
15472,M004P003A059R003_AUG000,4,3,18272,3,58,300,Clap Jacks (aug 0),train,4136,aug_0
15473,M004P003A059R003_AUG001,4,3,18273,3,58,300,Clap Jacks (aug 1),train,4136,aug_1
15474,M004P003A060R001_AUG000,4,3,18274,1,59,300,Run In Place With Arm Swing (aug 0),train,4137,aug_0
15475,M004P003A060R001_AUG001,4,3,18275,1,59,300,Run In Place With Arm Swing (aug 1),train,4137,aug_1
15476,M004P003A060R002_AUG000,4,3,18276,2,59,300,Run In Place With Arm Swing (aug 0),train,4138,aug_0
15477,M004P003A060R002_AUG001,4,3,18277,2,59,300,Run In Place With Arm Swing (aug 1),train,4138,aug_1
15478,M004P003A060R003_AUG000,4,3,18278,3,59,300,Run In Place With Arm Swing (aug 0),train,4139,aug_0
15479,M004P003A060R003_AUG001,4,3,18279,3,59,300,Run In Place With Arm Swing (aug 1),train,4139,aug_1
15480,M004P004A001R001_AUG000,4,4,18280,1,0,300,Svend Press (aug 0),train,4140,aug_0
15481,M004P004A001R001_AUG001,4,4,18281,1,0,300,Svend Press (aug 1),train,4140,aug_1
15482,M004P004A001R002_AUG000,4,4,18282,2,0,300,Svend Press (aug 0),train,4141,aug_0
15483,M004P004A001R002_AUG001,4,4,18283,2,0,300,Svend Press (aug 1),train,4141,aug_1
15484,M004P004A001R003_AUG000,4,4,18284,3,0,300,Svend Press (aug 0),train,4142,aug_0
15485,M004P004A001R003_AUG001,4,4,18285,3,0,300,Svend Press (aug 1),train,4142,aug_1
15486,M004P004A002R001_AUG000,4,4,18286,1,1,300,Kneeling Push-ups (aug 0),train,4143,aug_0
15487,M004P004A002R001_AUG001,4,4,18287,1,1,300,Kneeling Push-ups (aug 1),train,4143,aug_1
15488,M004P004A002R002_AUG000,4,4,18288,2,1,300,Kneeling Push-ups (aug 0),train,4144,aug_0
15489,M004P004A002R002_AUG001,4,4,18289,2,1,300,Kneeling Push-ups (aug 1),train,4144,aug_1
15490,M004P004A002R003_AUG000,4,4,18290,3,1,300,Kneeling Push-ups (aug 0),train,4145,aug_0
15491,M004P004A002R003_AUG001,4,4,18291,3,1,300,Kneeling Push-ups (aug 1),train,4145,aug_1
15492,M004P004A003R001_AUG000,4,4,18292,1,2,300,Standing Straight-arm Chest Press With Resistance Band (aug 0),train,4146,aug_0
15493,M004P004A003R001_AUG001,4,4,18293,1,2,300,Standing Straight-arm Chest Press With Resistance Band (aug 1),train,4146,aug_1
15494,M004P004A003R002_AUG000,4,4,18294,2,2,300,Standing Straight-arm Chest Press With Resistance Band (aug 0),train,4147,aug_0
15495,M004P004A003R002_AUG001,4,4,18295,2,2,300,Standing Straight-arm Chest Press With Resistance Band (aug 1),train,4147,aug_1
15496,M004P004A003R003_AUG000,4,4,18296,3,2,300,Standing Straight-arm Chest Press With Resistance Band (aug 0),train,4148,aug_0
15497,M004P004A003R003_AUG001,4,4,18297,3,2,300,Standing Straight-arm Chest Press With Resistance Band (aug 1),train,4148,aug_1
15498,M004P004A004R001_AUG000,4,4,18298,1,3,300,Small Dumbbell Floor Flies (aug 0),train,4149,aug_0
15499,M004P004A004R001_AUG001,4,4,18299,1,3,300,Small Dumbbell Floor Flies (aug 1),train,4149,aug_1
15500,M004P004A004R002_AUG000,4,4,18300,2,3,300,Small Dumbbell Floor Flies (aug 0),train,4150,aug_0
15501,M004P004A004R002_AUG001,4,4,18301,2,3,300,Small Dumbbell Floor Flies (aug 1),train,4150,aug_1
15502,M004P004A004R003_AUG000,4,4,18302,3,3,300,Small Dumbbell Floor Flies (aug 0),train,4151,aug_0
15503,M004P004A004R003_AUG001,4,4,18303,3,3,300,Small Dumbbell Floor Flies (aug 1),train,4151,aug_1
15504,M004P004A005R001_AUG000,4,4,18304,1,4,300,Chest Fly (aug 0),train,4152,aug_0
15505,M004P004A005R001_AUG001,4,4,18305,1,4,300,Chest Fly (aug 1),train,4152,aug_1
15506,M004P004A005R002_AUG000,4,4,18306,2,4,300,Chest Fly (aug 0),train,4153,aug_0
15507,M004P004A005R002_AUG001,4,4,18307,2,4,300,Chest Fly (aug 1),train,4153,aug_1
15508,M004P004A005R003_AUG000,4,4,18308,3,4,300,Chest Fly (aug 0),train,4154,aug_0
15509,M004P004A005R003_AUG001,4,4,18309,3,4,300,Chest Fly (aug 1),train,4154,aug_1
15510,M004P004A006R001_AUG000,4,4,18310,1,5,300,Push-ups (aug 0),train,4155,aug_0
15511,M004P004A006R001_AUG001,4,4,18311,1,5,300,Push-ups (aug 1),train,4155,aug_1
15512,M004P004A006R002_AUG000,4,4,18312,2,5,300,Push-ups (aug 0),train,4156,aug_0
15513,M004P004A006R002_AUG001,4,4,18313,2,5,300,Push-ups (aug 1),train,4156,aug_1
15514,M004P004A006R003_AUG000,4,4,18314,3,5,300,Push-ups (aug 0),train,4157,aug_0
15515,M004P004A006R003_AUG001,4,4,18315,3,5,300,Push-ups (aug 1),train,4157,aug_1
15516,M004P004A007R001_AUG000,4,4,18316,1,6,300,Bent-over W-shape Stretch (aug 0),train,4158,aug_0
15517,M004P004A007R001_AUG001,4,4,18317,1,6,300,Bent-over W-shape Stretch (aug 1),train,4158,aug_1
15518,M004P004A007R002_AUG000,4,4,18318,2,6,300,Bent-over W-shape Stretch (aug 0),train,4159,aug_0
15519,M004P004A007R002_AUG001,4,4,18319,2,6,300,Bent-over W-shape Stretch (aug 1),train,4159,aug_1
15520,M004P004A007R003_AUG000,4,4,18320,3,6,300,Bent-over W-shape Stretch (aug 0),train,4160,aug_0
15521,M004P004A007R003_AUG001,4,4,18321,3,6,300,Bent-over W-shape Stretch (aug 1),train,4160,aug_1
15522,M004P004A008R001_AUG000,4,4,18322,1,7,300,Bent-over Y-shape Stretch (aug 0),train,4161,aug_0
15523,M004P004A008R001_AUG001,4,4,18323,1,7,300,Bent-over Y-shape Stretch (aug 1),train,4161,aug_1
15524,M004P004A008R002_AUG000,4,4,18324,2,7,300,Bent-over Y-shape Stretch (aug 0),train,4162,aug_0
15525,M004P004A008R002_AUG001,4,4,18325,2,7,300,Bent-over Y-shape Stretch (aug 1),train,4162,aug_1
15526,M004P004A008R003_AUG000,4,4,18326,3,7,300,Bent-over Y-shape Stretch (aug 0),train,4163,aug_0
15527,M004P004A008R003_AUG001,4,4,18327,3,7,300,Bent-over Y-shape Stretch (aug 1),train,4163,aug_1
15528,M004P004A009R001_AUG000,4,4,18328,1,8,300,Bent-over A-shape Stretch (aug 0),train,4164,aug_0
15529,M004P004A009R001_AUG001,4,4,18329,1,8,300,Bent-over A-shape Stretch (aug 1),train,4164,aug_1
15530,M004P004A009R002_AUG000,4,4,18330,2,8,300,Bent-over A-shape Stretch (aug 0),train,4165,aug_0
15531,M004P004A009R002_AUG001,4,4,18331,2,8,300,Bent-over A-shape Stretch (aug 1),train,4165,aug_1
15532,M004P004A009R003_AUG000,4,4,18332,3,8,300,Bent-over A-shape Stretch (aug 0),train,4166,aug_0
15533,M004P004A009R003_AUG001,4,4,18333,3,8,300,Bent-over A-shape Stretch (aug 1),train,4166,aug_1
15534,M004P004A010R001_AUG000,4,4,18334,1,9,300,Squat With Arm Lift (aug 0),train,4167,aug_0
15535,M004P004A010R001_AUG001,4,4,18335,1,9,300,Squat With Arm Lift (aug 1),train,4167,aug_1
15536,M004P004A010R002_AUG000,4,4,18336,2,9,300,Squat With Arm Lift (aug 0),train,4168,aug_0
15537,M004P004A010R002_AUG001,4,4,18337,2,9,300,Squat With Arm Lift (aug 1),train,4168,aug_1
15538,M004P004A010R003_AUG000,4,4,18338,3,9,300,Squat With Arm Lift (aug 0),train,4169,aug_0
15539,M004P004A010R003_AUG001,4,4,18339,3,9,300,Squat With Arm Lift (aug 1),train,4169,aug_1
15540,M004P004A011R001_AUG000,4,4,18340,1,10,300,Breaststroke Arm Pull (aug 0),train,4170,aug_0
15541,M004P004A011R001_AUG001,4,4,18341,1,10,300,Breaststroke Arm Pull (aug 1),train,4170,aug_1
15542,M004P004A011R002_AUG000,4,4,18342,2,10,300,Breaststroke Arm Pull (aug 0),train,4171,aug_0
15543,M004P004A011R002_AUG001,4,4,18343,2,10,300,Breaststroke Arm Pull (aug 1),train,4171,aug_1
15544,M004P004A011R003_AUG000,4,4,18344,3,10,300,Breaststroke Arm Pull (aug 0),train,4172,aug_0
15545,M004P004A011R003_AUG001,4,4,18345,3,10,300,Breaststroke Arm Pull (aug 1),train,4172,aug_1
15546,M004P004A012R001_AUG000,4,4,18346,1,11,300,Prone Y-shape Stretch (aug 0),train,4173,aug_0
15547,M004P004A012R001_AUG001,4,4,18347,1,11,300,Prone Y-shape Stretch (aug 1),train,4173,aug_1
15548,M004P004A012R002_AUG000,4,4,18348,2,11,300,Prone Y-shape Stretch (aug 0),train,4174,aug_0
15549,M004P004A012R002_AUG001,4,4,18349,2,11,300,Prone Y-shape Stretch (aug 1),train,4174,aug_1
15550,M004P004A012R003_AUG000,4,4,18350,3,11,300,Prone Y-shape Stretch (aug 0),train,4175,aug_0
15551,M004P004A012R003_AUG001,4,4,18351,3,11,300,Prone Y-shape Stretch (aug 1),train,4175,aug_1
15552,M004P004A013R001_AUG000,4,4,18352,1,12,300,Lateral Raise Forward Circles (aug 0),train,4176,aug_0
15553,M004P004A013R001_AUG001,4,4,18353,1,12,300,Lateral Raise Forward Circles (aug 1),train,4176,aug_1
15554,M004P004A013R002_AUG000,4,4,18354,2,12,300,Lateral Raise Forward Circles (aug 0),train,4177,aug_0
15555,M004P004A013R002_AUG001,4,4,18355,2,12,300,Lateral Raise Forward Circles (aug 1),train,4177,aug_1
15556,M004P004A013R003_AUG000,4,4,18356,3,12,300,Lateral Raise Forward Circles (aug 0),train,4178,aug_0
15557,M004P004A013R003_AUG001,4,4,18357,3,12,300,Lateral Raise Forward Circles (aug 1),train,4178,aug_1
15558,M004P004A014R001_AUG000,4,4,18358,1,13,300,Lateral Raise Backward Circles (aug 0),train,4179,aug_0
15559,M004P004A014R001_AUG001,4,4,18359,1,13,300,Lateral Raise Backward Circles (aug 1),train,4179,aug_1
15560,M004P004A014R002_AUG000,4,4,18360,2,13,300,Lateral Raise Backward Circles (aug 0),train,4180,aug_0
15561,M004P004A014R002_AUG001,4,4,18361,2,13,300,Lateral Raise Backward Circles (aug 1),train,4180,aug_1
15562,M004P004A014R003_AUG000,4,4,18362,3,13,300,Lateral Raise Backward Circles (aug 0),train,4181,aug_0
15563,M004P004A014R003_AUG001,4,4,18363,3,13,300,Lateral Raise Backward Circles (aug 1),train,4181,aug_1
15564,M004P004A015R001_AUG000,4,4,18364,1,14,300,Lying Shoulder Joint Upward Round (aug 0),train,4182,aug_0
15565,M004P004A015R001_AUG001,4,4,18365,1,14,300,Lying Shoulder Joint Upward Round (aug 1),train,4182,aug_1
15566,M004P004A015R002_AUG000,4,4,18366,2,14,300,Lying Shoulder Joint Upward Round (aug 0),train,4183,aug_0
15567,M004P004A015R002_AUG001,4,4,18367,2,14,300,Lying Shoulder Joint Upward Round (aug 1),train,4183,aug_1
15568,M004P004A015R003_AUG000,4,4,18368,3,14,300,Lying Shoulder Joint Upward Round (aug 0),train,4184,aug_0
15569,M004P004A015R003_AUG001,4,4,18369,3,14,300,Lying Shoulder Joint Upward Round (aug 1),train,4184,aug_1
15570,M004P004A016R001_AUG000,4,4,18370,1,15,300,Lying Shoulder Joint Downward Round (aug 0),train,4185,aug_0
15571,M004P004A016R001_AUG001,4,4,18371,1,15,300,Lying Shoulder Joint Downward Round (aug 1),train,4185,aug_1
15572,M004P004A016R002_AUG000,4,4,18372,2,15,300,Lying Shoulder Joint Downward Round (aug 0),train,4186,aug_0
15573,M004P004A016R002_AUG001,4,4,18373,2,15,300,Lying Shoulder Joint Downward Round (aug 1),train,4186,aug_1
15574,M004P004A016R003_AUG000,4,4,18374,3,15,300,Lying Shoulder Joint Downward Round (aug 0),train,4187,aug_0
15575,M004P004A016R003_AUG001,4,4,18375,3,15,300,Lying Shoulder Joint Downward Round (aug 1),train,4187,aug_1
15576,M004P004A017R001_AUG000,4,4,18376,1,16,300,Bare-handed Full Lateral Raise (aug 0),train,4188,aug_0
15577,M004P004A017R001_AUG001,4,4,18377,1,16,300,Bare-handed Full Lateral Raise (aug 1),train,4188,aug_1
15578,M004P004A017R002_AUG000,4,4,18378,2,16,300,Bare-handed Full Lateral Raise (aug 0),train,4189,aug_0
15579,M004P004A017R002_AUG001,4,4,18379,2,16,300,Bare-handed Full Lateral Raise (aug 1),train,4189,aug_1
15580,M004P004A017R003_AUG000,4,4,18380,3,16,300,Bare-handed Full Lateral Raise (aug 0),train,4190,aug_0
15581,M004P004A017R003_AUG001,4,4,18381,3,16,300,Bare-handed Full Lateral Raise (aug 1),train,4190,aug_1
15582,M004P004A018R001_AUG000,4,4,18382,1,17,300,Bare-handed Cuban Press (aug 0),train,4191,aug_0
15583,M004P004A018R001_AUG001,4,4,18383,1,17,300,Bare-handed Cuban Press (aug 1),train,4191,aug_1
15584,M004P004A018R002_AUG000,4,4,18384,2,17,300,Bare-handed Cuban Press (aug 0),train,4192,aug_0
15585,M004P004A018R002_AUG001,4,4,18385,2,17,300,Bare-handed Cuban Press (aug 1),train,4192,aug_1
15586,M004P004A018R003_AUG000,4,4,18386,3,17,300,Bare-handed Cuban Press (aug 0),train,4193,aug_0
15587,M004P004A018R003_AUG001,4,4,18387,3,17,300,Bare-handed Cuban Press (aug 1),train,4193,aug_1
15588,M004P004A019R001_AUG000,4,4,18388,1,18,300,Fortune Cat (aug 0),train,4194,aug_0
15589,M004P004A019R001_AUG001,4,4,18389,1,18,300,Fortune Cat (aug 1),train,4194,aug_1
15590,M004P004A019R002_AUG000,4,4,18390,2,18,300,Fortune Cat (aug 0),train,4195,aug_0
15591,M004P004A019R002_AUG001,4,4,18391,2,18,300,Fortune Cat (aug 1),train,4195,aug_1
15592,M004P004A019R003_AUG000,4,4,18392,3,18,300,Fortune Cat (aug 0),train,4196,aug_0
15593,M004P004A019R003_AUG001,4,4,18393,3,18,300,Fortune Cat (aug 1),train,4196,aug_1
15594,M004P004A020R001_AUG000,4,4,18394,1,19,300,Dumbbell Curls (aug 0),train,4197,aug_0
15595,M004P004A020R001_AUG001,4,4,18395,1,19,300,Dumbbell Curls (aug 1),train,4197,aug_1
15596,M004P004A020R002_AUG000,4,4,18396,2,19,300,Dumbbell Curls (aug 0),train,4198,aug_0
15597,M004P004A020R002_AUG001,4,4,18397,2,19,300,Dumbbell Curls (aug 1),train,4198,aug_1
15598,M004P004A020R003_AUG000,4,4,18398,3,19,300,Dumbbell Curls (aug 0),train,4199,aug_0
15599,M004P004A020R003_AUG001,4,4,18399,3,19,300,Dumbbell Curls (aug 1),train,4199,aug_1
15600,M004P004A021R001_AUG000,4,4,18400,1,20,300,Alternate Dumbbell Curls (aug 0),train,4200,aug_0
15601,M004P004A021R001_AUG001,4,4,18401,1,20,300,Alternate Dumbbell Curls (aug 1),train,4200,aug_1
15602,M004P004A021R002_AUG000,4,4,18402,2,20,300,Alternate Dumbbell Curls (aug 0),train,4201,aug_0
15603,M004P004A021R002_AUG001,4,4,18403,2,20,300,Alternate Dumbbell Curls (aug 1),train,4201,aug_1
15604,M004P004A021R003_AUG000,4,4,18404,3,20,300,Alternate Dumbbell Curls (aug 0),train,4202,aug_0
15605,M004P004A021R003_AUG001,4,4,18405,3,20,300,Alternate Dumbbell Curls (aug 1),train,4202,aug_1
15606,M004P004A022R001_AUG000,4,4,18406,1,21,300,Right-side Kettlebell Bent-over Row (aug 0),train,4203,aug_0
15607,M004P004A022R001_AUG001,4,4,18407,1,21,300,Right-side Kettlebell Bent-over Row (aug 1),train,4203,aug_1
15608,M004P004A022R002_AUG000,4,4,18408,2,21,300,Right-side Kettlebell Bent-over Row (aug 0),train,4204,aug_0
15609,M004P004A022R002_AUG001,4,4,18409,2,21,300,Right-side Kettlebell Bent-over Row (aug 1),train,4204,aug_1
15610,M004P004A022R003_AUG000,4,4,18410,3,21,300,Right-side Kettlebell Bent-over Row (aug 0),train,4205,aug_0
15611,M004P004A022R003_AUG001,4,4,18411,3,21,300,Right-side Kettlebell Bent-over Row (aug 1),train,4205,aug_1
15612,M004P004A023R001_AUG000,4,4,18412,1,22,300,Wrist Joint Warm-up (aug 0),train,4206,aug_0
15613,M004P004A023R001_AUG001,4,4,18413,1,22,300,Wrist Joint Warm-up (aug 1),train,4206,aug_1
15614,M004P004A023R002_AUG000,4,4,18414,2,22,300,Wrist Joint Warm-up (aug 0),train,4207,aug_0
15615,M004P004A023R002_AUG001,4,4,18415,2,22,300,Wrist Joint Warm-up (aug 1),train,4207,aug_1
15616,M004P004A023R003_AUG000,4,4,18416,3,22,300,Wrist Joint Warm-up (aug 0),train,4208,aug_0
15617,M004P004A023R003_AUG001,4,4,18417,3,22,300,Wrist Joint Warm-up (aug 1),train,4208,aug_1
15618,M004P004A024R001_AUG000,4,4,18418,1,23,300,Right-side Bent-over Tricep Extension With Resistance Band (aug 0),train,4209,aug_0
15619,M004P004A024R001_AUG001,4,4,18419,1,23,300,Right-side Bent-over Tricep Extension With Resistance Band (aug 1),train,4209,aug_1
15620,M004P004A024R002_AUG000,4,4,18420,2,23,300,Right-side Bent-over Tricep Extension With Resistance Band (aug 0),train,4210,aug_0
15621,M004P004A024R002_AUG001,4,4,18421,2,23,300,Right-side Bent-over Tricep Extension With Resistance Band (aug 1),train,4210,aug_1
15622,M004P004A024R003_AUG000,4,4,18422,3,23,300,Right-side Bent-over Tricep Extension With Resistance Band (aug 0),train,4211,aug_0
15623,M004P004A024R003_AUG001,4,4,18423,3,23,300,Right-side Bent-over Tricep Extension With Resistance Band (aug 1),train,4211,aug_1
15624,M004P004A025R001_AUG000,4,4,18424,1,24,300,Bent-over Dumbbell Tricep Extension (aug 0),train,4212,aug_0
15625,M004P004A025R001_AUG001,4,4,18425,1,24,300,Bent-over Dumbbell Tricep Extension (aug 1),train,4212,aug_1
15626,M004P004A025R002_AUG000,4,4,18426,2,24,300,Bent-over Dumbbell Tricep Extension (aug 0),train,4213,aug_0
15627,M004P004A025R002_AUG001,4,4,18427,2,24,300,Bent-over Dumbbell Tricep Extension (aug 1),train,4213,aug_1
15628,M004P004A025R003_AUG000,4,4,18428,3,24,300,Bent-over Dumbbell Tricep Extension (aug 0),train,4214,aug_0
15629,M004P004A025R003_AUG001,4,4,18429,3,24,300,Bent-over Dumbbell Tricep Extension (aug 1),train,4214,aug_1
15630,M004P004A026R001_AUG000,4,4,18430,1,25,300,Nod And Raise Head (aug 0),train,4215,aug_0
15631,M004P004A026R001_AUG001,4,4,18431,1,25,300,Nod And Raise Head (aug 1),train,4215,aug_1
15632,M004P004A026R002_AUG000,4,4,18432,2,25,300,Nod And Raise Head (aug 0),train,4216,aug_0
15633,M004P004A026R002_AUG001,4,4,18433,2,25,300,Nod And Raise Head (aug 1),train,4216,aug_1
15634,M004P004A026R003_AUG000,4,4,18434,3,25,300,Nod And Raise Head (aug 0),train,4217,aug_0
15635,M004P004A026R003_AUG001,4,4,18435,3,25,300,Nod And Raise Head (aug 1),train,4217,aug_1
15636,M004P004A027R001_AUG000,4,4,18436,1,26,300,Two-way Head Turn (aug 0),train,4218,aug_0
15637,M004P004A027R001_AUG001,4,4,18437,1,26,300,Two-way Head Turn (aug 1),train,4218,aug_1
15638,M004P004A027R002_AUG000,4,4,18438,2,26,300,Two-way Head Turn (aug 0),train,4219,aug_0
15639,M004P004A027R002_AUG001,4,4,18439,2,26,300,Two-way Head Turn (aug 1),train,4219,aug_1
15640,M004P004A027R003_AUG000,4,4,18440,3,26,300,Two-way Head Turn (aug 0),train,4220,aug_0
15641,M004P004A027R003_AUG001,4,4,18441,3,26,300,Two-way Head Turn (aug 1),train,4220,aug_1
15642,M004P004A028R001_AUG000,4,4,18442,1,27,300,Shrug And Sink The Shoulders (aug 0),train,4221,aug_0
15643,M004P004A028R001_AUG001,4,4,18443,1,27,300,Shrug And Sink The Shoulders (aug 1),train,4221,aug_1
15644,M004P004A028R002_AUG000,4,4,18444,2,27,300,Shrug And Sink The Shoulders (aug 0),train,4222,aug_0
15645,M004P004A028R002_AUG001,4,4,18445,2,27,300,Shrug And Sink The Shoulders (aug 1),train,4222,aug_1
15646,M004P004A028R003_AUG000,4,4,18446,3,27,300,Shrug And Sink The Shoulders (aug 0),train,4223,aug_0
15647,M004P004A028R003_AUG001,4,4,18447,3,27,300,Shrug And Sink The Shoulders (aug 1),train,4223,aug_1
15648,M004P004A029R001_AUG000,4,4,18448,1,28,300,Four-way Nod Head (aug 0),train,4224,aug_0
15649,M004P004A029R001_AUG001,4,4,18449,1,28,300,Four-way Nod Head (aug 1),train,4224,aug_1
15650,M004P004A029R002_AUG000,4,4,18450,2,28,300,Four-way Nod Head (aug 0),train,4225,aug_0
15651,M004P004A029R002_AUG001,4,4,18451,2,28,300,Four-way Nod Head (aug 1),train,4225,aug_1
15652,M004P004A029R003_AUG000,4,4,18452,3,28,300,Four-way Nod Head (aug 0),train,4226,aug_0
15653,M004P004A029R003_AUG001,4,4,18453,3,28,300,Four-way Nod Head (aug 1),train,4226,aug_1
15654,M004P004A030R001_AUG000,4,4,18454,1,29,300,Lying Alternate Upper-half Leg Raise (aug 0),train,4227,aug_0
15655,M004P004A030R001_AUG001,4,4,18455,1,29,300,Lying Alternate Upper-half Leg Raise (aug 1),train,4227,aug_1
15656,M004P004A030R002_AUG000,4,4,18456,2,29,300,Lying Alternate Upper-half Leg Raise (aug 0),train,4228,aug_0
15657,M004P004A030R002_AUG001,4,4,18457,2,29,300,Lying Alternate Upper-half Leg Raise (aug 1),train,4228,aug_1
15658,M004P004A030R003_AUG000,4,4,18458,3,29,300,Lying Alternate Upper-half Leg Raise (aug 0),train,4229,aug_0
15659,M004P004A030R003_AUG001,4,4,18459,3,29,300,Lying Alternate Upper-half Leg Raise (aug 1),train,4229,aug_1
15660,M004P004A031R001_AUG000,4,4,18460,1,30,300,Half Roll Back (aug 0),train,4230,aug_0
15661,M004P004A031R001_AUG001,4,4,18461,1,30,300,Half Roll Back (aug 1),train,4230,aug_1
15662,M004P004A031R002_AUG000,4,4,18462,2,30,300,Half Roll Back (aug 0),train,4231,aug_0
15663,M004P004A031R002_AUG001,4,4,18463,2,30,300,Half Roll Back (aug 1),train,4231,aug_1
15664,M004P004A031R003_AUG000,4,4,18464,3,30,300,Half Roll Back (aug 0),train,4232,aug_0
15665,M004P004A031R003_AUG001,4,4,18465,3,30,300,Half Roll Back (aug 1),train,4232,aug_1
15666,M004P004A032R001_AUG000,4,4,18466,1,31,300,Kneeling Right-side Torso Twist (aug 0),train,4233,aug_0
15667,M004P004A032R001_AUG001,4,4,18467,1,31,300,Kneeling Right-side Torso Twist (aug 1),train,4233,aug_1
15668,M004P004A032R002_AUG000,4,4,18468,2,31,300,Kneeling Right-side Torso Twist (aug 0),train,4234,aug_0
15669,M004P004A032R002_AUG001,4,4,18469,2,31,300,Kneeling Right-side Torso Twist (aug 1),train,4234,aug_1
15670,M004P004A032R003_AUG000,4,4,18470,3,31,300,Kneeling Right-side Torso Twist (aug 0),train,4235,aug_0
15671,M004P004A032R003_AUG001,4,4,18471,3,31,300,Kneeling Right-side Torso Twist (aug 1),train,4235,aug_1
15672,M004P004A033R001_AUG000,4,4,18472,1,32,300,Left-side Knee Raise And Abdominal Muscles Contract (aug 0),train,4236,aug_0
15673,M004P004A033R001_AUG001,4,4,18473,1,32,300,Left-side Knee Raise And Abdominal Muscles Contract (aug 1),train,4236,aug_1
15674,M004P004A033R002_AUG000,4,4,18474,2,32,300,Left-side Knee Raise And Abdominal Muscles Contract (aug 0),train,4237,aug_0
15675,M004P004A033R002_AUG001,4,4,18475,2,32,300,Left-side Knee Raise And Abdominal Muscles Contract (aug 1),train,4237,aug_1
15676,M004P004A033R003_AUG000,4,4,18476,3,32,300,Left-side Knee Raise And Abdominal Muscles Contract (aug 0),train,4238,aug_0
15677,M004P004A033R003_AUG001,4,4,18477,3,32,300,Left-side Knee Raise And Abdominal Muscles Contract (aug 1),train,4238,aug_1
15678,M004P004A034R001_AUG000,4,4,18478,1,33,300,Kneeling Right Leg Backward Stretch (aug 0),train,4239,aug_0
15679,M004P004A034R001_AUG001,4,4,18479,1,33,300,Kneeling Right Leg Backward Stretch (aug 1),train,4239,aug_1
15680,M004P004A034R002_AUG000,4,4,18480,2,33,300,Kneeling Right Leg Backward Stretch (aug 0),train,4240,aug_0
15681,M004P004A034R002_AUG001,4,4,18481,2,33,300,Kneeling Right Leg Backward Stretch (aug 1),train,4240,aug_1
15682,M004P004A034R003_AUG000,4,4,18482,3,33,300,Kneeling Right Leg Backward Stretch (aug 0),train,4241,aug_0
15683,M004P004A034R003_AUG001,4,4,18483,3,33,300,Kneeling Right Leg Backward Stretch (aug 1),train,4241,aug_1
15684,M004P004A035R001_AUG000,4,4,18484,1,34,300,Kneeling Right Arm Raise (aug 0),train,4242,aug_0
15685,M004P004A035R001_AUG001,4,4,18485,1,34,300,Kneeling Right Arm Raise (aug 1),train,4242,aug_1
15686,M004P004A035R002_AUG000,4,4,18486,2,34,300,Kneeling Right Arm Raise (aug 0),train,4243,aug_0
15687,M004P004A035R002_AUG001,4,4,18487,2,34,300,Kneeling Right Arm Raise (aug 1),train,4243,aug_1
15688,M004P004A035R003_AUG000,4,4,18488,3,34,300,Kneeling Right Arm Raise (aug 0),train,4244,aug_0
15689,M004P004A035R003_AUG001,4,4,18489,3,34,300,Kneeling Right Arm Raise (aug 1),train,4244,aug_1
15690,M004P004A036R001_AUG000,4,4,18490,1,35,300,Shoulder Bridge (aug 0),train,4245,aug_0
15691,M004P004A036R001_AUG001,4,4,18491,1,35,300,Shoulder Bridge (aug 1),train,4245,aug_1
15692,M004P004A036R002_AUG000,4,4,18492,2,35,300,Shoulder Bridge (aug 0),train,4246,aug_0
15693,M004P004A036R002_AUG001,4,4,18493,2,35,300,Shoulder Bridge (aug 1),train,4246,aug_1
15694,M004P004A036R003_AUG000,4,4,18494,3,35,300,Shoulder Bridge (aug 0),train,4247,aug_0
15695,M004P004A036R003_AUG001,4,4,18495,3,35,300,Shoulder Bridge (aug 1),train,4247,aug_1
15696,M004P004A037R001_AUG000,4,4,18496,1,36,300,Prone Press-ups (aug 0),train,4248,aug_0
15697,M004P004A037R001_AUG001,4,4,18497,1,36,300,Prone Press-ups (aug 1),train,4248,aug_1
15698,M004P004A037R002_AUG000,4,4,18498,2,36,300,Prone Press-ups (aug 0),train,4249,aug_0
15699,M004P004A037R002_AUG001,4,4,18499,2,36,300,Prone Press-ups (aug 1),train,4249,aug_1
15700,M004P004A037R003_AUG000,4,4,18500,3,36,300,Prone Press-ups (aug 0),train,4250,aug_0
15701,M004P004A037R003_AUG001,4,4,18501,3,36,300,Prone Press-ups (aug 1),train,4250,aug_1
15702,M004P004A038R001_AUG000,4,4,18502,1,37,300,Bent-over Torso Rotation (aug 0),train,4251,aug_0
15703,M004P004A038R001_AUG001,4,4,18503,1,37,300,Bent-over Torso Rotation (aug 1),train,4251,aug_1
15704,M004P004A038R002_AUG000,4,4,18504,2,37,300,Bent-over Torso Rotation (aug 0),train,4252,aug_0
15705,M004P004A038R002_AUG001,4,4,18505,2,37,300,Bent-over Torso Rotation (aug 1),train,4252,aug_1
15706,M004P004A038R003_AUG000,4,4,18506,3,37,300,Bent-over Torso Rotation (aug 0),train,4253,aug_0
15707,M004P004A038R003_AUG001,4,4,18507,3,37,300,Bent-over Torso Rotation (aug 1),train,4253,aug_1
15708,M004P004A039R001_AUG000,4,4,18508,1,38,300,Lying Arm Pull (aug 0),train,4254,aug_0
15709,M004P004A039R001_AUG001,4,4,18509,1,38,300,Lying Arm Pull (aug 1),train,4254,aug_1
15710,M004P004A039R002_AUG000,4,4,18510,2,38,300,Lying Arm Pull (aug 0),train,4255,aug_0
15711,M004P004A039R002_AUG001,4,4,18511,2,38,300,Lying Arm Pull (aug 1),train,4255,aug_1
15712,M004P004A039R003_AUG000,4,4,18512,3,38,300,Lying Arm Pull (aug 0),train,4256,aug_0
15713,M004P004A039R003_AUG001,4,4,18513,3,38,300,Lying Arm Pull (aug 1),train,4256,aug_1
15714,M004P004A040R001_AUG000,4,4,18514,1,39,300,Prone Press Up With Torso Rotation (aug 0),train,4257,aug_0
15715,M004P004A040R001_AUG001,4,4,18515,1,39,300,Prone Press Up With Torso Rotation (aug 1),train,4257,aug_1
15716,M004P004A040R002_AUG000,4,4,18516,2,39,300,Prone Press Up With Torso Rotation (aug 0),train,4258,aug_0
15717,M004P004A040R002_AUG001,4,4,18517,2,39,300,Prone Press Up With Torso Rotation (aug 1),train,4258,aug_1
15718,M004P004A040R003_AUG000,4,4,18518,3,39,300,Prone Press Up With Torso Rotation (aug 0),train,4259,aug_0
15719,M004P004A040R003_AUG001,4,4,18519,3,39,300,Prone Press Up With Torso Rotation (aug 1),train,4259,aug_1
15720,M004P004A041R001_AUG000,4,4,18520,1,40,300,Breaststroke Push-ups (aug 0),train,4260,aug_0
15721,M004P004A041R001_AUG001,4,4,18521,1,40,300,Breaststroke Push-ups (aug 1),train,4260,aug_1
15722,M004P004A041R002_AUG000,4,4,18522,2,40,300,Breaststroke Push-ups (aug 0),train,4261,aug_0
15723,M004P004A041R002_AUG001,4,4,18523,2,40,300,Breaststroke Push-ups (aug 1),train,4261,aug_1
15724,M004P004A041R003_AUG000,4,4,18524,3,40,300,Breaststroke Push-ups (aug 0),train,4262,aug_0
15725,M004P004A041R003_AUG001,4,4,18525,3,40,300,Breaststroke Push-ups (aug 1),train,4262,aug_1
15726,M004P004A042R001_AUG000,4,4,18526,1,41,300,Sit-ups (aug 0),train,4263,aug_0
15727,M004P004A042R001_AUG001,4,4,18527,1,41,300,Sit-ups (aug 1),train,4263,aug_1
15728,M004P004A042R002_AUG000,4,4,18528,2,41,300,Sit-ups (aug 0),train,4264,aug_0
15729,M004P004A042R002_AUG001,4,4,18529,2,41,300,Sit-ups (aug 1),train,4264,aug_1
15730,M004P004A042R003_AUG000,4,4,18530,3,41,300,Sit-ups (aug 0),train,4265,aug_0
15731,M004P004A042R003_AUG001,4,4,18531,3,41,300,Sit-ups (aug 1),train,4265,aug_1
15732,M004P004A043R001_AUG000,4,4,18532,1,42,300,Side-lying Left Leg Forward Raise (aug 0),train,4266,aug_0
15733,M004P004A043R001_AUG001,4,4,18533,1,42,300,Side-lying Left Leg Forward Raise (aug 1),train,4266,aug_1
15734,M004P004A043R002_AUG000,4,4,18534,2,42,300,Side-lying Left Leg Forward Raise (aug 0),train,4267,aug_0
15735,M004P004A043R002_AUG001,4,4,18535,2,42,300,Side-lying Left Leg Forward Raise (aug 1),train,4267,aug_1
15736,M004P004A043R003_AUG000,4,4,18536,3,42,300,Side-lying Left Leg Forward Raise (aug 0),train,4268,aug_0
15737,M004P004A043R003_AUG001,4,4,18537,3,42,300,Side-lying Left Leg Forward Raise (aug 1),train,4268,aug_1
15738,M004P004A044R001_AUG000,4,4,18538,1,43,300,Right Leg Reverse Lunge (aug 0),train,4269,aug_0
15739,M004P004A044R001_AUG001,4,4,18539,1,43,300,Right Leg Reverse Lunge (aug 1),train,4269,aug_1
15740,M004P004A044R002_AUG000,4,4,18540,2,43,300,Right Leg Reverse Lunge (aug 0),train,4270,aug_0
15741,M004P004A044R002_AUG001,4,4,18541,2,43,300,Right Leg Reverse Lunge (aug 1),train,4270,aug_1
15742,M004P004A044R003_AUG000,4,4,18542,3,43,300,Right Leg Reverse Lunge (aug 0),train,4271,aug_0
15743,M004P004A044R003_AUG001,4,4,18543,3,43,300,Right Leg Reverse Lunge (aug 1),train,4271,aug_1
15744,M004P004A045R001_AUG000,4,4,18544,1,44,300,Kneeling Left Knee Lift (aug 0),train,4272,aug_0
15745,M004P004A045R001_AUG001,4,4,18545,1,44,300,Kneeling Left Knee Lift (aug 1),train,4272,aug_1
15746,M004P004A045R002_AUG000,4,4,18546,2,44,300,Kneeling Left Knee Lift (aug 0),train,4273,aug_0
15747,M004P004A045R002_AUG001,4,4,18547,2,44,300,Kneeling Left Knee Lift (aug 1),train,4273,aug_1
15748,M004P004A045R003_AUG000,4,4,18548,3,44,300,Kneeling Left Knee Lift (aug 0),train,4274,aug_0
15749,M004P004A045R003_AUG001,4,4,18549,3,44,300,Kneeling Left Knee Lift (aug 1),train,4274,aug_1
15750,M004P004A046R001_AUG000,4,4,18550,1,45,300,Alternate Reverse Lunge (aug 0),train,4275,aug_0
15751,M004P004A046R001_AUG001,4,4,18551,1,45,300,Alternate Reverse Lunge (aug 1),train,4275,aug_1
15752,M004P004A046R002_AUG000,4,4,18552,2,45,300,Alternate Reverse Lunge (aug 0),train,4276,aug_0
15753,M004P004A046R002_AUG001,4,4,18553,2,45,300,Alternate Reverse Lunge (aug 1),train,4276,aug_1
15754,M004P004A046R003_AUG000,4,4,18554,3,45,300,Alternate Reverse Lunge (aug 0),train,4277,aug_0
15755,M004P004A046R003_AUG001,4,4,18555,3,45,300,Alternate Reverse Lunge (aug 1),train,4277,aug_1
15756,M004P004A047R001_AUG000,4,4,18556,1,46,300,Side-lying Right Leg Backward Kick (aug 0),train,4278,aug_0
15757,M004P004A047R001_AUG001,4,4,18557,1,46,300,Side-lying Right Leg Backward Kick (aug 1),train,4278,aug_1
15758,M004P004A047R002_AUG000,4,4,18558,2,46,300,Side-lying Right Leg Backward Kick (aug 0),train,4279,aug_0
15759,M004P004A047R002_AUG001,4,4,18559,2,46,300,Side-lying Right Leg Backward Kick (aug 1),train,4279,aug_1
15760,M004P004A047R003_AUG000,4,4,18560,3,46,300,Side-lying Right Leg Backward Kick (aug 0),train,4280,aug_0
15761,M004P004A047R003_AUG001,4,4,18561,3,46,300,Side-lying Right Leg Backward Kick (aug 1),train,4280,aug_1
15762,M004P004A048R001_AUG000,4,4,18562,1,47,300,Left Leg Lunge With Knee Lift (aug 0),train,4281,aug_0
15763,M004P004A048R001_AUG001,4,4,18563,1,47,300,Left Leg Lunge With Knee Lift (aug 1),train,4281,aug_1
15764,M004P004A048R002_AUG000,4,4,18564,2,47,300,Left Leg Lunge With Knee Lift (aug 0),train,4282,aug_0
15765,M004P004A048R002_AUG001,4,4,18565,2,47,300,Left Leg Lunge With Knee Lift (aug 1),train,4282,aug_1
15766,M004P004A048R003_AUG000,4,4,18566,3,47,300,Left Leg Lunge With Knee Lift (aug 0),train,4283,aug_0
15767,M004P004A048R003_AUG001,4,4,18567,3,47,300,Left Leg Lunge With Knee Lift (aug 1),train,4283,aug_1
15768,M004P004A049R001_AUG000,4,4,18568,1,48,300,Sumo Squat (aug 0),train,4284,aug_0
15769,M004P004A049R001_AUG001,4,4,18569,1,48,300,Sumo Squat (aug 1),train,4284,aug_1
15770,M004P004A049R002_AUG000,4,4,18570,2,48,300,Sumo Squat (aug 0),train,4285,aug_0
15771,M004P004A049R002_AUG001,4,4,18571,2,48,300,Sumo Squat (aug 1),train,4285,aug_1
15772,M004P004A049R003_AUG000,4,4,18572,3,48,300,Sumo Squat (aug 0),train,4286,aug_0
15773,M004P004A049R003_AUG001,4,4,18573,3,48,300,Sumo Squat (aug 1),train,4286,aug_1
15774,M004P004A050R001_AUG000,4,4,18574,1,49,300,Straight Leg Calf Raise (aug 0),train,4287,aug_0
15775,M004P004A050R001_AUG001,4,4,18575,1,49,300,Straight Leg Calf Raise (aug 1),train,4287,aug_1
15776,M004P004A050R002_AUG000,4,4,18576,2,49,300,Straight Leg Calf Raise (aug 0),train,4288,aug_0
15777,M004P004A050R002_AUG001,4,4,18577,2,49,300,Straight Leg Calf Raise (aug 1),train,4288,aug_1
15778,M004P004A050R003_AUG000,4,4,18578,3,49,300,Straight Leg Calf Raise (aug 0),train,4289,aug_0
15779,M004P004A050R003_AUG001,4,4,18579,3,49,300,Straight Leg Calf Raise (aug 1),train,4289,aug_1
15780,M004P004A051R001_AUG000,4,4,18580,1,50,300,Squat Jump (aug 0),train,4290,aug_0
15781,M004P004A051R001_AUG001,4,4,18581,1,50,300,Squat Jump (aug 1),train,4290,aug_1
15782,M004P004A051R002_AUG000,4,4,18582,2,50,300,Squat Jump (aug 0),train,4291,aug_0
15783,M004P004A051R002_AUG001,4,4,18583,2,50,300,Squat Jump (aug 1),train,4291,aug_1
15784,M004P004A051R003_AUG000,4,4,18584,3,50,300,Squat Jump (aug 0),train,4292,aug_0
15785,M004P004A051R003_AUG001,4,4,18585,3,50,300,Squat Jump (aug 1),train,4292,aug_1
15786,M004P004A052R001_AUG000,4,4,18586,1,51,300,Squat With Alternate Knee Lift (aug 0),train,4293,aug_0
15787,M004P004A052R001_AUG001,4,4,18587,1,51,300,Squat With Alternate Knee Lift (aug 1),train,4293,aug_1
15788,M004P004A052R002_AUG000,4,4,18588,2,51,300,Squat With Alternate Knee Lift (aug 0),train,4294,aug_0
15789,M004P004A052R002_AUG001,4,4,18589,2,51,300,Squat With Alternate Knee Lift (aug 1),train,4294,aug_1
15790,M004P004A052R003_AUG000,4,4,18590,3,51,300,Squat With Alternate Knee Lift (aug 0),train,4295,aug_0
15791,M004P004A052R003_AUG001,4,4,18591,3,51,300,Squat With Alternate Knee Lift (aug 1),train,4295,aug_1
15792,M004P004A053R001_AUG000,4,4,18592,1,52,300,Standing Alternate Butt Kick (aug 0),train,4296,aug_0
15793,M004P004A053R001_AUG001,4,4,18593,1,52,300,Standing Alternate Butt Kick (aug 1),train,4296,aug_1
15794,M004P004A053R002_AUG000,4,4,18594,2,52,300,Standing Alternate Butt Kick (aug 0),train,4297,aug_0
15795,M004P004A053R002_AUG001,4,4,18595,2,52,300,Standing Alternate Butt Kick (aug 1),train,4297,aug_1
15796,M004P004A053R003_AUG000,4,4,18596,3,52,300,Standing Alternate Butt Kick (aug 0),train,4298,aug_0
15797,M004P004A053R003_AUG001,4,4,18597,3,52,300,Standing Alternate Butt Kick (aug 1),train,4298,aug_1
15798,M004P004A054R001_AUG000,4,4,18598,1,53,300,Knee Warm-up (aug 0),train,4299,aug_0
15799,M004P004A054R001_AUG001,4,4,18599,1,53,300,Knee Warm-up (aug 1),train,4299,aug_1
15800,M004P004A054R002_AUG000,4,4,18600,2,53,300,Knee Warm-up (aug 0),train,4300,aug_0
15801,M004P004A054R002_AUG001,4,4,18601,2,53,300,Knee Warm-up (aug 1),train,4300,aug_1
15802,M004P004A054R003_AUG000,4,4,18602,3,53,300,Knee Warm-up (aug 0),train,4301,aug_0
15803,M004P004A054R003_AUG001,4,4,18603,3,53,300,Knee Warm-up (aug 1),train,4301,aug_1
15804,M004P004A055R001_AUG000,4,4,18604,1,54,300,Butt Kicks (aug 0),train,4302,aug_0
15805,M004P004A055R001_AUG001,4,4,18605,1,54,300,Butt Kicks (aug 1),train,4302,aug_1
15806,M004P004A055R002_AUG000,4,4,18606,2,54,300,Butt Kicks (aug 0),train,4303,aug_0
15807,M004P004A055R002_AUG001,4,4,18607,2,54,300,Butt Kicks (aug 1),train,4303,aug_1
15808,M004P004A055R003_AUG000,4,4,18608,3,54,300,Butt Kicks (aug 0),train,4304,aug_0
15809,M004P004A055R003_AUG001,4,4,18609,3,54,300,Butt Kicks (aug 1),train,4304,aug_1
15810,M004P004A056R001_AUG000,4,4,18610,1,55,300,Jump Left and Right (aug 0),train,4305,aug_0
15811,M004P004A056R001_AUG001,4,4,18611,1,55,300,Jump Left and Right (aug 1),train,4305,aug_1
15812,M004P004A056R002_AUG000,4,4,18612,2,55,300,Jump Left and Right (aug 0),train,4306,aug_0
15813,M004P004A056R002_AUG001,4,4,18613,2,55,300,Jump Left and Right (aug 1),train,4306,aug_1
15814,M004P004A056R003_AUG000,4,4,18614,3,55,300,Jump Left and Right (aug 0),train,4307,aug_0
15815,M004P004A056R003_AUG001,4,4,18615,3,55,300,Jump Left and Right (aug 1),train,4307,aug_1
15816,M004P004A057R001_AUG000,4,4,18616,1,56,300,Jumping Jacks (aug 0),train,4308,aug_0
15817,M004P004A057R001_AUG001,4,4,18617,1,56,300,Jumping Jacks (aug 1),train,4308,aug_1
15818,M004P004A057R002_AUG000,4,4,18618,2,56,300,Jumping Jacks (aug 0),train,4309,aug_0
15819,M004P004A057R002_AUG001,4,4,18619,2,56,300,Jumping Jacks (aug 1),train,4309,aug_1
15820,M004P004A057R003_AUG000,4,4,18620,3,56,300,Jumping Jacks (aug 0),train,4310,aug_0
15821,M004P004A057R003_AUG001,4,4,18621,3,56,300,Jumping Jacks (aug 1),train,4310,aug_1
15822,M004P004A058R001_AUG000,4,4,18622,1,57,300,High Knee (aug 0),train,4311,aug_0
15823,M004P004A058R001_AUG001,4,4,18623,1,57,300,High Knee (aug 1),train,4311,aug_1
15824,M004P004A058R002_AUG000,4,4,18624,2,57,300,High Knee (aug 0),train,4312,aug_0
15825,M004P004A058R002_AUG001,4,4,18625,2,57,300,High Knee (aug 1),train,4312,aug_1
15826,M004P004A058R003_AUG000,4,4,18626,3,57,300,High Knee (aug 0),train,4313,aug_0
15827,M004P004A058R003_AUG001,4,4,18627,3,57,300,High Knee (aug 1),train,4313,aug_1
15828,M004P004A059R001_AUG000,4,4,18628,1,58,300,Clap Jacks (aug 0),train,4314,aug_0
15829,M004P004A059R001_AUG001,4,4,18629,1,58,300,Clap Jacks (aug 1),train,4314,aug_1
15830,M004P004A059R002_AUG000,4,4,18630,2,58,300,Clap Jacks (aug 0),train,4315,aug_0
15831,M004P004A059R002_AUG001,4,4,18631,2,58,300,Clap Jacks (aug 1),train,4315,aug_1
15832,M004P004A059R003_AUG000,4,4,18632,3,58,300,Clap Jacks (aug 0),train,4316,aug_0
15833,M004P004A059R003_AUG001,4,4,18633,3,58,300,Clap Jacks (aug 1),train,4316,aug_1
15834,M004P004A060R001_AUG000,4,4,18634,1,59,300,Run In Place With Arm Swing (aug 0),train,4317,aug_0
15835,M004P004A060R001_AUG001,4,4,18635,1,59,300,Run In Place With Arm Swing (aug 1),train,4317,aug_1
15836,M004P004A060R002_AUG000,4,4,18636,2,59,300,Run In Place With Arm Swing (aug 0),train,4318,aug_0
15837,M004P004A060R002_AUG001,4,4,18637,2,59,300,Run In Place With Arm Swing (aug 1),train,4318,aug_1
15838,M004P004A060R003_AUG000,4,4,18638,3,59,300,Run In Place With Arm Swing (aug 0),train,4319,aug_0
15839,M004P004A060R003_AUG001,4,4,18639,3,59,300,Run In Place With Arm Swing (aug 1),train,4319,aug_1
15840,M004P006A001R001_AUG000,4,6,18640,1,0,300,Svend Press (aug 0),train,4320,aug_0
15841,M004P006A001R001_AUG001,4,6,18641,1,0,300,Svend Press (aug 1),train,4320,aug_1
15842,M004P006A001R002_AUG000,4,6,18642,2,0,300,Svend Press (aug 0),train,4321,aug_0
15843,M004P006A001R002_AUG001,4,6,18643,2,0,300,Svend Press (aug 1),train,4321,aug_1
15844,M004P006A001R003_AUG000,4,6,18644,3,0,300,Svend Press (aug 0),train,4322,aug_0
15845,M004P006A001R003_AUG001,4,6,18645,3,0,300,Svend Press (aug 1),train,4322,aug_1
15846,M004P006A002R001_AUG000,4,6,18646,1,1,300,Kneeling Push-ups (aug 0),train,4323,aug_0
15847,M004P006A002R001_AUG001,4,6,18647,1,1,300,Kneeling Push-ups (aug 1),train,4323,aug_1
15848,M004P006A002R002_AUG000,4,6,18648,2,1,300,Kneeling Push-ups (aug 0),train,4324,aug_0
15849,M004P006A002R002_AUG001,4,6,18649,2,1,300,Kneeling Push-ups (aug 1),train,4324,aug_1
15850,M004P006A002R003_AUG000,4,6,18650,3,1,300,Kneeling Push-ups (aug 0),train,4325,aug_0
15851,M004P006A002R003_AUG001,4,6,18651,3,1,300,Kneeling Push-ups (aug 1),train,4325,aug_1
15852,M004P006A003R001_AUG000,4,6,18652,1,2,300,Standing Straight-arm Chest Press With Resistance Band (aug 0),train,4326,aug_0
15853,M004P006A003R001_AUG001,4,6,18653,1,2,300,Standing Straight-arm Chest Press With Resistance Band (aug 1),train,4326,aug_1
15854,M004P006A003R002_AUG000,4,6,18654,2,2,300,Standing Straight-arm Chest Press With Resistance Band (aug 0),train,4327,aug_0
15855,M004P006A003R002_AUG001,4,6,18655,2,2,300,Standing Straight-arm Chest Press With Resistance Band (aug 1),train,4327,aug_1
15856,M004P006A003R003_AUG000,4,6,18656,3,2,300,Standing Straight-arm Chest Press With Resistance Band (aug 0),train,4328,aug_0
15857,M004P006A003R003_AUG001,4,6,18657,3,2,300,Standing Straight-arm Chest Press With Resistance Band (aug 1),train,4328,aug_1
15858,M004P006A004R001_AUG000,4,6,18658,1,3,300,Small Dumbbell Floor Flies (aug 0),train,4329,aug_0
15859,M004P006A004R001_AUG001,4,6,18659,1,3,300,Small Dumbbell Floor Flies (aug 1),train,4329,aug_1
15860,M004P006A004R002_AUG000,4,6,18660,2,3,300,Small Dumbbell Floor Flies (aug 0),train,4330,aug_0
15861,M004P006A004R002_AUG001,4,6,18661,2,3,300,Small Dumbbell Floor Flies (aug 1),train,4330,aug_1
15862,M004P006A004R003_AUG000,4,6,18662,3,3,300,Small Dumbbell Floor Flies (aug 0),train,4331,aug_0
15863,M004P006A004R003_AUG001,4,6,18663,3,3,300,Small Dumbbell Floor Flies (aug 1),train,4331,aug_1
15864,M004P006A005R001_AUG000,4,6,18664,1,4,300,Chest Fly (aug 0),train,4332,aug_0
15865,M004P006A005R001_AUG001,4,6,18665,1,4,300,Chest Fly (aug 1),train,4332,aug_1
15866,M004P006A005R002_AUG000,4,6,18666,2,4,300,Chest Fly (aug 0),train,4333,aug_0
15867,M004P006A005R002_AUG001,4,6,18667,2,4,300,Chest Fly (aug 1),train,4333,aug_1
15868,M004P006A005R003_AUG000,4,6,18668,3,4,300,Chest Fly (aug 0),train,4334,aug_0
15869,M004P006A005R003_AUG001,4,6,18669,3,4,300,Chest Fly (aug 1),train,4334,aug_1
15870,M004P006A006R001_AUG000,4,6,18670,1,5,300,Push-ups (aug 0),train,4335,aug_0
15871,M004P006A006R001_AUG001,4,6,18671,1,5,300,Push-ups (aug 1),train,4335,aug_1
15872,M004P006A006R002_AUG000,4,6,18672,2,5,300,Push-ups (aug 0),train,4336,aug_0
15873,M004P006A006R002_AUG001,4,6,18673,2,5,300,Push-ups (aug 1),train,4336,aug_1
15874,M004P006A006R003_AUG000,4,6,18674,3,5,300,Push-ups (aug 0),train,4337,aug_0
15875,M004P006A006R003_AUG001,4,6,18675,3,5,300,Push-ups (aug 1),train,4337,aug_1
15876,M004P006A007R001_AUG000,4,6,18676,1,6,300,Bent-over W-shape Stretch (aug 0),train,4338,aug_0
15877,M004P006A007R001_AUG001,4,6,18677,1,6,300,Bent-over W-shape Stretch (aug 1),train,4338,aug_1
15878,M004P006A007R002_AUG000,4,6,18678,2,6,300,Bent-over W-shape Stretch (aug 0),train,4339,aug_0
15879,M004P006A007R002_AUG001,4,6,18679,2,6,300,Bent-over W-shape Stretch (aug 1),train,4339,aug_1
15880,M004P006A007R003_AUG000,4,6,18680,3,6,300,Bent-over W-shape Stretch (aug 0),train,4340,aug_0
15881,M004P006A007R003_AUG001,4,6,18681,3,6,300,Bent-over W-shape Stretch (aug 1),train,4340,aug_1
15882,M004P006A008R001_AUG000,4,6,18682,1,7,300,Bent-over Y-shape Stretch (aug 0),train,4341,aug_0
15883,M004P006A008R001_AUG001,4,6,18683,1,7,300,Bent-over Y-shape Stretch (aug 1),train,4341,aug_1
15884,M004P006A008R002_AUG000,4,6,18684,2,7,300,Bent-over Y-shape Stretch (aug 0),train,4342,aug_0
15885,M004P006A008R002_AUG001,4,6,18685,2,7,300,Bent-over Y-shape Stretch (aug 1),train,4342,aug_1
15886,M004P006A008R003_AUG000,4,6,18686,3,7,300,Bent-over Y-shape Stretch (aug 0),train,4343,aug_0
15887,M004P006A008R003_AUG001,4,6,18687,3,7,300,Bent-over Y-shape Stretch (aug 1),train,4343,aug_1
15888,M004P006A009R001_AUG000,4,6,18688,1,8,300,Bent-over A-shape Stretch (aug 0),train,4344,aug_0
15889,M004P006A009R001_AUG001,4,6,18689,1,8,300,Bent-over A-shape Stretch (aug 1),train,4344,aug_1
15890,M004P006A009R002_AUG000,4,6,18690,2,8,300,Bent-over A-shape Stretch (aug 0),train,4345,aug_0
15891,M004P006A009R002_AUG001,4,6,18691,2,8,300,Bent-over A-shape Stretch (aug 1),train,4345,aug_1
15892,M004P006A009R003_AUG000,4,6,18692,3,8,300,Bent-over A-shape Stretch (aug 0),train,4346,aug_0
15893,M004P006A009R003_AUG001,4,6,18693,3,8,300,Bent-over A-shape Stretch (aug 1),train,4346,aug_1
15894,M004P006A010R001_AUG000,4,6,18694,1,9,300,Squat With Arm Lift (aug 0),train,4347,aug_0
15895,M004P006A010R001_AUG001,4,6,18695,1,9,300,Squat With Arm Lift (aug 1),train,4347,aug_1
15896,M004P006A010R002_AUG000,4,6,18696,2,9,300,Squat With Arm Lift (aug 0),train,4348,aug_0
15897,M004P006A010R002_AUG001,4,6,18697,2,9,300,Squat With Arm Lift (aug 1),train,4348,aug_1
15898,M004P006A010R003_AUG000,4,6,18698,3,9,300,Squat With Arm Lift (aug 0),train,4349,aug_0
15899,M004P006A010R003_AUG001,4,6,18699,3,9,300,Squat With Arm Lift (aug 1),train,4349,aug_1
15900,M004P006A011R001_AUG000,4,6,18700,1,10,300,Breaststroke Arm Pull (aug 0),train,4350,aug_0
15901,M004P006A011R001_AUG001,4,6,18701,1,10,300,Breaststroke Arm Pull (aug 1),train,4350,aug_1
15902,M004P006A011R002_AUG000,4,6,18702,2,10,300,Breaststroke Arm Pull (aug 0),train,4351,aug_0
15903,M004P006A011R002_AUG001,4,6,18703,2,10,300,Breaststroke Arm Pull (aug 1),train,4351,aug_1
15904,M004P006A011R003_AUG000,4,6,18704,3,10,300,Breaststroke Arm Pull (aug 0),train,4352,aug_0
15905,M004P006A011R003_AUG001,4,6,18705,3,10,300,Breaststroke Arm Pull (aug 1),train,4352,aug_1
15906,M004P006A012R001_AUG000,4,6,18706,1,11,300,Prone Y-shape Stretch (aug 0),train,4353,aug_0
15907,M004P006A012R001_AUG001,4,6,18707,1,11,300,Prone Y-shape Stretch (aug 1),train,4353,aug_1
15908,M004P006A012R002_AUG000,4,6,18708,2,11,300,Prone Y-shape Stretch (aug 0),train,4354,aug_0
15909,M004P006A012R002_AUG001,4,6,18709,2,11,300,Prone Y-shape Stretch (aug 1),train,4354,aug_1
15910,M004P006A012R003_AUG000,4,6,18710,3,11,300,Prone Y-shape Stretch (aug 0),train,4355,aug_0
15911,M004P006A012R003_AUG001,4,6,18711,3,11,300,Prone Y-shape Stretch (aug 1),train,4355,aug_1
15912,M004P006A013R001_AUG000,4,6,18712,1,12,300,Lateral Raise Forward Circles (aug 0),train,4356,aug_0
15913,M004P006A013R001_AUG001,4,6,18713,1,12,300,Lateral Raise Forward Circles (aug 1),train,4356,aug_1
15914,M004P006A013R002_AUG000,4,6,18714,2,12,300,Lateral Raise Forward Circles (aug 0),train,4357,aug_0
15915,M004P006A013R002_AUG001,4,6,18715,2,12,300,Lateral Raise Forward Circles (aug 1),train,4357,aug_1
15916,M004P006A013R003_AUG000,4,6,18716,3,12,300,Lateral Raise Forward Circles (aug 0),train,4358,aug_0
15917,M004P006A013R003_AUG001,4,6,18717,3,12,300,Lateral Raise Forward Circles (aug 1),train,4358,aug_1
15918,M004P006A014R001_AUG000,4,6,18718,1,13,300,Lateral Raise Backward Circles (aug 0),train,4359,aug_0
15919,M004P006A014R001_AUG001,4,6,18719,1,13,300,Lateral Raise Backward Circles (aug 1),train,4359,aug_1
15920,M004P006A014R002_AUG000,4,6,18720,2,13,300,Lateral Raise Backward Circles (aug 0),train,4360,aug_0
15921,M004P006A014R002_AUG001,4,6,18721,2,13,300,Lateral Raise Backward Circles (aug 1),train,4360,aug_1
15922,M004P006A014R003_AUG000,4,6,18722,3,13,300,Lateral Raise Backward Circles (aug 0),train,4361,aug_0
15923,M004P006A014R003_AUG001,4,6,18723,3,13,300,Lateral Raise Backward Circles (aug 1),train,4361,aug_1
15924,M004P006A015R001_AUG000,4,6,18724,1,14,300,Lying Shoulder Joint Upward Round (aug 0),train,4362,aug_0
15925,M004P006A015R001_AUG001,4,6,18725,1,14,300,Lying Shoulder Joint Upward Round (aug 1),train,4362,aug_1
15926,M004P006A015R002_AUG000,4,6,18726,2,14,300,Lying Shoulder Joint Upward Round (aug 0),train,4363,aug_0
15927,M004P006A015R002_AUG001,4,6,18727,2,14,300,Lying Shoulder Joint Upward Round (aug 1),train,4363,aug_1
15928,M004P006A015R003_AUG000,4,6,18728,3,14,300,Lying Shoulder Joint Upward Round (aug 0),train,4364,aug_0
15929,M004P006A015R003_AUG001,4,6,18729,3,14,300,Lying Shoulder Joint Upward Round (aug 1),train,4364,aug_1
15930,M004P006A016R001_AUG000,4,6,18730,1,15,300,Lying Shoulder Joint Downward Round (aug 0),train,4365,aug_0
15931,M004P006A016R001_AUG001,4,6,18731,1,15,300,Lying Shoulder Joint Downward Round (aug 1),train,4365,aug_1
15932,M004P006A016R002_AUG000,4,6,18732,2,15,300,Lying Shoulder Joint Downward Round (aug 0),train,4366,aug_0
15933,M004P006A016R002_AUG001,4,6,18733,2,15,300,Lying Shoulder Joint Downward Round (aug 1),train,4366,aug_1
15934,M004P006A016R003_AUG000,4,6,18734,3,15,300,Lying Shoulder Joint Downward Round (aug 0),train,4367,aug_0
15935,M004P006A016R003_AUG001,4,6,18735,3,15,300,Lying Shoulder Joint Downward Round (aug 1),train,4367,aug_1
15936,M004P006A017R001_AUG000,4,6,18736,1,16,300,Bare-handed Full Lateral Raise (aug 0),train,4368,aug_0
15937,M004P006A017R001_AUG001,4,6,18737,1,16,300,Bare-handed Full Lateral Raise (aug 1),train,4368,aug_1
15938,M004P006A017R002_AUG000,4,6,18738,2,16,300,Bare-handed Full Lateral Raise (aug 0),train,4369,aug_0
15939,M004P006A017R002_AUG001,4,6,18739,2,16,300,Bare-handed Full Lateral Raise (aug 1),train,4369,aug_1
15940,M004P006A017R003_AUG000,4,6,18740,3,16,300,Bare-handed Full Lateral Raise (aug 0),train,4370,aug_0
15941,M004P006A017R003_AUG001,4,6,18741,3,16,300,Bare-handed Full Lateral Raise (aug 1),train,4370,aug_1
15942,M004P006A018R001_AUG000,4,6,18742,1,17,300,Bare-handed Cuban Press (aug 0),train,4371,aug_0
15943,M004P006A018R001_AUG001,4,6,18743,1,17,300,Bare-handed Cuban Press (aug 1),train,4371,aug_1
15944,M004P006A018R002_AUG000,4,6,18744,2,17,300,Bare-handed Cuban Press (aug 0),train,4372,aug_0
15945,M004P006A018R002_AUG001,4,6,18745,2,17,300,Bare-handed Cuban Press (aug 1),train,4372,aug_1
15946,M004P006A018R003_AUG000,4,6,18746,3,17,300,Bare-handed Cuban Press (aug 0),train,4373,aug_0
15947,M004P006A018R003_AUG001,4,6,18747,3,17,300,Bare-handed Cuban Press (aug 1),train,4373,aug_1
15948,M004P006A019R001_AUG000,4,6,18748,1,18,300,Fortune Cat (aug 0),train,4374,aug_0
15949,M004P006A019R001_AUG001,4,6,18749,1,18,300,Fortune Cat (aug 1),train,4374,aug_1
15950,M004P006A019R002_AUG000,4,6,18750,2,18,300,Fortune Cat (aug 0),train,4375,aug_0
15951,M004P006A019R002_AUG001,4,6,18751,2,18,300,Fortune Cat (aug 1),train,4375,aug_1
15952,M004P006A019R003_AUG000,4,6,18752,3,18,300,Fortune Cat (aug 0),train,4376,aug_0
15953,M004P006A019R003_AUG001,4,6,18753,3,18,300,Fortune Cat (aug 1),train,4376,aug_1
15954,M004P006A020R001_AUG000,4,6,18754,1,19,300,Dumbbell Curls (aug 0),train,4377,aug_0
15955,M004P006A020R001_AUG001,4,6,18755,1,19,300,Dumbbell Curls (aug 1),train,4377,aug_1
15956,M004P006A020R002_AUG000,4,6,18756,2,19,300,Dumbbell Curls (aug 0),train,4378,aug_0
15957,M004P006A020R002_AUG001,4,6,18757,2,19,300,Dumbbell Curls (aug 1),train,4378,aug_1
15958,M004P006A020R003_AUG000,4,6,18758,3,19,300,Dumbbell Curls (aug 0),train,4379,aug_0
15959,M004P006A020R003_AUG001,4,6,18759,3,19,300,Dumbbell Curls (aug 1),train,4379,aug_1
15960,M004P006A021R001_AUG000,4,6,18760,1,20,300,Alternate Dumbbell Curls (aug 0),train,4380,aug_0
15961,M004P006A021R001_AUG001,4,6,18761,1,20,300,Alternate Dumbbell Curls (aug 1),train,4380,aug_1
15962,M004P006A021R002_AUG000,4,6,18762,2,20,300,Alternate Dumbbell Curls (aug 0),train,4381,aug_0
15963,M004P006A021R002_AUG001,4,6,18763,2,20,300,Alternate Dumbbell Curls (aug 1),train,4381,aug_1
15964,M004P006A021R003_AUG000,4,6,18764,3,20,300,Alternate Dumbbell Curls (aug 0),train,4382,aug_0
15965,M004P006A021R003_AUG001,4,6,18765,3,20,300,Alternate Dumbbell Curls (aug 1),train,4382,aug_1
15966,M004P006A022R001_AUG000,4,6,18766,1,21,300,Right-side Kettlebell Bent-over Row (aug 0),train,4383,aug_0
15967,M004P006A022R001_AUG001,4,6,18767,1,21,300,Right-side Kettlebell Bent-over Row (aug 1),train,4383,aug_1
15968,M004P006A022R002_AUG000,4,6,18768,2,21,300,Right-side Kettlebell Bent-over Row (aug 0),train,4384,aug_0
15969,M004P006A022R002_AUG001,4,6,18769,2,21,300,Right-side Kettlebell Bent-over Row (aug 1),train,4384,aug_1
15970,M004P006A022R003_AUG000,4,6,18770,3,21,300,Right-side Kettlebell Bent-over Row (aug 0),train,4385,aug_0
15971,M004P006A022R003_AUG001,4,6,18771,3,21,300,Right-side Kettlebell Bent-over Row (aug 1),train,4385,aug_1
15972,M004P006A023R001_AUG000,4,6,18772,1,22,300,Wrist Joint Warm-up (aug 0),train,4386,aug_0
15973,M004P006A023R001_AUG001,4,6,18773,1,22,300,Wrist Joint Warm-up (aug 1),train,4386,aug_1
15974,M004P006A023R002_AUG000,4,6,18774,2,22,300,Wrist Joint Warm-up (aug 0),train,4387,aug_0
15975,M004P006A023R002_AUG001,4,6,18775,2,22,300,Wrist Joint Warm-up (aug 1),train,4387,aug_1
15976,M004P006A023R003_AUG000,4,6,18776,3,22,300,Wrist Joint Warm-up (aug 0),train,4388,aug_0
15977,M004P006A023R003_AUG001,4,6,18777,3,22,300,Wrist Joint Warm-up (aug 1),train,4388,aug_1
15978,M004P006A024R001_AUG000,4,6,18778,1,23,300,Right-side Bent-over Tricep Extension With Resistance Band (aug 0),train,4389,aug_0
15979,M004P006A024R001_AUG001,4,6,18779,1,23,300,Right-side Bent-over Tricep Extension With Resistance Band (aug 1),train,4389,aug_1
15980,M004P006A024R002_AUG000,4,6,18780,2,23,300,Right-side Bent-over Tricep Extension With Resistance Band (aug 0),train,4390,aug_0
15981,M004P006A024R002_AUG001,4,6,18781,2,23,300,Right-side Bent-over Tricep Extension With Resistance Band (aug 1),train,4390,aug_1
15982,M004P006A024R003_AUG000,4,6,18782,3,23,300,Right-side Bent-over Tricep Extension With Resistance Band (aug 0),train,4391,aug_0
15983,M004P006A024R003_AUG001,4,6,18783,3,23,300,Right-side Bent-over Tricep Extension With Resistance Band (aug 1),train,4391,aug_1
15984,M004P006A025R001_AUG000,4,6,18784,1,24,300,Bent-over Dumbbell Tricep Extension (aug 0),train,4392,aug_0
15985,M004P006A025R001_AUG001,4,6,18785,1,24,300,Bent-over Dumbbell Tricep Extension (aug 1),train,4392,aug_1
15986,M004P006A025R002_AUG000,4,6,18786,2,24,300,Bent-over Dumbbell Tricep Extension (aug 0),train,4393,aug_0
15987,M004P006A025R002_AUG001,4,6,18787,2,24,300,Bent-over Dumbbell Tricep Extension (aug 1),train,4393,aug_1
15988,M004P006A025R003_AUG000,4,6,18788,3,24,300,Bent-over Dumbbell Tricep Extension (aug 0),train,4394,aug_0
15989,M004P006A025R003_AUG001,4,6,18789,3,24,300,Bent-over Dumbbell Tricep Extension (aug 1),train,4394,aug_1
15990,M004P006A026R001_AUG000,4,6,18790,1,25,300,Nod And Raise Head (aug 0),train,4395,aug_0
15991,M004P006A026R001_AUG001,4,6,18791,1,25,300,Nod And Raise Head (aug 1),train,4395,aug_1
15992,M004P006A026R002_AUG000,4,6,18792,2,25,300,Nod And Raise Head (aug 0),train,4396,aug_0
15993,M004P006A026R002_AUG001,4,6,18793,2,25,300,Nod And Raise Head (aug 1),train,4396,aug_1
15994,M004P006A026R003_AUG000,4,6,18794,3,25,300,Nod And Raise Head (aug 0),train,4397,aug_0
15995,M004P006A026R003_AUG001,4,6,18795,3,25,300,Nod And Raise Head (aug 1),train,4397,aug_1
15996,M004P006A027R001_AUG000,4,6,18796,1,26,300,Two-way Head Turn (aug 0),train,4398,aug_0
15997,M004P006A027R001_AUG001,4,6,18797,1,26,300,Two-way Head Turn (aug 1),train,4398,aug_1
15998,M004P006A027R002_AUG000,4,6,18798,2,26,300,Two-way Head Turn (aug 0),train,4399,aug_0
15999,M004P006A027R002_AUG001,4,6,18799,2,26,300,Two-way Head Turn (aug 1),train,4399,aug_1
16000,M004P006A027R003_AUG000,4,6,18800,3,26,300,Two-way Head Turn (aug 0),train,4400,aug_0
16001,M004P006A027R003_AUG001,4,6,18801,3,26,300,Two-way Head Turn (aug 1),train,4400,aug_1
16002,M004P006A028R001_AUG000,4,6,18802,1,27,300,Shrug And Sink The Shoulders (aug 0),train,4401,aug_0
16003,M004P006A028R001_AUG001,4,6,18803,1,27,300,Shrug And Sink The Shoulders (aug 1),train,4401,aug_1
16004,M004P006A028R002_AUG000,4,6,18804,2,27,300,Shrug And Sink The Shoulders (aug 0),train,4402,aug_0
16005,M004P006A028R002_AUG001,4,6,18805,2,27,300,Shrug And Sink The Shoulders (aug 1),train,4402,aug_1
16006,M004P006A028R003_AUG000,4,6,18806,3,27,300,Shrug And Sink The Shoulders (aug 0),train,4403,aug_0
16007,M004P006A028R003_AUG001,4,6,18807,3,27,300,Shrug And Sink The Shoulders (aug 1),train,4403,aug_1
16008,M004P006A029R001_AUG000,4,6,18808,1,28,300,Four-way Nod Head (aug 0),train,4404,aug_0
16009,M004P006A029R001_AUG001,4,6,18809,1,28,300,Four-way Nod Head (aug 1),train,4404,aug_1
16010,M004P006A029R002_AUG000,4,6,18810,2,28,300,Four-way Nod Head (aug 0),train,4405,aug_0
16011,M004P006A029R002_AUG001,4,6,18811,2,28,300,Four-way Nod Head (aug 1),train,4405,aug_1
16012,M004P006A029R003_AUG000,4,6,18812,3,28,300,Four-way Nod Head (aug 0),train,4406,aug_0
16013,M004P006A029R003_AUG001,4,6,18813,3,28,300,Four-way Nod Head (aug 1),train,4406,aug_1
16014,M004P006A030R001_AUG000,4,6,18814,1,29,300,Lying Alternate Upper-half Leg Raise (aug 0),train,4407,aug_0
16015,M004P006A030R001_AUG001,4,6,18815,1,29,300,Lying Alternate Upper-half Leg Raise (aug 1),train,4407,aug_1
16016,M004P006A030R002_AUG000,4,6,18816,2,29,300,Lying Alternate Upper-half Leg Raise (aug 0),train,4408,aug_0
16017,M004P006A030R002_AUG001,4,6,18817,2,29,300,Lying Alternate Upper-half Leg Raise (aug 1),train,4408,aug_1
16018,M004P006A030R003_AUG000,4,6,18818,3,29,300,Lying Alternate Upper-half Leg Raise (aug 0),train,4409,aug_0
16019,M004P006A030R003_AUG001,4,6,18819,3,29,300,Lying Alternate Upper-half Leg Raise (aug 1),train,4409,aug_1
16020,M004P006A031R001_AUG000,4,6,18820,1,30,300,Half Roll Back (aug 0),train,4410,aug_0
16021,M004P006A031R001_AUG001,4,6,18821,1,30,300,Half Roll Back (aug 1),train,4410,aug_1
16022,M004P006A031R002_AUG000,4,6,18822,2,30,300,Half Roll Back (aug 0),train,4411,aug_0
16023,M004P006A031R002_AUG001,4,6,18823,2,30,300,Half Roll Back (aug 1),train,4411,aug_1
16024,M004P006A031R003_AUG000,4,6,18824,3,30,300,Half Roll Back (aug 0),train,4412,aug_0
16025,M004P006A031R003_AUG001,4,6,18825,3,30,300,Half Roll Back (aug 1),train,4412,aug_1
16026,M004P006A032R001_AUG000,4,6,18826,1,31,300,Kneeling Right-side Torso Twist (aug 0),train,4413,aug_0
16027,M004P006A032R001_AUG001,4,6,18827,1,31,300,Kneeling Right-side Torso Twist (aug 1),train,4413,aug_1
16028,M004P006A032R002_AUG000,4,6,18828,2,31,300,Kneeling Right-side Torso Twist (aug 0),train,4414,aug_0
16029,M004P006A032R002_AUG001,4,6,18829,2,31,300,Kneeling Right-side Torso Twist (aug 1),train,4414,aug_1
16030,M004P006A032R003_AUG000,4,6,18830,3,31,300,Kneeling Right-side Torso Twist (aug 0),train,4415,aug_0
16031,M004P006A032R003_AUG001,4,6,18831,3,31,300,Kneeling Right-side Torso Twist (aug 1),train,4415,aug_1
16032,M004P006A033R001_AUG000,4,6,18832,1,32,300,Left-side Knee Raise And Abdominal Muscles Contract (aug 0),train,4416,aug_0
16033,M004P006A033R001_AUG001,4,6,18833,1,32,300,Left-side Knee Raise And Abdominal Muscles Contract (aug 1),train,4416,aug_1
16034,M004P006A033R002_AUG000,4,6,18834,2,32,300,Left-side Knee Raise And Abdominal Muscles Contract (aug 0),train,4417,aug_0
16035,M004P006A033R002_AUG001,4,6,18835,2,32,300,Left-side Knee Raise And Abdominal Muscles Contract (aug 1),train,4417,aug_1
16036,M004P006A033R003_AUG000,4,6,18836,3,32,300,Left-side Knee Raise And Abdominal Muscles Contract (aug 0),train,4418,aug_0
16037,M004P006A033R003_AUG001,4,6,18837,3,32,300,Left-side Knee Raise And Abdominal Muscles Contract (aug 1),train,4418,aug_1
16038,M004P006A034R001_AUG000,4,6,18838,1,33,300,Kneeling Right Leg Backward Stretch (aug 0),train,4419,aug_0
16039,M004P006A034R001_AUG001,4,6,18839,1,33,300,Kneeling Right Leg Backward Stretch (aug 1),train,4419,aug_1
16040,M004P006A034R002_AUG000,4,6,18840,2,33,300,Kneeling Right Leg Backward Stretch (aug 0),train,4420,aug_0
16041,M004P006A034R002_AUG001,4,6,18841,2,33,300,Kneeling Right Leg Backward Stretch (aug 1),train,4420,aug_1
16042,M004P006A034R003_AUG000,4,6,18842,3,33,300,Kneeling Right Leg Backward Stretch (aug 0),train,4421,aug_0
16043,M004P006A034R003_AUG001,4,6,18843,3,33,300,Kneeling Right Leg Backward Stretch (aug 1),train,4421,aug_1
16044,M004P006A035R001_AUG000,4,6,18844,1,34,300,Kneeling Right Arm Raise (aug 0),train,4422,aug_0
16045,M004P006A035R001_AUG001,4,6,18845,1,34,300,Kneeling Right Arm Raise (aug 1),train,4422,aug_1
16046,M004P006A035R002_AUG000,4,6,18846,2,34,300,Kneeling Right Arm Raise (aug 0),train,4423,aug_0
16047,M004P006A035R002_AUG001,4,6,18847,2,34,300,Kneeling Right Arm Raise (aug 1),train,4423,aug_1
16048,M004P006A035R003_AUG000,4,6,18848,3,34,300,Kneeling Right Arm Raise (aug 0),train,4424,aug_0
16049,M004P006A035R003_AUG001,4,6,18849,3,34,300,Kneeling Right Arm Raise (aug 1),train,4424,aug_1
16050,M004P006A036R001_AUG000,4,6,18850,1,35,300,Shoulder Bridge (aug 0),train,4425,aug_0
16051,M004P006A036R001_AUG001,4,6,18851,1,35,300,Shoulder Bridge (aug 1),train,4425,aug_1
16052,M004P006A036R002_AUG000,4,6,18852,2,35,300,Shoulder Bridge (aug 0),train,4426,aug_0
16053,M004P006A036R002_AUG001,4,6,18853,2,35,300,Shoulder Bridge (aug 1),train,4426,aug_1
16054,M004P006A036R003_AUG000,4,6,18854,3,35,300,Shoulder Bridge (aug 0),train,4427,aug_0
16055,M004P006A036R003_AUG001,4,6,18855,3,35,300,Shoulder Bridge (aug 1),train,4427,aug_1
16056,M004P006A037R001_AUG000,4,6,18856,1,36,300,Prone Press-ups (aug 0),train,4428,aug_0
16057,M004P006A037R001_AUG001,4,6,18857,1,36,300,Prone Press-ups (aug 1),train,4428,aug_1
16058,M004P006A037R002_AUG000,4,6,18858,2,36,300,Prone Press-ups (aug 0),train,4429,aug_0
16059,M004P006A037R002_AUG001,4,6,18859,2,36,300,Prone Press-ups (aug 1),train,4429,aug_1
16060,M004P006A037R003_AUG000,4,6,18860,3,36,300,Prone Press-ups (aug 0),train,4430,aug_0
16061,M004P006A037R003_AUG001,4,6,18861,3,36,300,Prone Press-ups (aug 1),train,4430,aug_1
16062,M004P006A038R001_AUG000,4,6,18862,1,37,300,Bent-over Torso Rotation (aug 0),train,4431,aug_0
16063,M004P006A038R001_AUG001,4,6,18863,1,37,300,Bent-over Torso Rotation (aug 1),train,4431,aug_1
16064,M004P006A038R002_AUG000,4,6,18864,2,37,300,Bent-over Torso Rotation (aug 0),train,4432,aug_0
16065,M004P006A038R002_AUG001,4,6,18865,2,37,300,Bent-over Torso Rotation (aug 1),train,4432,aug_1
16066,M004P006A038R003_AUG000,4,6,18866,3,37,300,Bent-over Torso Rotation (aug 0),train,4433,aug_0
16067,M004P006A038R003_AUG001,4,6,18867,3,37,300,Bent-over Torso Rotation (aug 1),train,4433,aug_1
16068,M004P006A039R001_AUG000,4,6,18868,1,38,300,Lying Arm Pull (aug 0),train,4434,aug_0
16069,M004P006A039R001_AUG001,4,6,18869,1,38,300,Lying Arm Pull (aug 1),train,4434,aug_1
16070,M004P006A039R002_AUG000,4,6,18870,2,38,300,Lying Arm Pull (aug 0),train,4435,aug_0
16071,M004P006A039R002_AUG001,4,6,18871,2,38,300,Lying Arm Pull (aug 1),train,4435,aug_1
16072,M004P006A039R003_AUG000,4,6,18872,3,38,300,Lying Arm Pull (aug 0),train,4436,aug_0
16073,M004P006A039R003_AUG001,4,6,18873,3,38,300,Lying Arm Pull (aug 1),train,4436,aug_1
16074,M004P006A040R001_AUG000,4,6,18874,1,39,300,Prone Press Up With Torso Rotation (aug 0),train,4437,aug_0
16075,M004P006A040R001_AUG001,4,6,18875,1,39,300,Prone Press Up With Torso Rotation (aug 1),train,4437,aug_1
16076,M004P006A040R002_AUG000,4,6,18876,2,39,300,Prone Press Up With Torso Rotation (aug 0),train,4438,aug_0
16077,M004P006A040R002_AUG001,4,6,18877,2,39,300,Prone Press Up With Torso Rotation (aug 1),train,4438,aug_1
16078,M004P006A040R003_AUG000,4,6,18878,3,39,300,Prone Press Up With Torso Rotation (aug 0),train,4439,aug_0
16079,M004P006A040R003_AUG001,4,6,18879,3,39,300,Prone Press Up With Torso Rotation (aug 1),train,4439,aug_1
16080,M004P006A041R001_AUG000,4,6,18880,1,40,300,Breaststroke Push-ups (aug 0),train,4440,aug_0
16081,M004P006A041R001_AUG001,4,6,18881,1,40,300,Breaststroke Push-ups (aug 1),train,4440,aug_1
16082,M004P006A041R002_AUG000,4,6,18882,2,40,300,Breaststroke Push-ups (aug 0),train,4441,aug_0
16083,M004P006A041R002_AUG001,4,6,18883,2,40,300,Breaststroke Push-ups (aug 1),train,4441,aug_1
16084,M004P006A041R003_AUG000,4,6,18884,3,40,300,Breaststroke Push-ups (aug 0),train,4442,aug_0
16085,M004P006A041R003_AUG001,4,6,18885,3,40,300,Breaststroke Push-ups (aug 1),train,4442,aug_1
16086,M004P006A042R001_AUG000,4,6,18886,1,41,300,Sit-ups (aug 0),train,4443,aug_0
16087,M004P006A042R001_AUG001,4,6,18887,1,41,300,Sit-ups (aug 1),train,4443,aug_1
16088,M004P006A042R002_AUG000,4,6,18888,2,41,300,Sit-ups (aug 0),train,4444,aug_0
16089,M004P006A042R002_AUG001,4,6,18889,2,41,300,Sit-ups (aug 1),train,4444,aug_1
16090,M004P006A042R003_AUG000,4,6,18890,3,41,300,Sit-ups (aug 0),train,4445,aug_0
16091,M004P006A042R003_AUG001,4,6,18891,3,41,300,Sit-ups (aug 1),train,4445,aug_1
16092,M004P006A043R001_AUG000,4,6,18892,1,42,300,Side-lying Left Leg Forward Raise (aug 0),train,4446,aug_0
16093,M004P006A043R001_AUG001,4,6,18893,1,42,300,Side-lying Left Leg Forward Raise (aug 1),train,4446,aug_1
16094,M004P006A043R002_AUG000,4,6,18894,2,42,300,Side-lying Left Leg Forward Raise (aug 0),train,4447,aug_0
16095,M004P006A043R002_AUG001,4,6,18895,2,42,300,Side-lying Left Leg Forward Raise (aug 1),train,4447,aug_1
16096,M004P006A043R003_AUG000,4,6,18896,3,42,300,Side-lying Left Leg Forward Raise (aug 0),train,4448,aug_0
16097,M004P006A043R003_AUG001,4,6,18897,3,42,300,Side-lying Left Leg Forward Raise (aug 1),train,4448,aug_1
16098,M004P006A044R001_AUG000,4,6,18898,1,43,300,Right Leg Reverse Lunge (aug 0),train,4449,aug_0
16099,M004P006A044R001_AUG001,4,6,18899,1,43,300,Right Leg Reverse Lunge (aug 1),train,4449,aug_1
16100,M004P006A044R002_AUG000,4,6,18900,2,43,300,Right Leg Reverse Lunge (aug 0),train,4450,aug_0
16101,M004P006A044R002_AUG001,4,6,18901,2,43,300,Right Leg Reverse Lunge (aug 1),train,4450,aug_1
16102,M004P006A044R003_AUG000,4,6,18902,3,43,300,Right Leg Reverse Lunge (aug 0),train,4451,aug_0
16103,M004P006A044R003_AUG001,4,6,18903,3,43,300,Right Leg Reverse Lunge (aug 1),train,4451,aug_1
16104,M004P006A045R001_AUG000,4,6,18904,1,44,300,Kneeling Left Knee Lift (aug 0),train,4452,aug_0
16105,M004P006A045R001_AUG001,4,6,18905,1,44,300,Kneeling Left Knee Lift (aug 1),train,4452,aug_1
16106,M004P006A045R002_AUG000,4,6,18906,2,44,300,Kneeling Left Knee Lift (aug 0),train,4453,aug_0
16107,M004P006A045R002_AUG001,4,6,18907,2,44,300,Kneeling Left Knee Lift (aug 1),train,4453,aug_1
16108,M004P006A045R003_AUG000,4,6,18908,3,44,300,Kneeling Left Knee Lift (aug 0),train,4454,aug_0
16109,M004P006A045R003_AUG001,4,6,18909,3,44,300,Kneeling Left Knee Lift (aug 1),train,4454,aug_1
16110,M004P006A046R001_AUG000,4,6,18910,1,45,300,Alternate Reverse Lunge (aug 0),train,4455,aug_0
16111,M004P006A046R001_AUG001,4,6,18911,1,45,300,Alternate Reverse Lunge (aug 1),train,4455,aug_1
16112,M004P006A046R002_AUG000,4,6,18912,2,45,300,Alternate Reverse Lunge (aug 0),train,4456,aug_0
16113,M004P006A046R002_AUG001,4,6,18913,2,45,300,Alternate Reverse Lunge (aug 1),train,4456,aug_1
16114,M004P006A046R003_AUG000,4,6,18914,3,45,300,Alternate Reverse Lunge (aug 0),train,4457,aug_0
16115,M004P006A046R003_AUG001,4,6,18915,3,45,300,Alternate Reverse Lunge (aug 1),train,4457,aug_1
16116,M004P006A047R001_AUG000,4,6,18916,1,46,300,Side-lying Right Leg Backward Kick (aug 0),train,4458,aug_0
16117,M004P006A047R001_AUG001,4,6,18917,1,46,300,Side-lying Right Leg Backward Kick (aug 1),train,4458,aug_1
16118,M004P006A047R002_AUG000,4,6,18918,2,46,300,Side-lying Right Leg Backward Kick (aug 0),train,4459,aug_0
16119,M004P006A047R002_AUG001,4,6,18919,2,46,300,Side-lying Right Leg Backward Kick (aug 1),train,4459,aug_1
16120,M004P006A047R003_AUG000,4,6,18920,3,46,300,Side-lying Right Leg Backward Kick (aug 0),train,4460,aug_0
16121,M004P006A047R003_AUG001,4,6,18921,3,46,300,Side-lying Right Leg Backward Kick (aug 1),train,4460,aug_1
16122,M004P006A048R001_AUG000,4,6,18922,1,47,300,Left Leg Lunge With Knee Lift (aug 0),train,4461,aug_0
16123,M004P006A048R001_AUG001,4,6,18923,1,47,300,Left Leg Lunge With Knee Lift (aug 1),train,4461,aug_1
16124,M004P006A048R002_AUG000,4,6,18924,2,47,300,Left Leg Lunge With Knee Lift (aug 0),train,4462,aug_0
16125,M004P006A048R002_AUG001,4,6,18925,2,47,300,Left Leg Lunge With Knee Lift (aug 1),train,4462,aug_1
16126,M004P006A048R003_AUG000,4,6,18926,3,47,300,Left Leg Lunge With Knee Lift (aug 0),train,4463,aug_0
16127,M004P006A048R003_AUG001,4,6,18927,3,47,300,Left Leg Lunge With Knee Lift (aug 1),train,4463,aug_1
16128,M004P006A049R001_AUG000,4,6,18928,1,48,300,Sumo Squat (aug 0),train,4464,aug_0
16129,M004P006A049R001_AUG001,4,6,18929,1,48,300,Sumo Squat (aug 1),train,4464,aug_1
16130,M004P006A049R002_AUG000,4,6,18930,2,48,300,Sumo Squat (aug 0),train,4465,aug_0
16131,M004P006A049R002_AUG001,4,6,18931,2,48,300,Sumo Squat (aug 1),train,4465,aug_1
16132,M004P006A049R003_AUG000,4,6,18932,3,48,300,Sumo Squat (aug 0),train,4466,aug_0
16133,M004P006A049R003_AUG001,4,6,18933,3,48,300,Sumo Squat (aug 1),train,4466,aug_1
16134,M004P006A050R001_AUG000,4,6,18934,1,49,300,Straight Leg Calf Raise (aug 0),train,4467,aug_0
16135,M004P006A050R001_AUG001,4,6,18935,1,49,300,Straight Leg Calf Raise (aug 1),train,4467,aug_1
16136,M004P006A050R002_AUG000,4,6,18936,2,49,300,Straight Leg Calf Raise (aug 0),train,4468,aug_0
16137,M004P006A050R002_AUG001,4,6,18937,2,49,300,Straight Leg Calf Raise (aug 1),train,4468,aug_1
16138,M004P006A050R003_AUG000,4,6,18938,3,49,300,Straight Leg Calf Raise (aug 0),train,4469,aug_0
16139,M004P006A050R003_AUG001,4,6,18939,3,49,300,Straight Leg Calf Raise (aug 1),train,4469,aug_1
16140,M004P006A051R001_AUG000,4,6,18940,1,50,300,Squat Jump (aug 0),train,4470,aug_0
16141,M004P006A051R001_AUG001,4,6,18941,1,50,300,Squat Jump (aug 1),train,4470,aug_1
16142,M004P006A051R002_AUG000,4,6,18942,2,50,300,Squat Jump (aug 0),train,4471,aug_0
16143,M004P006A051R002_AUG001,4,6,18943,2,50,300,Squat Jump (aug 1),train,4471,aug_1
16144,M004P006A051R003_AUG000,4,6,18944,3,50,300,Squat Jump (aug 0),train,4472,aug_0
16145,M004P006A051R003_AUG001,4,6,18945,3,50,300,Squat Jump (aug 1),train,4472,aug_1
16146,M004P006A052R001_AUG000,4,6,18946,1,51,300,Squat With Alternate Knee Lift (aug 0),train,4473,aug_0
16147,M004P006A052R001_AUG001,4,6,18947,1,51,300,Squat With Alternate Knee Lift (aug 1),train,4473,aug_1
16148,M004P006A052R002_AUG000,4,6,18948,2,51,300,Squat With Alternate Knee Lift (aug 0),train,4474,aug_0
16149,M004P006A052R002_AUG001,4,6,18949,2,51,300,Squat With Alternate Knee Lift (aug 1),train,4474,aug_1
16150,M004P006A052R003_AUG000,4,6,18950,3,51,300,Squat With Alternate Knee Lift (aug 0),train,4475,aug_0
16151,M004P006A052R003_AUG001,4,6,18951,3,51,300,Squat With Alternate Knee Lift (aug 1),train,4475,aug_1
16152,M004P006A053R001_AUG000,4,6,18952,1,52,300,Standing Alternate Butt Kick (aug 0),train,4476,aug_0
16153,M004P006A053R001_AUG001,4,6,18953,1,52,300,Standing Alternate Butt Kick (aug 1),train,4476,aug_1
16154,M004P006A053R002_AUG000,4,6,18954,2,52,300,Standing Alternate Butt Kick (aug 0),train,4477,aug_0
16155,M004P006A053R002_AUG001,4,6,18955,2,52,300,Standing Alternate Butt Kick (aug 1),train,4477,aug_1
16156,M004P006A053R003_AUG000,4,6,18956,3,52,300,Standing Alternate Butt Kick (aug 0),train,4478,aug_0
16157,M004P006A053R003_AUG001,4,6,18957,3,52,300,Standing Alternate Butt Kick (aug 1),train,4478,aug_1
16158,M004P006A054R001_AUG000,4,6,18958,1,53,300,Knee Warm-up (aug 0),train,4479,aug_0
16159,M004P006A054R001_AUG001,4,6,18959,1,53,300,Knee Warm-up (aug 1),train,4479,aug_1
16160,M004P006A054R002_AUG000,4,6,18960,2,53,300,Knee Warm-up (aug 0),train,4480,aug_0
16161,M004P006A054R002_AUG001,4,6,18961,2,53,300,Knee Warm-up (aug 1),train,4480,aug_1
16162,M004P006A054R003_AUG000,4,6,18962,3,53,300,Knee Warm-up (aug 0),train,4481,aug_0
16163,M004P006A054R003_AUG001,4,6,18963,3,53,300,Knee Warm-up (aug 1),train,4481,aug_1
16164,M004P006A055R001_AUG000,4,6,18964,1,54,300,Butt Kicks (aug 0),train,4482,aug_0
16165,M004P006A055R001_AUG001,4,6,18965,1,54,300,Butt Kicks (aug 1),train,4482,aug_1
16166,M004P006A055R002_AUG000,4,6,18966,2,54,300,Butt Kicks (aug 0),train,4483,aug_0
16167,M004P006A055R002_AUG001,4,6,18967,2,54,300,Butt Kicks (aug 1),train,4483,aug_1
16168,M004P006A055R003_AUG000,4,6,18968,3,54,300,Butt Kicks (aug 0),train,4484,aug_0
16169,M004P006A055R003_AUG001,4,6,18969,3,54,300,Butt Kicks (aug 1),train,4484,aug_1
16170,M004P006A056R001_AUG000,4,6,18970,1,55,300,Jump Left and Right (aug 0),train,4485,aug_0
16171,M004P006A056R001_AUG001,4,6,18971,1,55,300,Jump Left and Right (aug 1),train,4485,aug_1
16172,M004P006A056R002_AUG000,4,6,18972,2,55,300,Jump Left and Right (aug 0),train,4486,aug_0
16173,M004P006A056R002_AUG001,4,6,18973,2,55,300,Jump Left and Right (aug 1),train,4486,aug_1
16174,M004P006A056R003_AUG000,4,6,18974,3,55,300,Jump Left and Right (aug 0),train,4487,aug_0
16175,M004P006A056R003_AUG001,4,6,18975,3,55,300,Jump Left and Right (aug 1),train,4487,aug_1
16176,M004P006A057R001_AUG000,4,6,18976,1,56,300,Jumping Jacks (aug 0),train,4488,aug_0
16177,M004P006A057R001_AUG001,4,6,18977,1,56,300,Jumping Jacks (aug 1),train,4488,aug_1
16178,M004P006A057R002_AUG000,4,6,18978,2,56,300,Jumping Jacks (aug 0),train,4489,aug_0
16179,M004P006A057R002_AUG001,4,6,18979,2,56,300,Jumping Jacks (aug 1),train,4489,aug_1
16180,M004P006A057R003_AUG000,4,6,18980,3,56,300,Jumping Jacks (aug 0),train,4490,aug_0
16181,M004P006A057R003_AUG001,4,6,18981,3,56,300,Jumping Jacks (aug 1),train,4490,aug_1
16182,M004P006A058R001_AUG000,4,6,18982,1,57,300,High Knee (aug 0),train,4491,aug_0
16183,M004P006A058R001_AUG001,4,6,18983,1,57,300,High Knee (aug 1),train,4491,aug_1
16184,M004P006A058R002_AUG000,4,6,18984,2,57,300,High Knee (aug 0),train,4492,aug_0
16185,M004P006A058R002_AUG001,4,6,18985,2,57,300,High Knee (aug 1),train,4492,aug_1
16186,M004P006A058R003_AUG000,4,6,18986,3,57,300,High Knee (aug 0),train,4493,aug_0
16187,M004P006A058R003_AUG001,4,6,18987,3,57,300,High Knee (aug 1),train,4493,aug_1
16188,M004P006A059R001_AUG000,4,6,18988,1,58,300,Clap Jacks (aug 0),train,4494,aug_0
16189,M004P006A059R001_AUG001,4,6,18989,1,58,300,Clap Jacks (aug 1),train,4494,aug_1
16190,M004P006A059R002_AUG000,4,6,18990,2,58,300,Clap Jacks (aug 0),train,4495,aug_0
16191,M004P006A059R002_AUG001,4,6,18991,2,58,300,Clap Jacks (aug 1),train,4495,aug_1
16192,M004P006A059R003_AUG000,4,6,18992,3,58,300,Clap Jacks (aug 0),train,4496,aug_0
16193,M004P006A059R003_AUG001,4,6,18993,3,58,300,Clap Jacks (aug 1),train,4496,aug_1
16194,M004P006A060R001_AUG000,4,6,18994,1,59,300,Run In Place With Arm Swing (aug 0),train,4497,aug_0
16195,M004P006A060R001_AUG001,4,6,18995,1,59,300,Run In Place With Arm Swing (aug 1),train,4497,aug_1
16196,M004P006A060R002_AUG000,4,6,18996,2,59,300,Run In Place With Arm Swing (aug 0),train,4498,aug_0
16197,M004P006A060R002_AUG001,4,6,18997,2,59,300,Run In Place With Arm Swing (aug 1),train,4498,aug_1
16198,M004P006A060R003_AUG000,4,6,18998,3,59,300,Run In Place With Arm Swing (aug 0),train,4499,aug_0
16199,M004P006A060R003_AUG001,4,6,18999,3,59,300,Run In Place With Arm Swing (aug 1),train,4499,aug_1
16200,M004P007A001R001_AUG000,4,7,19000,1,0,300,Svend Press (aug 0),train,4500,aug_0
16201,M004P007A001R001_AUG001,4,7,19001,1,0,300,Svend Press (aug 1),train,4500,aug_1
16202,M004P007A001R002_AUG000,4,7,19002,2,0,300,Svend Press (aug 0),train,4501,aug_0
16203,M004P007A001R002_AUG001,4,7,19003,2,0,300,Svend Press (aug 1),train,4501,aug_1
16204,M004P007A001R003_AUG000,4,7,19004,3,0,300,Svend Press (aug 0),train,4502,aug_0
16205,M004P007A001R003_AUG001,4,7,19005,3,0,300,Svend Press (aug 1),train,4502,aug_1
16206,M004P007A002R001_AUG000,4,7,19006,1,1,300,Kneeling Push-ups (aug 0),train,4503,aug_0
16207,M004P007A002R001_AUG001,4,7,19007,1,1,300,Kneeling Push-ups (aug 1),train,4503,aug_1
16208,M004P007A002R002_AUG000,4,7,19008,2,1,300,Kneeling Push-ups (aug 0),train,4504,aug_0
16209,M004P007A002R002_AUG001,4,7,19009,2,1,300,Kneeling Push-ups (aug 1),train,4504,aug_1
16210,M004P007A002R003_AUG000,4,7,19010,3,1,300,Kneeling Push-ups (aug 0),train,4505,aug_0
16211,M004P007A002R003_AUG001,4,7,19011,3,1,300,Kneeling Push-ups (aug 1),train,4505,aug_1
16212,M004P007A003R001_AUG000,4,7,19012,1,2,300,Standing Straight-arm Chest Press With Resistance Band (aug 0),train,4506,aug_0
16213,M004P007A003R001_AUG001,4,7,19013,1,2,300,Standing Straight-arm Chest Press With Resistance Band (aug 1),train,4506,aug_1
16214,M004P007A003R002_AUG000,4,7,19014,2,2,300,Standing Straight-arm Chest Press With Resistance Band (aug 0),train,4507,aug_0
16215,M004P007A003R002_AUG001,4,7,19015,2,2,300,Standing Straight-arm Chest Press With Resistance Band (aug 1),train,4507,aug_1
16216,M004P007A003R003_AUG000,4,7,19016,3,2,300,Standing Straight-arm Chest Press With Resistance Band (aug 0),train,4508,aug_0
16217,M004P007A003R003_AUG001,4,7,19017,3,2,300,Standing Straight-arm Chest Press With Resistance Band (aug 1),train,4508,aug_1
16218,M004P007A004R001_AUG000,4,7,19018,1,3,300,Small Dumbbell Floor Flies (aug 0),train,4509,aug_0
16219,M004P007A004R001_AUG001,4,7,19019,1,3,300,Small Dumbbell Floor Flies (aug 1),train,4509,aug_1
16220,M004P007A004R002_AUG000,4,7,19020,2,3,300,Small Dumbbell Floor Flies (aug 0),train,4510,aug_0
16221,M004P007A004R002_AUG001,4,7,19021,2,3,300,Small Dumbbell Floor Flies (aug 1),train,4510,aug_1
16222,M004P007A004R003_AUG000,4,7,19022,3,3,300,Small Dumbbell Floor Flies (aug 0),train,4511,aug_0
16223,M004P007A004R003_AUG001,4,7,19023,3,3,300,Small Dumbbell Floor Flies (aug 1),train,4511,aug_1
16224,M004P007A005R001_AUG000,4,7,19024,1,4,300,Chest Fly (aug 0),train,4512,aug_0
16225,M004P007A005R001_AUG001,4,7,19025,1,4,300,Chest Fly (aug 1),train,4512,aug_1
16226,M004P007A005R002_AUG000,4,7,19026,2,4,300,Chest Fly (aug 0),train,4513,aug_0
16227,M004P007A005R002_AUG001,4,7,19027,2,4,300,Chest Fly (aug 1),train,4513,aug_1
16228,M004P007A005R003_AUG000,4,7,19028,3,4,300,Chest Fly (aug 0),train,4514,aug_0
16229,M004P007A005R003_AUG001,4,7,19029,3,4,300,Chest Fly (aug 1),train,4514,aug_1
16230,M004P007A006R001_AUG000,4,7,19030,1,5,300,Push-ups (aug 0),train,4515,aug_0
16231,M004P007A006R001_AUG001,4,7,19031,1,5,300,Push-ups (aug 1),train,4515,aug_1
16232,M004P007A006R002_AUG000,4,7,19032,2,5,300,Push-ups (aug 0),train,4516,aug_0
16233,M004P007A006R002_AUG001,4,7,19033,2,5,300,Push-ups (aug 1),train,4516,aug_1
16234,M004P007A006R003_AUG000,4,7,19034,3,5,300,Push-ups (aug 0),train,4517,aug_0
16235,M004P007A006R003_AUG001,4,7,19035,3,5,300,Push-ups (aug 1),train,4517,aug_1
16236,M004P007A007R001_AUG000,4,7,19036,1,6,300,Bent-over W-shape Stretch (aug 0),train,4518,aug_0
16237,M004P007A007R001_AUG001,4,7,19037,1,6,300,Bent-over W-shape Stretch (aug 1),train,4518,aug_1
16238,M004P007A007R002_AUG000,4,7,19038,2,6,300,Bent-over W-shape Stretch (aug 0),train,4519,aug_0
16239,M004P007A007R002_AUG001,4,7,19039,2,6,300,Bent-over W-shape Stretch (aug 1),train,4519,aug_1
16240,M004P007A007R003_AUG000,4,7,19040,3,6,300,Bent-over W-shape Stretch (aug 0),train,4520,aug_0
16241,M004P007A007R003_AUG001,4,7,19041,3,6,300,Bent-over W-shape Stretch (aug 1),train,4520,aug_1
16242,M004P007A008R001_AUG000,4,7,19042,1,7,300,Bent-over Y-shape Stretch (aug 0),train,4521,aug_0
16243,M004P007A008R001_AUG001,4,7,19043,1,7,300,Bent-over Y-shape Stretch (aug 1),train,4521,aug_1
16244,M004P007A008R002_AUG000,4,7,19044,2,7,300,Bent-over Y-shape Stretch (aug 0),train,4522,aug_0
16245,M004P007A008R002_AUG001,4,7,19045,2,7,300,Bent-over Y-shape Stretch (aug 1),train,4522,aug_1
16246,M004P007A008R003_AUG000,4,7,19046,3,7,300,Bent-over Y-shape Stretch (aug 0),train,4523,aug_0
16247,M004P007A008R003_AUG001,4,7,19047,3,7,300,Bent-over Y-shape Stretch (aug 1),train,4523,aug_1
16248,M004P007A009R001_AUG000,4,7,19048,1,8,300,Bent-over A-shape Stretch (aug 0),train,4524,aug_0
16249,M004P007A009R001_AUG001,4,7,19049,1,8,300,Bent-over A-shape Stretch (aug 1),train,4524,aug_1
16250,M004P007A009R002_AUG000,4,7,19050,2,8,300,Bent-over A-shape Stretch (aug 0),train,4525,aug_0
16251,M004P007A009R002_AUG001,4,7,19051,2,8,300,Bent-over A-shape Stretch (aug 1),train,4525,aug_1
16252,M004P007A009R003_AUG000,4,7,19052,3,8,300,Bent-over A-shape Stretch (aug 0),train,4526,aug_0
16253,M004P007A009R003_AUG001,4,7,19053,3,8,300,Bent-over A-shape Stretch (aug 1),train,4526,aug_1
16254,M004P007A010R001_AUG000,4,7,19054,1,9,300,Squat With Arm Lift (aug 0),train,4527,aug_0
16255,M004P007A010R001_AUG001,4,7,19055,1,9,300,Squat With Arm Lift (aug 1),train,4527,aug_1
16256,M004P007A010R002_AUG000,4,7,19056,2,9,300,Squat With Arm Lift (aug 0),train,4528,aug_0
16257,M004P007A010R002_AUG001,4,7,19057,2,9,300,Squat With Arm Lift (aug 1),train,4528,aug_1
16258,M004P007A010R003_AUG000,4,7,19058,3,9,300,Squat With Arm Lift (aug 0),train,4529,aug_0
16259,M004P007A010R003_AUG001,4,7,19059,3,9,300,Squat With Arm Lift (aug 1),train,4529,aug_1
16260,M004P007A011R001_AUG000,4,7,19060,1,10,300,Breaststroke Arm Pull (aug 0),train,4530,aug_0
16261,M004P007A011R001_AUG001,4,7,19061,1,10,300,Breaststroke Arm Pull (aug 1),train,4530,aug_1
16262,M004P007A011R002_AUG000,4,7,19062,2,10,300,Breaststroke Arm Pull (aug 0),train,4531,aug_0
16263,M004P007A011R002_AUG001,4,7,19063,2,10,300,Breaststroke Arm Pull (aug 1),train,4531,aug_1
16264,M004P007A011R003_AUG000,4,7,19064,3,10,300,Breaststroke Arm Pull (aug 0),train,4532,aug_0
16265,M004P007A011R003_AUG001,4,7,19065,3,10,300,Breaststroke Arm Pull (aug 1),train,4532,aug_1
16266,M004P007A012R001_AUG000,4,7,19066,1,11,300,Prone Y-shape Stretch (aug 0),train,4533,aug_0
16267,M004P007A012R001_AUG001,4,7,19067,1,11,300,Prone Y-shape Stretch (aug 1),train,4533,aug_1
16268,M004P007A012R002_AUG000,4,7,19068,2,11,300,Prone Y-shape Stretch (aug 0),train,4534,aug_0
16269,M004P007A012R002_AUG001,4,7,19069,2,11,300,Prone Y-shape Stretch (aug 1),train,4534,aug_1
16270,M004P007A012R003_AUG000,4,7,19070,3,11,300,Prone Y-shape Stretch (aug 0),train,4535,aug_0
16271,M004P007A012R003_AUG001,4,7,19071,3,11,300,Prone Y-shape Stretch (aug 1),train,4535,aug_1
16272,M004P007A013R001_AUG000,4,7,19072,1,12,300,Lateral Raise Forward Circles (aug 0),train,4536,aug_0
16273,M004P007A013R001_AUG001,4,7,19073,1,12,300,Lateral Raise Forward Circles (aug 1),train,4536,aug_1
16274,M004P007A013R002_AUG000,4,7,19074,2,12,300,Lateral Raise Forward Circles (aug 0),train,4537,aug_0
16275,M004P007A013R002_AUG001,4,7,19075,2,12,300,Lateral Raise Forward Circles (aug 1),train,4537,aug_1
16276,M004P007A013R003_AUG000,4,7,19076,3,12,300,Lateral Raise Forward Circles (aug 0),train,4538,aug_0
16277,M004P007A013R003_AUG001,4,7,19077,3,12,300,Lateral Raise Forward Circles (aug 1),train,4538,aug_1
16278,M004P007A014R001_AUG000,4,7,19078,1,13,300,Lateral Raise Backward Circles (aug 0),train,4539,aug_0
16279,M004P007A014R001_AUG001,4,7,19079,1,13,300,Lateral Raise Backward Circles (aug 1),train,4539,aug_1
16280,M004P007A014R002_AUG000,4,7,19080,2,13,300,Lateral Raise Backward Circles (aug 0),train,4540,aug_0
16281,M004P007A014R002_AUG001,4,7,19081,2,13,300,Lateral Raise Backward Circles (aug 1),train,4540,aug_1
16282,M004P007A014R003_AUG000,4,7,19082,3,13,300,Lateral Raise Backward Circles (aug 0),train,4541,aug_0
16283,M004P007A014R003_AUG001,4,7,19083,3,13,300,Lateral Raise Backward Circles (aug 1),train,4541,aug_1
16284,M004P007A015R001_AUG000,4,7,19084,1,14,300,Lying Shoulder Joint Upward Round (aug 0),train,4542,aug_0
16285,M004P007A015R001_AUG001,4,7,19085,1,14,300,Lying Shoulder Joint Upward Round (aug 1),train,4542,aug_1
16286,M004P007A015R002_AUG000,4,7,19086,2,14,300,Lying Shoulder Joint Upward Round (aug 0),train,4543,aug_0
16287,M004P007A015R002_AUG001,4,7,19087,2,14,300,Lying Shoulder Joint Upward Round (aug 1),train,4543,aug_1
16288,M004P007A015R003_AUG000,4,7,19088,3,14,300,Lying Shoulder Joint Upward Round (aug 0),train,4544,aug_0
16289,M004P007A015R003_AUG001,4,7,19089,3,14,300,Lying Shoulder Joint Upward Round (aug 1),train,4544,aug_1
16290,M004P007A016R001_AUG000,4,7,19090,1,15,300,Lying Shoulder Joint Downward Round (aug 0),train,4545,aug_0
16291,M004P007A016R001_AUG001,4,7,19091,1,15,300,Lying Shoulder Joint Downward Round (aug 1),train,4545,aug_1
16292,M004P007A016R002_AUG000,4,7,19092,2,15,300,Lying Shoulder Joint Downward Round (aug 0),train,4546,aug_0
16293,M004P007A016R002_AUG001,4,7,19093,2,15,300,Lying Shoulder Joint Downward Round (aug 1),train,4546,aug_1
16294,M004P007A016R003_AUG000,4,7,19094,3,15,300,Lying Shoulder Joint Downward Round (aug 0),train,4547,aug_0
16295,M004P007A016R003_AUG001,4,7,19095,3,15,300,Lying Shoulder Joint Downward Round (aug 1),train,4547,aug_1
16296,M004P007A017R001_AUG000,4,7,19096,1,16,300,Bare-handed Full Lateral Raise (aug 0),train,4548,aug_0
16297,M004P007A017R001_AUG001,4,7,19097,1,16,300,Bare-handed Full Lateral Raise (aug 1),train,4548,aug_1
16298,M004P007A017R002_AUG000,4,7,19098,2,16,300,Bare-handed Full Lateral Raise (aug 0),train,4549,aug_0
16299,M004P007A017R002_AUG001,4,7,19099,2,16,300,Bare-handed Full Lateral Raise (aug 1),train,4549,aug_1
16300,M004P007A017R003_AUG000,4,7,19100,3,16,300,Bare-handed Full Lateral Raise (aug 0),train,4550,aug_0
16301,M004P007A017R003_AUG001,4,7,19101,3,16,300,Bare-handed Full Lateral Raise (aug 1),train,4550,aug_1
16302,M004P007A018R001_AUG000,4,7,19102,1,17,300,Bare-handed Cuban Press (aug 0),train,4551,aug_0
16303,M004P007A018R001_AUG001,4,7,19103,1,17,300,Bare-handed Cuban Press (aug 1),train,4551,aug_1
16304,M004P007A018R002_AUG000,4,7,19104,2,17,300,Bare-handed Cuban Press (aug 0),train,4552,aug_0
16305,M004P007A018R002_AUG001,4,7,19105,2,17,300,Bare-handed Cuban Press (aug 1),train,4552,aug_1
16306,M004P007A018R003_AUG000,4,7,19106,3,17,300,Bare-handed Cuban Press (aug 0),train,4553,aug_0
16307,M004P007A018R003_AUG001,4,7,19107,3,17,300,Bare-handed Cuban Press (aug 1),train,4553,aug_1
16308,M004P007A019R001_AUG000,4,7,19108,1,18,300,Fortune Cat (aug 0),train,4554,aug_0
16309,M004P007A019R001_AUG001,4,7,19109,1,18,300,Fortune Cat (aug 1),train,4554,aug_1
16310,M004P007A019R002_AUG000,4,7,19110,2,18,300,Fortune Cat (aug 0),train,4555,aug_0
16311,M004P007A019R002_AUG001,4,7,19111,2,18,300,Fortune Cat (aug 1),train,4555,aug_1
16312,M004P007A019R003_AUG000,4,7,19112,3,18,300,Fortune Cat (aug 0),train,4556,aug_0
16313,M004P007A019R003_AUG001,4,7,19113,3,18,300,Fortune Cat (aug 1),train,4556,aug_1
16314,M004P007A020R001_AUG000,4,7,19114,1,19,300,Dumbbell Curls (aug 0),train,4557,aug_0
16315,M004P007A020R001_AUG001,4,7,19115,1,19,300,Dumbbell Curls (aug 1),train,4557,aug_1
16316,M004P007A020R002_AUG000,4,7,19116,2,19,300,Dumbbell Curls (aug 0),train,4558,aug_0
16317,M004P007A020R002_AUG001,4,7,19117,2,19,300,Dumbbell Curls (aug 1),train,4558,aug_1
16318,M004P007A020R003_AUG000,4,7,19118,3,19,300,Dumbbell Curls (aug 0),train,4559,aug_0
16319,M004P007A020R003_AUG001,4,7,19119,3,19,300,Dumbbell Curls (aug 1),train,4559,aug_1
16320,M004P007A021R001_AUG000,4,7,19120,1,20,300,Alternate Dumbbell Curls (aug 0),train,4560,aug_0
16321,M004P007A021R001_AUG001,4,7,19121,1,20,300,Alternate Dumbbell Curls (aug 1),train,4560,aug_1
16322,M004P007A021R002_AUG000,4,7,19122,2,20,300,Alternate Dumbbell Curls (aug 0),train,4561,aug_0
16323,M004P007A021R002_AUG001,4,7,19123,2,20,300,Alternate Dumbbell Curls (aug 1),train,4561,aug_1
16324,M004P007A021R003_AUG000,4,7,19124,3,20,300,Alternate Dumbbell Curls (aug 0),train,4562,aug_0
16325,M004P007A021R003_AUG001,4,7,19125,3,20,300,Alternate Dumbbell Curls (aug 1),train,4562,aug_1
16326,M004P007A022R001_AUG000,4,7,19126,1,21,300,Right-side Kettlebell Bent-over Row (aug 0),train,4563,aug_0
16327,M004P007A022R001_AUG001,4,7,19127,1,21,300,Right-side Kettlebell Bent-over Row (aug 1),train,4563,aug_1
16328,M004P007A022R002_AUG000,4,7,19128,2,21,300,Right-side Kettlebell Bent-over Row (aug 0),train,4564,aug_0
16329,M004P007A022R002_AUG001,4,7,19129,2,21,300,Right-side Kettlebell Bent-over Row (aug 1),train,4564,aug_1
16330,M004P007A022R003_AUG000,4,7,19130,3,21,300,Right-side Kettlebell Bent-over Row (aug 0),train,4565,aug_0
16331,M004P007A022R003_AUG001,4,7,19131,3,21,300,Right-side Kettlebell Bent-over Row (aug 1),train,4565,aug_1
16332,M004P007A023R001_AUG000,4,7,19132,1,22,300,Wrist Joint Warm-up (aug 0),train,4566,aug_0
16333,M004P007A023R001_AUG001,4,7,19133,1,22,300,Wrist Joint Warm-up (aug 1),train,4566,aug_1
16334,M004P007A023R002_AUG000,4,7,19134,2,22,300,Wrist Joint Warm-up (aug 0),train,4567,aug_0
16335,M004P007A023R002_AUG001,4,7,19135,2,22,300,Wrist Joint Warm-up (aug 1),train,4567,aug_1
16336,M004P007A023R003_AUG000,4,7,19136,3,22,300,Wrist Joint Warm-up (aug 0),train,4568,aug_0
16337,M004P007A023R003_AUG001,4,7,19137,3,22,300,Wrist Joint Warm-up (aug 1),train,4568,aug_1
16338,M004P007A024R001_AUG000,4,7,19138,1,23,300,Right-side Bent-over Tricep Extension With Resistance Band (aug 0),train,4569,aug_0
16339,M004P007A024R001_AUG001,4,7,19139,1,23,300,Right-side Bent-over Tricep Extension With Resistance Band (aug 1),train,4569,aug_1
16340,M004P007A024R002_AUG000,4,7,19140,2,23,300,Right-side Bent-over Tricep Extension With Resistance Band (aug 0),train,4570,aug_0
16341,M004P007A024R002_AUG001,4,7,19141,2,23,300,Right-side Bent-over Tricep Extension With Resistance Band (aug 1),train,4570,aug_1
16342,M004P007A024R003_AUG000,4,7,19142,3,23,300,Right-side Bent-over Tricep Extension With Resistance Band (aug 0),train,4571,aug_0
16343,M004P007A024R003_AUG001,4,7,19143,3,23,300,Right-side Bent-over Tricep Extension With Resistance Band (aug 1),train,4571,aug_1
16344,M004P007A025R001_AUG000,4,7,19144,1,24,300,Bent-over Dumbbell Tricep Extension (aug 0),train,4572,aug_0
16345,M004P007A025R001_AUG001,4,7,19145,1,24,300,Bent-over Dumbbell Tricep Extension (aug 1),train,4572,aug_1
16346,M004P007A025R002_AUG000,4,7,19146,2,24,300,Bent-over Dumbbell Tricep Extension (aug 0),train,4573,aug_0
16347,M004P007A025R002_AUG001,4,7,19147,2,24,300,Bent-over Dumbbell Tricep Extension (aug 1),train,4573,aug_1
16348,M004P007A025R003_AUG000,4,7,19148,3,24,300,Bent-over Dumbbell Tricep Extension (aug 0),train,4574,aug_0
16349,M004P007A025R003_AUG001,4,7,19149,3,24,300,Bent-over Dumbbell Tricep Extension (aug 1),train,4574,aug_1
16350,M004P007A026R001_AUG000,4,7,19150,1,25,300,Nod And Raise Head (aug 0),train,4575,aug_0
16351,M004P007A026R001_AUG001,4,7,19151,1,25,300,Nod And Raise Head (aug 1),train,4575,aug_1
16352,M004P007A026R002_AUG000,4,7,19152,2,25,300,Nod And Raise Head (aug 0),train,4576,aug_0
16353,M004P007A026R002_AUG001,4,7,19153,2,25,300,Nod And Raise Head (aug 1),train,4576,aug_1
16354,M004P007A026R003_AUG000,4,7,19154,3,25,300,Nod And Raise Head (aug 0),train,4577,aug_0
16355,M004P007A026R003_AUG001,4,7,19155,3,25,300,Nod And Raise Head (aug 1),train,4577,aug_1
16356,M004P007A027R001_AUG000,4,7,19156,1,26,300,Two-way Head Turn (aug 0),train,4578,aug_0
16357,M004P007A027R001_AUG001,4,7,19157,1,26,300,Two-way Head Turn (aug 1),train,4578,aug_1
16358,M004P007A027R002_AUG000,4,7,19158,2,26,300,Two-way Head Turn (aug 0),train,4579,aug_0
16359,M004P007A027R002_AUG001,4,7,19159,2,26,300,Two-way Head Turn (aug 1),train,4579,aug_1
16360,M004P007A027R003_AUG000,4,7,19160,3,26,300,Two-way Head Turn (aug 0),train,4580,aug_0
16361,M004P007A027R003_AUG001,4,7,19161,3,26,300,Two-way Head Turn (aug 1),train,4580,aug_1
16362,M004P007A028R001_AUG000,4,7,19162,1,27,300,Shrug And Sink The Shoulders (aug 0),train,4581,aug_0
16363,M004P007A028R001_AUG001,4,7,19163,1,27,300,Shrug And Sink The Shoulders (aug 1),train,4581,aug_1
16364,M004P007A028R002_AUG000,4,7,19164,2,27,300,Shrug And Sink The Shoulders (aug 0),train,4582,aug_0
16365,M004P007A028R002_AUG001,4,7,19165,2,27,300,Shrug And Sink The Shoulders (aug 1),train,4582,aug_1
16366,M004P007A028R003_AUG000,4,7,19166,3,27,300,Shrug And Sink The Shoulders (aug 0),train,4583,aug_0
16367,M004P007A028R003_AUG001,4,7,19167,3,27,300,Shrug And Sink The Shoulders (aug 1),train,4583,aug_1
16368,M004P007A029R001_AUG000,4,7,19168,1,28,300,Four-way Nod Head (aug 0),train,4584,aug_0
16369,M004P007A029R001_AUG001,4,7,19169,1,28,300,Four-way Nod Head (aug 1),train,4584,aug_1
16370,M004P007A029R002_AUG000,4,7,19170,2,28,300,Four-way Nod Head (aug 0),train,4585,aug_0
16371,M004P007A029R002_AUG001,4,7,19171,2,28,300,Four-way Nod Head (aug 1),train,4585,aug_1
16372,M004P007A029R003_AUG000,4,7,19172,3,28,300,Four-way Nod Head (aug 0),train,4586,aug_0
16373,M004P007A029R003_AUG001,4,7,19173,3,28,300,Four-way Nod Head (aug 1),train,4586,aug_1
16374,M004P007A030R001_AUG000,4,7,19174,1,29,300,Lying Alternate Upper-half Leg Raise (aug 0),train,4587,aug_0
16375,M004P007A030R001_AUG001,4,7,19175,1,29,300,Lying Alternate Upper-half Leg Raise (aug 1),train,4587,aug_1
16376,M004P007A030R002_AUG000,4,7,19176,2,29,300,Lying Alternate Upper-half Leg Raise (aug 0),train,4588,aug_0
16377,M004P007A030R002_AUG001,4,7,19177,2,29,300,Lying Alternate Upper-half Leg Raise (aug 1),train,4588,aug_1
16378,M004P007A030R003_AUG000,4,7,19178,3,29,300,Lying Alternate Upper-half Leg Raise (aug 0),train,4589,aug_0
16379,M004P007A030R003_AUG001,4,7,19179,3,29,300,Lying Alternate Upper-half Leg Raise (aug 1),train,4589,aug_1
16380,M004P007A031R001_AUG000,4,7,19180,1,30,300,Half Roll Back (aug 0),train,4590,aug_0
16381,M004P007A031R001_AUG001,4,7,19181,1,30,300,Half Roll Back (aug 1),train,4590,aug_1
16382,M004P007A031R002_AUG000,4,7,19182,2,30,300,Half Roll Back (aug 0),train,4591,aug_0
16383,M004P007A031R002_AUG001,4,7,19183,2,30,300,Half Roll Back (aug 1),train,4591,aug_1
16384,M004P007A031R003_AUG000,4,7,19184,3,30,300,Half Roll Back (aug 0),train,4592,aug_0
16385,M004P007A031R003_AUG001,4,7,19185,3,30,300,Half Roll Back (aug 1),train,4592,aug_1
16386,M004P007A032R001_AUG000,4,7,19186,1,31,300,Kneeling Right-side Torso Twist (aug 0),train,4593,aug_0
16387,M004P007A032R001_AUG001,4,7,19187,1,31,300,Kneeling Right-side Torso Twist (aug 1),train,4593,aug_1
16388,M004P007A032R002_AUG000,4,7,19188,2,31,300,Kneeling Right-side Torso Twist (aug 0),train,4594,aug_0
16389,M004P007A032R002_AUG001,4,7,19189,2,31,300,Kneeling Right-side Torso Twist (aug 1),train,4594,aug_1
16390,M004P007A032R003_AUG000,4,7,19190,3,31,300,Kneeling Right-side Torso Twist (aug 0),train,4595,aug_0
16391,M004P007A032R003_AUG001,4,7,19191,3,31,300,Kneeling Right-side Torso Twist (aug 1),train,4595,aug_1
16392,M004P007A033R001_AUG000,4,7,19192,1,32,300,Left-side Knee Raise And Abdominal Muscles Contract (aug 0),train,4596,aug_0
16393,M004P007A033R001_AUG001,4,7,19193,1,32,300,Left-side Knee Raise And Abdominal Muscles Contract (aug 1),train,4596,aug_1
16394,M004P007A033R002_AUG000,4,7,19194,2,32,300,Left-side Knee Raise And Abdominal Muscles Contract (aug 0),train,4597,aug_0
16395,M004P007A033R002_AUG001,4,7,19195,2,32,300,Left-side Knee Raise And Abdominal Muscles Contract (aug 1),train,4597,aug_1
16396,M004P007A033R003_AUG000,4,7,19196,3,32,300,Left-side Knee Raise And Abdominal Muscles Contract (aug 0),train,4598,aug_0
16397,M004P007A033R003_AUG001,4,7,19197,3,32,300,Left-side Knee Raise And Abdominal Muscles Contract (aug 1),train,4598,aug_1
16398,M004P007A034R001_AUG000,4,7,19198,1,33,300,Kneeling Right Leg Backward Stretch (aug 0),train,4599,aug_0
16399,M004P007A034R001_AUG001,4,7,19199,1,33,300,Kneeling Right Leg Backward Stretch (aug 1),train,4599,aug_1
16400,M004P007A034R002_AUG000,4,7,19200,2,33,300,Kneeling Right Leg Backward Stretch (aug 0),train,4600,aug_0
16401,M004P007A034R002_AUG001,4,7,19201,2,33,300,Kneeling Right Leg Backward Stretch (aug 1),train,4600,aug_1
16402,M004P007A034R003_AUG000,4,7,19202,3,33,300,Kneeling Right Leg Backward Stretch (aug 0),train,4601,aug_0
16403,M004P007A034R003_AUG001,4,7,19203,3,33,300,Kneeling Right Leg Backward Stretch (aug 1),train,4601,aug_1
16404,M004P007A035R001_AUG000,4,7,19204,1,34,300,Kneeling Right Arm Raise (aug 0),train,4602,aug_0
16405,M004P007A035R001_AUG001,4,7,19205,1,34,300,Kneeling Right Arm Raise (aug 1),train,4602,aug_1
16406,M004P007A035R002_AUG000,4,7,19206,2,34,300,Kneeling Right Arm Raise (aug 0),train,4603,aug_0
16407,M004P007A035R002_AUG001,4,7,19207,2,34,300,Kneeling Right Arm Raise (aug 1),train,4603,aug_1
16408,M004P007A035R003_AUG000,4,7,19208,3,34,300,Kneeling Right Arm Raise (aug 0),train,4604,aug_0
16409,M004P007A035R003_AUG001,4,7,19209,3,34,300,Kneeling Right Arm Raise (aug 1),train,4604,aug_1
16410,M004P007A036R001_AUG000,4,7,19210,1,35,300,Shoulder Bridge (aug 0),train,4605,aug_0
16411,M004P007A036R001_AUG001,4,7,19211,1,35,300,Shoulder Bridge (aug 1),train,4605,aug_1
16412,M004P007A036R002_AUG000,4,7,19212,2,35,300,Shoulder Bridge (aug 0),train,4606,aug_0
16413,M004P007A036R002_AUG001,4,7,19213,2,35,300,Shoulder Bridge (aug 1),train,4606,aug_1
16414,M004P007A036R003_AUG000,4,7,19214,3,35,300,Shoulder Bridge (aug 0),train,4607,aug_0
16415,M004P007A036R003_AUG001,4,7,19215,3,35,300,Shoulder Bridge (aug 1),train,4607,aug_1
16416,M004P007A037R001_AUG000,4,7,19216,1,36,300,Prone Press-ups (aug 0),train,4608,aug_0
16417,M004P007A037R001_AUG001,4,7,19217,1,36,300,Prone Press-ups (aug 1),train,4608,aug_1
16418,M004P007A037R002_AUG000,4,7,19218,2,36,300,Prone Press-ups (aug 0),train,4609,aug_0
16419,M004P007A037R002_AUG001,4,7,19219,2,36,300,Prone Press-ups (aug 1),train,4609,aug_1
16420,M004P007A037R003_AUG000,4,7,19220,3,36,300,Prone Press-ups (aug 0),train,4610,aug_0
16421,M004P007A037R003_AUG001,4,7,19221,3,36,300,Prone Press-ups (aug 1),train,4610,aug_1
16422,M004P007A038R001_AUG000,4,7,19222,1,37,300,Bent-over Torso Rotation (aug 0),train,4611,aug_0
16423,M004P007A038R001_AUG001,4,7,19223,1,37,300,Bent-over Torso Rotation (aug 1),train,4611,aug_1
16424,M004P007A038R002_AUG000,4,7,19224,2,37,300,Bent-over Torso Rotation (aug 0),train,4612,aug_0
16425,M004P007A038R002_AUG001,4,7,19225,2,37,300,Bent-over Torso Rotation (aug 1),train,4612,aug_1
16426,M004P007A038R003_AUG000,4,7,19226,3,37,300,Bent-over Torso Rotation (aug 0),train,4613,aug_0
16427,M004P007A038R003_AUG001,4,7,19227,3,37,300,Bent-over Torso Rotation (aug 1),train,4613,aug_1
16428,M004P007A039R001_AUG000,4,7,19228,1,38,300,Lying Arm Pull (aug 0),train,4614,aug_0
16429,M004P007A039R001_AUG001,4,7,19229,1,38,300,Lying Arm Pull (aug 1),train,4614,aug_1
16430,M004P007A039R002_AUG000,4,7,19230,2,38,300,Lying Arm Pull (aug 0),train,4615,aug_0
16431,M004P007A039R002_AUG001,4,7,19231,2,38,300,Lying Arm Pull (aug 1),train,4615,aug_1
16432,M004P007A039R003_AUG000,4,7,19232,3,38,300,Lying Arm Pull (aug 0),train,4616,aug_0
16433,M004P007A039R003_AUG001,4,7,19233,3,38,300,Lying Arm Pull (aug 1),train,4616,aug_1
16434,M004P007A040R001_AUG000,4,7,19234,1,39,300,Prone Press Up With Torso Rotation (aug 0),train,4617,aug_0
16435,M004P007A040R001_AUG001,4,7,19235,1,39,300,Prone Press Up With Torso Rotation (aug 1),train,4617,aug_1
16436,M004P007A040R002_AUG000,4,7,19236,2,39,300,Prone Press Up With Torso Rotation (aug 0),train,4618,aug_0
16437,M004P007A040R002_AUG001,4,7,19237,2,39,300,Prone Press Up With Torso Rotation (aug 1),train,4618,aug_1
16438,M004P007A040R003_AUG000,4,7,19238,3,39,300,Prone Press Up With Torso Rotation (aug 0),train,4619,aug_0
16439,M004P007A040R003_AUG001,4,7,19239,3,39,300,Prone Press Up With Torso Rotation (aug 1),train,4619,aug_1
16440,M004P007A041R001_AUG000,4,7,19240,1,40,300,Breaststroke Push-ups (aug 0),train,4620,aug_0
16441,M004P007A041R001_AUG001,4,7,19241,1,40,300,Breaststroke Push-ups (aug 1),train,4620,aug_1
16442,M004P007A041R002_AUG000,4,7,19242,2,40,300,Breaststroke Push-ups (aug 0),train,4621,aug_0
16443,M004P007A041R002_AUG001,4,7,19243,2,40,300,Breaststroke Push-ups (aug 1),train,4621,aug_1
16444,M004P007A041R003_AUG000,4,7,19244,3,40,300,Breaststroke Push-ups (aug 0),train,4622,aug_0
16445,M004P007A041R003_AUG001,4,7,19245,3,40,300,Breaststroke Push-ups (aug 1),train,4622,aug_1
16446,M004P007A042R001_AUG000,4,7,19246,1,41,300,Sit-ups (aug 0),train,4623,aug_0
16447,M004P007A042R001_AUG001,4,7,19247,1,41,300,Sit-ups (aug 1),train,4623,aug_1
16448,M004P007A042R002_AUG000,4,7,19248,2,41,300,Sit-ups (aug 0),train,4624,aug_0
16449,M004P007A042R002_AUG001,4,7,19249,2,41,300,Sit-ups (aug 1),train,4624,aug_1
16450,M004P007A042R003_AUG000,4,7,19250,3,41,300,Sit-ups (aug 0),train,4625,aug_0
16451,M004P007A042R003_AUG001,4,7,19251,3,41,300,Sit-ups (aug 1),train,4625,aug_1
16452,M004P007A043R001_AUG000,4,7,19252,1,42,300,Side-lying Left Leg Forward Raise (aug 0),train,4626,aug_0
16453,M004P007A043R001_AUG001,4,7,19253,1,42,300,Side-lying Left Leg Forward Raise (aug 1),train,4626,aug_1
16454,M004P007A043R002_AUG000,4,7,19254,2,42,300,Side-lying Left Leg Forward Raise (aug 0),train,4627,aug_0
16455,M004P007A043R002_AUG001,4,7,19255,2,42,300,Side-lying Left Leg Forward Raise (aug 1),train,4627,aug_1
16456,M004P007A043R003_AUG000,4,7,19256,3,42,300,Side-lying Left Leg Forward Raise (aug 0),train,4628,aug_0
16457,M004P007A043R003_AUG001,4,7,19257,3,42,300,Side-lying Left Leg Forward Raise (aug 1),train,4628,aug_1
16458,M004P007A044R001_AUG000,4,7,19258,1,43,300,Right Leg Reverse Lunge (aug 0),train,4629,aug_0
16459,M004P007A044R001_AUG001,4,7,19259,1,43,300,Right Leg Reverse Lunge (aug 1),train,4629,aug_1
16460,M004P007A044R002_AUG000,4,7,19260,2,43,300,Right Leg Reverse Lunge (aug 0),train,4630,aug_0
16461,M004P007A044R002_AUG001,4,7,19261,2,43,300,Right Leg Reverse Lunge (aug 1),train,4630,aug_1
16462,M004P007A044R003_AUG000,4,7,19262,3,43,300,Right Leg Reverse Lunge (aug 0),train,4631,aug_0
16463,M004P007A044R003_AUG001,4,7,19263,3,43,300,Right Leg Reverse Lunge (aug 1),train,4631,aug_1
16464,M004P007A045R001_AUG000,4,7,19264,1,44,300,Kneeling Left Knee Lift (aug 0),train,4632,aug_0
16465,M004P007A045R001_AUG001,4,7,19265,1,44,300,Kneeling Left Knee Lift (aug 1),train,4632,aug_1
16466,M004P007A045R002_AUG000,4,7,19266,2,44,300,Kneeling Left Knee Lift (aug 0),train,4633,aug_0
16467,M004P007A045R002_AUG001,4,7,19267,2,44,300,Kneeling Left Knee Lift (aug 1),train,4633,aug_1
16468,M004P007A045R003_AUG000,4,7,19268,3,44,300,Kneeling Left Knee Lift (aug 0),train,4634,aug_0
16469,M004P007A045R003_AUG001,4,7,19269,3,44,300,Kneeling Left Knee Lift (aug 1),train,4634,aug_1
16470,M004P007A046R001_AUG000,4,7,19270,1,45,300,Alternate Reverse Lunge (aug 0),train,4635,aug_0
16471,M004P007A046R001_AUG001,4,7,19271,1,45,300,Alternate Reverse Lunge (aug 1),train,4635,aug_1
16472,M004P007A046R002_AUG000,4,7,19272,2,45,300,Alternate Reverse Lunge (aug 0),train,4636,aug_0
16473,M004P007A046R002_AUG001,4,7,19273,2,45,300,Alternate Reverse Lunge (aug 1),train,4636,aug_1
16474,M004P007A046R003_AUG000,4,7,19274,3,45,300,Alternate Reverse Lunge (aug 0),train,4637,aug_0
16475,M004P007A046R003_AUG001,4,7,19275,3,45,300,Alternate Reverse Lunge (aug 1),train,4637,aug_1
16476,M004P007A047R001_AUG000,4,7,19276,1,46,300,Side-lying Right Leg Backward Kick (aug 0),train,4638,aug_0
16477,M004P007A047R001_AUG001,4,7,19277,1,46,300,Side-lying Right Leg Backward Kick (aug 1),train,4638,aug_1
16478,M004P007A047R002_AUG000,4,7,19278,2,46,300,Side-lying Right Leg Backward Kick (aug 0),train,4639,aug_0
16479,M004P007A047R002_AUG001,4,7,19279,2,46,300,Side-lying Right Leg Backward Kick (aug 1),train,4639,aug_1
16480,M004P007A047R003_AUG000,4,7,19280,3,46,300,Side-lying Right Leg Backward Kick (aug 0),train,4640,aug_0
16481,M004P007A047R003_AUG001,4,7,19281,3,46,300,Side-lying Right Leg Backward Kick (aug 1),train,4640,aug_1
16482,M004P007A048R001_AUG000,4,7,19282,1,47,300,Left Leg Lunge With Knee Lift (aug 0),train,4641,aug_0
16483,M004P007A048R001_AUG001,4,7,19283,1,47,300,Left Leg Lunge With Knee Lift (aug 1),train,4641,aug_1
16484,M004P007A048R002_AUG000,4,7,19284,2,47,300,Left Leg Lunge With Knee Lift (aug 0),train,4642,aug_0
16485,M004P007A048R002_AUG001,4,7,19285,2,47,300,Left Leg Lunge With Knee Lift (aug 1),train,4642,aug_1
16486,M004P007A048R003_AUG000,4,7,19286,3,47,300,Left Leg Lunge With Knee Lift (aug 0),train,4643,aug_0
16487,M004P007A048R003_AUG001,4,7,19287,3,47,300,Left Leg Lunge With Knee Lift (aug 1),train,4643,aug_1
16488,M004P007A049R001_AUG000,4,7,19288,1,48,300,Sumo Squat (aug 0),train,4644,aug_0
16489,M004P007A049R001_AUG001,4,7,19289,1,48,300,Sumo Squat (aug 1),train,4644,aug_1
16490,M004P007A049R002_AUG000,4,7,19290,2,48,300,Sumo Squat (aug 0),train,4645,aug_0
16491,M004P007A049R002_AUG001,4,7,19291,2,48,300,Sumo Squat (aug 1),train,4645,aug_1
16492,M004P007A049R003_AUG000,4,7,19292,3,48,300,Sumo Squat (aug 0),train,4646,aug_0
16493,M004P007A049R003_AUG001,4,7,19293,3,48,300,Sumo Squat (aug 1),train,4646,aug_1
16494,M004P007A050R001_AUG000,4,7,19294,1,49,300,Straight Leg Calf Raise (aug 0),train,4647,aug_0
16495,M004P007A050R001_AUG001,4,7,19295,1,49,300,Straight Leg Calf Raise (aug 1),train,4647,aug_1
16496,M004P007A050R002_AUG000,4,7,19296,2,49,300,Straight Leg Calf Raise (aug 0),train,4648,aug_0
16497,M004P007A050R002_AUG001,4,7,19297,2,49,300,Straight Leg Calf Raise (aug 1),train,4648,aug_1
16498,M004P007A050R003_AUG000,4,7,19298,3,49,300,Straight Leg Calf Raise (aug 0),train,4649,aug_0
16499,M004P007A050R003_AUG001,4,7,19299,3,49,300,Straight Leg Calf Raise (aug 1),train,4649,aug_1
16500,M004P007A051R001_AUG000,4,7,19300,1,50,300,Squat Jump (aug 0),train,4650,aug_0
16501,M004P007A051R001_AUG001,4,7,19301,1,50,300,Squat Jump (aug 1),train,4650,aug_1
16502,M004P007A051R002_AUG000,4,7,19302,2,50,300,Squat Jump (aug 0),train,4651,aug_0
16503,M004P007A051R002_AUG001,4,7,19303,2,50,300,Squat Jump (aug 1),train,4651,aug_1
16504,M004P007A051R003_AUG000,4,7,19304,3,50,300,Squat Jump (aug 0),train,4652,aug_0
16505,M004P007A051R003_AUG001,4,7,19305,3,50,300,Squat Jump (aug 1),train,4652,aug_1
16506,M004P007A052R001_AUG000,4,7,19306,1,51,300,Squat With Alternate Knee Lift (aug 0),train,4653,aug_0
16507,M004P007A052R001_AUG001,4,7,19307,1,51,300,Squat With Alternate Knee Lift (aug 1),train,4653,aug_1
16508,M004P007A052R002_AUG000,4,7,19308,2,51,300,Squat With Alternate Knee Lift (aug 0),train,4654,aug_0
16509,M004P007A052R002_AUG001,4,7,19309,2,51,300,Squat With Alternate Knee Lift (aug 1),train,4654,aug_1
16510,M004P007A052R003_AUG000,4,7,19310,3,51,300,Squat With Alternate Knee Lift (aug 0),train,4655,aug_0
16511,M004P007A052R003_AUG001,4,7,19311,3,51,300,Squat With Alternate Knee Lift (aug 1),train,4655,aug_1
16512,M004P007A053R001_AUG000,4,7,19312,1,52,300,Standing Alternate Butt Kick (aug 0),train,4656,aug_0
16513,M004P007A053R001_AUG001,4,7,19313,1,52,300,Standing Alternate Butt Kick (aug 1),train,4656,aug_1
16514,M004P007A053R002_AUG000,4,7,19314,2,52,300,Standing Alternate Butt Kick (aug 0),train,4657,aug_0
16515,M004P007A053R002_AUG001,4,7,19315,2,52,300,Standing Alternate Butt Kick (aug 1),train,4657,aug_1
16516,M004P007A053R003_AUG000,4,7,19316,3,52,300,Standing Alternate Butt Kick (aug 0),train,4658,aug_0
16517,M004P007A053R003_AUG001,4,7,19317,3,52,300,Standing Alternate Butt Kick (aug 1),train,4658,aug_1
16518,M004P007A054R001_AUG000,4,7,19318,1,53,300,Knee Warm-up (aug 0),train,4659,aug_0
16519,M004P007A054R001_AUG001,4,7,19319,1,53,300,Knee Warm-up (aug 1),train,4659,aug_1
16520,M004P007A054R002_AUG000,4,7,19320,2,53,300,Knee Warm-up (aug 0),train,4660,aug_0
16521,M004P007A054R002_AUG001,4,7,19321,2,53,300,Knee Warm-up (aug 1),train,4660,aug_1
16522,M004P007A054R003_AUG000,4,7,19322,3,53,300,Knee Warm-up (aug 0),train,4661,aug_0
16523,M004P007A054R003_AUG001,4,7,19323,3,53,300,Knee Warm-up (aug 1),train,4661,aug_1
16524,M004P007A055R001_AUG000,4,7,19324,1,54,300,Butt Kicks (aug 0),train,4662,aug_0
16525,M004P007A055R001_AUG001,4,7,19325,1,54,300,Butt Kicks (aug 1),train,4662,aug_1
16526,M004P007A055R002_AUG000,4,7,19326,2,54,300,Butt Kicks (aug 0),train,4663,aug_0
16527,M004P007A055R002_AUG001,4,7,19327,2,54,300,Butt Kicks (aug 1),train,4663,aug_1
16528,M004P007A055R003_AUG000,4,7,19328,3,54,300,Butt Kicks (aug 0),train,4664,aug_0
16529,M004P007A055R003_AUG001,4,7,19329,3,54,300,Butt Kicks (aug 1),train,4664,aug_1
16530,M004P007A056R001_AUG000,4,7,19330,1,55,300,Jump Left and Right (aug 0),train,4665,aug_0
16531,M004P007A056R001_AUG001,4,7,19331,1,55,300,Jump Left and Right (aug 1),train,4665,aug_1
16532,M004P007A056R002_AUG000,4,7,19332,2,55,300,Jump Left and Right (aug 0),train,4666,aug_0
16533,M004P007A056R002_AUG001,4,7,19333,2,55,300,Jump Left and Right (aug 1),train,4666,aug_1
16534,M004P007A056R003_AUG000,4,7,19334,3,55,300,Jump Left and Right (aug 0),train,4667,aug_0
16535,M004P007A056R003_AUG001,4,7,19335,3,55,300,Jump Left and Right (aug 1),train,4667,aug_1
16536,M004P007A057R001_AUG000,4,7,19336,1,56,300,Jumping Jacks (aug 0),train,4668,aug_0
16537,M004P007A057R001_AUG001,4,7,19337,1,56,300,Jumping Jacks (aug 1),train,4668,aug_1
16538,M004P007A057R002_AUG000,4,7,19338,2,56,300,Jumping Jacks (aug 0),train,4669,aug_0
16539,M004P007A057R002_AUG001,4,7,19339,2,56,300,Jumping Jacks (aug 1),train,4669,aug_1
16540,M004P007A057R003_AUG000,4,7,19340,3,56,300,Jumping Jacks (aug 0),train,4670,aug_0
16541,M004P007A057R003_AUG001,4,7,19341,3,56,300,Jumping Jacks (aug 1),train,4670,aug_1
16542,M004P007A058R001_AUG000,4,7,19342,1,57,300,High Knee (aug 0),train,4671,aug_0
16543,M004P007A058R001_AUG001,4,7,19343,1,57,300,High Knee (aug 1),train,4671,aug_1
16544,M004P007A058R002_AUG000,4,7,19344,2,57,300,High Knee (aug 0),train,4672,aug_0
16545,M004P007A058R002_AUG001,4,7,19345,2,57,300,High Knee (aug 1),train,4672,aug_1
16546,M004P007A058R003_AUG000,4,7,19346,3,57,300,High Knee (aug 0),train,4673,aug_0
16547,M004P007A058R003_AUG001,4,7,19347,3,57,300,High Knee (aug 1),train,4673,aug_1
16548,M004P007A059R001_AUG000,4,7,19348,1,58,300,Clap Jacks (aug 0),train,4674,aug_0
16549,M004P007A059R001_AUG001,4,7,19349,1,58,300,Clap Jacks (aug 1),train,4674,aug_1
16550,M004P007A059R002_AUG000,4,7,19350,2,58,300,Clap Jacks (aug 0),train,4675,aug_0
16551,M004P007A059R002_AUG001,4,7,19351,2,58,300,Clap Jacks (aug 1),train,4675,aug_1
16552,M004P007A059R003_AUG000,4,7,19352,3,58,300,Clap Jacks (aug 0),train,4676,aug_0
16553,M004P007A059R003_AUG001,4,7,19353,3,58,300,Clap Jacks (aug 1),train,4676,aug_1
16554,M004P007A060R001_AUG000,4,7,19354,1,59,300,Run In Place With Arm Swing (aug 0),train,4677,aug_0
16555,M004P007A060R001_AUG001,4,7,19355,1,59,300,Run In Place With Arm Swing (aug 1),train,4677,aug_1
16556,M004P007A060R002_AUG000,4,7,19356,2,59,300,Run In Place With Arm Swing (aug 0),train,4678,aug_0
16557,M004P007A060R002_AUG001,4,7,19357,2,59,300,Run In Place With Arm Swing (aug 1),train,4678,aug_1
16558,M004P007A060R003_AUG000,4,7,19358,3,59,300,Run In Place With Arm Swing (aug 0),train,4679,aug_0
16559,M004P007A060R003_AUG001,4,7,19359,3,59,300,Run In Place With Arm Swing (aug 1),train,4679,aug_1
16560,M004P008A001R001_AUG000,4,8,19360,1,0,300,Svend Press (aug 0),train,4680,aug_0
16561,M004P008A001R001_AUG001,4,8,19361,1,0,300,Svend Press (aug 1),train,4680,aug_1
16562,M004P008A001R002_AUG000,4,8,19362,2,0,300,Svend Press (aug 0),train,4681,aug_0
16563,M004P008A001R002_AUG001,4,8,19363,2,0,300,Svend Press (aug 1),train,4681,aug_1
16564,M004P008A001R003_AUG000,4,8,19364,3,0,300,Svend Press (aug 0),train,4682,aug_0
16565,M004P008A001R003_AUG001,4,8,19365,3,0,300,Svend Press (aug 1),train,4682,aug_1
16566,M004P008A002R001_AUG000,4,8,19366,1,1,300,Kneeling Push-ups (aug 0),train,4683,aug_0
16567,M004P008A002R001_AUG001,4,8,19367,1,1,300,Kneeling Push-ups (aug 1),train,4683,aug_1
16568,M004P008A002R002_AUG000,4,8,19368,2,1,300,Kneeling Push-ups (aug 0),train,4684,aug_0
16569,M004P008A002R002_AUG001,4,8,19369,2,1,300,Kneeling Push-ups (aug 1),train,4684,aug_1
16570,M004P008A002R003_AUG000,4,8,19370,3,1,300,Kneeling Push-ups (aug 0),train,4685,aug_0
16571,M004P008A002R003_AUG001,4,8,19371,3,1,300,Kneeling Push-ups (aug 1),train,4685,aug_1
16572,M004P008A003R001_AUG000,4,8,19372,1,2,300,Standing Straight-arm Chest Press With Resistance Band (aug 0),train,4686,aug_0
16573,M004P008A003R001_AUG001,4,8,19373,1,2,300,Standing Straight-arm Chest Press With Resistance Band (aug 1),train,4686,aug_1
16574,M004P008A003R002_AUG000,4,8,19374,2,2,300,Standing Straight-arm Chest Press With Resistance Band (aug 0),train,4687,aug_0
16575,M004P008A003R002_AUG001,4,8,19375,2,2,300,Standing Straight-arm Chest Press With Resistance Band (aug 1),train,4687,aug_1
16576,M004P008A003R003_AUG000,4,8,19376,3,2,300,Standing Straight-arm Chest Press With Resistance Band (aug 0),train,4688,aug_0
16577,M004P008A003R003_AUG001,4,8,19377,3,2,300,Standing Straight-arm Chest Press With Resistance Band (aug 1),train,4688,aug_1
16578,M004P008A004R001_AUG000,4,8,19378,1,3,300,Small Dumbbell Floor Flies (aug 0),train,4689,aug_0
16579,M004P008A004R001_AUG001,4,8,19379,1,3,300,Small Dumbbell Floor Flies (aug 1),train,4689,aug_1
16580,M004P008A004R002_AUG000,4,8,19380,2,3,300,Small Dumbbell Floor Flies (aug 0),train,4690,aug_0
16581,M004P008A004R002_AUG001,4,8,19381,2,3,300,Small Dumbbell Floor Flies (aug 1),train,4690,aug_1
16582,M004P008A004R003_AUG000,4,8,19382,3,3,300,Small Dumbbell Floor Flies (aug 0),train,4691,aug_0
16583,M004P008A004R003_AUG001,4,8,19383,3,3,300,Small Dumbbell Floor Flies (aug 1),train,4691,aug_1
16584,M004P008A005R001_AUG000,4,8,19384,1,4,300,Chest Fly (aug 0),train,4692,aug_0
16585,M004P008A005R001_AUG001,4,8,19385,1,4,300,Chest Fly (aug 1),train,4692,aug_1
16586,M004P008A005R002_AUG000,4,8,19386,2,4,300,Chest Fly (aug 0),train,4693,aug_0
16587,M004P008A005R002_AUG001,4,8,19387,2,4,300,Chest Fly (aug 1),train,4693,aug_1
16588,M004P008A005R003_AUG000,4,8,19388,3,4,300,Chest Fly (aug 0),train,4694,aug_0
16589,M004P008A005R003_AUG001,4,8,19389,3,4,300,Chest Fly (aug 1),train,4694,aug_1
16590,M004P008A006R001_AUG000,4,8,19390,1,5,300,Push-ups (aug 0),train,4695,aug_0
16591,M004P008A006R001_AUG001,4,8,19391,1,5,300,Push-ups (aug 1),train,4695,aug_1
16592,M004P008A006R002_AUG000,4,8,19392,2,5,300,Push-ups (aug 0),train,4696,aug_0
16593,M004P008A006R002_AUG001,4,8,19393,2,5,300,Push-ups (aug 1),train,4696,aug_1
16594,M004P008A006R003_AUG000,4,8,19394,3,5,300,Push-ups (aug 0),train,4697,aug_0
16595,M004P008A006R003_AUG001,4,8,19395,3,5,300,Push-ups (aug 1),train,4697,aug_1
16596,M004P008A007R001_AUG000,4,8,19396,1,6,300,Bent-over W-shape Stretch (aug 0),train,4698,aug_0
16597,M004P008A007R001_AUG001,4,8,19397,1,6,300,Bent-over W-shape Stretch (aug 1),train,4698,aug_1
16598,M004P008A007R002_AUG000,4,8,19398,2,6,300,Bent-over W-shape Stretch (aug 0),train,4699,aug_0
16599,M004P008A007R002_AUG001,4,8,19399,2,6,300,Bent-over W-shape Stretch (aug 1),train,4699,aug_1
16600,M004P008A007R003_AUG000,4,8,19400,3,6,300,Bent-over W-shape Stretch (aug 0),train,4700,aug_0
16601,M004P008A007R003_AUG001,4,8,19401,3,6,300,Bent-over W-shape Stretch (aug 1),train,4700,aug_1
16602,M004P008A008R001_AUG000,4,8,19402,1,7,300,Bent-over Y-shape Stretch (aug 0),train,4701,aug_0
16603,M004P008A008R001_AUG001,4,8,19403,1,7,300,Bent-over Y-shape Stretch (aug 1),train,4701,aug_1
16604,M004P008A008R002_AUG000,4,8,19404,2,7,300,Bent-over Y-shape Stretch (aug 0),train,4702,aug_0
16605,M004P008A008R002_AUG001,4,8,19405,2,7,300,Bent-over Y-shape Stretch (aug 1),train,4702,aug_1
16606,M004P008A008R003_AUG000,4,8,19406,3,7,300,Bent-over Y-shape Stretch (aug 0),train,4703,aug_0
16607,M004P008A008R003_AUG001,4,8,19407,3,7,300,Bent-over Y-shape Stretch (aug 1),train,4703,aug_1
16608,M004P008A009R001_AUG000,4,8,19408,1,8,300,Bent-over A-shape Stretch (aug 0),train,4704,aug_0
16609,M004P008A009R001_AUG001,4,8,19409,1,8,300,Bent-over A-shape Stretch (aug 1),train,4704,aug_1
16610,M004P008A009R002_AUG000,4,8,19410,2,8,300,Bent-over A-shape Stretch (aug 0),train,4705,aug_0
16611,M004P008A009R002_AUG001,4,8,19411,2,8,300,Bent-over A-shape Stretch (aug 1),train,4705,aug_1
16612,M004P008A009R003_AUG000,4,8,19412,3,8,300,Bent-over A-shape Stretch (aug 0),train,4706,aug_0
16613,M004P008A009R003_AUG001,4,8,19413,3,8,300,Bent-over A-shape Stretch (aug 1),train,4706,aug_1
16614,M004P008A010R001_AUG000,4,8,19414,1,9,300,Squat With Arm Lift (aug 0),train,4707,aug_0
16615,M004P008A010R001_AUG001,4,8,19415,1,9,300,Squat With Arm Lift (aug 1),train,4707,aug_1
16616,M004P008A010R002_AUG000,4,8,19416,2,9,300,Squat With Arm Lift (aug 0),train,4708,aug_0
16617,M004P008A010R002_AUG001,4,8,19417,2,9,300,Squat With Arm Lift (aug 1),train,4708,aug_1
16618,M004P008A010R003_AUG000,4,8,19418,3,9,300,Squat With Arm Lift (aug 0),train,4709,aug_0
16619,M004P008A010R003_AUG001,4,8,19419,3,9,300,Squat With Arm Lift (aug 1),train,4709,aug_1
16620,M004P008A011R001_AUG000,4,8,19420,1,10,300,Breaststroke Arm Pull (aug 0),train,4710,aug_0
16621,M004P008A011R001_AUG001,4,8,19421,1,10,300,Breaststroke Arm Pull (aug 1),train,4710,aug_1
16622,M004P008A011R002_AUG000,4,8,19422,2,10,300,Breaststroke Arm Pull (aug 0),train,4711,aug_0
16623,M004P008A011R002_AUG001,4,8,19423,2,10,300,Breaststroke Arm Pull (aug 1),train,4711,aug_1
16624,M004P008A011R003_AUG000,4,8,19424,3,10,300,Breaststroke Arm Pull (aug 0),train,4712,aug_0
16625,M004P008A011R003_AUG001,4,8,19425,3,10,300,Breaststroke Arm Pull (aug 1),train,4712,aug_1
16626,M004P008A012R001_AUG000,4,8,19426,1,11,300,Prone Y-shape Stretch (aug 0),train,4713,aug_0
16627,M004P008A012R001_AUG001,4,8,19427,1,11,300,Prone Y-shape Stretch (aug 1),train,4713,aug_1
16628,M004P008A012R002_AUG000,4,8,19428,2,11,300,Prone Y-shape Stretch (aug 0),train,4714,aug_0
16629,M004P008A012R002_AUG001,4,8,19429,2,11,300,Prone Y-shape Stretch (aug 1),train,4714,aug_1
16630,M004P008A012R003_AUG000,4,8,19430,3,11,300,Prone Y-shape Stretch (aug 0),train,4715,aug_0
16631,M004P008A012R003_AUG001,4,8,19431,3,11,300,Prone Y-shape Stretch (aug 1),train,4715,aug_1
16632,M004P008A013R001_AUG000,4,8,19432,1,12,300,Lateral Raise Forward Circles (aug 0),train,4716,aug_0
16633,M004P008A013R001_AUG001,4,8,19433,1,12,300,Lateral Raise Forward Circles (aug 1),train,4716,aug_1
16634,M004P008A013R002_AUG000,4,8,19434,2,12,300,Lateral Raise Forward Circles (aug 0),train,4717,aug_0
16635,M004P008A013R002_AUG001,4,8,19435,2,12,300,Lateral Raise Forward Circles (aug 1),train,4717,aug_1
16636,M004P008A013R003_AUG000,4,8,19436,3,12,300,Lateral Raise Forward Circles (aug 0),train,4718,aug_0
16637,M004P008A013R003_AUG001,4,8,19437,3,12,300,Lateral Raise Forward Circles (aug 1),train,4718,aug_1
16638,M004P008A014R001_AUG000,4,8,19438,1,13,300,Lateral Raise Backward Circles (aug 0),train,4719,aug_0
16639,M004P008A014R001_AUG001,4,8,19439,1,13,300,Lateral Raise Backward Circles (aug 1),train,4719,aug_1
16640,M004P008A014R002_AUG000,4,8,19440,2,13,300,Lateral Raise Backward Circles (aug 0),train,4720,aug_0
16641,M004P008A014R002_AUG001,4,8,19441,2,13,300,Lateral Raise Backward Circles (aug 1),train,4720,aug_1
16642,M004P008A014R003_AUG000,4,8,19442,3,13,300,Lateral Raise Backward Circles (aug 0),train,4721,aug_0
16643,M004P008A014R003_AUG001,4,8,19443,3,13,300,Lateral Raise Backward Circles (aug 1),train,4721,aug_1
16644,M004P008A015R001_AUG000,4,8,19444,1,14,300,Lying Shoulder Joint Upward Round (aug 0),train,4722,aug_0
16645,M004P008A015R001_AUG001,4,8,19445,1,14,300,Lying Shoulder Joint Upward Round (aug 1),train,4722,aug_1
16646,M004P008A015R002_AUG000,4,8,19446,2,14,300,Lying Shoulder Joint Upward Round (aug 0),train,4723,aug_0
16647,M004P008A015R002_AUG001,4,8,19447,2,14,300,Lying Shoulder Joint Upward Round (aug 1),train,4723,aug_1
16648,M004P008A015R003_AUG000,4,8,19448,3,14,300,Lying Shoulder Joint Upward Round (aug 0),train,4724,aug_0
16649,M004P008A015R003_AUG001,4,8,19449,3,14,300,Lying Shoulder Joint Upward Round (aug 1),train,4724,aug_1
16650,M004P008A016R001_AUG000,4,8,19450,1,15,300,Lying Shoulder Joint Downward Round (aug 0),train,4725,aug_0
16651,M004P008A016R001_AUG001,4,8,19451,1,15,300,Lying Shoulder Joint Downward Round (aug 1),train,4725,aug_1
16652,M004P008A016R002_AUG000,4,8,19452,2,15,300,Lying Shoulder Joint Downward Round (aug 0),train,4726,aug_0
16653,M004P008A016R002_AUG001,4,8,19453,2,15,300,Lying Shoulder Joint Downward Round (aug 1),train,4726,aug_1
16654,M004P008A016R003_AUG000,4,8,19454,3,15,300,Lying Shoulder Joint Downward Round (aug 0),train,4727,aug_0
16655,M004P008A016R003_AUG001,4,8,19455,3,15,300,Lying Shoulder Joint Downward Round (aug 1),train,4727,aug_1
16656,M004P008A017R001_AUG000,4,8,19456,1,16,300,Bare-handed Full Lateral Raise (aug 0),train,4728,aug_0
16657,M004P008A017R001_AUG001,4,8,19457,1,16,300,Bare-handed Full Lateral Raise (aug 1),train,4728,aug_1
16658,M004P008A017R002_AUG000,4,8,19458,2,16,300,Bare-handed Full Lateral Raise (aug 0),train,4729,aug_0
16659,M004P008A017R002_AUG001,4,8,19459,2,16,300,Bare-handed Full Lateral Raise (aug 1),train,4729,aug_1
16660,M004P008A017R003_AUG000,4,8,19460,3,16,300,Bare-handed Full Lateral Raise (aug 0),train,4730,aug_0
16661,M004P008A017R003_AUG001,4,8,19461,3,16,300,Bare-handed Full Lateral Raise (aug 1),train,4730,aug_1
16662,M004P008A018R001_AUG000,4,8,19462,1,17,300,Bare-handed Cuban Press (aug 0),train,4731,aug_0
16663,M004P008A018R001_AUG001,4,8,19463,1,17,300,Bare-handed Cuban Press (aug 1),train,4731,aug_1
16664,M004P008A018R002_AUG000,4,8,19464,2,17,300,Bare-handed Cuban Press (aug 0),train,4732,aug_0
16665,M004P008A018R002_AUG001,4,8,19465,2,17,300,Bare-handed Cuban Press (aug 1),train,4732,aug_1
16666,M004P008A018R003_AUG000,4,8,19466,3,17,300,Bare-handed Cuban Press (aug 0),train,4733,aug_0
16667,M004P008A018R003_AUG001,4,8,19467,3,17,300,Bare-handed Cuban Press (aug 1),train,4733,aug_1
16668,M004P008A019R001_AUG000,4,8,19468,1,18,300,Fortune Cat (aug 0),train,4734,aug_0
16669,M004P008A019R001_AUG001,4,8,19469,1,18,300,Fortune Cat (aug 1),train,4734,aug_1
16670,M004P008A019R002_AUG000,4,8,19470,2,18,300,Fortune Cat (aug 0),train,4735,aug_0
16671,M004P008A019R002_AUG001,4,8,19471,2,18,300,Fortune Cat (aug 1),train,4735,aug_1
16672,M004P008A019R003_AUG000,4,8,19472,3,18,300,Fortune Cat (aug 0),train,4736,aug_0
16673,M004P008A019R003_AUG001,4,8,19473,3,18,300,Fortune Cat (aug 1),train,4736,aug_1
16674,M004P008A020R001_AUG000,4,8,19474,1,19,300,Dumbbell Curls (aug 0),train,4737,aug_0
16675,M004P008A020R001_AUG001,4,8,19475,1,19,300,Dumbbell Curls (aug 1),train,4737,aug_1
16676,M004P008A020R002_AUG000,4,8,19476,2,19,300,Dumbbell Curls (aug 0),train,4738,aug_0
16677,M004P008A020R002_AUG001,4,8,19477,2,19,300,Dumbbell Curls (aug 1),train,4738,aug_1
16678,M004P008A020R003_AUG000,4,8,19478,3,19,300,Dumbbell Curls (aug 0),train,4739,aug_0
16679,M004P008A020R003_AUG001,4,8,19479,3,19,300,Dumbbell Curls (aug 1),train,4739,aug_1
16680,M004P008A021R001_AUG000,4,8,19480,1,20,300,Alternate Dumbbell Curls (aug 0),train,4740,aug_0
16681,M004P008A021R001_AUG001,4,8,19481,1,20,300,Alternate Dumbbell Curls (aug 1),train,4740,aug_1
16682,M004P008A021R002_AUG000,4,8,19482,2,20,300,Alternate Dumbbell Curls (aug 0),train,4741,aug_0
16683,M004P008A021R002_AUG001,4,8,19483,2,20,300,Alternate Dumbbell Curls (aug 1),train,4741,aug_1
16684,M004P008A021R003_AUG000,4,8,19484,3,20,300,Alternate Dumbbell Curls (aug 0),train,4742,aug_0
16685,M004P008A021R003_AUG001,4,8,19485,3,20,300,Alternate Dumbbell Curls (aug 1),train,4742,aug_1
16686,M004P008A022R001_AUG000,4,8,19486,1,21,300,Right-side Kettlebell Bent-over Row (aug 0),train,4743,aug_0
16687,M004P008A022R001_AUG001,4,8,19487,1,21,300,Right-side Kettlebell Bent-over Row (aug 1),train,4743,aug_1
16688,M004P008A022R002_AUG000,4,8,19488,2,21,300,Right-side Kettlebell Bent-over Row (aug 0),train,4744,aug_0
16689,M004P008A022R002_AUG001,4,8,19489,2,21,300,Right-side Kettlebell Bent-over Row (aug 1),train,4744,aug_1
16690,M004P008A022R003_AUG000,4,8,19490,3,21,300,Right-side Kettlebell Bent-over Row (aug 0),train,4745,aug_0
16691,M004P008A022R003_AUG001,4,8,19491,3,21,300,Right-side Kettlebell Bent-over Row (aug 1),train,4745,aug_1
16692,M004P008A023R001_AUG000,4,8,19492,1,22,300,Wrist Joint Warm-up (aug 0),train,4746,aug_0
16693,M004P008A023R001_AUG001,4,8,19493,1,22,300,Wrist Joint Warm-up (aug 1),train,4746,aug_1
16694,M004P008A023R002_AUG000,4,8,19494,2,22,300,Wrist Joint Warm-up (aug 0),train,4747,aug_0
16695,M004P008A023R002_AUG001,4,8,19495,2,22,300,Wrist Joint Warm-up (aug 1),train,4747,aug_1
16696,M004P008A023R003_AUG000,4,8,19496,3,22,300,Wrist Joint Warm-up (aug 0),train,4748,aug_0
16697,M004P008A023R003_AUG001,4,8,19497,3,22,300,Wrist Joint Warm-up (aug 1),train,4748,aug_1
16698,M004P008A024R001_AUG000,4,8,19498,1,23,300,Right-side Bent-over Tricep Extension With Resistance Band (aug 0),train,4749,aug_0
16699,M004P008A024R001_AUG001,4,8,19499,1,23,300,Right-side Bent-over Tricep Extension With Resistance Band (aug 1),train,4749,aug_1
16700,M004P008A024R002_AUG000,4,8,19500,2,23,300,Right-side Bent-over Tricep Extension With Resistance Band (aug 0),train,4750,aug_0
16701,M004P008A024R002_AUG001,4,8,19501,2,23,300,Right-side Bent-over Tricep Extension With Resistance Band (aug 1),train,4750,aug_1
16702,M004P008A024R003_AUG000,4,8,19502,3,23,300,Right-side Bent-over Tricep Extension With Resistance Band (aug 0),train,4751,aug_0
16703,M004P008A024R003_AUG001,4,8,19503,3,23,300,Right-side Bent-over Tricep Extension With Resistance Band (aug 1),train,4751,aug_1
16704,M004P008A025R001_AUG000,4,8,19504,1,24,300,Bent-over Dumbbell Tricep Extension (aug 0),train,4752,aug_0
16705,M004P008A025R001_AUG001,4,8,19505,1,24,300,Bent-over Dumbbell Tricep Extension (aug 1),train,4752,aug_1
16706,M004P008A025R002_AUG000,4,8,19506,2,24,300,Bent-over Dumbbell Tricep Extension (aug 0),train,4753,aug_0
16707,M004P008A025R002_AUG001,4,8,19507,2,24,300,Bent-over Dumbbell Tricep Extension (aug 1),train,4753,aug_1
16708,M004P008A025R003_AUG000,4,8,19508,3,24,300,Bent-over Dumbbell Tricep Extension (aug 0),train,4754,aug_0
16709,M004P008A025R003_AUG001,4,8,19509,3,24,300,Bent-over Dumbbell Tricep Extension (aug 1),train,4754,aug_1
16710,M004P008A026R001_AUG000,4,8,19510,1,25,300,Nod And Raise Head (aug 0),train,4755,aug_0
16711,M004P008A026R001_AUG001,4,8,19511,1,25,300,Nod And Raise Head (aug 1),train,4755,aug_1
16712,M004P008A026R002_AUG000,4,8,19512,2,25,300,Nod And Raise Head (aug 0),train,4756,aug_0
16713,M004P008A026R002_AUG001,4,8,19513,2,25,300,Nod And Raise Head (aug 1),train,4756,aug_1
16714,M004P008A026R003_AUG000,4,8,19514,3,25,300,Nod And Raise Head (aug 0),train,4757,aug_0
16715,M004P008A026R003_AUG001,4,8,19515,3,25,300,Nod And Raise Head (aug 1),train,4757,aug_1
16716,M004P008A027R001_AUG000,4,8,19516,1,26,300,Two-way Head Turn (aug 0),train,4758,aug_0
16717,M004P008A027R001_AUG001,4,8,19517,1,26,300,Two-way Head Turn (aug 1),train,4758,aug_1
16718,M004P008A027R002_AUG000,4,8,19518,2,26,300,Two-way Head Turn (aug 0),train,4759,aug_0
16719,M004P008A027R002_AUG001,4,8,19519,2,26,300,Two-way Head Turn (aug 1),train,4759,aug_1
16720,M004P008A027R003_AUG000,4,8,19520,3,26,300,Two-way Head Turn (aug 0),train,4760,aug_0
16721,M004P008A027R003_AUG001,4,8,19521,3,26,300,Two-way Head Turn (aug 1),train,4760,aug_1
16722,M004P008A028R001_AUG000,4,8,19522,1,27,300,Shrug And Sink The Shoulders (aug 0),train,4761,aug_0
16723,M004P008A028R001_AUG001,4,8,19523,1,27,300,Shrug And Sink The Shoulders (aug 1),train,4761,aug_1
16724,M004P008A028R002_AUG000,4,8,19524,2,27,300,Shrug And Sink The Shoulders (aug 0),train,4762,aug_0
16725,M004P008A028R002_AUG001,4,8,19525,2,27,300,Shrug And Sink The Shoulders (aug 1),train,4762,aug_1
16726,M004P008A028R003_AUG000,4,8,19526,3,27,300,Shrug And Sink The Shoulders (aug 0),train,4763,aug_0
16727,M004P008A028R003_AUG001,4,8,19527,3,27,300,Shrug And Sink The Shoulders (aug 1),train,4763,aug_1
16728,M004P008A029R001_AUG000,4,8,19528,1,28,300,Four-way Nod Head (aug 0),train,4764,aug_0
16729,M004P008A029R001_AUG001,4,8,19529,1,28,300,Four-way Nod Head (aug 1),train,4764,aug_1
16730,M004P008A029R002_AUG000,4,8,19530,2,28,300,Four-way Nod Head (aug 0),train,4765,aug_0
16731,M004P008A029R002_AUG001,4,8,19531,2,28,300,Four-way Nod Head (aug 1),train,4765,aug_1
16732,M004P008A029R003_AUG000,4,8,19532,3,28,300,Four-way Nod Head (aug 0),train,4766,aug_0
16733,M004P008A029R003_AUG001,4,8,19533,3,28,300,Four-way Nod Head (aug 1),train,4766,aug_1
16734,M004P008A030R001_AUG000,4,8,19534,1,29,300,Lying Alternate Upper-half Leg Raise (aug 0),train,4767,aug_0
16735,M004P008A030R001_AUG001,4,8,19535,1,29,300,Lying Alternate Upper-half Leg Raise (aug 1),train,4767,aug_1
16736,M004P008A030R002_AUG000,4,8,19536,2,29,300,Lying Alternate Upper-half Leg Raise (aug 0),train,4768,aug_0
16737,M004P008A030R002_AUG001,4,8,19537,2,29,300,Lying Alternate Upper-half Leg Raise (aug 1),train,4768,aug_1
16738,M004P008A030R003_AUG000,4,8,19538,3,29,300,Lying Alternate Upper-half Leg Raise (aug 0),train,4769,aug_0
16739,M004P008A030R003_AUG001,4,8,19539,3,29,300,Lying Alternate Upper-half Leg Raise (aug 1),train,4769,aug_1
16740,M004P008A031R001_AUG000,4,8,19540,1,30,300,Half Roll Back (aug 0),train,4770,aug_0
16741,M004P008A031R001_AUG001,4,8,19541,1,30,300,Half Roll Back (aug 1),train,4770,aug_1
16742,M004P008A031R002_AUG000,4,8,19542,2,30,300,Half Roll Back (aug 0),train,4771,aug_0
16743,M004P008A031R002_AUG001,4,8,19543,2,30,300,Half Roll Back (aug 1),train,4771,aug_1
16744,M004P008A031R003_AUG000,4,8,19544,3,30,300,Half Roll Back (aug 0),train,4772,aug_0
16745,M004P008A031R003_AUG001,4,8,19545,3,30,300,Half Roll Back (aug 1),train,4772,aug_1
16746,M004P008A032R001_AUG000,4,8,19546,1,31,300,Kneeling Right-side Torso Twist (aug 0),train,4773,aug_0
16747,M004P008A032R001_AUG001,4,8,19547,1,31,300,Kneeling Right-side Torso Twist (aug 1),train,4773,aug_1
16748,M004P008A032R002_AUG000,4,8,19548,2,31,300,Kneeling Right-side Torso Twist (aug 0),train,4774,aug_0
16749,M004P008A032R002_AUG001,4,8,19549,2,31,300,Kneeling Right-side Torso Twist (aug 1),train,4774,aug_1
16750,M004P008A032R003_AUG000,4,8,19550,3,31,300,Kneeling Right-side Torso Twist (aug 0),train,4775,aug_0
16751,M004P008A032R003_AUG001,4,8,19551,3,31,300,Kneeling Right-side Torso Twist (aug 1),train,4775,aug_1
16752,M004P008A033R001_AUG000,4,8,19552,1,32,300,Left-side Knee Raise And Abdominal Muscles Contract (aug 0),train,4776,aug_0
16753,M004P008A033R001_AUG001,4,8,19553,1,32,300,Left-side Knee Raise And Abdominal Muscles Contract (aug 1),train,4776,aug_1
16754,M004P008A033R002_AUG000,4,8,19554,2,32,300,Left-side Knee Raise And Abdominal Muscles Contract (aug 0),train,4777,aug_0
16755,M004P008A033R002_AUG001,4,8,19555,2,32,300,Left-side Knee Raise And Abdominal Muscles Contract (aug 1),train,4777,aug_1
16756,M004P008A033R003_AUG000,4,8,19556,3,32,300,Left-side Knee Raise And Abdominal Muscles Contract (aug 0),train,4778,aug_0
16757,M004P008A033R003_AUG001,4,8,19557,3,32,300,Left-side Knee Raise And Abdominal Muscles Contract (aug 1),train,4778,aug_1
16758,M004P008A034R001_AUG000,4,8,19558,1,33,300,Kneeling Right Leg Backward Stretch (aug 0),train,4779,aug_0
16759,M004P008A034R001_AUG001,4,8,19559,1,33,300,Kneeling Right Leg Backward Stretch (aug 1),train,4779,aug_1
16760,M004P008A034R002_AUG000,4,8,19560,2,33,300,Kneeling Right Leg Backward Stretch (aug 0),train,4780,aug_0
16761,M004P008A034R002_AUG001,4,8,19561,2,33,300,Kneeling Right Leg Backward Stretch (aug 1),train,4780,aug_1
16762,M004P008A034R003_AUG000,4,8,19562,3,33,300,Kneeling Right Leg Backward Stretch (aug 0),train,4781,aug_0
16763,M004P008A034R003_AUG001,4,8,19563,3,33,300,Kneeling Right Leg Backward Stretch (aug 1),train,4781,aug_1
16764,M004P008A035R001_AUG000,4,8,19564,1,34,300,Kneeling Right Arm Raise (aug 0),train,4782,aug_0
16765,M004P008A035R001_AUG001,4,8,19565,1,34,300,Kneeling Right Arm Raise (aug 1),train,4782,aug_1
16766,M004P008A035R002_AUG000,4,8,19566,2,34,300,Kneeling Right Arm Raise (aug 0),train,4783,aug_0
16767,M004P008A035R002_AUG001,4,8,19567,2,34,300,Kneeling Right Arm Raise (aug 1),train,4783,aug_1
16768,M004P008A035R003_AUG000,4,8,19568,3,34,300,Kneeling Right Arm Raise (aug 0),train,4784,aug_0
16769,M004P008A035R003_AUG001,4,8,19569,3,34,300,Kneeling Right Arm Raise (aug 1),train,4784,aug_1
16770,M004P008A036R001_AUG000,4,8,19570,1,35,300,Shoulder Bridge (aug 0),train,4785,aug_0
16771,M004P008A036R001_AUG001,4,8,19571,1,35,300,Shoulder Bridge (aug 1),train,4785,aug_1
16772,M004P008A036R002_AUG000,4,8,19572,2,35,300,Shoulder Bridge (aug 0),train,4786,aug_0
16773,M004P008A036R002_AUG001,4,8,19573,2,35,300,Shoulder Bridge (aug 1),train,4786,aug_1
16774,M004P008A036R003_AUG000,4,8,19574,3,35,300,Shoulder Bridge (aug 0),train,4787,aug_0
16775,M004P008A036R003_AUG001,4,8,19575,3,35,300,Shoulder Bridge (aug 1),train,4787,aug_1
16776,M004P008A037R001_AUG000,4,8,19576,1,36,300,Prone Press-ups (aug 0),train,4788,aug_0
16777,M004P008A037R001_AUG001,4,8,19577,1,36,300,Prone Press-ups (aug 1),train,4788,aug_1
16778,M004P008A037R002_AUG000,4,8,19578,2,36,300,Prone Press-ups (aug 0),train,4789,aug_0
16779,M004P008A037R002_AUG001,4,8,19579,2,36,300,Prone Press-ups (aug 1),train,4789,aug_1
16780,M004P008A037R003_AUG000,4,8,19580,3,36,300,Prone Press-ups (aug 0),train,4790,aug_0
16781,M004P008A037R003_AUG001,4,8,19581,3,36,300,Prone Press-ups (aug 1),train,4790,aug_1
16782,M004P008A038R001_AUG000,4,8,19582,1,37,300,Bent-over Torso Rotation (aug 0),train,4791,aug_0
16783,M004P008A038R001_AUG001,4,8,19583,1,37,300,Bent-over Torso Rotation (aug 1),train,4791,aug_1
16784,M004P008A038R002_AUG000,4,8,19584,2,37,300,Bent-over Torso Rotation (aug 0),train,4792,aug_0
16785,M004P008A038R002_AUG001,4,8,19585,2,37,300,Bent-over Torso Rotation (aug 1),train,4792,aug_1
16786,M004P008A038R003_AUG000,4,8,19586,3,37,300,Bent-over Torso Rotation (aug 0),train,4793,aug_0
16787,M004P008A038R003_AUG001,4,8,19587,3,37,300,Bent-over Torso Rotation (aug 1),train,4793,aug_1
16788,M004P008A039R001_AUG000,4,8,19588,1,38,300,Lying Arm Pull (aug 0),train,4794,aug_0
16789,M004P008A039R001_AUG001,4,8,19589,1,38,300,Lying Arm Pull (aug 1),train,4794,aug_1
16790,M004P008A039R002_AUG000,4,8,19590,2,38,300,Lying Arm Pull (aug 0),train,4795,aug_0
16791,M004P008A039R002_AUG001,4,8,19591,2,38,300,Lying Arm Pull (aug 1),train,4795,aug_1
16792,M004P008A039R003_AUG000,4,8,19592,3,38,300,Lying Arm Pull (aug 0),train,4796,aug_0
16793,M004P008A039R003_AUG001,4,8,19593,3,38,300,Lying Arm Pull (aug 1),train,4796,aug_1
16794,M004P008A040R001_AUG000,4,8,19594,1,39,300,Prone Press Up With Torso Rotation (aug 0),train,4797,aug_0
16795,M004P008A040R001_AUG001,4,8,19595,1,39,300,Prone Press Up With Torso Rotation (aug 1),train,4797,aug_1
16796,M004P008A040R002_AUG000,4,8,19596,2,39,300,Prone Press Up With Torso Rotation (aug 0),train,4798,aug_0
16797,M004P008A040R002_AUG001,4,8,19597,2,39,300,Prone Press Up With Torso Rotation (aug 1),train,4798,aug_1
16798,M004P008A040R003_AUG000,4,8,19598,3,39,300,Prone Press Up With Torso Rotation (aug 0),train,4799,aug_0
16799,M004P008A040R003_AUG001,4,8,19599,3,39,300,Prone Press Up With Torso Rotation (aug 1),train,4799,aug_1
16800,M004P008A041R001_AUG000,4,8,19600,1,40,300,Breaststroke Push-ups (aug 0),train,4800,aug_0
16801,M004P008A041R001_AUG001,4,8,19601,1,40,300,Breaststroke Push-ups (aug 1),train,4800,aug_1
16802,M004P008A041R002_AUG000,4,8,19602,2,40,300,Breaststroke Push-ups (aug 0),train,4801,aug_0
16803,M004P008A041R002_AUG001,4,8,19603,2,40,300,Breaststroke Push-ups (aug 1),train,4801,aug_1
16804,M004P008A041R003_AUG000,4,8,19604,3,40,300,Breaststroke Push-ups (aug 0),train,4802,aug_0
16805,M004P008A041R003_AUG001,4,8,19605,3,40,300,Breaststroke Push-ups (aug 1),train,4802,aug_1
16806,M004P008A042R001_AUG000,4,8,19606,1,41,300,Sit-ups (aug 0),train,4803,aug_0
16807,M004P008A042R001_AUG001,4,8,19607,1,41,300,Sit-ups (aug 1),train,4803,aug_1
16808,M004P008A042R002_AUG000,4,8,19608,2,41,300,Sit-ups (aug 0),train,4804,aug_0
16809,M004P008A042R002_AUG001,4,8,19609,2,41,300,Sit-ups (aug 1),train,4804,aug_1
16810,M004P008A042R003_AUG000,4,8,19610,3,41,300,Sit-ups (aug 0),train,4805,aug_0
16811,M004P008A042R003_AUG001,4,8,19611,3,41,300,Sit-ups (aug 1),train,4805,aug_1
16812,M004P008A043R001_AUG000,4,8,19612,1,42,300,Side-lying Left Leg Forward Raise (aug 0),train,4806,aug_0
16813,M004P008A043R001_AUG001,4,8,19613,1,42,300,Side-lying Left Leg Forward Raise (aug 1),train,4806,aug_1
16814,M004P008A043R002_AUG000,4,8,19614,2,42,300,Side-lying Left Leg Forward Raise (aug 0),train,4807,aug_0
16815,M004P008A043R002_AUG001,4,8,19615,2,42,300,Side-lying Left Leg Forward Raise (aug 1),train,4807,aug_1
16816,M004P008A043R003_AUG000,4,8,19616,3,42,300,Side-lying Left Leg Forward Raise (aug 0),train,4808,aug_0
16817,M004P008A043R003_AUG001,4,8,19617,3,42,300,Side-lying Left Leg Forward Raise (aug 1),train,4808,aug_1
16818,M004P008A044R001_AUG000,4,8,19618,1,43,300,Right Leg Reverse Lunge (aug 0),train,4809,aug_0
16819,M004P008A044R001_AUG001,4,8,19619,1,43,300,Right Leg Reverse Lunge (aug 1),train,4809,aug_1
16820,M004P008A044R002_AUG000,4,8,19620,2,43,300,Right Leg Reverse Lunge (aug 0),train,4810,aug_0
16821,M004P008A044R002_AUG001,4,8,19621,2,43,300,Right Leg Reverse Lunge (aug 1),train,4810,aug_1
16822,M004P008A044R003_AUG000,4,8,19622,3,43,300,Right Leg Reverse Lunge (aug 0),train,4811,aug_0
16823,M004P008A044R003_AUG001,4,8,19623,3,43,300,Right Leg Reverse Lunge (aug 1),train,4811,aug_1
16824,M004P008A045R001_AUG000,4,8,19624,1,44,300,Kneeling Left Knee Lift (aug 0),train,4812,aug_0
16825,M004P008A045R001_AUG001,4,8,19625,1,44,300,Kneeling Left Knee Lift (aug 1),train,4812,aug_1
16826,M004P008A045R002_AUG000,4,8,19626,2,44,300,Kneeling Left Knee Lift (aug 0),train,4813,aug_0
16827,M004P008A045R002_AUG001,4,8,19627,2,44,300,Kneeling Left Knee Lift (aug 1),train,4813,aug_1
16828,M004P008A045R003_AUG000,4,8,19628,3,44,300,Kneeling Left Knee Lift (aug 0),train,4814,aug_0
16829,M004P008A045R003_AUG001,4,8,19629,3,44,300,Kneeling Left Knee Lift (aug 1),train,4814,aug_1
16830,M004P008A046R001_AUG000,4,8,19630,1,45,300,Alternate Reverse Lunge (aug 0),train,4815,aug_0
16831,M004P008A046R001_AUG001,4,8,19631,1,45,300,Alternate Reverse Lunge (aug 1),train,4815,aug_1
16832,M004P008A046R002_AUG000,4,8,19632,2,45,300,Alternate Reverse Lunge (aug 0),train,4816,aug_0
16833,M004P008A046R002_AUG001,4,8,19633,2,45,300,Alternate Reverse Lunge (aug 1),train,4816,aug_1
16834,M004P008A046R003_AUG000,4,8,19634,3,45,300,Alternate Reverse Lunge (aug 0),train,4817,aug_0
16835,M004P008A046R003_AUG001,4,8,19635,3,45,300,Alternate Reverse Lunge (aug 1),train,4817,aug_1
16836,M004P008A047R001_AUG000,4,8,19636,1,46,300,Side-lying Right Leg Backward Kick (aug 0),train,4818,aug_0
16837,M004P008A047R001_AUG001,4,8,19637,1,46,300,Side-lying Right Leg Backward Kick (aug 1),train,4818,aug_1
16838,M004P008A047R002_AUG000,4,8,19638,2,46,300,Side-lying Right Leg Backward Kick (aug 0),train,4819,aug_0
16839,M004P008A047R002_AUG001,4,8,19639,2,46,300,Side-lying Right Leg Backward Kick (aug 1),train,4819,aug_1
16840,M004P008A047R003_AUG000,4,8,19640,3,46,300,Side-lying Right Leg Backward Kick (aug 0),train,4820,aug_0
16841,M004P008A047R003_AUG001,4,8,19641,3,46,300,Side-lying Right Leg Backward Kick (aug 1),train,4820,aug_1
16842,M004P008A048R001_AUG000,4,8,19642,1,47,300,Left Leg Lunge With Knee Lift (aug 0),train,4821,aug_0
16843,M004P008A048R001_AUG001,4,8,19643,1,47,300,Left Leg Lunge With Knee Lift (aug 1),train,4821,aug_1
16844,M004P008A048R002_AUG000,4,8,19644,2,47,300,Left Leg Lunge With Knee Lift (aug 0),train,4822,aug_0
16845,M004P008A048R002_AUG001,4,8,19645,2,47,300,Left Leg Lunge With Knee Lift (aug 1),train,4822,aug_1
16846,M004P008A048R003_AUG000,4,8,19646,3,47,300,Left Leg Lunge With Knee Lift (aug 0),train,4823,aug_0
16847,M004P008A048R003_AUG001,4,8,19647,3,47,300,Left Leg Lunge With Knee Lift (aug 1),train,4823,aug_1
16848,M004P008A049R001_AUG000,4,8,19648,1,48,300,Sumo Squat (aug 0),train,4824,aug_0
16849,M004P008A049R001_AUG001,4,8,19649,1,48,300,Sumo Squat (aug 1),train,4824,aug_1
16850,M004P008A049R002_AUG000,4,8,19650,2,48,300,Sumo Squat (aug 0),train,4825,aug_0
16851,M004P008A049R002_AUG001,4,8,19651,2,48,300,Sumo Squat (aug 1),train,4825,aug_1
16852,M004P008A049R003_AUG000,4,8,19652,3,48,300,Sumo Squat (aug 0),train,4826,aug_0
16853,M004P008A049R003_AUG001,4,8,19653,3,48,300,Sumo Squat (aug 1),train,4826,aug_1
16854,M004P008A050R001_AUG000,4,8,19654,1,49,300,Straight Leg Calf Raise (aug 0),train,4827,aug_0
16855,M004P008A050R001_AUG001,4,8,19655,1,49,300,Straight Leg Calf Raise (aug 1),train,4827,aug_1
16856,M004P008A050R002_AUG000,4,8,19656,2,49,300,Straight Leg Calf Raise (aug 0),train,4828,aug_0
16857,M004P008A050R002_AUG001,4,8,19657,2,49,300,Straight Leg Calf Raise (aug 1),train,4828,aug_1
16858,M004P008A050R003_AUG000,4,8,19658,3,49,300,Straight Leg Calf Raise (aug 0),train,4829,aug_0
16859,M004P008A050R003_AUG001,4,8,19659,3,49,300,Straight Leg Calf Raise (aug 1),train,4829,aug_1
16860,M004P008A051R001_AUG000,4,8,19660,1,50,300,Squat Jump (aug 0),train,4830,aug_0
16861,M004P008A051R001_AUG001,4,8,19661,1,50,300,Squat Jump (aug 1),train,4830,aug_1
16862,M004P008A051R002_AUG000,4,8,19662,2,50,300,Squat Jump (aug 0),train,4831,aug_0
16863,M004P008A051R002_AUG001,4,8,19663,2,50,300,Squat Jump (aug 1),train,4831,aug_1
16864,M004P008A051R003_AUG000,4,8,19664,3,50,300,Squat Jump (aug 0),train,4832,aug_0
16865,M004P008A051R003_AUG001,4,8,19665,3,50,300,Squat Jump (aug 1),train,4832,aug_1
16866,M004P008A052R001_AUG000,4,8,19666,1,51,300,Squat With Alternate Knee Lift (aug 0),train,4833,aug_0
16867,M004P008A052R001_AUG001,4,8,19667,1,51,300,Squat With Alternate Knee Lift (aug 1),train,4833,aug_1
16868,M004P008A052R002_AUG000,4,8,19668,2,51,300,Squat With Alternate Knee Lift (aug 0),train,4834,aug_0
16869,M004P008A052R002_AUG001,4,8,19669,2,51,300,Squat With Alternate Knee Lift (aug 1),train,4834,aug_1
16870,M004P008A052R003_AUG000,4,8,19670,3,51,300,Squat With Alternate Knee Lift (aug 0),train,4835,aug_0
16871,M004P008A052R003_AUG001,4,8,19671,3,51,300,Squat With Alternate Knee Lift (aug 1),train,4835,aug_1
16872,M004P008A053R001_AUG000,4,8,19672,1,52,300,Standing Alternate Butt Kick (aug 0),train,4836,aug_0
16873,M004P008A053R001_AUG001,4,8,19673,1,52,300,Standing Alternate Butt Kick (aug 1),train,4836,aug_1
16874,M004P008A053R002_AUG000,4,8,19674,2,52,300,Standing Alternate Butt Kick (aug 0),train,4837,aug_0
16875,M004P008A053R002_AUG001,4,8,19675,2,52,300,Standing Alternate Butt Kick (aug 1),train,4837,aug_1
16876,M004P008A053R003_AUG000,4,8,19676,3,52,300,Standing Alternate Butt Kick (aug 0),train,4838,aug_0
16877,M004P008A053R003_AUG001,4,8,19677,3,52,300,Standing Alternate Butt Kick (aug 1),train,4838,aug_1
16878,M004P008A054R001_AUG000,4,8,19678,1,53,300,Knee Warm-up (aug 0),train,4839,aug_0
16879,M004P008A054R001_AUG001,4,8,19679,1,53,300,Knee Warm-up (aug 1),train,4839,aug_1
16880,M004P008A054R002_AUG000,4,8,19680,2,53,300,Knee Warm-up (aug 0),train,4840,aug_0
16881,M004P008A054R002_AUG001,4,8,19681,2,53,300,Knee Warm-up (aug 1),train,4840,aug_1
16882,M004P008A054R003_AUG000,4,8,19682,3,53,300,Knee Warm-up (aug 0),train,4841,aug_0
16883,M004P008A054R003_AUG001,4,8,19683,3,53,300,Knee Warm-up (aug 1),train,4841,aug_1
16884,M004P008A055R001_AUG000,4,8,19684,1,54,300,Butt Kicks (aug 0),train,4842,aug_0
16885,M004P008A055R001_AUG001,4,8,19685,1,54,300,Butt Kicks (aug 1),train,4842,aug_1
16886,M004P008A055R002_AUG000,4,8,19686,2,54,300,Butt Kicks (aug 0),train,4843,aug_0
16887,M004P008A055R002_AUG001,4,8,19687,2,54,300,Butt Kicks (aug 1),train,4843,aug_1
16888,M004P008A055R003_AUG000,4,8,19688,3,54,300,Butt Kicks (aug 0),train,4844,aug_0
16889,M004P008A055R003_AUG001,4,8,19689,3,54,300,Butt Kicks (aug 1),train,4844,aug_1
16890,M004P008A056R001_AUG000,4,8,19690,1,55,300,Jump Left and Right (aug 0),train,4845,aug_0
16891,M004P008A056R001_AUG001,4,8,19691,1,55,300,Jump Left and Right (aug 1),train,4845,aug_1
16892,M004P008A056R002_AUG000,4,8,19692,2,55,300,Jump Left and Right (aug 0),train,4846,aug_0
16893,M004P008A056R002_AUG001,4,8,19693,2,55,300,Jump Left and Right (aug 1),train,4846,aug_1
16894,M004P008A056R003_AUG000,4,8,19694,3,55,300,Jump Left and Right (aug 0),train,4847,aug_0
16895,M004P008A056R003_AUG001,4,8,19695,3,55,300,Jump Left and Right (aug 1),train,4847,aug_1
16896,M004P008A057R001_AUG000,4,8,19696,1,56,300,Jumping Jacks (aug 0),train,4848,aug_0
16897,M004P008A057R001_AUG001,4,8,19697,1,56,300,Jumping Jacks (aug 1),train,4848,aug_1
16898,M004P008A057R002_AUG000,4,8,19698,2,56,300,Jumping Jacks (aug 0),train,4849,aug_0
16899,M004P008A057R002_AUG001,4,8,19699,2,56,300,Jumping Jacks (aug 1),train,4849,aug_1
16900,M004P008A057R003_AUG000,4,8,19700,3,56,300,Jumping Jacks (aug 0),train,4850,aug_0
16901,M004P008A057R003_AUG001,4,8,19701,3,56,300,Jumping Jacks (aug 1),train,4850,aug_1
16902,M004P008A058R001_AUG000,4,8,19702,1,57,300,High Knee (aug 0),train,4851,aug_0
16903,M004P008A058R001_AUG001,4,8,19703,1,57,300,High Knee (aug 1),train,4851,aug_1
16904,M004P008A058R002_AUG000,4,8,19704,2,57,300,High Knee (aug 0),train,4852,aug_0
16905,M004P008A058R002_AUG001,4,8,19705,2,57,300,High Knee (aug 1),train,4852,aug_1
16906,M004P008A058R003_AUG000,4,8,19706,3,57,300,High Knee (aug 0),train,4853,aug_0
16907,M004P008A058R003_AUG001,4,8,19707,3,57,300,High Knee (aug 1),train,4853,aug_1
16908,M004P008A059R001_AUG000,4,8,19708,1,58,300,Clap Jacks (aug 0),train,4854,aug_0
16909,M004P008A059R001_AUG001,4,8,19709,1,58,300,Clap Jacks (aug 1),train,4854,aug_1
16910,M004P008A059R002_AUG000,4,8,19710,2,58,300,Clap Jacks (aug 0),train,4855,aug_0
16911,M004P008A059R002_AUG001,4,8,19711,2,58,300,Clap Jacks (aug 1),train,4855,aug_1
16912,M004P008A059R003_AUG000,4,8,19712,3,58,300,Clap Jacks (aug 0),train,4856,aug_0
16913,M004P008A059R003_AUG001,4,8,19713,3,58,300,Clap Jacks (aug 1),train,4856,aug_1
16914,M004P008A060R001_AUG000,4,8,19714,1,59,300,Run In Place With Arm Swing (aug 0),train,4857,aug_0
16915,M004P008A060R001_AUG001,4,8,19715,1,59,300,Run In Place With Arm Swing (aug 1),train,4857,aug_1
16916,M004P008A060R002_AUG000,4,8,19716,2,59,300,Run In Place With Arm Swing (aug 0),train,4858,aug_0
16917,M004P008A060R002_AUG001,4,8,19717,2,59,300,Run In Place With Arm Swing (aug 1),train,4858,aug_1
16918,M004P008A060R003_AUG000,4,8,19718,3,59,300,Run In Place With Arm Swing (aug 0),train,4859,aug_0
16919,M004P008A060R003_AUG001,4,8,19719,3,59,300,Run In Place With Arm Swing (aug 1),train,4859,aug_1
16920,M004P009A001R001_AUG000,4,9,19720,1,0,300,Svend Press (aug 0),train,4860,aug_0
16921,M004P009A001R001_AUG001,4,9,19721,1,0,300,Svend Press (aug 1),train,4860,aug_1
16922,M004P009A001R002_AUG000,4,9,19722,2,0,300,Svend Press (aug 0),train,4861,aug_0
16923,M004P009A001R002_AUG001,4,9,19723,2,0,300,Svend Press (aug 1),train,4861,aug_1
16924,M004P009A001R003_AUG000,4,9,19724,3,0,300,Svend Press (aug 0),train,4862,aug_0
16925,M004P009A001R003_AUG001,4,9,19725,3,0,300,Svend Press (aug 1),train,4862,aug_1
16926,M004P009A002R001_AUG000,4,9,19726,1,1,300,Kneeling Push-ups (aug 0),train,4863,aug_0
16927,M004P009A002R001_AUG001,4,9,19727,1,1,300,Kneeling Push-ups (aug 1),train,4863,aug_1
16928,M004P009A002R002_AUG000,4,9,19728,2,1,300,Kneeling Push-ups (aug 0),train,4864,aug_0
16929,M004P009A002R002_AUG001,4,9,19729,2,1,300,Kneeling Push-ups (aug 1),train,4864,aug_1
16930,M004P009A002R003_AUG000,4,9,19730,3,1,300,Kneeling Push-ups (aug 0),train,4865,aug_0
16931,M004P009A002R003_AUG001,4,9,19731,3,1,300,Kneeling Push-ups (aug 1),train,4865,aug_1
16932,M004P009A003R001_AUG000,4,9,19732,1,2,300,Standing Straight-arm Chest Press With Resistance Band (aug 0),train,4866,aug_0
16933,M004P009A003R001_AUG001,4,9,19733,1,2,300,Standing Straight-arm Chest Press With Resistance Band (aug 1),train,4866,aug_1
16934,M004P009A003R002_AUG000,4,9,19734,2,2,300,Standing Straight-arm Chest Press With Resistance Band (aug 0),train,4867,aug_0
16935,M004P009A003R002_AUG001,4,9,19735,2,2,300,Standing Straight-arm Chest Press With Resistance Band (aug 1),train,4867,aug_1
16936,M004P009A003R003_AUG000,4,9,19736,3,2,300,Standing Straight-arm Chest Press With Resistance Band (aug 0),train,4868,aug_0
16937,M004P009A003R003_AUG001,4,9,19737,3,2,300,Standing Straight-arm Chest Press With Resistance Band (aug 1),train,4868,aug_1
16938,M004P009A004R001_AUG000,4,9,19738,1,3,300,Small Dumbbell Floor Flies (aug 0),train,4869,aug_0
16939,M004P009A004R001_AUG001,4,9,19739,1,3,300,Small Dumbbell Floor Flies (aug 1),train,4869,aug_1
16940,M004P009A004R002_AUG000,4,9,19740,2,3,300,Small Dumbbell Floor Flies (aug 0),train,4870,aug_0
16941,M004P009A004R002_AUG001,4,9,19741,2,3,300,Small Dumbbell Floor Flies (aug 1),train,4870,aug_1
16942,M004P009A004R003_AUG000,4,9,19742,3,3,300,Small Dumbbell Floor Flies (aug 0),train,4871,aug_0
16943,M004P009A004R003_AUG001,4,9,19743,3,3,300,Small Dumbbell Floor Flies (aug 1),train,4871,aug_1
16944,M004P009A005R001_AUG000,4,9,19744,1,4,300,Chest Fly (aug 0),train,4872,aug_0
16945,M004P009A005R001_AUG001,4,9,19745,1,4,300,Chest Fly (aug 1),train,4872,aug_1
16946,M004P009A005R002_AUG000,4,9,19746,2,4,300,Chest Fly (aug 0),train,4873,aug_0
16947,M004P009A005R002_AUG001,4,9,19747,2,4,300,Chest Fly (aug 1),train,4873,aug_1
16948,M004P009A005R003_AUG000,4,9,19748,3,4,300,Chest Fly (aug 0),train,4874,aug_0
16949,M004P009A005R003_AUG001,4,9,19749,3,4,300,Chest Fly (aug 1),train,4874,aug_1
16950,M004P009A006R001_AUG000,4,9,19750,1,5,300,Push-ups (aug 0),train,4875,aug_0
16951,M004P009A006R001_AUG001,4,9,19751,1,5,300,Push-ups (aug 1),train,4875,aug_1
16952,M004P009A006R002_AUG000,4,9,19752,2,5,300,Push-ups (aug 0),train,4876,aug_0
16953,M004P009A006R002_AUG001,4,9,19753,2,5,300,Push-ups (aug 1),train,4876,aug_1
16954,M004P009A006R003_AUG000,4,9,19754,3,5,300,Push-ups (aug 0),train,4877,aug_0
16955,M004P009A006R003_AUG001,4,9,19755,3,5,300,Push-ups (aug 1),train,4877,aug_1
16956,M004P009A007R001_AUG000,4,9,19756,1,6,300,Bent-over W-shape Stretch (aug 0),train,4878,aug_0
16957,M004P009A007R001_AUG001,4,9,19757,1,6,300,Bent-over W-shape Stretch (aug 1),train,4878,aug_1
16958,M004P009A007R002_AUG000,4,9,19758,2,6,300,Bent-over W-shape Stretch (aug 0),train,4879,aug_0
16959,M004P009A007R002_AUG001,4,9,19759,2,6,300,Bent-over W-shape Stretch (aug 1),train,4879,aug_1
16960,M004P009A007R003_AUG000,4,9,19760,3,6,300,Bent-over W-shape Stretch (aug 0),train,4880,aug_0
16961,M004P009A007R003_AUG001,4,9,19761,3,6,300,Bent-over W-shape Stretch (aug 1),train,4880,aug_1
16962,M004P009A008R001_AUG000,4,9,19762,1,7,300,Bent-over Y-shape Stretch (aug 0),train,4881,aug_0
16963,M004P009A008R001_AUG001,4,9,19763,1,7,300,Bent-over Y-shape Stretch (aug 1),train,4881,aug_1
16964,M004P009A008R002_AUG000,4,9,19764,2,7,300,Bent-over Y-shape Stretch (aug 0),train,4882,aug_0
16965,M004P009A008R002_AUG001,4,9,19765,2,7,300,Bent-over Y-shape Stretch (aug 1),train,4882,aug_1
16966,M004P009A008R003_AUG000,4,9,19766,3,7,300,Bent-over Y-shape Stretch (aug 0),train,4883,aug_0
16967,M004P009A008R003_AUG001,4,9,19767,3,7,300,Bent-over Y-shape Stretch (aug 1),train,4883,aug_1
16968,M004P009A009R001_AUG000,4,9,19768,1,8,300,Bent-over A-shape Stretch (aug 0),train,4884,aug_0
16969,M004P009A009R001_AUG001,4,9,19769,1,8,300,Bent-over A-shape Stretch (aug 1),train,4884,aug_1
16970,M004P009A009R002_AUG000,4,9,19770,2,8,300,Bent-over A-shape Stretch (aug 0),train,4885,aug_0
16971,M004P009A009R002_AUG001,4,9,19771,2,8,300,Bent-over A-shape Stretch (aug 1),train,4885,aug_1
16972,M004P009A009R003_AUG000,4,9,19772,3,8,300,Bent-over A-shape Stretch (aug 0),train,4886,aug_0
16973,M004P009A009R003_AUG001,4,9,19773,3,8,300,Bent-over A-shape Stretch (aug 1),train,4886,aug_1
16974,M004P009A010R001_AUG000,4,9,19774,1,9,300,Squat With Arm Lift (aug 0),train,4887,aug_0
16975,M004P009A010R001_AUG001,4,9,19775,1,9,300,Squat With Arm Lift (aug 1),train,4887,aug_1
16976,M004P009A010R002_AUG000,4,9,19776,2,9,300,Squat With Arm Lift (aug 0),train,4888,aug_0
16977,M004P009A010R002_AUG001,4,9,19777,2,9,300,Squat With Arm Lift (aug 1),train,4888,aug_1
16978,M004P009A010R003_AUG000,4,9,19778,3,9,300,Squat With Arm Lift (aug 0),train,4889,aug_0
16979,M004P009A010R003_AUG001,4,9,19779,3,9,300,Squat With Arm Lift (aug 1),train,4889,aug_1
16980,M004P009A011R001_AUG000,4,9,19780,1,10,300,Breaststroke Arm Pull (aug 0),train,4890,aug_0
16981,M004P009A011R001_AUG001,4,9,19781,1,10,300,Breaststroke Arm Pull (aug 1),train,4890,aug_1
16982,M004P009A011R002_AUG000,4,9,19782,2,10,300,Breaststroke Arm Pull (aug 0),train,4891,aug_0
16983,M004P009A011R002_AUG001,4,9,19783,2,10,300,Breaststroke Arm Pull (aug 1),train,4891,aug_1
16984,M004P009A011R003_AUG000,4,9,19784,3,10,300,Breaststroke Arm Pull (aug 0),train,4892,aug_0
16985,M004P009A011R003_AUG001,4,9,19785,3,10,300,Breaststroke Arm Pull (aug 1),train,4892,aug_1
16986,M004P009A012R001_AUG000,4,9,19786,1,11,300,Prone Y-shape Stretch (aug 0),train,4893,aug_0
16987,M004P009A012R001_AUG001,4,9,19787,1,11,300,Prone Y-shape Stretch (aug 1),train,4893,aug_1
16988,M004P009A012R002_AUG000,4,9,19788,2,11,300,Prone Y-shape Stretch (aug 0),train,4894,aug_0
16989,M004P009A012R002_AUG001,4,9,19789,2,11,300,Prone Y-shape Stretch (aug 1),train,4894,aug_1
16990,M004P009A012R003_AUG000,4,9,19790,3,11,300,Prone Y-shape Stretch (aug 0),train,4895,aug_0
16991,M004P009A012R003_AUG001,4,9,19791,3,11,300,Prone Y-shape Stretch (aug 1),train,4895,aug_1
16992,M004P009A013R001_AUG000,4,9,19792,1,12,300,Lateral Raise Forward Circles (aug 0),train,4896,aug_0
16993,M004P009A013R001_AUG001,4,9,19793,1,12,300,Lateral Raise Forward Circles (aug 1),train,4896,aug_1
16994,M004P009A013R002_AUG000,4,9,19794,2,12,300,Lateral Raise Forward Circles (aug 0),train,4897,aug_0
16995,M004P009A013R002_AUG001,4,9,19795,2,12,300,Lateral Raise Forward Circles (aug 1),train,4897,aug_1
16996,M004P009A013R003_AUG000,4,9,19796,3,12,300,Lateral Raise Forward Circles (aug 0),train,4898,aug_0
16997,M004P009A013R003_AUG001,4,9,19797,3,12,300,Lateral Raise Forward Circles (aug 1),train,4898,aug_1
16998,M004P009A014R001_AUG000,4,9,19798,1,13,300,Lateral Raise Backward Circles (aug 0),train,4899,aug_0
16999,M004P009A014R001_AUG001,4,9,19799,1,13,300,Lateral Raise Backward Circles (aug 1),train,4899,aug_1
17000,M004P009A014R002_AUG000,4,9,19800,2,13,300,Lateral Raise Backward Circles (aug 0),train,4900,aug_0
17001,M004P009A014R002_AUG001,4,9,19801,2,13,300,Lateral Raise Backward Circles (aug 1),train,4900,aug_1
17002,M004P009A014R003_AUG000,4,9,19802,3,13,300,Lateral Raise Backward Circles (aug 0),train,4901,aug_0
17003,M004P009A014R003_AUG001,4,9,19803,3,13,300,Lateral Raise Backward Circles (aug 1),train,4901,aug_1
17004,M004P009A015R001_AUG000,4,9,19804,1,14,300,Lying Shoulder Joint Upward Round (aug 0),train,4902,aug_0
17005,M004P009A015R001_AUG001,4,9,19805,1,14,300,Lying Shoulder Joint Upward Round (aug 1),train,4902,aug_1
17006,M004P009A015R002_AUG000,4,9,19806,2,14,300,Lying Shoulder Joint Upward Round (aug 0),train,4903,aug_0
17007,M004P009A015R002_AUG001,4,9,19807,2,14,300,Lying Shoulder Joint Upward Round (aug 1),train,4903,aug_1
17008,M004P009A015R003_AUG000,4,9,19808,3,14,300,Lying Shoulder Joint Upward Round (aug 0),train,4904,aug_0
17009,M004P009A015R003_AUG001,4,9,19809,3,14,300,Lying Shoulder Joint Upward Round (aug 1),train,4904,aug_1
17010,M004P009A016R001_AUG000,4,9,19810,1,15,300,Lying Shoulder Joint Downward Round (aug 0),train,4905,aug_0
17011,M004P009A016R001_AUG001,4,9,19811,1,15,300,Lying Shoulder Joint Downward Round (aug 1),train,4905,aug_1
17012,M004P009A016R002_AUG000,4,9,19812,2,15,300,Lying Shoulder Joint Downward Round (aug 0),train,4906,aug_0
17013,M004P009A016R002_AUG001,4,9,19813,2,15,300,Lying Shoulder Joint Downward Round (aug 1),train,4906,aug_1
17014,M004P009A016R003_AUG000,4,9,19814,3,15,300,Lying Shoulder Joint Downward Round (aug 0),train,4907,aug_0
17015,M004P009A016R003_AUG001,4,9,19815,3,15,300,Lying Shoulder Joint Downward Round (aug 1),train,4907,aug_1
17016,M004P009A017R001_AUG000,4,9,19816,1,16,300,Bare-handed Full Lateral Raise (aug 0),train,4908,aug_0
17017,M004P009A017R001_AUG001,4,9,19817,1,16,300,Bare-handed Full Lateral Raise (aug 1),train,4908,aug_1
17018,M004P009A017R002_AUG000,4,9,19818,2,16,300,Bare-handed Full Lateral Raise (aug 0),train,4909,aug_0
17019,M004P009A017R002_AUG001,4,9,19819,2,16,300,Bare-handed Full Lateral Raise (aug 1),train,4909,aug_1
17020,M004P009A017R003_AUG000,4,9,19820,3,16,300,Bare-handed Full Lateral Raise (aug 0),train,4910,aug_0
17021,M004P009A017R003_AUG001,4,9,19821,3,16,300,Bare-handed Full Lateral Raise (aug 1),train,4910,aug_1
17022,M004P009A018R001_AUG000,4,9,19822,1,17,300,Bare-handed Cuban Press (aug 0),train,4911,aug_0
17023,M004P009A018R001_AUG001,4,9,19823,1,17,300,Bare-handed Cuban Press (aug 1),train,4911,aug_1
17024,M004P009A018R002_AUG000,4,9,19824,2,17,300,Bare-handed Cuban Press (aug 0),train,4912,aug_0
17025,M004P009A018R002_AUG001,4,9,19825,2,17,300,Bare-handed Cuban Press (aug 1),train,4912,aug_1
17026,M004P009A018R003_AUG000,4,9,19826,3,17,300,Bare-handed Cuban Press (aug 0),train,4913,aug_0
17027,M004P009A018R003_AUG001,4,9,19827,3,17,300,Bare-handed Cuban Press (aug 1),train,4913,aug_1
17028,M004P009A019R001_AUG000,4,9,19828,1,18,300,Fortune Cat (aug 0),train,4914,aug_0
17029,M004P009A019R001_AUG001,4,9,19829,1,18,300,Fortune Cat (aug 1),train,4914,aug_1
17030,M004P009A019R002_AUG000,4,9,19830,2,18,300,Fortune Cat (aug 0),train,4915,aug_0
17031,M004P009A019R002_AUG001,4,9,19831,2,18,300,Fortune Cat (aug 1),train,4915,aug_1
17032,M004P009A019R003_AUG000,4,9,19832,3,18,300,Fortune Cat (aug 0),train,4916,aug_0
17033,M004P009A019R003_AUG001,4,9,19833,3,18,300,Fortune Cat (aug 1),train,4916,aug_1
17034,M004P009A020R001_AUG000,4,9,19834,1,19,300,Dumbbell Curls (aug 0),train,4917,aug_0
17035,M004P009A020R001_AUG001,4,9,19835,1,19,300,Dumbbell Curls (aug 1),train,4917,aug_1
17036,M004P009A020R002_AUG000,4,9,19836,2,19,300,Dumbbell Curls (aug 0),train,4918,aug_0
17037,M004P009A020R002_AUG001,4,9,19837,2,19,300,Dumbbell Curls (aug 1),train,4918,aug_1
17038,M004P009A020R003_AUG000,4,9,19838,3,19,300,Dumbbell Curls (aug 0),train,4919,aug_0
17039,M004P009A020R003_AUG001,4,9,19839,3,19,300,Dumbbell Curls (aug 1),train,4919,aug_1
17040,M004P009A021R001_AUG000,4,9,19840,1,20,300,Alternate Dumbbell Curls (aug 0),train,4920,aug_0
17041,M004P009A021R001_AUG001,4,9,19841,1,20,300,Alternate Dumbbell Curls (aug 1),train,4920,aug_1
17042,M004P009A021R002_AUG000,4,9,19842,2,20,300,Alternate Dumbbell Curls (aug 0),train,4921,aug_0
17043,M004P009A021R002_AUG001,4,9,19843,2,20,300,Alternate Dumbbell Curls (aug 1),train,4921,aug_1
17044,M004P009A021R003_AUG000,4,9,19844,3,20,300,Alternate Dumbbell Curls (aug 0),train,4922,aug_0
17045,M004P009A021R003_AUG001,4,9,19845,3,20,300,Alternate Dumbbell Curls (aug 1),train,4922,aug_1
17046,M004P009A022R001_AUG000,4,9,19846,1,21,300,Right-side Kettlebell Bent-over Row (aug 0),train,4923,aug_0
17047,M004P009A022R001_AUG001,4,9,19847,1,21,300,Right-side Kettlebell Bent-over Row (aug 1),train,4923,aug_1
17048,M004P009A022R002_AUG000,4,9,19848,2,21,300,Right-side Kettlebell Bent-over Row (aug 0),train,4924,aug_0
17049,M004P009A022R002_AUG001,4,9,19849,2,21,300,Right-side Kettlebell Bent-over Row (aug 1),train,4924,aug_1
17050,M004P009A022R003_AUG000,4,9,19850,3,21,300,Right-side Kettlebell Bent-over Row (aug 0),train,4925,aug_0
17051,M004P009A022R003_AUG001,4,9,19851,3,21,300,Right-side Kettlebell Bent-over Row (aug 1),train,4925,aug_1
17052,M004P009A023R001_AUG000,4,9,19852,1,22,300,Wrist Joint Warm-up (aug 0),train,4926,aug_0
17053,M004P009A023R001_AUG001,4,9,19853,1,22,300,Wrist Joint Warm-up (aug 1),train,4926,aug_1
17054,M004P009A023R002_AUG000,4,9,19854,2,22,300,Wrist Joint Warm-up (aug 0),train,4927,aug_0
17055,M004P009A023R002_AUG001,4,9,19855,2,22,300,Wrist Joint Warm-up (aug 1),train,4927,aug_1
17056,M004P009A023R003_AUG000,4,9,19856,3,22,300,Wrist Joint Warm-up (aug 0),train,4928,aug_0
17057,M004P009A023R003_AUG001,4,9,19857,3,22,300,Wrist Joint Warm-up (aug 1),train,4928,aug_1
17058,M004P009A024R001_AUG000,4,9,19858,1,23,300,Right-side Bent-over Tricep Extension With Resistance Band (aug 0),train,4929,aug_0
17059,M004P009A024R001_AUG001,4,9,19859,1,23,300,Right-side Bent-over Tricep Extension With Resistance Band (aug 1),train,4929,aug_1
17060,M004P009A024R002_AUG000,4,9,19860,2,23,300,Right-side Bent-over Tricep Extension With Resistance Band (aug 0),train,4930,aug_0
17061,M004P009A024R002_AUG001,4,9,19861,2,23,300,Right-side Bent-over Tricep Extension With Resistance Band (aug 1),train,4930,aug_1
17062,M004P009A024R003_AUG000,4,9,19862,3,23,300,Right-side Bent-over Tricep Extension With Resistance Band (aug 0),train,4931,aug_0
17063,M004P009A024R003_AUG001,4,9,19863,3,23,300,Right-side Bent-over Tricep Extension With Resistance Band (aug 1),train,4931,aug_1
17064,M004P009A025R001_AUG000,4,9,19864,1,24,300,Bent-over Dumbbell Tricep Extension (aug 0),train,4932,aug_0
17065,M004P009A025R001_AUG001,4,9,19865,1,24,300,Bent-over Dumbbell Tricep Extension (aug 1),train,4932,aug_1
17066,M004P009A025R002_AUG000,4,9,19866,2,24,300,Bent-over Dumbbell Tricep Extension (aug 0),train,4933,aug_0
17067,M004P009A025R002_AUG001,4,9,19867,2,24,300,Bent-over Dumbbell Tricep Extension (aug 1),train,4933,aug_1
17068,M004P009A025R003_AUG000,4,9,19868,3,24,300,Bent-over Dumbbell Tricep Extension (aug 0),train,4934,aug_0
17069,M004P009A025R003_AUG001,4,9,19869,3,24,300,Bent-over Dumbbell Tricep Extension (aug 1),train,4934,aug_1
17070,M004P009A026R001_AUG000,4,9,19870,1,25,300,Nod And Raise Head (aug 0),train,4935,aug_0
17071,M004P009A026R001_AUG001,4,9,19871,1,25,300,Nod And Raise Head (aug 1),train,4935,aug_1
17072,M004P009A026R002_AUG000,4,9,19872,2,25,300,Nod And Raise Head (aug 0),train,4936,aug_0
17073,M004P009A026R002_AUG001,4,9,19873,2,25,300,Nod And Raise Head (aug 1),train,4936,aug_1
17074,M004P009A026R003_AUG000,4,9,19874,3,25,300,Nod And Raise Head (aug 0),train,4937,aug_0
17075,M004P009A026R003_AUG001,4,9,19875,3,25,300,Nod And Raise Head (aug 1),train,4937,aug_1
17076,M004P009A027R001_AUG000,4,9,19876,1,26,300,Two-way Head Turn (aug 0),train,4938,aug_0
17077,M004P009A027R001_AUG001,4,9,19877,1,26,300,Two-way Head Turn (aug 1),train,4938,aug_1
17078,M004P009A027R002_AUG000,4,9,19878,2,26,300,Two-way Head Turn (aug 0),train,4939,aug_0
17079,M004P009A027R002_AUG001,4,9,19879,2,26,300,Two-way Head Turn (aug 1),train,4939,aug_1
17080,M004P009A027R003_AUG000,4,9,19880,3,26,300,Two-way Head Turn (aug 0),train,4940,aug_0
17081,M004P009A027R003_AUG001,4,9,19881,3,26,300,Two-way Head Turn (aug 1),train,4940,aug_1
17082,M004P009A028R001_AUG000,4,9,19882,1,27,300,Shrug And Sink The Shoulders (aug 0),train,4941,aug_0
17083,M004P009A028R001_AUG001,4,9,19883,1,27,300,Shrug And Sink The Shoulders (aug 1),train,4941,aug_1
17084,M004P009A028R002_AUG000,4,9,19884,2,27,300,Shrug And Sink The Shoulders (aug 0),train,4942,aug_0
17085,M004P009A028R002_AUG001,4,9,19885,2,27,300,Shrug And Sink The Shoulders (aug 1),train,4942,aug_1
17086,M004P009A028R003_AUG000,4,9,19886,3,27,300,Shrug And Sink The Shoulders (aug 0),train,4943,aug_0
17087,M004P009A028R003_AUG001,4,9,19887,3,27,300,Shrug And Sink The Shoulders (aug 1),train,4943,aug_1
17088,M004P009A029R001_AUG000,4,9,19888,1,28,300,Four-way Nod Head (aug 0),train,4944,aug_0
17089,M004P009A029R001_AUG001,4,9,19889,1,28,300,Four-way Nod Head (aug 1),train,4944,aug_1
17090,M004P009A029R002_AUG000,4,9,19890,2,28,300,Four-way Nod Head (aug 0),train,4945,aug_0
17091,M004P009A029R002_AUG001,4,9,19891,2,28,300,Four-way Nod Head (aug 1),train,4945,aug_1
17092,M004P009A029R003_AUG000,4,9,19892,3,28,300,Four-way Nod Head (aug 0),train,4946,aug_0
17093,M004P009A029R003_AUG001,4,9,19893,3,28,300,Four-way Nod Head (aug 1),train,4946,aug_1
17094,M004P009A030R001_AUG000,4,9,19894,1,29,300,Lying Alternate Upper-half Leg Raise (aug 0),train,4947,aug_0
17095,M004P009A030R001_AUG001,4,9,19895,1,29,300,Lying Alternate Upper-half Leg Raise (aug 1),train,4947,aug_1
17096,M004P009A030R002_AUG000,4,9,19896,2,29,300,Lying Alternate Upper-half Leg Raise (aug 0),train,4948,aug_0
17097,M004P009A030R002_AUG001,4,9,19897,2,29,300,Lying Alternate Upper-half Leg Raise (aug 1),train,4948,aug_1
17098,M004P009A030R003_AUG000,4,9,19898,3,29,300,Lying Alternate Upper-half Leg Raise (aug 0),train,4949,aug_0
17099,M004P009A030R003_AUG001,4,9,19899,3,29,300,Lying Alternate Upper-half Leg Raise (aug 1),train,4949,aug_1
17100,M004P009A031R001_AUG000,4,9,19900,1,30,300,Half Roll Back (aug 0),train,4950,aug_0
17101,M004P009A031R001_AUG001,4,9,19901,1,30,300,Half Roll Back (aug 1),train,4950,aug_1
17102,M004P009A031R002_AUG000,4,9,19902,2,30,300,Half Roll Back (aug 0),train,4951,aug_0
17103,M004P009A031R002_AUG001,4,9,19903,2,30,300,Half Roll Back (aug 1),train,4951,aug_1
17104,M004P009A031R003_AUG000,4,9,19904,3,30,300,Half Roll Back (aug 0),train,4952,aug_0
17105,M004P009A031R003_AUG001,4,9,19905,3,30,300,Half Roll Back (aug 1),train,4952,aug_1
17106,M004P009A032R001_AUG000,4,9,19906,1,31,300,Kneeling Right-side Torso Twist (aug 0),train,4953,aug_0
17107,M004P009A032R001_AUG001,4,9,19907,1,31,300,Kneeling Right-side Torso Twist (aug 1),train,4953,aug_1
17108,M004P009A032R002_AUG000,4,9,19908,2,31,300,Kneeling Right-side Torso Twist (aug 0),train,4954,aug_0
17109,M004P009A032R002_AUG001,4,9,19909,2,31,300,Kneeling Right-side Torso Twist (aug 1),train,4954,aug_1
17110,M004P009A032R003_AUG000,4,9,19910,3,31,300,Kneeling Right-side Torso Twist (aug 0),train,4955,aug_0
17111,M004P009A032R003_AUG001,4,9,19911,3,31,300,Kneeling Right-side Torso Twist (aug 1),train,4955,aug_1
17112,M004P009A033R001_AUG000,4,9,19912,1,32,300,Left-side Knee Raise And Abdominal Muscles Contract (aug 0),train,4956,aug_0
17113,M004P009A033R001_AUG001,4,9,19913,1,32,300,Left-side Knee Raise And Abdominal Muscles Contract (aug 1),train,4956,aug_1
17114,M004P009A033R002_AUG000,4,9,19914,2,32,300,Left-side Knee Raise And Abdominal Muscles Contract (aug 0),train,4957,aug_0
17115,M004P009A033R002_AUG001,4,9,19915,2,32,300,Left-side Knee Raise And Abdominal Muscles Contract (aug 1),train,4957,aug_1
17116,M004P009A033R003_AUG000,4,9,19916,3,32,300,Left-side Knee Raise And Abdominal Muscles Contract (aug 0),train,4958,aug_0
17117,M004P009A033R003_AUG001,4,9,19917,3,32,300,Left-side Knee Raise And Abdominal Muscles Contract (aug 1),train,4958,aug_1
17118,M004P009A034R001_AUG000,4,9,19918,1,33,300,Kneeling Right Leg Backward Stretch (aug 0),train,4959,aug_0
17119,M004P009A034R001_AUG001,4,9,19919,1,33,300,Kneeling Right Leg Backward Stretch (aug 1),train,4959,aug_1
17120,M004P009A034R002_AUG000,4,9,19920,2,33,300,Kneeling Right Leg Backward Stretch (aug 0),train,4960,aug_0
17121,M004P009A034R002_AUG001,4,9,19921,2,33,300,Kneeling Right Leg Backward Stretch (aug 1),train,4960,aug_1
17122,M004P009A034R003_AUG000,4,9,19922,3,33,300,Kneeling Right Leg Backward Stretch (aug 0),train,4961,aug_0
17123,M004P009A034R003_AUG001,4,9,19923,3,33,300,Kneeling Right Leg Backward Stretch (aug 1),train,4961,aug_1
17124,M004P009A035R001_AUG000,4,9,19924,1,34,300,Kneeling Right Arm Raise (aug 0),train,4962,aug_0
17125,M004P009A035R001_AUG001,4,9,19925,1,34,300,Kneeling Right Arm Raise (aug 1),train,4962,aug_1
17126,M004P009A035R002_AUG000,4,9,19926,2,34,300,Kneeling Right Arm Raise (aug 0),train,4963,aug_0
17127,M004P009A035R002_AUG001,4,9,19927,2,34,300,Kneeling Right Arm Raise (aug 1),train,4963,aug_1
17128,M004P009A035R003_AUG000,4,9,19928,3,34,300,Kneeling Right Arm Raise (aug 0),train,4964,aug_0
17129,M004P009A035R003_AUG001,4,9,19929,3,34,300,Kneeling Right Arm Raise (aug 1),train,4964,aug_1
17130,M004P009A036R001_AUG000,4,9,19930,1,35,300,Shoulder Bridge (aug 0),train,4965,aug_0
17131,M004P009A036R001_AUG001,4,9,19931,1,35,300,Shoulder Bridge (aug 1),train,4965,aug_1
17132,M004P009A036R002_AUG000,4,9,19932,2,35,300,Shoulder Bridge (aug 0),train,4966,aug_0
17133,M004P009A036R002_AUG001,4,9,19933,2,35,300,Shoulder Bridge (aug 1),train,4966,aug_1
17134,M004P009A036R003_AUG000,4,9,19934,3,35,300,Shoulder Bridge (aug 0),train,4967,aug_0
17135,M004P009A036R003_AUG001,4,9,19935,3,35,300,Shoulder Bridge (aug 1),train,4967,aug_1
17136,M004P009A037R001_AUG000,4,9,19936,1,36,300,Prone Press-ups (aug 0),train,4968,aug_0
17137,M004P009A037R001_AUG001,4,9,19937,1,36,300,Prone Press-ups (aug 1),train,4968,aug_1
17138,M004P009A037R002_AUG000,4,9,19938,2,36,300,Prone Press-ups (aug 0),train,4969,aug_0
17139,M004P009A037R002_AUG001,4,9,19939,2,36,300,Prone Press-ups (aug 1),train,4969,aug_1
17140,M004P009A037R003_AUG000,4,9,19940,3,36,300,Prone Press-ups (aug 0),train,4970,aug_0
17141,M004P009A037R003_AUG001,4,9,19941,3,36,300,Prone Press-ups (aug 1),train,4970,aug_1
17142,M004P009A038R001_AUG000,4,9,19942,1,37,300,Bent-over Torso Rotation (aug 0),train,4971,aug_0
17143,M004P009A038R001_AUG001,4,9,19943,1,37,300,Bent-over Torso Rotation (aug 1),train,4971,aug_1
17144,M004P009A038R002_AUG000,4,9,19944,2,37,300,Bent-over Torso Rotation (aug 0),train,4972,aug_0
17145,M004P009A038R002_AUG001,4,9,19945,2,37,300,Bent-over Torso Rotation (aug 1),train,4972,aug_1
17146,M004P009A038R003_AUG000,4,9,19946,3,37,300,Bent-over Torso Rotation (aug 0),train,4973,aug_0
17147,M004P009A038R003_AUG001,4,9,19947,3,37,300,Bent-over Torso Rotation (aug 1),train,4973,aug_1
17148,M004P009A039R001_AUG000,4,9,19948,1,38,300,Lying Arm Pull (aug 0),train,4974,aug_0
17149,M004P009A039R001_AUG001,4,9,19949,1,38,300,Lying Arm Pull (aug 1),train,4974,aug_1
17150,M004P009A039R002_AUG000,4,9,19950,2,38,300,Lying Arm Pull (aug 0),train,4975,aug_0
17151,M004P009A039R002_AUG001,4,9,19951,2,38,300,Lying Arm Pull (aug 1),train,4975,aug_1
17152,M004P009A039R003_AUG000,4,9,19952,3,38,300,Lying Arm Pull (aug 0),train,4976,aug_0
17153,M004P009A039R003_AUG001,4,9,19953,3,38,300,Lying Arm Pull (aug 1),train,4976,aug_1
17154,M004P009A040R001_AUG000,4,9,19954,1,39,300,Prone Press Up With Torso Rotation (aug 0),train,4977,aug_0
17155,M004P009A040R001_AUG001,4,9,19955,1,39,300,Prone Press Up With Torso Rotation (aug 1),train,4977,aug_1
17156,M004P009A040R002_AUG000,4,9,19956,2,39,300,Prone Press Up With Torso Rotation (aug 0),train,4978,aug_0
17157,M004P009A040R002_AUG001,4,9,19957,2,39,300,Prone Press Up With Torso Rotation (aug 1),train,4978,aug_1
17158,M004P009A040R003_AUG000,4,9,19958,3,39,300,Prone Press Up With Torso Rotation (aug 0),train,4979,aug_0
17159,M004P009A040R003_AUG001,4,9,19959,3,39,300,Prone Press Up With Torso Rotation (aug 1),train,4979,aug_1
17160,M004P009A041R001_AUG000,4,9,19960,1,40,300,Breaststroke Push-ups (aug 0),train,4980,aug_0
17161,M004P009A041R001_AUG001,4,9,19961,1,40,300,Breaststroke Push-ups (aug 1),train,4980,aug_1
17162,M004P009A041R002_AUG000,4,9,19962,2,40,300,Breaststroke Push-ups (aug 0),train,4981,aug_0
17163,M004P009A041R002_AUG001,4,9,19963,2,40,300,Breaststroke Push-ups (aug 1),train,4981,aug_1
17164,M004P009A041R003_AUG000,4,9,19964,3,40,300,Breaststroke Push-ups (aug 0),train,4982,aug_0
17165,M004P009A041R003_AUG001,4,9,19965,3,40,300,Breaststroke Push-ups (aug 1),train,4982,aug_1
17166,M004P009A042R001_AUG000,4,9,19966,1,41,300,Sit-ups (aug 0),train,4983,aug_0
17167,M004P009A042R001_AUG001,4,9,19967,1,41,300,Sit-ups (aug 1),train,4983,aug_1
17168,M004P009A042R002_AUG000,4,9,19968,2,41,300,Sit-ups (aug 0),train,4984,aug_0
17169,M004P009A042R002_AUG001,4,9,19969,2,41,300,Sit-ups (aug 1),train,4984,aug_1
17170,M004P009A042R003_AUG000,4,9,19970,3,41,300,Sit-ups (aug 0),train,4985,aug_0
17171,M004P009A042R003_AUG001,4,9,19971,3,41,300,Sit-ups (aug 1),train,4985,aug_1
17172,M004P009A043R001_AUG000,4,9,19972,1,42,300,Side-lying Left Leg Forward Raise (aug 0),train,4986,aug_0
17173,M004P009A043R001_AUG001,4,9,19973,1,42,300,Side-lying Left Leg Forward Raise (aug 1),train,4986,aug_1
17174,M004P009A043R002_AUG000,4,9,19974,2,42,300,Side-lying Left Leg Forward Raise (aug 0),train,4987,aug_0
17175,M004P009A043R002_AUG001,4,9,19975,2,42,300,Side-lying Left Leg Forward Raise (aug 1),train,4987,aug_1
17176,M004P009A043R003_AUG000,4,9,19976,3,42,300,Side-lying Left Leg Forward Raise (aug 0),train,4988,aug_0
17177,M004P009A043R003_AUG001,4,9,19977,3,42,300,Side-lying Left Leg Forward Raise (aug 1),train,4988,aug_1
17178,M004P009A044R001_AUG000,4,9,19978,1,43,300,Right Leg Reverse Lunge (aug 0),train,4989,aug_0
17179,M004P009A044R001_AUG001,4,9,19979,1,43,300,Right Leg Reverse Lunge (aug 1),train,4989,aug_1
17180,M004P009A044R002_AUG000,4,9,19980,2,43,300,Right Leg Reverse Lunge (aug 0),train,4990,aug_0
17181,M004P009A044R002_AUG001,4,9,19981,2,43,300,Right Leg Reverse Lunge (aug 1),train,4990,aug_1
17182,M004P009A044R003_AUG000,4,9,19982,3,43,300,Right Leg Reverse Lunge (aug 0),train,4991,aug_0
17183,M004P009A044R003_AUG001,4,9,19983,3,43,300,Right Leg Reverse Lunge (aug 1),train,4991,aug_1
17184,M004P009A045R001_AUG000,4,9,19984,1,44,300,Kneeling Left Knee Lift (aug 0),train,4992,aug_0
17185,M004P009A045R001_AUG001,4,9,19985,1,44,300,Kneeling Left Knee Lift (aug 1),train,4992,aug_1
17186,M004P009A045R002_AUG000,4,9,19986,2,44,300,Kneeling Left Knee Lift (aug 0),train,4993,aug_0
17187,M004P009A045R002_AUG001,4,9,19987,2,44,300,Kneeling Left Knee Lift (aug 1),train,4993,aug_1
17188,M004P009A045R003_AUG000,4,9,19988,3,44,300,Kneeling Left Knee Lift (aug 0),train,4994,aug_0
17189,M004P009A045R003_AUG001,4,9,19989,3,44,300,Kneeling Left Knee Lift (aug 1),train,4994,aug_1
17190,M004P009A046R001_AUG000,4,9,19990,1,45,300,Alternate Reverse Lunge (aug 0),train,4995,aug_0
17191,M004P009A046R001_AUG001,4,9,19991,1,45,300,Alternate Reverse Lunge (aug 1),train,4995,aug_1
17192,M004P009A046R002_AUG000,4,9,19992,2,45,300,Alternate Reverse Lunge (aug 0),train,4996,aug_0
17193,M004P009A046R002_AUG001,4,9,19993,2,45,300,Alternate Reverse Lunge (aug 1),train,4996,aug_1
17194,M004P009A046R003_AUG000,4,9,19994,3,45,300,Alternate Reverse Lunge (aug 0),train,4997,aug_0
17195,M004P009A046R003_AUG001,4,9,19995,3,45,300,Alternate Reverse Lunge (aug 1),train,4997,aug_1
17196,M004P009A047R001_AUG000,4,9,19996,1,46,300,Side-lying Right Leg Backward Kick (aug 0),train,4998,aug_0
17197,M004P009A047R001_AUG001,4,9,19997,1,46,300,Side-lying Right Leg Backward Kick (aug 1),train,4998,aug_1
17198,M004P009A047R002_AUG000,4,9,19998,2,46,300,Side-lying Right Leg Backward Kick (aug 0),train,4999,aug_0
17199,M004P009A047R002_AUG001,4,9,19999,2,46,300,Side-lying Right Leg Backward Kick (aug 1),train,4999,aug_1
17200,M004P009A047R003_AUG000,4,9,20000,3,46,300,Side-lying Right Leg Backward Kick (aug 0),train,5000,aug_0
17201,M004P009A047R003_AUG001,4,9,20001,3,46,300,Side-lying Right Leg Backward Kick (aug 1),train,5000,aug_1
17202,M004P009A048R001_AUG000,4,9,20002,1,47,300,Left Leg Lunge With Knee Lift (aug 0),train,5001,aug_0
17203,M004P009A048R001_AUG001,4,9,20003,1,47,300,Left Leg Lunge With Knee Lift (aug 1),train,5001,aug_1
17204,M004P009A048R002_AUG000,4,9,20004,2,47,300,Left Leg Lunge With Knee Lift (aug 0),train,5002,aug_0
17205,M004P009A048R002_AUG001,4,9,20005,2,47,300,Left Leg Lunge With Knee Lift (aug 1),train,5002,aug_1
17206,M004P009A048R003_AUG000,4,9,20006,3,47,300,Left Leg Lunge With Knee Lift (aug 0),train,5003,aug_0
17207,M004P009A048R003_AUG001,4,9,20007,3,47,300,Left Leg Lunge With Knee Lift (aug 1),train,5003,aug_1
17208,M004P009A049R001_AUG000,4,9,20008,1,48,300,Sumo Squat (aug 0),train,5004,aug_0
17209,M004P009A049R001_AUG001,4,9,20009,1,48,300,Sumo Squat (aug 1),train,5004,aug_1
17210,M004P009A049R002_AUG000,4,9,20010,2,48,300,Sumo Squat (aug 0),train,5005,aug_0
17211,M004P009A049R002_AUG001,4,9,20011,2,48,300,Sumo Squat (aug 1),train,5005,aug_1
17212,M004P009A049R003_AUG000,4,9,20012,3,48,300,Sumo Squat (aug 0),train,5006,aug_0
17213,M004P009A049R003_AUG001,4,9,20013,3,48,300,Sumo Squat (aug 1),train,5006,aug_1
17214,M004P009A050R001_AUG000,4,9,20014,1,49,300,Straight Leg Calf Raise (aug 0),train,5007,aug_0
17215,M004P009A050R001_AUG001,4,9,20015,1,49,300,Straight Leg Calf Raise (aug 1),train,5007,aug_1
17216,M004P009A050R002_AUG000,4,9,20016,2,49,300,Straight Leg Calf Raise (aug 0),train,5008,aug_0
17217,M004P009A050R002_AUG001,4,9,20017,2,49,300,Straight Leg Calf Raise (aug 1),train,5008,aug_1
17218,M004P009A050R003_AUG000,4,9,20018,3,49,300,Straight Leg Calf Raise (aug 0),train,5009,aug_0
17219,M004P009A050R003_AUG001,4,9,20019,3,49,300,Straight Leg Calf Raise (aug 1),train,5009,aug_1
17220,M004P009A051R001_AUG000,4,9,20020,1,50,300,Squat Jump (aug 0),train,5010,aug_0
17221,M004P009A051R001_AUG001,4,9,20021,1,50,300,Squat Jump (aug 1),train,5010,aug_1
17222,M004P009A051R002_AUG000,4,9,20022,2,50,300,Squat Jump (aug 0),train,5011,aug_0
17223,M004P009A051R002_AUG001,4,9,20023,2,50,300,Squat Jump (aug 1),train,5011,aug_1
17224,M004P009A051R003_AUG000,4,9,20024,3,50,300,Squat Jump (aug 0),train,5012,aug_0
17225,M004P009A051R003_AUG001,4,9,20025,3,50,300,Squat Jump (aug 1),train,5012,aug_1
17226,M004P009A052R001_AUG000,4,9,20026,1,51,300,Squat With Alternate Knee Lift (aug 0),train,5013,aug_0
17227,M004P009A052R001_AUG001,4,9,20027,1,51,300,Squat With Alternate Knee Lift (aug 1),train,5013,aug_1
17228,M004P009A052R002_AUG000,4,9,20028,2,51,300,Squat With Alternate Knee Lift (aug 0),train,5014,aug_0
17229,M004P009A052R002_AUG001,4,9,20029,2,51,300,Squat With Alternate Knee Lift (aug 1),train,5014,aug_1
17230,M004P009A052R003_AUG000,4,9,20030,3,51,300,Squat With Alternate Knee Lift (aug 0),train,5015,aug_0
17231,M004P009A052R003_AUG001,4,9,20031,3,51,300,Squat With Alternate Knee Lift (aug 1),train,5015,aug_1
17232,M004P009A053R001_AUG000,4,9,20032,1,52,300,Standing Alternate Butt Kick (aug 0),train,5016,aug_0
17233,M004P009A053R001_AUG001,4,9,20033,1,52,300,Standing Alternate Butt Kick (aug 1),train,5016,aug_1
17234,M004P009A053R002_AUG000,4,9,20034,2,52,300,Standing Alternate Butt Kick (aug 0),train,5017,aug_0
17235,M004P009A053R002_AUG001,4,9,20035,2,52,300,Standing Alternate Butt Kick (aug 1),train,5017,aug_1
17236,M004P009A053R003_AUG000,4,9,20036,3,52,300,Standing Alternate Butt Kick (aug 0),train,5018,aug_0
17237,M004P009A053R003_AUG001,4,9,20037,3,52,300,Standing Alternate Butt Kick (aug 1),train,5018,aug_1
17238,M004P009A054R001_AUG000,4,9,20038,1,53,300,Knee Warm-up (aug 0),train,5019,aug_0
17239,M004P009A054R001_AUG001,4,9,20039,1,53,300,Knee Warm-up (aug 1),train,5019,aug_1
17240,M004P009A054R002_AUG000,4,9,20040,2,53,300,Knee Warm-up (aug 0),train,5020,aug_0
17241,M004P009A054R002_AUG001,4,9,20041,2,53,300,Knee Warm-up (aug 1),train,5020,aug_1
17242,M004P009A054R003_AUG000,4,9,20042,3,53,300,Knee Warm-up (aug 0),train,5021,aug_0
17243,M004P009A054R003_AUG001,4,9,20043,3,53,300,Knee Warm-up (aug 1),train,5021,aug_1
17244,M004P009A055R001_AUG000,4,9,20044,1,54,300,Butt Kicks (aug 0),train,5022,aug_0
17245,M004P009A055R001_AUG001,4,9,20045,1,54,300,Butt Kicks (aug 1),train,5022,aug_1
17246,M004P009A055R002_AUG000,4,9,20046,2,54,300,Butt Kicks (aug 0),train,5023,aug_0
17247,M004P009A055R002_AUG001,4,9,20047,2,54,300,Butt Kicks (aug 1),train,5023,aug_1
17248,M004P009A055R003_AUG000,4,9,20048,3,54,300,Butt Kicks (aug 0),train,5024,aug_0
17249,M004P009A055R003_AUG001,4,9,20049,3,54,300,Butt Kicks (aug 1),train,5024,aug_1
17250,M004P009A056R001_AUG000,4,9,20050,1,55,300,Jump Left and Right (aug 0),train,5025,aug_0
17251,M004P009A056R001_AUG001,4,9,20051,1,55,300,Jump Left and Right (aug 1),train,5025,aug_1
17252,M004P009A056R002_AUG000,4,9,20052,2,55,300,Jump Left and Right (aug 0),train,5026,aug_0
17253,M004P009A056R002_AUG001,4,9,20053,2,55,300,Jump Left and Right (aug 1),train,5026,aug_1
17254,M004P009A056R003_AUG000,4,9,20054,3,55,300,Jump Left and Right (aug 0),train,5027,aug_0
17255,M004P009A056R003_AUG001,4,9,20055,3,55,300,Jump Left and Right (aug 1),train,5027,aug_1
17256,M004P009A057R001_AUG000,4,9,20056,1,56,300,Jumping Jacks (aug 0),train,5028,aug_0
17257,M004P009A057R001_AUG001,4,9,20057,1,56,300,Jumping Jacks (aug 1),train,5028,aug_1
17258,M004P009A057R002_AUG000,4,9,20058,2,56,300,Jumping Jacks (aug 0),train,5029,aug_0
17259,M004P009A057R002_AUG001,4,9,20059,2,56,300,Jumping Jacks (aug 1),train,5029,aug_1
17260,M004P009A057R003_AUG000,4,9,20060,3,56,300,Jumping Jacks (aug 0),train,5030,aug_0
17261,M004P009A057R003_AUG001,4,9,20061,3,56,300,Jumping Jacks (aug 1),train,5030,aug_1
17262,M004P009A058R001_AUG000,4,9,20062,1,57,300,High Knee (aug 0),train,5031,aug_0
17263,M004P009A058R001_AUG001,4,9,20063,1,57,300,High Knee (aug 1),train,5031,aug_1
17264,M004P009A058R002_AUG000,4,9,20064,2,57,300,High Knee (aug 0),train,5032,aug_0
17265,M004P009A058R002_AUG001,4,9,20065,2,57,300,High Knee (aug 1),train,5032,aug_1
17266,M004P009A058R003_AUG000,4,9,20066,3,57,300,High Knee (aug 0),train,5033,aug_0
17267,M004P009A058R003_AUG001,4,9,20067,3,57,300,High Knee (aug 1),train,5033,aug_1
17268,M004P009A059R001_AUG000,4,9,20068,1,58,300,Clap Jacks (aug 0),train,5034,aug_0
17269,M004P009A059R001_AUG001,4,9,20069,1,58,300,Clap Jacks (aug 1),train,5034,aug_1
17270,M004P009A059R002_AUG000,4,9,20070,2,58,300,Clap Jacks (aug 0),train,5035,aug_0
17271,M004P009A059R002_AUG001,4,9,20071,2,58,300,Clap Jacks (aug 1),train,5035,aug_1
17272,M004P009A059R003_AUG000,4,9,20072,3,58,300,Clap Jacks (aug 0),train,5036,aug_0
17273,M004P009A059R003_AUG001,4,9,20073,3,58,300,Clap Jacks (aug 1),train,5036,aug_1
17274,M004P009A060R001_AUG000,4,9,20074,1,59,300,Run In Place With Arm Swing (aug 0),train,5037,aug_0
17275,M004P009A060R001_AUG001,4,9,20075,1,59,300,Run In Place With Arm Swing (aug 1),train,5037,aug_1
17276,M004P009A060R002_AUG000,4,9,20076,2,59,300,Run In Place With Arm Swing (aug 0),train,5038,aug_0
17277,M004P009A060R002_AUG001,4,9,20077,2,59,300,Run In Place With Arm Swing (aug 1),train,5038,aug_1
17278,M004P009A060R003_AUG000,4,9,20078,3,59,300,Run In Place With Arm Swing (aug 0),train,5039,aug_0
17279,M004P009A060R003_AUG001,4,9,20079,3,59,300,Run In Place With Arm Swing (aug 1),train,5039,aug_1
